name,smiles
Aspirin,CC(=O)Oc1ccccc1C(=O)O
Caffeine,Cn1c(=O)c2c(ncn2C)n(C)c1=O
Ibuprofen,CC(C)Cc1ccc(C(C)C(=O)O)cc1
Acetaminophen,CC(=O)Nc1ccc(O)cc1
Metformin,CN(C)C(=N)NC(N)=N
Warfarin,CC(=O)CC(c1ccccc1)c1c(O)c2ccccc2oc1=O
Diazepam,CN1C(=O)CN=C(c2ccccc2)c2cc(Cl)ccc21
Omeprazole,Cc1cnc(CS(=O)c2nc3ccccc3[nH]2)c(OC)c1C
Metoprolol,COCCc1ccc(OCC(O)CNC(C)C)cc1
Amlodipine,CCOC(=O)C1=C(COCCN)NC(C)=C(C(=O)OC)C1c1ccccc1Cl
Atorvastatin,CC(C)c1n(CC[C@@H](O)C[C@@H](O)CC(=O)O)c(c2ccc(F)cc2)c(c3ccccc3)c1C(=O)Nc4ccccc4
Losartan,CCCCc1nc(Cl)c(CO)n1Cc1ccc(-c2ccccc2-c2nnn[nH]2)cc1
Sildenafil,CCCc1nn(C)c2c1nc(nc2OCC)-c1cc(ccc1OCC)S(=O)(=O)N1CCN(C)CC1
Doxorubicin,COc1cccc2c1C(=O)c1c(O)c3c(c(O)c1C2=O)C[C@@](O)(C(=O)CO)C[C@@H]3O[C@H]1C[C@H](N)[C@H](O)[C@H](C)O1
Ciprofloxacin,O=C(O)c1cn(C2CC2)c2cc(N3CCNCC3)c(F)cc2c1=O
Amoxicillin,CC1(C)S[C@@H]2[C@H](NC(=O)[C@@H](N)c3ccc(O)cc3)C(=O)N2[C@@H]1C(=O)O
Fluoxetine,CNCCC(Oc1ccc(C(F)(F)F)cc1)c1ccccc1
Sertraline,CNC1CCC(c2ccc(Cl)c(Cl)c2)c2ccccc21
Haloperidol,O=C(CCCN1CCC(O)(c2ccc(Cl)cc2)CC1)c1ccc(F)cc1
Chloroquine,CCN(CC)CCCC(C)Nc1ccnc2cc(Cl)ccc12
Artemisinin,C[C@@H]1CC[C@H]2[C@@H](C)C(=O)O[C@@H]3O[C@@]4(C)CC[C@@H]1[C@@]23OO4
Penicillin_G,O=C(O)[C@@H]1N2C(=O)[C@@H](NC(=O)Cc3ccccc3)[C@H]2SC1(C)C
Morphine,CN1CC[C@]23c4c5ccc(O)c4O[C@H]2[C@@H](O)C=C[C@@H]3[C@@H]1C5
Dopamine,NCCc1ccc(O)c(O)c1
Serotonin,NCCc1c[nH]c2ccc(O)cc12
Epinephrine,CNC[C@H](O)c1ccc(O)c(O)c1
Testosterone,C[C@]12CC[C@H]3[C@@H](CCC4=CC(=O)CC[C@@]43C)[C@@H]1CCC2=O
Estradiol,C[C@]12CC[C@H]3c4ccc(O)cc4CC[C@H]3[C@@H]1CCC2O
Cortisol,O=C1CC[C@@]2(C)[C@H]3[C@@H](O)C[C@@]4(C)[C@@H](C(=O)CO)[C@H](O)CC[C@]4(O)[C@@H]3CC[C@@H]2C1=CC(=O)
Tamoxifen,CCC(=C(c1ccccc1)c1ccc(OCCN(C)C)cc1)c1ccccc1
Dexamethasone,C[C@@H]1C[C@H]2[C@@H]3CCC4=CC(=O)C=C[C@]4(C)[C@@]3(F)[C@@H](O)C[C@]2(C)[C@@H]1C(=O)CO
Prednisone,C[C@]12CCC3C(CCC4=CC(=O)C=CC34C)C1CCC2(O)C(=O)CO
Naproxen,COc1ccc2cc(C(C)C(=O)O)ccc2c1
Diclofenac,OC(=O)Cc1ccccc1Nc1c(Cl)cccc1Cl
Celecoxib,Cc1ccc(-c2cc(C(F)(F)F)nn2-c2ccc(S(N)(=O)=O)cc2)cc1
Methotrexate,CN(Cc1cnc2nc(N)nc(N)c2n1)c1ccc(C(=O)NC(CCC(=O)O)C(=O)O)cc1
Cisplatin,[NH3][Pt]([NH3])(Cl)Cl
Paclitaxel,CC(=O)O[C@@H]1C(=O)[C@H](OC(=O)c2ccccc2)[C@@]2(C)C[C@H](OC(=O)[C@H](O)[C@@H](NC(=O)c3ccccc3)c3ccccc3)C(C)=C([C@@H](OC(=O)C(C)(C)C)C3(O)C[C@H](O)[C@H](OC(C)=O)[C@]3(C)C1=O)[C@@H]2OC(=O)c1ccccc1
Lisinopril,NCCCC[C@@H](N[C@@H](CCc1ccccc1)C(=O)O)C(=O)N1CCC[C@H]1C(=O)O
Ramipril,CCOC(=O)[C@H](CCc1ccccc1)N[C@@H](C)C(=O)N1[C@H]2CCC[C@H]2C[C@H]1C(=O)O
Captopril,C[C@@H](CS)C(=O)N1CCC[C@H]1C(=O)O
Verapamil,COc1ccc(CCN(C)CCCC(C#N)(c2ccc(OC)c(OC)c2)C(C)C)cc1OC
Diltiazem,COc1ccc(C2Sc3ccccc3N(CCN(C)C)C(=O)C2OC(C)=O)cc1
Nifedipine,COC(=O)C1=C(C)NC(C)=C(C(=O)OC)C1c1ccccc1[N+](=O)[O-]
Lidocaine,CCN(CC)CC(=O)Nc1c(C)cccc1C
Propranolol,CC(C)NCC(O)COc1cccc2ccccc12
Atenolol,CC(C)NCC(O)COc1ccc(CC(N)=O)cc1
Clopidogrel,COC(=O)C(c1ccccc1Cl)N1CCc2sccc2C1
Diphenhydramine,CN(C)CCOC(c1ccccc1)c1ccccc1
Ranitidine,CNC(/C=C/[N+](=O)[O-])=N\CSCC1=CC=C(CN(C)C)O1
Famotidine,NC(N)=Nc1nc(CSCCC(=N)NS(N)(=O)=O)cs1
BROMOENOL LACTONE,O=C1O/C(=C/Br)CCC1c1cccc2ccccc12
UCL-1530,c1ccc2c(c1)c1cc[n+]2Cc2ccc(cc2)Cc2ccc(cc2)C[n+]2ccc(c3ccccc32)NCCCCCCCCCCN1
PRAZOSIN,COc1cc2nc(N3CCN(C(=O)c4ccco4)CC3)nc(N)c2cc1OC
ALPHA-BUNGAROTOXIN,C=C(C=O)C[C@H]1C[C@H](O)[C@]2(C)O[C@@H]3C[C@@H]4O[C@@H]5C[C@]6(C)O[C@]7(C)CC[C@@H]8O[C@@H]9C[C@]%10(C)O[C@@H]%11C(C)=CC(=O)O[C@H]%11C[C@H]%10O[C@H]9C[C@@H](C)[C@H]8O[C@H]7C[C@H]6O[C@@]5(C)C/C=C\[C@H]4O[C@H]3C[C@H]2O1
NICOTINE,CN1CCC[C@H]1c1cccnc1
NORNICOTINE,c1cncc([C@@H]2CCCN2)c1
SCR01020,O=C(C1CCCCN1)N1CCN(Cc2cccnc2)CC1
OFLOXACIN,CC1COc2c(N3CCN(C)CC3)c(F)cc3c(=O)c(C(=O)O)cn1c23
NALIDIXIC ACID,CCn1cc(C(=O)O)c(=O)c2ccc(C)nc21
ELLAGIC ACID,O=c1oc2c(O)c(O)cc3c(=O)oc4c(O)c(O)cc1c4c23
DARAPLADIB,CCN(CC)CCN(Cc1ccc(-c2ccc(C(F)(F)F)cc2)cc1)C(=O)Cn1c(SCc2ccc(F)cc2)nc(=O)c2c1CCC2
PMS-601,CCN(CC)C(=O)OCC1CN(C(=O)c2cc(OC)c(OC)c(OC)c2)CCN1C(=O)c1cc(OC)c(OC)c(OC)c1
INDOMETHACIN,COc1ccc2c(c1)c(CC(=O)O)c(C)n2C(=O)c1ccc(Cl)cc1
SULBACTAM,CC1(C)[C@H](C(=O)O)N2C(=O)C[C@H]2S1(=O)=O
SC-58272,Cc1nccn1CCCCc1ccc(CC(=O)N[C@@H](CO)C(=O)N[C@@H](CCCCN)C(=O)NCCC2CCCCC2)cc1
DIFLOXACIN,CN1CCN(c2cc3c(cc2F)c(=O)c(C(=O)O)cn3-c2ccc(F)cc2)CC1
TAZOBACTAM,C[C@]1(Cn2ccnn2)[C@H](C(=O)O)N2C(=O)C[C@H]2S1(=O)=O
FLEROXACIN,CN1CCN(c2c(F)cc3c(=O)c(C(=O)O)cn(CCF)c3c2F)CC1
BISINDOLYLMALEIMIDE IX,Cn1cc(C2=C(c3cn(CCCSC(=N)N)c4ccccc34)C(=O)NC2=O)c2ccccc21
MERAFLOXACIN,CCNCC1CCN(c2c(F)cc3c(=O)c(C(=O)O)cn(CC)c3c2F)C1
PD-117558,CCNCC1CCN(c2c(F)cc3c(=O)c(C(=O)O)cn(C4CC4)c3c2F)C1
AMIFLOXACIN,CNn1cc(C(=O)O)c(=O)c2cc(F)c(N3CCN(C)CC3)cc21
NORFLOXACIN,CCn1cc(C(=O)O)c(=O)c2cc(F)c(N3CCNCC3)cc21
SB-203580,C[S+]([O-])c1ccc(-c2nc(-c3ccc(F)cc3)c(-c3ccncc3)[nH]2)cc1
SB-431542,NC(=O)c1ccc(-c2nc(-c3ccccn3)c(-c3ccc4c(c3)OCO4)[nH]2)cc1
HARMINE,COc1ccc2c(c1)[nH]c1c(C)nccc12
PNU-22394,Cn1c2c(c3ccccc31)CCNCC2
TRYPTOLINE,c1ccc2c3c([nH]c2c1)CNCC3
4-METHYLTHIOAMPHETAMINE,CSc1ccc(CC(C)N)cc1
TRYPTAMINE,NCCc1c[nH]c2ccccc12
CGS-19281A,COc1ccc2c3c([nH]c2c1)C=NCC3
Ro-481220,C[C@]1(/C=C/C#N)[C@H](C(=O)[O-])N2C(=O)C[C@H]2S1(=O)=O.[Na+]
BMS-182874,Cc1noc(NS(=O)(=O)c2cccc3c(N(C)C)cccc23)c1C
IDOXIFENE,CC/C(=C(\c1ccc(I)cc1)c1ccc(OCCN2CCCC2)cc1)c1ccccc1
p-IODOAMPHETAMINE,CC(N)Cc1ccc(I)cc1
AMPHETAMINE,CC(N)Cc1ccccc1
ISOSORBIDE DINITRATE,O=[N+]([O-])O[C@H]1CO[C@H]2[C@@H]1OC[C@H]2O[N+](=O)[O-]
MIANSERIN,CN1CCN2c3ccccc3Cc3ccccc3C2C1
TENAMFETAMINE,CC(N)Cc1ccc2c(c1)OCO2
LYSERGIDE,CCN(CC)C(=O)[C@@H]1C=C2c3cccc4[nH]cc(c34)C[C@H]2N(C)C1
IMIPRAMINE,CN(C)CCCN1c2ccccc2CCc2ccccc21
INDAPAMIDE,CC1Cc2ccccc2N1NC(=O)c1ccc(Cl)c(S(N)(=O)=O)c1
Ro-151310,CCOC(=O)c1ncn2c1CN(C)C(=O)c1cc(Cl)ccc1-2
FLUMAZENIL,CCOC(=O)c1ncn2c1CN(C)C(=O)c1cc(F)ccc1-2
TROGLITAZONE,Cc1c(C)c2c(c(C)c1O)CCC(C)(COc1ccc(CC3SC(=O)NC3=O)cc1)O2
WIN-54954,Cc1cc(CCCCCOc2c(Cl)cc(C3=NCCO3)cc2Cl)on1
EPIBATIDINE,Clc1ccc(C2CC3CCC2N3)cn1
DIMETHYLSTILBESTROL,C/C(=C(/C)c1ccc(O)cc1)c1ccc(O)cc1
BICALUTAMIDE,CC(O)(CS(=O)(=O)c1ccc(F)cc1)C(=O)Nc1ccc(C#N)c(C(F)(F)F)c1
DUP-721,CC(=O)NC[C@H]1CN(c2ccc(C(C)=O)cc2)C(=O)O1
Ro-154513,CCOC(=O)c1ncn2c1CN(C)C(=O)c1cc(N=[N+]=[N-])ccc1-2
ENISOPROST,CCCCC(C)(O)C/C=C/[C@H]1[C@H](O)CC(=O)[C@@H]1CC/C=C\CCC(=O)OC
ZIDAPAMIDE,CC1c2ccccc2CN1NC(=O)c1ccc(Cl)c(S(N)(=O)=O)c1
ALPRENOLOL,C=CCc1ccccc1OCC(O)CNC(C)C
DIMECAMINE,CN(C)C1(C)C2CCC(C2)C1(C)C
SHETA-2,CC1(C)CC(C)(C)c2cc(NC(=S)Nc3ccc([N+](=O)[O-])cc3)ccc2S1
FENRETINIDE,CC1=C(/C=C/C(C)=C/C=C/C(C)=C/C(=O)Nc2ccc(O)cc2)C(C)(C)CCC1
DIETHYLSTILBESTROL,CC/C(=C(/CC)c1ccc(O)cc1)c1ccc(O)cc1
RO-147437,CCOC(=O)c1ncn2c1CN(C)C(=O)c1ccccc1-2
MECAMYLAMINE,CNC1(C)C2CCC(C2)C1(C)C
CARBACHOL,C[N+](C)(C)CCOC(N)=O.[Cl-]
NORARECOLINE,COC(=O)C1=CCCNC1
RO-194603,CN1Cc2c(C(=O)OC(C)(C)C)ncn2-c2ccsc2C1=O
PHENYTOIN,O=C1NC(=O)C(c2ccccc2)(c2ccccc2)N1
SIROLIMUS,CO[C@H]1C[C@@H]2CC[C@@H](C)[C@@](O)(O2)C(=O)C(=O)N2CCCC[C@H]2C(=O)O[C@H]([C@H](C)C[C@@H]2CC[C@@H](O)[C@H](OC)C2)CC(=O)[C@H](C)/C=C(\C)[C@@H](O)[C@@H](OC)C(=O)[C@H](C)C[C@H](C)/C=C/C=C/C=C/1C
TACROLIMUS ANHYDROUS,C=CC[C@@H]1/C=C(\C)C[C@H](C)C[C@H](OC)[C@H]2O[C@@](O)(C(=O)C(=O)N3CCCC[C@H]3C(=O)O[C@H](/C(C)=C/[C@@H]3CC[C@@H](O)[C@H](OC)C3)[C@H](C)[C@@H](O)CC1=O)[C@H](C)C[C@@H]2OC
GPI-1046,CCC(C)(C)C(=O)C(=O)N1CCC[C@H]1C(=O)OCCCc1cccnc1
CARZENIDE,NS(=O)(=O)c1ccc(C(=O)O)cc1
RO-145975,CCOC(=O)c1ncn2c1C1CCCN1C(=O)c1cc(Cl)ccc1-2
DEPHOSTATIN,CN(N=O)c1cc(O)ccc1O
CLOMIPRAMINE,CN(C)CCCN1c2ccccc2CCc2ccc(Cl)cc21
FENCAMFAMIN,CCNC1C2CCC(C2)C1c1ccccc1
ARECOLINE,COC(=O)C1=CCCN(C)C1
METHOXSALEN,COc1c2occc2cc2ccc(=O)oc12
DICHLORPHENAMIDE,NS(=O)(=O)c1cc(Cl)c(Cl)c(S(N)(=O)=O)c1
BROLAMFETAMINE,COc1cc(CC(C)N)c(OC)cc1Br
ETHOXZOLAMIDE,CCOc1ccc2nc(S(N)(=O)=O)sc2c1
EPIRUBICIN,COc1cccc2c1C(=O)c1c(O)c3c(c(O)c1C2=O)C[C@@](O)(C(=O)CO)C[C@@H]3O[C@H]1C[C@H](N)[C@@H](O)[C@H](C)O1
METHAZOLAMIDE,CC(=O)/N=c1/sc(S(N)(=O)=O)nn1C
ACETAZOLAMIDE,CC(=O)Nc1nnc(S(N)(=O)=O)s1
"2,4-DISULFAMYLTRIFLUOROMETHYLANILINE",Nc1cc(C(F)(F)F)c(S(N)(=O)=O)cc1S(N)(=O)=O
MAFENIDE,NCc1ccc(S(N)(=O)=O)cc1
SULFANILAMIDE,Nc1ccc(S(N)(=O)=O)cc1
GUANABENZ,N=C(N)N/N=C/c1c(Cl)cccc1Cl
TRIMETHOPRIM,COc1cc(Cc2cnc(N)nc2N)cc(OC)c1OC
SULFASALAZINE,O=C(O)c1cc(/N=N/c2ccc(S(=O)(=O)Nc3ccccn3)cc2)ccc1O
WR-159412,Nc1nc(N)c2cc(Sc3cccc(C(F)(F)F)c3)ccc2n1
COUMARIN,O=c1ccc2ccccc2o1
BW-A78U,CNc1ncnc2c1ncn2Cc1ccccc1F
DILTIAZEM,COc1ccc([C@@H]2Sc3ccccc3N(CCN(C)C)C(=O)[C@@H]2OC(C)=O)cc1
4-AMINOQUINAZOLINE,Nc1ncnc2ccccc12
CROTAFURAN A,C=C(C)c1cc2c3c(ccc2o1)[C@@H]1COc2cc(O)ccc2[C@@H]1O3
TRIFLUOPERAZINE,CN1CCN(CCCN2c3ccccc3Sc3ccc(C(F)(F)F)cc32)CC1
SULPIRIDE,CCN1CCCC1CNC(=O)c1cc(S(N)(=O)=O)ccc1OC
"QUINAZOLINE-2,4,6-TRIAMINE",Nc1ccc2nc(N)nc(N)c2c1
BETAXOLOL,CC(C)NCC(O)COc1ccc(CCOCC2CC2)cc1
SALICYLIC ACID,O=C(O)c1ccccc1O
CROTAFURAN B,CC(=O)c1cc2c3c(ccc2o1)[C@@H]1COc2cc(O)ccc2[C@@H]1O3
OLSALAZINE,O=C(O)c1cc(/N=N/c2ccc(O)c(C(=O)O)c2)ccc1O
BENZAMIDE,NC(=O)c1ccccc1
PRACTOLOL,CC(=O)Nc1ccc(OCC(O)CNC(C)C)cc1
QUINAZOLINONE,O=c1[nH]cnc2ccccc12
THERALIN,COc1cc(O)ccc1-c1coc2cc(O)cc(O)c2c1=O
MECHLORETHAMINE,CN(CCCl)CCCl
ACYCLOVIR DIPHOSPHATE,Nc1nc(O)c2ncn(COCCOP(=O)(O)OP(=O)(O)O)c2n1
COSTATOLIDE,CCCc1cc(=O)oc2c3c(c4c(c12)OC(C)(C)C=C4)O[C@@H](C)[C@H](C)[C@@H]3O
(+)-CALANOLIDE B,CCCc1cc(=O)oc2c3c(c4c(c12)OC(C)(C)C=C4)O[C@H](C)[C@@H](C)[C@H]3O
CIGLITAZONE,CC1(COc2ccc(CC3SC(=O)NC3=O)cc2)CCCCC1
FR-79620,Cc1[nH]c(-c2ccccc2)nc1-c1cccnc1
(-)-CALANOLIDE A,CCCc1cc(=O)oc2c3c(c4c(c12)OC(C)(C)C=C4)O[C@@H](C)[C@H](C)[C@H]3O
CALANOLIDE A,CCCc1cc(=O)oc2c3c(c4c(c12)OC(C)(C)C=C4)O[C@H](C)[C@@H](C)[C@@H]3O
APIGENIN,O=c1cc(-c2ccc(O)cc2)oc2cc(O)cc(O)c12
PENICILLIN G,CC1(C)S[C@@H]2[C@H](NC(=O)Cc3ccccc3)C(=O)N2[C@H]1C(=O)O
TROVAFLOXACIN,N[C@@H]1[C@H]2CN(c3nc4c(cc3F)c(=O)c(C(=O)O)cn4-c3ccc(F)cc3F)C[C@@H]12
CIMETIDINE,CN/C(=N\CCSCc1nc[nH]c1C)NC#N
NS-398,CS(=O)(=O)Nc1ccc([N+](=O)[O-])cc1OC1CCCCC1
ENDOTHALL,O=C(O)[C@@H]1[C@H](C(=O)O)[C@H]2CC[C@@H]1O2
GATIFLOXACIN,COc1c(N2CCNC(C)C2)c(F)cc2c(=O)c(C(=O)O)cn(C3CC3)c12
CALANOLIDE C,CCCc1cc(=O)oc2c3c(c4c(c12)OC(C)(C)C=C4)O[C@H](C)[C@H](C)[C@@H]3O
AG1295,Cc1cc2ncc(-c3ccccc3)nc2cc1C
BETULINIC ACID,C=C(C)[C@@H]1CC[C@]2(C(=O)O)CC[C@]3(C)[C@H](CC[C@@H]4[C@@]5(C)CC[C@H](O)C(C)(C)[C@@H]5CC[C@]43C)[C@@H]12
LABETALOL,CC(CCc1ccccc1)NCC(O)c1ccc(O)c(C(N)=O)c1
MOXIFLOXACIN,COc1c(N2C[C@@H]3CCCN[C@@H]3C2)c(F)cc2c(=O)c(C(=O)O)cn(C3CC3)c12
LEVOFLOXACIN ANHYDROUS,C[C@H]1COc2c(N3CCN(C)CC3)c(F)cc3c(=O)c(C(=O)O)cn1c23
FLESTOLOL,CC(C)(CNC(N)=O)NCC(O)COC(=O)c1ccccc1F
GEMIFLOXACIN,CO/N=C1\CN(c2nc3c(cc2F)c(=O)c(C(=O)O)cn3C2CC2)CC1CN
ATEVIRDINE SULPHATE,CCNc1cccnc1N1CCN(C(=O)c2cc3cc(OC)ccc3[nH]2)CC1.CS(=O)(=O)O
DQ-113,Cc1c(N2C[C@@H](F)[C@@H](C3(N)CC3)C2)c(F)c(N)c2c(=O)c(C(=O)O)cn([C@@H]3C[C@@H]3F)c12
PIRITREXIM,COc1ccc(OC)c(Cc2cnc3nc(N)nc(N)c3c2C)c1
N-FORMYLMETHIONYL-LEUCYLPHENYLALANINE,CSCC[C@H](NC=O)C(=O)N[C@@H](CC(C)C)C(=O)N[C@@H](Cc1ccccc1)C(=O)O
SPIRAPRIL,CCOC(=O)[C@H](CCc1ccccc1)N[C@@H](C)C(=O)N1CC2(C[C@H]1C(=O)O)SCCS2
VALPROATE SODIUM,CCCC(CCC)C(=O)[O-].[Na+]
ISOPROTERENOL,CC(C)NCC(O)c1ccc(O)c(O)c1
SORBINIL,O=C1NC(=O)[C@@]2(CCOc3ccc(F)cc32)N1
HYDROCHLOROTHIAZIDE,NS(=O)(=O)c1cc2c(cc1Cl)NCNS2(=O)=O
FUROSEMIDE,NS(=O)(=O)c1cc(C(=O)O)c(NCc2ccco2)cc1Cl
BEVIRIMAT,C=C(C)[C@@H]1CC[C@]2(C(=O)O)CC[C@]3(C)[C@H](CC[C@@H]4[C@@]5(C)CC[C@H](OC(=O)CC(C)(C)C(=O)O)C(C)(C)[C@@H]5CC[C@]43C)[C@@H]12
ALCONIL,O=C1NC(=O)C2(N1)c1ccccc1-c1ccc(F)cc12
OXOTREMORINE,O=C1CCCN1CC#CCN1CCCC1
PYRIMETHAMINE,CCc1nc(N)nc(N)c1-c1ccc(Cl)cc1
TOLRESTAT,COc1ccc2c(C(=S)N(C)CC(=O)O)cccc2c1C(F)(F)F
SULFATHIAZOLE,Nc1ccc(S(=O)(=O)Nc2nccs2)cc1
PONALRESTAT,O=C(O)Cc1nn(Cc2ccc(Br)cc2F)c(=O)c2ccccc12
SULFAMERAZINE,Cc1ccnc(NS(=O)(=O)c2ccc(N)cc2)n1
SULFADIAZINE,Nc1ccc(S(=O)(=O)Nc2ncccn2)cc1
THIAMYLAL,C=CCC1(C(C)CCC)C(=O)NC(=S)NC1=O
GENTAMICIN A,CN[C@@H]1C(O)[C@@H](OC2[C@H](N)CC(N)[C@@H](O[C@H]3OC(CO)[C@@H](O)[C@H](O)C3NO)[C@@H]2O)OC[C@H]1O
THIOPENTAL,CCCC(C)C1(CC)C(=O)NC(=S)NC1=O
CYCLOBARBITAL,CCC1(C2=CCCCC2)C(=O)NC(=O)NC1=O
HYGROMYCIN A,CC(=O)[C@H]1O[C@@H](Oc2ccc(/C=C(\C)C(=O)N[C@@H]3[C@H](O)[C@@H](O)[C@H]4OCO[C@H]4[C@@H]3O)cc2O)[C@@H](O)[C@@H]1O
ERGOTAMINE,CN1C[C@H](C(=O)N[C@]2(C)O[C@@]3(O)[C@@H]4CCCN4C(=O)[C@H](Cc4ccccc4)N3C2=O)C=C2c3cccc4[nH]cc(c34)C[C@H]21
WHI-259,OC[C@H]1CC[C@H]([C@@H](O)CO)O1
WHI-260,C[C@@H](O)[C@H]1CC[C@H](CO)O1
5-METHOXYTRYPTAMINE,COc1ccc2[nH]cc(CCN)c2c1
TRETINOIN,CC1=C(/C=C/C(C)=C/C=C/C(C)=C/C(=O)O)C(C)(C)CCC1
9-OXIRANYL-ACRIDINE,c1ccc2c(C3CO3)c3ccccc3nc2c1
METHOHEXITAL,C=CCC1(C(C)C#CCC)C(=O)NC(=O)N(C)C1=O
PHENOBARBITAL,CCC1(c2ccccc2)C(=O)NC(=O)NC1=O
WHI-261,CCCCCCCCCCCC[C@@H](O)[C@H]1CC[C@H](CO)O1
MEBUFOTENIN,COc1ccc2[nH]cc(CCN(C)C)c2c1
WHI-262,O=S(=O)(CC[C@@H](O)[C@H]1CC[C@H](COCc2ccccc2)O1)c1ccccc1
RO-316233,O=C1NC(=O)C(c2c[nH]c3ccccc23)=C1c1c[nH]c2ccccc12
L-745870,Clc1ccc(N2CCN(Cc3c[nH]c4ncccc34)CC2)cc1
SULFAMETHOXAZOLE,Cc1cc(NS(=O)(=O)c2ccc(N)cc2)no1
GF-109203,CN(C)CCCn1cc(C2=C(c3c[nH]c4ccccc34)C(=O)NC2=O)c2ccccc21
BARBITAL,CCC1(CC)C(=O)NC(=O)NC1=O
CLOZAPINE,CN1CCN(C2=Nc3cc(Cl)ccc3Nc3ccccc32)CC1
NORTRIPTYLINE,CNCCC=C1c2ccccc2CCc2ccccc21
SULFAMETHAZINE,Cc1cc(C)nc(NS(=O)(=O)c2ccc(N)cc2)n1
PHENIDONE,O=C1CCN(c2ccccc2)N1
SECOBARBITAL,C=CCC1(C(C)CCC)C(=O)NC(=O)NC1=O
PENTOBARBITAL,CCCC(C)C1(CC)C(=O)NC(=O)NC1=O
QUINACRINE,CCN(CC)CCCC(C)Nc1c2ccc(Cl)cc2nc2ccc(OC)cc12
FAUC 113,Clc1ccc(N2CCN(Cc3cnn4ccccc34)CC2)cc1
AMOBARBITAL,CCC1(CCC(C)C)C(=O)NC(=O)NC1=O
HEXOBARBITAL,CN1C(=O)NC(=O)C(C)(C2=CCCCC2)C1=O
ISOCLOZAPINE,CN1CCN(C2=Nc3ccccc3Nc3ccc(Cl)cc32)CC1
BUTABARBITAL,CCC(C)C1(CC)C(=O)NC(=O)NC1=O
APROBARBITAL,C=CCC1(C(C)C)C(=O)NC(=O)NC1=O
METHARBITAL,CCC1(CC)C(=O)NC(=O)N(C)C1=O
ALLOBARBITAL,C=CCC1(CC=C)C(=O)NC(=O)NC1=O
9-BENZYL-9H-PURINE,c1ccc(Cn2cnc3cncnc32)cc1
CHLORDIAZEPOXIDE,CNC1=Nc2ccc(Cl)cc2C(c2ccccc2)=[N+]([O-])C1
MELAGATRAN,N=C(N)c1ccc(CNC(=O)[C@@H]2CCN2C(=O)[C@H](NCC(=O)O)C2CCCCC2)cc1
9-BENZYL-9H-ADENINE,Nc1ncnc2c1ncn2Cc1ccccc1
CLONAZEPAM,O=C1CN=C(c2ccccc2Cl)c2cc([N+](=O)[O-])ccc2N1
SULFISOXAZOLE,Cc1noc(NS(=O)(=O)c2ccc(N)cc2)c1C
9-BENZYL-6-METHOXY-9H-PURINE,COc1ncnc2c1ncn2Cc1ccccc1
SULFAMETHOXYPYRIDAZINE,COc1ccc(NS(=O)(=O)c2ccc(N)cc2)nn1
BUTALBITAL,C=CCC1(CC(C)C)C(=O)NC(=O)NC1=O
SULFACETAMIDE,CC(=O)NS(=O)(=O)c1ccc(N)cc1
9-BENZYL-6-METHYLSULFANYL-9H-PURINE,CSc1ncnc2c1ncn2Cc1ccccc1
AMSACRINE,COc1cc(NS(C)(=O)=O)ccc1Nc1c2ccccc2nc2ccccc12
INDACRINONE,CC1(c2ccccc2)Cc2cc(OCC(=O)O)c(Cl)c(Cl)c2C1=O
SARCOLYSIN,NC(Cc1ccc(N(CCCl)CCCl)cc1)C(=O)O
ETHACRYNIC ACID,C=C(CC)C(=O)c1ccc(OCC(=O)O)c(Cl)c1Cl
GENISTEIN,O=c1c(-c2ccc(O)cc2)coc2cc(O)cc(O)c12
CHALCONE,O=C(/C=C/c1ccccc1)c1ccccc1
RWJ-58259,NCC[C@H](NC(=O)[C@H](Cc1ccc(F)c(F)c1)NC(=O)Nc1ccc2c(CN3CCCC3)nn(Cc3c(Cl)cccc3Cl)c2c1)C(=O)NCc1ccccc1
PRECLAMOL,CCCN1CCC[C@@H](c2cccc(O)c2)C1
L-158809,CCc1nc2c(C)cc(C)nc2n1Cc1ccc(-c2ccccc2-c2nn[nH]n2)cc1
RWJ-54003,COc1ccc(C[C@H](NC(=O)Nc2ccc3c(CN4CCCC4)cn(Cc4c(Cl)cccc4Cl)c3c2)C(=O)N[C@@H](CCCNC(=N)N)C(=O)NCc2ccccc2)cc1
4-HYDROXYCHALCONE,O=C(/C=C/c1ccc(O)cc1)c1ccccc1
4'-HYDROXYCHALCONE,O=C(/C=C/c1ccccc1)c1ccc(O)cc1
DAPH,O=C1NC(=O)c2cc(Nc3ccccc3)c(Nc3ccccc3)cc21
WIN-57294,Cc1cc(-c2c(F)cc3c(=O)c(C(=O)O)cn(C4CC4)c3c2F)cc(C)n1
ISOLOXAPINE,CN1CCN(C2=Nc3cc(Cl)ccc3Oc3ccccc32)CC1
CGP-53353,O=C1NC(=O)c2cc(Nc3ccc(F)cc3)c(Nc3ccc(F)cc3)cc21
ROTENONE,C=C(C)[C@H]1Cc2c(ccc3c2O[C@@H]2COc4cc(OC)c(OC)cc4[C@@H]2C3=O)O1
TICRYNAFEN,O=C(O)COc1ccc(C(=O)c2cccs2)c(Cl)c1Cl
FPL-55712 SODIUM SALT,CCCc1c(OCC(O)COc2ccc3c(=O)cc(C(=O)[O-])oc3c2CCC)ccc(C(C)=O)c1O.[Na+]
STAUROSPORINE AGLYCON,O=C1NC(=O)c2c1c1c3ccccc3[nH]c1c1[nH]c3ccccc3c21
TYRPHOSTIN AG-1478,COc1cc2ncnc(Nc3cccc(Cl)c3)c2cc1OC
ISOROTENONE,COc1cc2c(cc1OC)[C@@H]1C(=O)c3ccc4oc(C(C)C)cc4c3O[C@@H]1CO2
MALONIC ACID,O=C(O)CC(=O)O
ACETYLROTENOLENE,C=C(C)[C@H]1Cc2c(ccc3c2OC2COc4cc(OC)c(OC)cc4C2(OC(C)=O)C3=O)O1
O-CARBETHOXY ROTENONE OXIME,C=C(C)[C@H]1Cc2c(ccc3c2OC2COc4cc(OC)c(OC)cc4C2/C3=N/OC(=O)OCC)O1
DEHYDROROTENONE,C=C(C)[C@H]1Cc2c(ccc3c(=O)c4c(oc23)COc2cc(OC)c(OC)cc2-4)O1
SULOFENUR,O=C(Nc1ccc(Cl)cc1)NS(=O)(=O)c1ccc2c(c1)CCC2
LY-181984,Cc1ccc(S(=O)(=O)NC(=O)Nc2ccc(Cl)cc2)cc1
GEMFIBROZIL,Cc1ccc(C)c(OCCCC(C)(C)C(=O)O)c1
MELATONIN,COc1ccc2[nH]cc(CCNC(C)=O)c2c1
LYSINE,NCCCC[C@H](N)C(=O)O
L-NIL,CC(=N)NCCCC[C@H](N)C(=O)O
L-NAME,COC(=O)[C@@H](N)CCCNC(=N)N[N+](=O)[O-]
CDDO-CN,CC1(C)CC[C@]2(C#N)CC[C@]3(C)C(C(=O)C=C4[C@@]5(C)C=C(C#N)C(=O)C(C)(C)[C@@H]5CC[C@]43C)C2C1
FLINDOKALNER,COc1ccc(Cl)cc1[C@]1(F)C(=O)Nc2cc(C(F)(F)F)ccc21
DEMETHYL-CANTHARIDIN,O=C1OC(=O)C2C3CCC(O3)C12
CARTAZOLATE,CCCCNc1c(C(=O)OCC)cnc2c1cnn2CC
ONDANSETRON,Cc1nccn1CC1CCc2c(c3ccccc3n2C)C1=O
CANTHARIDIC_ACID,CC1(C(=O)O)C2CCC(O2)C1(C)C(=O)O
AL-43,C=CCC1Oc2cccc(OC)c2-c2ccc3c(c21)C(C)=CC(C)(C)N3
HAPALOSIN,CCCCCCC[C@H]1OC(=O)C[C@@H](O)[C@H](Cc2ccccc2)N(C)C(=O)[C@H](C(C)C)OC(=O)[C@H]1C
DAIDZEIN,O=c1c(-c2ccc(O)cc2)coc2cc(O)ccc12
"CHRYSENE-1,2-DIOL",Oc1ccc2c(ccc3c4ccccc4ccc23)c1O
ALPHA-TOCOPHEROL,Cc1c(C)c2c(c(C)c1O)CC[C@@](C)(CCC[C@H](C)CCC[C@H](C)CCCC(C)C)O2
PROPYL GALLATE,CCCOC(=O)c1cc(O)c(O)c(O)c1
TIENOXOLOL,CCOC(=O)c1cc(NC(=O)c2cccs2)ccc1OCC(O)CNC(C)(C)C
ENKEPHALIN,CC(C)C[C@H](NC(=O)[C@H](Cc1ccccc1)NC(=O)CNC(=O)CNC(=O)[C@@H](N)Cc1ccc(O)cc1)C(=O)O
TOLIMIDONE,Cc1cccc(Oc2cnc(=O)[nH]c2)c1
DOM,COc1cc(CC(C)N)c(OC)cc1C
IPSAPIRONE,O=C1c2ccccc2S(=O)(=O)N1CCCCN1CCN(c2ncccn2)CC1
BUSPIRONE,O=C1CC2(CCCC2)CC(=O)N1CCCCN1CCN(c2ncccn2)CC1
ONO-3708,CC1(C)[C@H]2C[C@H](NC(=O)[C@H](O)C3CCCC3)[C@@H](C/C=C\CCCC(=O)O)[C@@H]1C2
8-AMINOGUANINE,Nc1nc2[nH]c(N)nc2c(=O)[nH]1
NITIDINE CHLORIDE,COc1cc2c[n+](C)c3c4cc5c(cc4ccc3c2cc1OC)OCO5.[Cl-]
BAICALEIN,O=c1cc(-c2ccccc2)oc2cc(O)c(O)c(O)c12
QUERCETIN,O=c1c(O)c(-c2ccc(O)c(O)c2)oc2cc(O)cc(O)c12
BW-755C,NC1=NN(c2cccc(C(F)(F)F)c2)CC1
KETANSERIN,O=C(c1ccc(F)cc1)C1CCN(CCn2c(=O)[nH]c3ccccc3c2=O)CC1
SULOTROBAN,O=C(O)COc1ccc(CCNS(=O)(=O)c2ccccc2)cc1
METHYLDOPA,C[C@](N)(Cc1ccc(O)c(O)c1)C(=O)O
CLAVULANIC ACID (SODIUM),O=C([O-])[C@H]1/C(=C/CO)O[C@@H]2CC(=O)N21.[Na+]
BENZOQUINONE,O=C1C=CC(=O)C=C1
NORDIHYDROGUAIARETIC ACID,CC(Cc1ccc(O)c(O)c1)C(C)Cc1ccc(O)c(O)c1
MOLINDONE,CCc1c(C)[nH]c2c1C(=O)C(CN1CCOCC1)CC2
IODOACETAMIDE,NC(=O)CI
APOMORPHINE,CN1CCc2cccc3c2[C@H]1Cc1ccc(O)c(O)c1-3
MOTUPORIN,C/C=C1/C(=O)N[C@@H](C(=O)O)[C@H](C)C(=O)N[C@@H](C(C)C)C(=O)N[C@@H](/C=C/C(C)=C/[C@H](C)[C@H](Cc2ccccc2)OC)[C@H](C)C(=O)N[C@@H](C(=O)O)CCC(=O)N1C
MICROCYSTIN-LR,C=C1C(=O)N[C@H](C)C(=O)N[C@@H](CC(C)C)C(=O)N[C@@H](C(=O)O)[C@H](C)C(=O)N[C@@H](CCCNC(=N)N)C(=O)N[C@@H](/C=C/C(C)=C/[C@H](C)[C@H](Cc2ccccc2)OC)[C@H](C)C(=O)N[C@@H](C(=O)O)CCC(=O)N1C
N-ETHYLMALEIMIDE,CCN1C(=O)C=CC1=O
MDL-28170,CC(C)[C@H](N)C(=O)N[C@@H](Cc1ccccc1)C(=O)O
NAFAZATROM,CC1=NN(CCOc2ccc3ccccc3c2)C(=O)C1
HIPPURIC ACID,O=C(O)CNC(=O)c1ccccc1
PENTAMIDINE,N=C(N)c1ccc(OCCCCCOc2ccc(C(=N)N)cc2)cc1
4-CHLOROHIPPURIC ACID,O=C(O)CNC(=O)c1ccc(Cl)cc1
REV-5901,CCCCCC(O)c1cccc(OCc2ccc3ccccc3n2)c1
NEOPLANOCIN A,Nc1ncnc2c1ncn2[C@@H]1C=C(CO)[C@@H](O)[C@H]1O
RACEMETHIONINE,CSCCC(N)C(=O)O
AMINOHIPPURIC ACID,Nc1ccc(C(=O)NCC(=O)O)cc1
ASCOMYCIN,CC[C@@H]1/C=C(\C)C[C@H](C)C[C@H](OC)[C@H]2O[C@@](O)(C(=O)C(=O)N3CCCC[C@H]3C(=O)O[C@H](/C(C)=C/[C@@H]3CC[C@@H](O)[C@H](OC)C3)[C@H](C)[C@@H](O)CC1=O)[C@H](C)C[C@@H]2OC
TULIPALINE A,C=C1CCOC1=O
L-696418,CC(C)C[C@H](NC(=O)[C@H](CCc1ccccc1)N[C@H](C)C(=O)O)C(=O)Nc1ccccc1
LY-389795,N[C@@]1(C(=O)O)CS[C@H]2[C@H](C(=O)O)[C@H]21
8-OH-DPAT,CCCN(CCC)C1CCc2cccc(O)c2C1
GYKI-52466,CC1=NN=C(c2ccc(N)cc2)c2cc3c(cc2C1)OCO3
NAN-190,COc1ccccc1N1CCN(CCCCN2C(=O)c3ccccc3C2=O)CC1
ETRETINATE,CCOC(=O)/C=C(C)/C=C/C=C(C)/C=C/c1c(C)cc(OC)c(C)c1C
CYANO-PYRROLIDINE,N#CN1CCCC1
GYKI-53655,CNC(=O)N1N=C(c2ccc(N)cc2)c2cc3c(cc2CC1C)OCO3
BUTACLAMOL,CC(C)(C)[C@]1(O)CCN2C[C@H]3c4ccccc4CCc4cccc(c43)[C@@H]2C1
NAPHMETHONIUM,CC(C)(CN1C(=O)c2cccc3cccc(c23)C1=O)C[N+](C)(C)CCCCCC[N+](C)(C)CCCN1C(=O)c2ccccc2C1=O.[Br-].[Br-]
L-697661,CCc1cc(NCc2nc3c(Cl)ccc(Cl)c3o2)c(O)nc1C
NEVIRAPINE,Cc1ccnc2c1NC(=O)c1cccnc1N2C1CC1
LY-379268,N[C@@]1(C(=O)O)CO[C@H]2[C@H](C(=O)O)[C@H]21
OLEIC ACID,CCCCCCCC/C=C\CCCCCCCC(=O)O
LINOLENIC ACID,CC/C=C\C/C=C\C/C=C\CCCCCCCC(=O)O
CLORGILINE,C#CCN(C)CCCOc1ccc(Cl)cc1Cl
LINOLEIC ACID,CCCCC/C=C\C/C=C\CCCCCCCC(=O)O
FPL-55712,CCCc1c(OCC(O)COc2ccc3c(=O)cc(C(=O)O)oc3c2CCC)ccc(C(C)=O)c1O
PRIFELONE,CC(C)(C)c1cc(C(=O)c2cccs2)cc(C(C)(C)C)c1O
EGLUMETAD,N[C@@]1(C(=O)O)CC[C@H]2[C@H](C(=O)O)[C@H]21
TQX-173,O=C(O)c1nc2c(O)nc3cc(Cl)c(-n4cnnc4)cc3n2n1
DRONABINOL,CCCCCc1cc(O)c2c(c1)OC(C)(C)[C@@H]1CCC(C)=C[C@@H]21
MITOXANTRONE,O=C1c2c(O)ccc(O)c2C(=O)c2c(NCCNCCO)ccc(NCCNCCO)c21
FR-236924,CCCCCC1CC1CC1CC1CCCCCCCC(=O)O
L-764004,CC(C)C[C@H](NC(=O)[C@H](CCc1ccc(-c2ccc(F)cc2)cc1)C[C@H](CCCCN1Cc2ccccc2C1=O)C(=O)O)C(=O)Nc1ccccc1
SPIPERONE,O=C(CCCN1CCC2(CC1)C(=O)NCN2c1ccccc1)c1ccc(F)cc1
DAZOXIBEN,O=C(O)c1ccc(OCCn2ccnc2)cc1
LEVOSULPIRIDE,CCN1CCC[C@H]1CNC(=O)c1cc(S(N)(=O)=O)ccc1OC
RACLOPRIDE,CCN1CCC[C@H]1CNC(=O)c1c(O)c(Cl)cc(Cl)c1OC
ETICLOPRIDE,CCc1cc(Cl)c(OC)c(C(=O)NC[C@@H]2CCCN2CC)c1O
IOLOPRIDE,CCN1CCC[C@H]1CNC(=O)c1c(OC)ccc(I)c1O
MESPIPERONE,CN1CN(c2ccccc2)C2(CCN(CCCC(=O)c3ccc(F)cc3)CC2)C1=O
HYDROXYUREA,NC(=O)NO
DELTA-8-TETRAHYDROCANNABINOL,CCCCCc1cc(O)c2c(c1)OC(C)(C)[C@@H]1CC=C(C)C[C@@H]21
SB-209670,CCCOc1ccc2c(c1)[C@@H](c1ccc(OC)cc1OCC(=O)O)[C@H](C(=O)O)[C@H]2c1ccc2c(c1)OCO2
PODOFILOX,COc1cc([C@@H]2c3cc4c(cc3[C@H](O)[C@H]3COC(=O)[C@H]23)OCO4)cc(OC)c1OC
SCH-23390,CN1CCc2cc(Cl)c(O)cc2[C@@H](c2ccccc2)C1
ROSARAMICIN,CC[C@H]1OC(=O)C[C@@H](O)[C@H](C)[C@@H](O[C@@H]2O[C@H](C)C[C@H](N(C)C)[C@H]2O)[C@@H](CC=O)C[C@@H](C)C(=O)/C=C/[C@]2(C)O[C@H]2[C@@H]1C
ROLIPRAM,COc1ccc(C2CNC(=O)C2)cc1OC1CCCC1
CARBOMYCIN B,CO[C@@H]1[C@@H](OC2OC(C)C(OC3CC(C)(O)C(OC(=O)CC(C)C)C(C)O3)C(N(C)C)C2O)[C@@H](CC=O)C[C@@H](C)C(=O)/C=C/C=C/C[C@@H](C)OC(=O)C[C@H]1OC(C)=O
RF-1461,NC(=O)CN(CC(N)=O)S(=O)(=O)c1cccc(Nc2nc(Nc3cccc(S(=O)(=O)N(CC(N)=O)CC(N)=O)c3)nc(Nc3ccc(-c4ccc(Nc5nc(Nc6cccc(S(=O)(=O)N(CC(N)=O)CC(N)=O)c6)nc(Nc6cccc(S(=O)(=O)N(CC(N)=O)CC(N)=O)c6)n5)cc4S(=O)(=O)[O-])c(S(=O)(=O)[O-])c3)n2)c1.[Na+].[Na+]
L-754142,CCCc1cc(C(=O)O)ccc1OC(C(=O)NS(=O)(=O)c1ccc(C(C)C)cc1)c1ccc2c(c1)OCO2
FADROZOLE,N#Cc1ccc(C2CCCc3cncn32)cc1
ISONIAZID,NNC(=O)c1ccncc1
N-PHENYL-PHTHALIMIDE,O=C1c2ccccc2C(=O)N1c1ccccc1
ACETYLSHIKONIN,CC(=O)O[C@H](CC=C(C)C)C1=CC(=O)c2c(O)ccc(O)c2C1=O
THALIDOMIDE,O=C1CCC(N2C(=O)c3ccccc3C2=O)C(=O)N1
DISOPIRAMIDE,CC(C)N(CC[C@@](C(N)=O)(c1ccccc1)c1ccccn1)C(C)C
(S)-DISOPYRAMIDE,CC(C)N(CC[C@](C(N)=O)(c1ccccc1)c1ccccn1)C(C)C
KETOROLAC,O=C(c1ccccc1)c1ccc2n1CCC2C(=O)O
CAMPTOTHECIN,CC[C@@]1(O)C(=O)OCc2c1cc1n(c2=O)Cc2cc3ccccc3nc2-1
ISOBUTYLSHIKONIN,CC(C)=CC[C@@H](OC(=O)C(C)C)C1=CC(=O)c2c(O)ccc(O)c2C1=O
RU-58841,CC1(C)C(=O)N(c2ccc(C#N)c(C(F)(F)F)c2)C(=O)N1CCCCO
NARINGENIN,O=C1C[C@@H](c2ccc(O)cc2)Oc2cc(O)cc(O)c21
PD-156707,COc1ccc(C2(O)OC(=O)C(c3ccc4c(c3)OCO4)=C2Cc2cc(OC)c(OC)c(OC)c2)cc1
ANASTATIN B,O=C1C[C@@H](c2ccc(O)cc2)Oc2c1c(O)cc1oc3cc(O)c(O)cc3c21
ATRASENTAN,CCCCN(CCCC)C(=O)CN1C[C@H](c2ccc3c(c2)OCO3)[C@@H](C(=O)O)[C@@H]1c1ccc(OC)cc1
P-HYDROXY KETOROLAC,O=C(c1ccc(O)cc1)c1ccc2n1CCC2C(=O)O
ANASTATIN A,O=C1C[C@@H](c2ccc(O)cc2)Oc2cc3oc4cc(O)c(O)cc4c3c(O)c21
ERIODICTYOL,O=C1C[C@@H](c2ccc(O)c(O)c2)Oc2cc(O)cc(O)c21
DIHYDROKAEMPFEROL,O=C1c2c(O)cc(O)cc2O[C@H](c2ccc(O)cc2)[C@H]1O
SILIBININ,COc1cc(C2Oc3cc([C@H]4Oc5cc(O)cc(O)c5C(=O)[C@@H]4O)ccc3OC2CO)ccc1O
DIMETHYLACRYLSHIKONIN,CC(C)=CC[C@@H](OC(=O)C=C(C)C)C1=CC(=O)c2c(O)ccc(O)c2C1=O
(+)-TAXIFOLIN,O=C1c2c(O)cc(O)cc2O[C@H](c2ccc(O)c(O)c2)[C@H]1O
(+)-EPITAXIFOLIN,O=C1c2c(O)cc(O)cc2O[C@@H](c2ccc(O)c(O)c2)[C@H]1O
SHIKONIN,CC(C)=CC[C@@H](O)C1=CC(=O)c2c(O)ccc(O)c2C1=O
LITHIUM CLAVULANATE,O=C([O-])[C@H]1/C(=C/CO)O[C@@H]2CC(=O)N21.[Li+]
ANDROSTENEDIONE,C[C@]12CCC(=O)C=C1CC[C@@H]1[C@@H]2CC[C@]2(C)C(=O)CC[C@@H]12
COMBRETASTATIN A4,COc1ccc(/C=C\c2cc(OC)c(OC)c(OC)c2)cc1O
L-365260,Cc1cccc(NC(=O)N[C@@H]2N=C(c3ccccc3)c3ccccc3N(C)C2=O)c1
ANIROLAC,COc1ccc(C(=O)c2ccc3n2CCC3C(=O)O)cc1
PHENSTATIN,COc1ccc(C(=O)c2cc(OC)c(OC)c(OC)c2)cc1O
DIMETHYLFORMAMIDE,CN(C)C=O
3-AMINOPHENOL,Nc1cccc(O)c1
CARACEMIDE,CNC(=O)ON(C(C)=O)C(=O)NC
TETRYLAMMONIUM,CC[N+](CC)(CC)CC
SOTALOL,CC(C)NCC(O)c1ccc(NS(C)(=O)=O)cc1
DEVAZEPIDE,CN1C(=O)[C@@H](NC(=O)c2cc3ccccc3[nH]2)N=C(c2ccccc2)c2ccccc21
METACETAMOL,CC(=O)Nc1cccc(O)c1
NOCODAZOLE,COC(=O)Nc1nc2cc(C(=O)c3cccs3)ccc2[nH]1
GLYBURIDE,COc1ccc(Cl)cc1C(=O)NCCc1ccc(S(=O)(=O)NC(=O)NC2CCCCC2)cc1
CLOFILIUM,CCCCCCC[N+](CC)(CC)CCCCc1ccc(Cl)cc1
HEXESTROL,CC[C@H](c1ccc(O)cc1)[C@@H](CC)c1ccc(O)cc1
DOFETILIDE,CN(CCOc1ccc(NS(C)(=O)=O)cc1)CCc1ccc(NS(C)(=O)=O)cc1
MANNOSTATIN A,CS[C@@H]1[C@@H](N)[C@@H](O)[C@@H](O)[C@H]1O
SEZOLAMIDE,CC(C)CN[C@H]1CCS(=O)(=O)c2sc(S(N)(=O)=O)cc21
PHENCYCLIDINE,c1ccc(C2(N3CCCCC3)CCCCC2)cc1
FORMAMIDE,NC=O
DELORAZEPAM,O=C1CN=C(c2ccccc2Cl)c2cc(Cl)ccc2N1
N-DESETHYL DORZOLAMIDE,C[C@H]1C[C@H](N)c2cc(S(N)(=O)=O)sc2S1(=O)=O
DACARBAZINE,CN(C)/N=N/c1[nH]cnc1C(N)=O
ADENOSINE,Nc1ncnc2c1ncn2[C@@H]1O[C@H](CO)[C@@H](O)[C@H]1O
METESIND,CN(Cc1ccc(S(=O)(=O)N2CCOCC2)cc1)c1ccc2c3c(cccc13)C(=N)N2
RO-223294,O=C1CN=C(c2c(Cl)cccc2Cl)c2cc(Cl)ccc2N1
CHLOROPHENYLPIPERAZINE,Clc1cccc(N2CCNCC2)c1
PHENYLPIPERAZINE,c1ccc(N2CCNCC2)cc1
MK-212,Clc1cncc(N2CCNCC2)n1
THIORIDAZINE,CSc1ccc2c(c1)N(CCC1CCCCN1C)c1ccccc1S2
LANSOPRAZOLE,Cc1c(OCC(F)(F)F)ccnc1C[S+]([O-])c1nc2ccccc2[nH]1
IRINOTECAN,CCc1c2c(nc3ccc(OC(=O)N4CCC(N5CCCCC5)CC4)cc13)-c1cc3c(c(=O)n1C2)COC(=O)[C@]3(O)CC
MORPHINE,CN1CC[C@]23c4c5ccc(O)c4O[C@H]2[C@@H](O)C=C[C@H]3[C@H]1C5
8-OXOYVERRUCARIN A,CC1CCOC(=O)/C=C/C=C\C(=O)O[C@@H]2C[C@H]3O[C@@H]4C[C@@H](C)C(=O)C[C@]4(COC(=O)C1O)[C@]2(C)C31CO1
TENOFOVIR ANHYDROUS,C[C@H](Cn1cnc2c(N)ncnc21)OCP(=O)(O)O
RORIDIN D,CC1=CC2OC3CC4OC(=O)/C=C/C=C/C(C(C)O)OCCC5(C)OC5C(=O)OCCC2(CC1)C4(C)C31CO1
BACHHARIN B2,CC1CC(=O)OC[C@]23C[C@@H](O)[C@H](C)C[C@H]2O[C@@H]2C[C@@H](OC(=O)/C=C\C=C\C(C(C)O)O[C@@H](O)C1)[C@@]3(C)C21CO1
BACHHARIN B1,CC1CC(=O)OC[C@]23C[C@@H](O)[C@H](C)C[C@H]2O[C@@H]2C[C@@H](OC(=O)/C=C\C=C\C(C(C)O)O[C@H](O)C1)[C@@]3(C)C21CO1
ALPHA-8-HYDROXYVERRUCARIN A,CC1CCOC(=O)/C=C/C=C\C(=O)O[C@@H]2C[C@H]3O[C@@H]4C[C@@H](C)[C@@H](O)C[C@]4(COC(=O)C1O)[C@]2(C)C31CO1
BETA-8-HYDROXYVERRUCARIN A,CC1CCOC(=O)/C=C/C=C\C(=O)O[C@@H]2C[C@H]3O[C@@H]4C[C@@H](C)[C@H](O)C[C@]4(COC(=O)C1O)[C@]2(C)C31CO1
"ALPHA-9,10-EPOXYVERRUCARIN A",CC1CCOC(=O)/C=C/C=C\C(=O)O[C@@H]2C[C@H]3O[C@@H]4[C@H]5O[C@@]5(C)CC[C@]4(COC(=O)C1O)[C@]2(C)C31CO1
BACCHARIN,CC(O)C1/C=C/C=C\C(=O)O[C@@H]2C[C@H]3O[C@@H]4[C@@H]5O[C@]5(C)CC[C@]4(COC(=O)C4OC4(C)C(O)CO1)[C@]2(C)C31CO1
"9BETA,10BETA-EPOXYRORIDIN A",CC(O)C1/C=C/C=C\C(=O)O[C@@H]2C[C@H]3O[C@@H]4[C@@H]5O[C@]5(C)CC[C@]4(COC(=O)C(O)C(C)CCO1)[C@]2(C)C31CO1
ADEFOVIR,Nc1ncnc2c1ncn2CCOCP(=O)(O)O
BACHHARIN B3,CC(O)C1/C=C/C=C\C(=O)O[C@@H]2C[C@H]3O[C@@H]4C[C@@H](C)[C@H](O)C[C@]4(COC(=O)C(O)C(C)CCO1)[C@]2(C)C31CO1
BACHHARIN B4,CC(O)C1/C=C/C=C\C(=O)O[C@@H]2C[C@H]3O[C@@H]4C[C@@H](C)[C@H](O)C[C@]4(COC(=O)C4OC4(C)C(O)CO1)[C@]2(C)C31CO1
VERRUCARIN A ACETATE,CC(=O)OC1C(=O)OC[C@]23CC[C@H](C)C[C@H]2O[C@@H]2C[C@@H](OC(=O)/C=C\C=C\C(=O)OCCC1C)[C@@]3(C)C21CO1
SC-55634,CCCCc1cn([C@H]2[C@H](C)CCC[C@@H]2C)c(=O)n1Cc1ccc(-c2ccccc2-c2nn[nH]n2)nc1
CODEINE,COc1ccc2c3c1O[C@H]1[C@@H](O)C=C[C@H]4[C@@H](C2)N(C)CC[C@@]341
ABT-418,Cc1cc([C@@H]2CCCN2C)on1
"9BETA,10BETA-EPOXYVERRUCARIN A",CC1CCOC(=O)/C=C/C=C\C(=O)O[C@@H]2C[C@H]3O[C@@H]4[C@@H]5O[C@]5(C)CC[C@]4(COC(=O)C1O)[C@]2(C)C31CO1
CHLORPROMAZINE,CN(C)CCCN1c2ccccc2Sc2ccc(Cl)cc21
SC-51895,CCCCc1cn(CCCC)c(=O)n1Cc1ccc(-c2ccccc2-c2nn[nH]n2)cc1
SC-52892,CCCCc1cn(CCCC)c(=O)n1Cc1ccc(-c2ccccc2-c2nn[nH]n2)nc1
R-NICOTINE,CN1CCC[C@@H]1c1cccnc1
DESIPRAMINE,CNCCCN1c2ccccc2CCc2ccccc21
FLAVANONE,O=C1CC(c2ccccc2)Oc2ccccc21
4'-HYDROXYTAMOXIFEN,CC/C(=C(\c1ccccc1)c1ccc(OCCN(C)C)cc1)c1cccc(O)c1
DROLOXIFENE,CC/C(=C(/c1ccc(OCCN(C)C)cc1)c1cccc(O)c1)c1ccccc1
AMINOGLUTETHIMIDE,CCC1(c2ccc(N)cc2)CCC(=O)NC1=O
AFIMOXIFENE,CC/C(=C(\c1ccc(O)cc1)c1ccc(OCCN(C)C)cc1)c1ccccc1
DISUPRAZOLE,CCSc1ccnc(C[S+]([O-])c2nc3ccccc3[nH]2)c1C
CROMOLYN SODIUM,O=C([O-])c1cc(=O)c2c(OCC(O)COc3cccc4oc(C(=O)[O-])cc(=O)c34)cccc2o1.[Na+].[Na+]
TIMOPRAZOLE,[O-][S+](Cc1ccccn1)c1nc2ccccc2[nH]1
RAUWOLSCINE,COC(=O)[C@H]1[C@H]2C[C@H]3c4[nH]c5ccccc5c4CCN3C[C@H]2CC[C@@H]1O
PAROXETINE,Fc1ccc([C@@H]2CCNC[C@H]2COc2ccc3c(c2)OCO3)cc1
ARTEMISIN,C[C@@H]1CC[C@H]2[C@@H](C)C(=O)O[C@@H]3O[C@]4(C)CC[C@@H]1C32OO4
ETORICOXIB,Cc1ccc(-c2ncc(Cl)cc2-c2ccc(S(C)(=O)=O)cc2)cn1
MAZAPERTINE,CC(C)Oc1ccccc1N1CCN(Cc2cccc(C(=O)N3CCCCC3)c2)CC1
CP-154526,CCCCN(CC)c1nc(C)nc2c1c(C)cn2-c1c(C)cc(C)cc1C
FAMOXADONE,C[C@@]1(c2ccc(Oc3ccccc3)cc2)OC(=O)N(Nc2ccccc2)C1=O
TALNETANT,CC[C@H](NC(=O)c1c(O)c(-c2ccccc2)nc2ccccc12)c1ccccc1
PIRENZEPINE,CN1CCN(CC(=O)N2c3ccccc3C(=O)Nc3cccnc32)CC1
IDAZOXAN,c1ccc2c(c1)OCC(C1=NCCN1)O2
HYDROXYFLUTAMIDE,CC(C)(O)C(=O)Nc1ccc([N+](=O)[O-])c(C(F)(F)F)c1
CEPHALOTAXINE,COC1=C[C@]23CCCN2CCc2cc4c(cc2[C@@H]3[C@@H]1O)OCO4
THIORPHAN,O=C(O)CNC(=O)C(CS)Cc1ccccc1
AZD-7624,CC[C@H](NC(=O)c1cc(-c2ccccc2)nc2ccccc12)c1ccccc1
BENZETIMIDE,O=C1CCC(c2ccccc2)(C2CCN(Cc3ccccc3)CC2)C(=O)N1
CGS-314447,O=P(O)(O)C(Cc1ccc2ccccc2c1)N[C@@H](Cc1ccc(-c2ccccc2)cc1)c1nnn[nH]1
ETIDOCAINE,CCCN(CC)C(CC)C(=O)Nc1c(C)cccc1C
LY-117018,O=C(c1ccc(OCCN2CCCC2)cc1)c1c(-c2ccc(O)cc2)sc2cc(O)ccc12
NALOXONE,C=CCN1CC[C@]23c4c5ccc(O)c4O[C@H]2C(=O)CC[C@@]3(O)[C@H]1C5
RALOXIFENE,O=C(c1ccc(OCCN2CCCCC2)cc1)c1c(-c2ccc(O)cc2)sc2cc(O)ccc12
ARTEMISININ,C[C@@H]1CC[C@H]2[C@@H](C)C(=O)O[C@@H]3O[C@@]4(C)CC[C@@H]1[C@]32OO4
TAMOXIFEN,CC/C(=C(\c1ccccc1)c1ccc(OCCN(C)C)cc1)c1ccccc1
RWJ-25730,CC(C)Oc1ccccc1N1CCN(Cc2ccc(CN3CCCCC3=O)n2C)CC1
BROMOCRIPTINE,CC(C)C[C@H]1C(=O)N2CCC[C@H]2[C@]2(O)O[C@](NC(=O)[C@@H]3C=C4c5cccc6[nH]c(Br)c(c56)C[C@H]4N(C)C3)(C(C)C)C(=O)N12
SB-222200,CC[C@H](NC(=O)c1c(C)c(-c2ccccc2)nc2ccccc12)c1ccccc1
TERTIARY ALCOHOL PRIMARY SUCCINATEESTER,C[C@@H]1CC[C@H]2[C@@H](C)C(CC(O)(COC(=O)CCC(=O)O)CC3OC4O[C@]5(C)CC[C@H]6[C@H](C)CC[C@@H]([C@H]3C)C46OO5)OC3O[C@]4(C)CCC1C32OO4
NAFAMOSTAT,N=C(N)Nc1ccc(C(=O)Oc2ccc3cc(C(=N)N)ccc3c2)cc1
9-AMINOCAMPTOTHECIN,CC[C@@]1(O)C(=O)OCc2c1cc1n(c2=O)Cc2cc3c(N)cccc3nc2-1
IMIRESTAT,O=C1NC(=O)C2(N1)c1cc(F)ccc1-c1ccc(F)cc12
CLOXACEPRIDE,CCN(CC)CCNC(=O)c1cc(Cl)c(NC(=O)COc2ccc(Cl)cc2)cc1OC
HYDROXYCAMPTOTHECIN,CC[C@@]1(O)C(=O)OCc2c1cc1n(c2=O)Cc2cc3cc(O)ccc3nc2-1
ZENARESTAT,O=C(O)Cn1c(=O)n(Cc2ccc(Br)cc2F)c(=O)c2ccc(Cl)cc21
ILOPROST,CC#CCC(C)[C@H](O)/C=C/[C@@H]1[C@H]2C/C(=C/CCCC(=O)O)C[C@H]2C[C@H]1O
TOPOTECAN,CC[C@@]1(O)C(=O)OCc2c1cc1n(c2=O)Cc2cc3c(CN(C)C)c(O)ccc3nc2-1
ZOPOLRESTAT,O=C(O)Cc1nn(Cc2nc3cc(C(F)(F)F)ccc3s2)c(=O)c2ccccc12
MINALRESTAT,O=C1CC2(C(=O)N1)C(=O)N(Cc1ccc(Br)cc1F)C(=O)c1ccc(F)cc12
HEMICHOLINIUM-3,C[N+]1(C)CCOC(O)(c2ccc(-c3ccc(C4(O)C[N+](C)(C)CCO4)cc3)cc2)C1
L-374087,Cc1nc(N)ccc1CNC(=O)Cn1c(C)ccc(NS(=O)(=O)Cc2ccccc2)c1=O
RISPERIDONE,Cc1nc2n(c(=O)c1CCN1CCC(c3noc4cc(F)ccc34)CC1)CCCC2
AZEPINDOLE,c1ccc2c(c1)cc1n2CCCNC1
CROMOLYN,O=C(O)c1cc(=O)c2c(OCC(O)COc3cccc4oc(C(=O)O)cc(=O)c34)cccc2o1
METOCLOPRAMIDE,CCN(CC)CCNC(=O)c1cc(Cl)c(N)cc1OC
BERMOPROFEN,Cc1ccc2c(c1)CC(=O)c1cc(C(C)C(=O)O)ccc1O2
PD-155080,COc1ccc(C2(O)OC(=O)C(c3ccc4c(c3)OCO4)=C2Cc2ccccc2)cc1
AP-227,CCC/C(CC1CCc2c(cccc2OCC(=O)O)C1)=N\OC(c1ccccc1)c1ccccc1
ISOAMINOPTERIN,CC(C)N(Cc1cnc2nc(N)nc(N)c2n1)c1ccc(C(=O)NC(CCC(=O)O)C(=O)O)cc1
PACLITAXEL,CC(=O)O[C@H]1C(=O)[C@@]2(C)[C@H]([C@H](OC(=O)c3ccccc3)[C@]3(O)C[C@H](OC(=O)[C@H](O)[C@@H](NC(=O)c4ccccc4)c4ccccc4)C(C)=C1C3(C)C)[C@]1(OC(C)=O)CO[C@@H]1C[C@@H]2O
JDTIC,CC(C)[C@@H](CN1CC[C@@](C)(c2cccc(O)c2)[C@@H](C)C1)NC(=O)[C@H]1Cc2ccc(O)cc2CN1
ALPROSTADIL,CCCCC[C@H](O)/C=C/[C@H]1[C@H](O)CC(=O)[C@@H]1CCCCCCC(=O)O
SCH-37370,CC(=O)N1CCC(=C2c3ccc(Cl)cc3CCc3cccnc32)CC1
PORPHYRIN,C=CC1=C(C)c2cc3nc(cc4[nH]c(cc5[nH]c(cc1n2)c(C)c5CCC(=O)NC1C(O)OC(CO)C(O)C1O)c(CCC(=O)NC1C(O)OC(CO)C(O)C1O)c4C)C(C=C)=C3C
HEXACHLOROPHENE,Oc1c(Cl)cc(Cl)c(Cl)c1Cc1c(O)c(Cl)cc(Cl)c1Cl
CLIOQUINOL,Oc1c(I)cc(Cl)c2cccnc12
AGOMELATINE,COc1ccc2cccc(CCNC(C)=O)c2c1
DESFERRITHIOCIN,C[C@]1(C(=O)O)CSC(c2ncccc2O)=N1
CYCLOPHOSPHAMIDE ANHYDROUS,O=P1(N(CCCl)CCCl)NCCCO1
CHLORPROPAMIDE,CCCNC(=O)NS(=O)(=O)c1ccc(Cl)cc1
TIMOLOL,CC(C)(C)NC[C@H](O)COc1nsnc1N1CCOCC1
PINDOLOL,CC(C)NCC(O)COc1cccc2[nH]ccc12
SODIUM CYCLAMATE,O=S(=O)([O-])NC1CCCCC1.[Na+]
STREPTONIGRIN,COC1=C(N)C(=O)c2nc(-c3nc(C(=O)O)c(C)c(-c4ccc(OC)c(OC)c4O)c3N)ccc2C1=O
STALLIMYCIN,Cn1cc(NC(=O)c2cc(NC(=O)c3cc(NC=O)cn3C)cn2C)cc1C(=O)NCCC(=N)N
TUBERCIDIN,Nc1ncnc2c1ccn2[C@@H]1O[C@H](CO)[C@@H](O)[C@H]1O
L-NIO,CC(=N)NCCC[C@H](N)C(=O)O
SABADININE,CC1CCC2N(C1)CC1[C@](O)(C(O)C[C@@]3(O)C4CCC5C6(O)OC4(C[C@@]13O)C5(C)CCC6O)[C@]2(C)O
ICI-89406,N#Cc1ccccc1OCC(O)CNCCNC(=O)Nc1ccccc1
ISOBUTYLMETHYLXANTHINE,CC(C)Cn1c(=O)n(C)c(=O)c2nc[nH]c21
HYDRALAZINE,NNc1nncc2ccccc12
LECIMIBIDE,CCCCCCCN(CCCCCSc1nc(-c2ccccc2)c(-c2ccccc2)[nH]1)C(=O)Nc1ccc(F)cc1F
ROQUINIMEX,CN(C(=O)c1c(O)c2ccccc2n(C)c1=O)c1ccccc1
3-DEAZAARISTEROMYCIN A,Nc1nccc2c1ncn2[C@@H]1C[C@H](CO)[C@@H](O)[C@H]1O
AMPHETAMINE SULFATE,CC(N)Cc1ccccc1.O=S(=O)(O)O
AMPHOTERICIN B,C[C@@H]1[C@H](O)[C@@H](C)/C=C/C=C/C=C/C=C/C=C/C=C/C=C/[C@H](O[C@@H]2O[C@H](C)[C@@H](O)[C@H](N)[C@@H]2O)C[C@@H]2O[C@](O)(C[C@@H](O)C[C@@H](O)[C@H](O)CC[C@@H](O)C[C@@H](O)CC(=O)O[C@H]1C)C[C@H](O)[C@H]2C(=O)O
AP-7,NC(CCCCCP(=O)(O)O)C(=O)O
NAPHTHAZALIN,O=C1C=CC(=O)c2c(O)ccc(O)c21
HISTAMINE,NCCc1c[nH]cn1
MICONAZOLE,Clc1ccc(COC(Cn2ccnc2)c2ccc(Cl)cc2Cl)c(Cl)c1
BMS-191095,CC1(C)Oc2ccc(C#N)cc2[C@H](N(Cc2ncc[nH]2)c2ccc(Cl)cc2)[C@H]1O
(-)-CROMAKALIM,CC1(C)Oc2ccc(C#N)cc2[C@H](N2CCCC2=O)[C@H]1O
MOPIDRALAZINE,Cc1ccc(C)n1Nc1ccc(N2CCOCC2)nn1
TYRAMINE,NCCc1ccc(O)cc1
DOCETAXEL ANHYDROUS,CC(=O)O[C@@]12CO[C@@H]1C[C@H](O)[C@@]1(C)C(=O)[C@H](O)C3=C(C)[C@@H](OC(=O)[C@H](O)[C@@H](NC(=O)OC(C)(C)C)c4ccccc4)C[C@@](O)([C@@H](OC(=O)c4ccccc4)[C@H]21)C3(C)C
5-OH-DPAT,CCCN(CCC)C1CCc2c(O)cccc2C1
PENCLOMEDINE,COc1nc(C(Cl)(Cl)Cl)c(Cl)c(OC)c1Cl
ZILEUTON,CC(c1cc2ccccc2s1)N(O)C(N)=O
PHYSOSTIGMINE,CNC(=O)Oc1ccc2c(c1)[C@]1(C)CCN(C)[C@@H]1N2C
TETRAHYDROBERBERINE,COc1ccc2c(c1OC)CN1CCc3cc4c(cc3C1C2)OCO4
ASPARTIC ACID,N[C@@H](CC(=O)O)C(=O)O
TACRINE,Nc1c2c(nc3ccccc13)CCCC2
DIHYDROBERBERINE,COc1ccc2c(c1OC)CN1CCc3cc4c(cc3C1=C2)OCO4
DONEPEZIL,COc1cc2c(cc1OC)C(=O)C(CC1CCN(Cc3ccccc3)CC1)C2
HOMOSERINE,N[C@@H](CCO)C(=O)O
ONO-1078,O=C(NC1=CC=CC2C(=O)C=C(c3nn[nH]n3)OC12)c1ccc(OCCCCc2ccccc2)cc1
SERINE,N[C@@H](CO)C(=O)O
BERBERINE CHLORIDE,COc1ccc2cc3[n+](cc2c1OC)CCc1cc2c(cc1-3)OCO2.[Cl-]
PALMATINE CHLORIDE,COc1cc2c(cc1OC)-c1cc3ccc(OC)c(OC)c3c[n+]1CC2.[Cl-]
JATRORRHIZINE CHLORIDE,COc1cc2c(cc1O)CC[n+]1cc3c(OC)c(OC)ccc3cc1-2.[Cl-]
CAPROCTAMINE,COc1ccccc1CN(C)CCCCCC(=O)N(C)CCCCCCCCN(C)C(=O)CCCCCN(C)Cc1ccccc1OC
LOVASTATIN,CC[C@H](C)C(=O)O[C@H]1C[C@@H](C)C=C2C=C[C@H](C)[C@H](CC[C@@H]3C[C@@H](O)CC(=O)O3)[C@H]21
KETOTREXATE,CN1c2c([nH]c(N)nc2=O)NCC1CCNc1ccc(C(=O)N[C@@H](CCC(=O)O)C(=O)O)cc1
OXYBERBERINE,COc1ccc2cc3n(c(=O)c2c1OC)CCc1cc2c(cc1-3)OCO2
OZAGREL,O=C(O)/C=C/c1ccc(Cn2ccnc2)cc1
ONO-1581,C/C(=C\c1ccc(Cc2cccnc2)cc1)C(=O)[O-].[Na+]
SCH-211803,Cc1cccc(C(=O)N2CCC(N3CCC(Cc4ccc(S(=O)(=O)c5cccc(Cl)c5)cc4)CC3)CC2)c1N
HARMAN,Cc1nccc2c1[nH]c1ccccc12
ISOQUINOLINE,c1ccc2cnccc2c1
NORHARMANE,c1ccc2c(c1)[nH]c1cnccc12
TIBEGLISENE,Cc1ccc(S(=O)(=O)C(CC#Cc2ccc(Cl)cc2)C(=O)O)cc1
BENZYDAMINE,CN(C)CCCOc1nn(Cc2ccccc2)c2ccccc12
BMS-248360,CCCCC1=NC2(CCCC2)C(=O)N1Cc1ccc(-c2ccccc2S(=O)(=O)Nc2onc(C)c2C)c(CN2CCC(C)(C)C2=O)c1
NICOTINYL METHYLAMIDE,CNC(=O)c1cccnc1
ACETANILIDE,CC(=O)Nc1ccccc1
CAPROLACTAM,O=C1CCCCCN1
NICOTINALDEHYDE,O=Cc1cccnc1
"N,N-DIMETHYLTRYPTAMINE",CN(C)CCc1c[nH]c2ccccc12
BUFOTENINE,CN(C)CCc1c[nH]c2ccc(O)cc12
2-PYRIDINECARBOXALDEHYDE,O=Cc1ccccn1
DIMETHYL SULFOXIDE,C[S+](C)[O-]
ETHYLENE THIOUREA,S=C1NCCN1
RWJ-69736,CC(C)Oc1ccccc1N1CCN(CCCNC(=O)CN2CCCCC2=O)CC1
DEXPROPRANOLOL,CC(C)NC[C@@H](O)COc1cccc2ccccc12
CV-6209,CCCCCCCCCCCCCCCCCCNC(=O)OCC(COC(=O)N(Cc1cccc[n+]1CC)C(C)=O)OC.[Cl-]
CLOSANTEL,Cc1cc(C(C#N)c2ccc(Cl)cc2)c(Cl)cc1NC(=O)c1cc(I)cc(I)c1O
METHYLPYRROLIDONE,CN1CCCC1=O
2-PYRROLIDONE,O=C1CCCN1
GLICONDAMIDE,CNC(=O)NS(=O)(=O)c1ccc(CCNC(=O)c2cc(Cl)ccc2OC)cc1
RILMAKALIM,CC1(C)Oc2ccc(S(=O)(=O)c3ccccc3)cc2[C@@H](N2CCCC2=O)[C@@H]1O
RWJ-68157,CC(C)Oc1ccccc1N1CCN(CCNC(=O)CN2CCCCCC2=O)CC1
RWJ-38063,CC(C)Oc1ccccc1N1CCN(CCNC(=O)CN2CCCCC2=O)CC1
CHLORPHENIRAMINE,CN(C)CCC(c1ccc(Cl)cc1)c1ccccn1
CLAMIKALANT,CNC(=S)NS(=O)(=O)c1cc(CCNC(=O)c2cc(Cl)ccc2OC)ccc1OC
2-METHYLHISTAMINE,Cc1ncc(CCN)[nH]1
PRIMAQUINE,COc1cc(NC(C)CCCN)c2ncccc2c1
"2,4-DINITROPHENOL",O=[N+]([O-])c1ccc(O)c([N+](=O)[O-])c1
BIMAKALIM,CC1(C)C=C(n2ccccc2=O)c2cc(C#N)ccc2O1
4-METHYLHISTAMINE,Cc1nc[nH]c1CCN
CLODRONIC ACID,O=P(O)(O)C(Cl)(Cl)P(=O)(O)O
METHYL PALMOXIRATE,CCCCCCCCCCCCCCC1(C(=O)OC)CO1
VUF-8406,CSCC/N=C(\NC#N)NCCCc1c[nH]cn1
BURIMAMIDE,C/N=C(\S)NCCCCc1c[nH]cn1
N-METHYLHISTAMINE,Cn1cnc(CCN)c1
PALMOXIRATE,CCCCCCCCCCCCCCC1(C(=O)O)CO1
SOPROMIDINE,Cc1nc[nH]c1CSCCNC(=N)N[C@H](C)Cc1c[nH]cn1
4-METHYLDAPHNETIN,Cc1cc(=O)oc2c(O)c(O)ccc12
DIMAPRIT,CN(C)CCCSC(=N)N
MECLOFENAMIC ACID,Cc1ccc(Cl)c(Nc2ccccc2C(=O)O)c1Cl
"5,7-DIHYDROXY-4-METHYLCOUMARIN",Cc1cc(=O)oc2cc(O)cc(O)c12
HYMECROMONE,Cc1cc(=O)oc2cc(O)ccc12
HYMECROMONE METHYL ETHER,COc1ccc2c(C)cc(=O)oc2c1
E-5110,CON1CC/C(=C\c2cc(C(C)(C)C)c(O)c(C(C)(C)C)c2)C1=O
IMPROMIDINE,Cc1[nH]cnc1CSCCNC(=N)NCCCc1c[nH]cn1
TIOTIDINE,C/N=C(/NC#N)NCCSCc1csc(NC(=N)N)n1
JEFFAMINE,CC(N)COCC(C)OCC(C)OCC(C)N
ETILAMFETAMINE,CCNC(C)Cc1ccccc1
[Val5] - ANGIOTENSIN II,CC(C)[C@H](NC(=O)[C@H](CCCNC(=N)N)NC(=O)[C@@H](N)CC(=O)O)C(=O)N[C@@H](Cc1ccc(O)cc1)C(=O)N[C@H](C(=O)N[C@@H](Cc1cnc[nH]1)C(=O)N1CCC[C@H]1C(=O)N[C@@H](Cc1ccccc1)C(=O)O)C(C)C
VUF-8413,CC(C)Cc1ccc(CSCC/N=C(\N)NCCCc2c[nH]cn2)o1
METIAMIDE,CNC(=S)NCCSCc1[nH]cnc1C
PYRILAMINE,COc1ccc(CN(CCN(C)C)c2ccccn2)cc1
VUF-8407,N=C(N)Nc1nc(CSCC/N=C(\N)NCCCc2c[nH]cn2)cs1
PHENOXAZINE,c1ccc2c(c1)Nc1ccccc1O2
RITANSERIN,Cc1nc2sccn2c(=O)c1CCN1CCC(=C(c2ccc(F)cc2)c2ccc(F)cc2)CC1
SERTINDOLE,O=C1NCCN1CCN1CCC(c2cn(-c3ccc(F)cc3)c3ccc(Cl)cc23)CC1
CARMUSTINE,O=NN(CCCl)C(=O)NCCCl
SB-258719,Cc1cccc(S(=O)(=O)N(C)[C@H](C)CCN2CCC(C)CC2)c1
SEMUSTINE,CC1CCC(NC(=O)N(CCCl)N=O)CC1
LOMUSTINE,O=NN(CCCl)C(=O)NC1CCCCC1
GAMMA-AMINOBUTYRIC ACID,NCCCC(=O)O
UCM-5600,O=C1c2cccc3cccc(c23)N1CCCCCN1CCN(c2ccccc2)CC1
SB-258741,Cc1cccc(S(=O)(=O)N2CCC[C@@H]2CCN2CCC(C)CC2)c1
MESULERGINE,CN1C[C@@H](NS(=O)(=O)N(C)C)C[C@@H]2c3cccc4c3c(cn4C)C[C@H]21
RIMCAZOLE,C[C@@H]1CN(CCCn2c3ccccc3c3ccccc32)C[C@H](C)N1
SCOPADULCIC ACID B,C[C@]12CC[C@]3(C1)[C@H](CC2=O)C[C@@H](OC(=O)c1ccccc1)[C@H]1[C@](C)(C(=O)O)CCC[C@@]13C
CI-930,CC1CC(O)=NN=C1c1ccc(-n2ccnc2)cc1
CHLORAMBUCIL,O=C(O)CCCc1ccc(N(CCCl)CCCl)cc1
CYPROHEPTADINE,CN1CCC(=C2c3ccccc3C=Cc3ccccc32)CC1
MUSCARINE,C[C@@H]1O[C@H](C[N+](C)(C)C)C[C@H]1O
DEHYDROABIETIC ACID,CC(C)c1ccc2c(c1)CC[C@H]1[C@](C)(C(=O)O)CCC[C@]21C
INAMRINONE,Nc1cc(-c2ccncc2)c[nH]c1=O
METHYL DEHYDROABIETATE,COC(=O)[C@]1(C)CCC[C@]2(C)c3ccc(C(C)C)cc3CC[C@@H]12
POMIFERIN A,CC(C)c1ccc2c(c1)CC[C@H]1[C@](C)(CO)CCC[C@]21C
YM-90K,O=c1[nH]c2cc(-n3ccnc3)c([N+](=O)[O-])cc2[nH]c1=O
DISOPYRAMIDE,CC(C)N(CCC(C(N)=O)(c1ccccc1)c1ccccn1)C(C)C
HYDROXYGUANIDINE SULPHATE,N/C(=N\O)N/N=C\OS(=O)(=O)O
SANGUINARIUM,C[n+]1cc2c3c(ccc2c2ccc4cc5c(cc4c21)OCO5)OCO3
CHLORPHENACYL,O=C(O)Cc1ccc(N(CCCl)CCCl)cc1
CHELERYTHRINE,COc1ccc2c(c[n+](C)c3c4cc5c(cc4ccc23)OCO5)c1OC
ALDOSTERONE,C[C@]12CCC(=O)C=C1CC[C@@H]1[C@@H]2[C@@H](O)C[C@]2(C=O)[C@@H](C(=O)CO)CC[C@@H]12
PALINAVIR,CC(C)[C@H](NC(=O)c1ccc2ccccc2n1)C(=O)N[C@@H](Cc1ccccc1)[C@H](O)CN1CC[C@@H](OCc2ccncc2)C[C@H]1C(=O)NC(C)(C)C
IMAZODAN,O=C1CCC(c2ccc(-n3ccnc3)cc2)=NN1
AURINTRICARBOXYLIC ACID,O=C(O)C1=CC(=C(c2ccc(O)c(C(=O)O)c2)c2ccc(O)c(C(=O)O)c2)C=CC1=O
VORINOSTAT,O=C(CCCCCCC(=O)Nc1ccccc1)NO
TRAPOXIN A,O=C(CCCCC[C@@H]1NC(=O)[C@H]2CCCCN2C(=O)[C@H](Cc2ccccc2)NC(=O)[C@H](Cc2ccccc2)NC1=O)C1CO1
QUINUCLIDINYL BENZILATE,O=C(OC1CN2CCC1CC2)C(O)(c1ccccc1)c1ccccc1
XANTHENE CARBOXYLIC ACID,O=C(O)C1c2ccccc2Oc2ccccc21
RO-054520,CN1C(=O)CN=C(c2ccccc2F)c2ccccc21
PEFLOXACIN,CCn1cc(C(=O)O)c(=O)c2cc(F)c(N3CCN(C)CC3)cc21
TRICHOSTATIN,CC(/C=C/C(=O)NO)=C\[C@@H](C)C(=O)c1ccc(N(C)C)cc1
DISOBUTAMIDE,CC(C)N(CCC(CCN1CCCCC1)(C(N)=O)c1ccccc1Cl)C(C)C
"(R,S)-AMPA",Cc1onc(O)c1CC(N)C(=O)O
PRAVADOLINE,COc1ccc(C(=O)c2c(C)n(CCN3CCOCC3)c3ccccc23)cc1
RO-053061,O=C1CN=C(c2ccccc2)c2cc(F)ccc2N1
KAINIC ACID,C=C(C)[C@H]1CN[C@H](C(=O)O)[C@H]1CC(=O)O
RO-052921,O=C1CN=C(c2ccccc2)c2ccccc2N1
CLOMETACIN,COc1ccc2c(C(=O)c3ccc(Cl)cc3)c(C)n(CC(=O)O)c2c1
BENZYLAMINE,NCc1ccccc1
NIMETAZEPAM,CN1C(=O)CN=C(c2ccccc2)c2cc([N+](=O)[O-])ccc21
RO-052904,O=C1CN=C(c2ccccc2)c2cc(C(F)(F)F)ccc2N1
RO-054082,CN1C(=O)CN=C(c2ccccc2Cl)c2cc([N+](=O)[O-])ccc21
FLUNITRAZEPAM,CN1C(=O)CN=C(c2ccccc2F)c2cc([N+](=O)[O-])ccc21
NITRAZEPAM,O=C1CN=C(c2ccccc2)c2cc([N+](=O)[O-])ccc2N1
NORDAZEPAM,O=C1CN=C(c2ccccc2)c2cc(Cl)ccc2N1
FLUDIAZEPAM,CN1C(=O)CN=C(c2ccccc2F)c2cc(Cl)ccc21
METHOXAMINE,COc1ccc(OC)c(C(O)C(C)N)c1
ORG-24447,CC[C@H](C(=O)Oc1c(OC)cc(C)cc1OC)N(CCOC)CCOC
PHOSPHORAMIDE MUSTARD,NP(=O)(O)N(CCCl)CCCl
PROPOFOL,CC(C)c1cccc(C(C)C)c1O
"7,3',4'-Trimethoxyflavone",COc1ccc2c(=O)cc(-c3ccc(OC)c(OC)c3)oc2c1
PIROXICAM,CN1C(C(=O)Nc2ccccn2)=C(O)c2ccccc2S1(=O)=O
DL-PENICILLAMINE,CC(C)(S)C(N)C(=O)O
WORTMANNIN,COC[C@H]1OC(=O)c2coc3c2[C@@]1(C)C1=C(C3=O)[C@@H]2CCC(=O)[C@@]2(C)C[C@H]1OC(C)=O
LY-293284,CCCN(CCC)C1Cc2c[nH]c3ccc(C(C)=O)c(c23)C1
L-755507,CCCCCCNC(=O)Nc1ccc(S(=O)(=O)Nc2ccc(CCNC[C@H](O)COc3ccc(O)cc3)cc2)cc1
CEFTIZOXIME,CO/N=C(\C(=O)N[C@@H]1C(=O)N2C(C(=O)O)=CCS[C@H]12)c1csc(N)n1
"BIOCHANIN A, DIMETHYL ETHER",COc1ccc(-c2coc3cc(OC)cc(OC)c3c2=O)cc1
MUSCIMOL,NCc1cc(O)no1
DAZOQUINAST,O=C(O)c1cn2c(cnc3ccccc32)n1
SNC-80,C=CCN1C[C@H](C)N([C@H](c2ccc(C(=O)N(CC)CC)cc2)c2cccc(OC)c2)C[C@H]1C
MAGAININ 2,CC[C@H](C)[C@H](NC(=O)CN)C(=O)NCC(=O)N[C@@H](CCCCN)C(=O)N[C@@H](Cc1ccccc1)C(=O)N[C@@H](CC(C)C)C(=O)N[C@@H](Cc1c[nH]cn1)C(=O)N[C@@H](CO)C(=O)N[C@@H](C)C(=O)N[C@@H](CCCCN)C(=O)N[C@@H](CCCCN)C(=O)N[C@@H](Cc1ccccc1)C(=O)NCC(=O)N[C@@H](CCCCN)C(=O)N[C@@H](C)C(=O)N[C@@H](Cc1ccccc1)C(=O)N[C@H](C(=O)NCC(=O)N[C@@H](CCC(=O)O)C(=O)N[C@H](C(=O)N[C@@H](CCSC)C(=O)N[C@@H](CC(N)=O)C(=O)N[C@@H](CO)C(=O)O)[C@@H](C)CC)C(C)C
CHROMONE,O=c1ccoc2ccccc12
APRIKALIM,C/N=C(/S)[C@]1(c2cccnc2)CCCC[S@@+]1[O-]
LEVCROMAKALIM,CC1(C)Oc2ccc(C#N)cc2[C@@H](N2CCCC2=O)[C@@H]1O
CRYPTOPHYCIN 3,COc1ccc(C[C@H]2NC(=O)/C=C/C[C@@H]([C@H](C)/C=C/c3ccccc3)OC(=O)[C@H](CC(C)C)OC(=O)[C@H](C)CNC2=O)cc1Cl
PHENYLBUTAZONE,CCCCC1C(=O)N(c2ccccc2)N(c2ccccc2)C1=O
PROQUAZONE,Cc1ccc2c(-c3ccccc3)nc(=O)n(C(C)C)c2c1
L-701677,CC[C@H]1OC(=O)[C@H](C)[C@@H](O[C@H]2C[C@@](C)(OC)[C@@H](O)[C@H](C)O2)[C@H](C)[C@@H](O[C@@H]2O[C@H](C)C[C@H](N(C)C)[C@H]2O)[C@](C)(O)C[C@@H](C)N(C)C[C@H](C)[C@@H](O)[C@]1(C)O
AZITHROMYCIN,CC[C@H]1OC(=O)[C@H](C)[C@@H](O[C@H]2C[C@@](C)(OC)[C@@H](O)[C@H](C)O2)[C@H](C)[C@@H](O[C@@H]2O[C@H](C)C[C@H](N(C)C)[C@H]2O)[C@](C)(O)C[C@@H](C)CN(C)[C@H](C)[C@@H](O)[C@]1(C)O
AMDINOCILLIN,CC1(C)S[C@@H]2[C@H](/N=C/N3CCCCCC3)C(=O)N2[C@H]1C(=O)O
PERGOLIDE,CCCN1C[C@H](CSC)C[C@@H]2c3cccc4[nH]cc(c34)C[C@H]21
ERYTHROMYCIN,CC[C@H]1OC(=O)[C@H](C)[C@@H](O[C@H]2C[C@@](C)(OC)[C@@H](O)[C@H](C)O2)[C@H](C)[C@@H](O[C@@H]2O[C@H](C)C[C@H](N(C)C)[C@H]2O)[C@](C)(O)C[C@@H](C)C(=O)[C@H](C)[C@@H](O)[C@]1(C)O
ISOXAZOLE,c1cnoc1
TRECETILIDE,CCN(CCCCCC(C)(C)F)CCC[C@H](O)c1ccc(NS(C)(=O)=O)cc1
DIDEAZAACYCLOTETRAHYDROFOLIC ACID,Nc1nc(N)c(CCCCc2ccc(C(=O)N[C@@H](CCC(=O)O)C(=O)O)cc2)c(=O)[nH]1
CRYPTOPHYCIN A,COc1ccc(C[C@H]2NC(=O)/C=C/C[C@@H]([C@H](C)[C@H]3O[C@@H]3c3ccccc3)OC(=O)[C@H](CC(C)C)OC(=O)[C@H](C)CNC2=O)cc1Cl
IBUTILIDE,CCCCCCCN(CC)CCCC(O)c1ccc(NS(C)(=O)=O)cc1
BENZYL(OCTYL)AMINE HYDROCHLORIDE,CCCCCCCCNCc1ccccc1.Cl
PROGESTERONE,CC(=O)[C@H]1CC[C@H]2[C@@H]3CCC4=CC(=O)CC[C@]4(C)[C@H]3CC[C@]12C
L-162752,CC(C)(N)C(=O)N[C@H](Cc1c[nH]c2ccccc12)C(=O)N1CCC2(CCc3ccccc32)CC1
SU-11652,CCN(CC)CCNC(=O)c1c(C)[nH]c(/C=C2\C(=O)Nc3ccc(Cl)cc32)c1C
FENOXAZOLINE,CC(C)c1ccccc1OCC1=NCCN1
IBUTAMOREN,CC(C)(N)C(=O)N[C@H](COCc1ccccc1)C(=O)N1CCC2(CC1)CN(S(C)(=O)=O)c1ccccc12
BMY-7378,COc1ccccc1N1CCN(CCN2C(=O)CC3(CCCC3)CC2=O)CC1
A-123189,COc1ccccc1N1CCN(CCn2c(=O)[nH]c3scc(-c4cccc(C)c4)c3c2=O)CC1
OXATOMIDE,O=c1[nH]c2ccccc2n1CCCN1CCN(C(c2ccccc2)c2ccccc2)CC1
SEMAXANIB,Cc1cc(C)c(/C=C2\C(=O)Nc3ccccc32)[nH]1
FR-221647,NC(=O)c1cn(C(CO)CCc2ccccc2)cn1
ORANTINIB,Cc1[nH]c(/C=C2\C(=O)Nc3ccccc32)c(C)c1CCC(=O)O
TOCERANIB,Cc1[nH]c(/C=C2\C(=O)Nc3ccc(F)cc32)c(C)c1C(=O)NCCN1CCCC1
KETOTIFEN,CN1CCC(=C2c3ccccc3CC(=O)c3sccc32)CC1
CIRAZOLINE,c1ccc(C2CC2)c(OCC2=NCCN2)c1
PD-170292,Cc1ccccc1NC(=O)NCCCC[C@@H](CC(=O)O)NC(=O)[C@@](C)(Cc1c[nH]c2ccccc12)NC(=O)OC1C2CC3CC(C2)CC1C3
VUF-5296,N[C@@H]1C[C@H]1c1c[nH]cn1
SUNITINIB,CCN(CC)CCNC(=O)c1c(C)[nH]c(/C=C2\C(=O)Nc3ccc(F)cc32)c1C
VUF-5297,N[C@H]1C[C@@H]1c1c[nH]cn1
A-119637,COc1ccccc1N1CCN(CCn2c(=O)[nH]c3scc(-c4ccccc4)c3c2=O)CC1
BENAZOLINE,c1ccc2cc(C3=NCCN3)ccc2c1
TRACIZOLINE,C(=C/c1ccccc1)\C1=NCCN1
L-692585,C[C@@H](O)CNC(C)(C)CC(=O)N[C@@H]1CCc2ccccc2N(Cc2ccc(-c3ccccc3-c3nn[nH]n3)cc2)C1=O
ISOVANILLIN,COc1ccc(C=O)cc1O
TEBUFELONE,C#CCCCC(=O)c1cc(C(C)(C)C)c(O)c(C(C)(C)C)c1
PHENAMAZOLINE,c1ccc(NCC2=NCCN2)cc1
SC-57666,CS(=O)(=O)c1ccc(C2=C(c3ccc(F)cc3)CCC2)cc1
2-PHENYLIMIDAZOLE,c1ccc(-c2ncc[nH]2)cc1
PHENYZOLINE,c1ccc(CCC2=NCCN2)cc1
ISOBUTANOL,CC(C)CO
4-HYDROXYBENZALDEHYDE,O=Cc1ccc(O)cc1
HYDROQUINONE,Oc1ccc(O)cc1
BETANAPHTHOL,Oc1ccc2ccccc2c1
ANILINE,Nc1ccccc1
ACETIC ACID,CC(=O)O
PYRIDINE,c1ccncc1
ETHYL ACETATE,CCOC(C)=O
ACETIC ACID METHYL ESTER,COC(C)=O
CHLOROACETIC ACID,O=C(O)CCl
IMIDAZOLE,c1c[nH]cn1
CI-218872,Cc1nnc2ccc(-c3cccc(C(F)(F)F)c3)nn12
BUTYLAMINE,CCCCN
DICHLOROACETIC ACID,O=C(O)C(Cl)Cl
VANILLIN,COc1cc(C=O)ccc1O
BENZOIC ACID,O=C(O)c1ccccc1
AMINOBENZOIC ACID,Nc1ccc(C(=O)O)cc1
TERT-BUTYLAMINE,CC(C)(C)N
PROPYLAMINE,CCCN
ETHYLAMINE,CCN
ACETONE,CC(C)=O
P-NITROPHENOL,O=[N+]([O-])c1ccc(O)cc1
BENZYLIMIDAZOLE,c1ccc(Cn2ccnc2)cc1
PHENYLGUANIDINE,N=C(N)Nc1ccccc1
NITROPHENOLATE,O=[N+]([O-])c1ccccc1O
AMANOZINE,Nc1ncnc(Nc2ccccc2)n1
TRICHLOROACETIC ACID,O=C(O)C(Cl)(Cl)Cl
BUTYL ALCOHOL,CCCCO
1-HEXANOL,CCCCCCO
VALERIC ACID,CCCCC(=O)O
HEXANOATE,CCCCCC(=O)O
BUTYRIC ACID,CCCC(=O)O
PROPIONIC ACID,CCC(=O)O
1-METHYLIMIDAZOLE,Cn1ccnc1
PHENOL,Oc1ccccc1
4-NITROANILINE,Nc1ccc([N+](=O)[O-])cc1
2-NITROANILINE,Nc1ccccc1[N+](=O)[O-]
3-NITRO-PHENOL,O=[N+]([O-])c1cccc(O)c1
MEQUINOL,COc1ccc(O)cc1
GUAIACOL,COc1ccccc1O
3-NITROANILINE,Nc1cccc([N+](=O)[O-])c1
ANTHRANILIC ACID,Nc1ccccc1C(=O)O
CLOTRIMAZOLE,Clc1ccccc1C(c1ccccc1)(c1ccccc1)n1ccnc1
PHENYL BIGUANIDE,N=C(N)NC(=N)Nc1ccccc1
VK-19911,Fc1ccc(-c2ncn(C3CCNCC3)c2-c2ccncc2)cc1
CARBADOX,COC(=O)N/N=C/c1c[n+]([O-])c2ccccc2[n+]1[O-]
SB-210313,Fc1ccc(-c2ncn(CCCN3CCOCC3)c2-c2ccncc2)cc1
MIXTURE OF MMC AND TA,CC1(C)O[C@@H]2CC3C4CCC5=CC(=O)C=C[C@]5(C)[C@@]4(F)[C@@H](O)C[C@]3(C)[C@]2(C(=O)CO)O1.CO[C@@]12[C@H](COC(N)=O)C3=C(C(=O)C(C)=C(N)C3=O)N1C[C@@H]1N[C@@H]12
MITOMYCIN,CO[C@@]12[C@H](COC(N)=O)C3=C(C(=O)C(C)=C(N)C3=O)N1C[C@@H]1N[C@@H]12
1-HEPTANOL,CCCCCCCO
1-PENTANOL,CCCCCO
PROPANOL,CCCO
METHYL ALCOHOL,CO
ALCOHOL,CCO
SB-220025,Nc1nccc(-c2c(-c3ccc(F)cc3)ncn2C2CCNCC2)n1
PARABEN,O=C(O)c1ccc(O)cc1
U-50488 METHANE SULFONATE,CN(C(=O)Cc1ccc(Cl)c(Cl)c1)[C@@H]1CCCC[C@H]1N1CCCC1
BIPHENYL,c1ccc(-c2ccccc2)cc1
OXPRENOLOL,C=CCOc1ccccc1OCC(O)CNC(C)C
FLUCONAZOLE,OC(Cn1cncn1)(Cn1cncn1)c1ccc(F)cc1F
"2,2',4,4',5,5'-HEXACHLOROBIPHENYL",Clc1cc(Cl)c(-c2cc(Cl)c(Cl)cc2Cl)cc1Cl
ISOTRETINOIN,CC1=C(/C=C/C(C)=C/C=C/C(C)=C\C(=O)O)C(C)(C)CCC1
ILOPERIDONE,COc1cc(C(C)=O)ccc1OCCCN1CCC(c2noc3cc(F)ccc23)CC1
PRALIDOXIME IODIDE,C[n+]1ccccc1C=NO.[I-]
OLOMOUCINE,Cn1cnc2c(NCc3ccccc3)nc(NCCO)nc21
"1,2,3,4-TETRAHYDROISOQUINOLINE",c1ccc2c(c1)CCNC2
DINOPROSTONE,CCCCC[C@H](O)/C=C/[C@H]1[C@H](O)CC(=O)[C@@H]1C/C=C\CCCC(=O)O
NEOSTIGMINE,CN(C)C(=O)Oc1cccc([N+](C)(C)C)c1
SB-242084,Cc1cc2c(cc1Cl)N(C(=O)Nc1ccc(Oc3cccnc3C)nc1)CC2
SB-243213,Cc1cc2c(cc1C(F)(F)F)N(C(=O)Nc1ccc(Oc3cccnc3C)nc1)CC2
CL-277082,CCCCCCCN(Cc1ccc(CC(C)(C)C)cc1)C(=O)Nc1ccc(F)cc1F
BETAPRODINE,CCC(=O)O[C@@]1(c2ccccc2)CCN(C)C[C@@H]1C
SELICICLIB,CC[C@H](CO)Nc1nc(NCc2ccccc2)c2ncn(C(C)C)c2n1
REBOXETINE,CCOc1ccccc1OC(c1ccccc1)C1CNCCO1
ADENOSINE TRIPHOSPHATE,Nc1ncnc2c1ncn2[C@@H]1O[C@H](COP(=O)(O)OP(=O)(O)OP(=O)(O)O)[C@@H](O)[C@H]1O
ADENOSINE DIPHOSPHATE,Nc1ncnc2c1ncn2[C@@H]1O[C@H](COP(=O)(O)OP(=O)(O)O)[C@@H](O)[C@H]1O
ALVOCIDIB,CN1CC[C@H](c2c(O)cc(O)c3c(=O)cc(-c4ccccc4Cl)oc23)[C@H](O)C1
CITALOPRAM,CN(C)CCCC1(c2ccc(F)cc2)OCc2cc(C#N)ccc21
AVERMECTIN A1,CC[C@H](C)[C@H]1O[C@]2(C=C[C@@H]1C)C[C@@H]1C[C@@H](C/C=C(\C)[C@@H](OC3CC(OC)C(OC4CC(OC)C(O)C(C)O4)C(C)O3)[C@@H](C)/C=C/C=C3\CO[C@@H]4[C@H](OC)C(C)=C[C@@H](C(=O)O1)[C@]34O)O2
AVERMECTIN B2 MONOSACCHARIDE,COC1CC(O[C@@H]2/C(C)=C/C[C@@H]3C[C@@H](C[C@]4(CC(O)[C@H](C)[C@@H](C(C)C)O4)O3)OC(=O)[C@@H]3C=C(C)[C@@H](O)[C@H]4OC/C(=C\C=C\[C@@H]2C)[C@]43O)OC(C)C1O
PILOCARPINE,CC[C@@H]1C(=O)OC[C@@H]1Cc1cncn1C
GR-175737,Clc1ccc(Cc2noc(CCc3c[nH]cn3)n2)cc1
GT-2016,O=C(CCCCC1CCCCC1)N1CCC(c2c[nH]cn2)CC1
COLCHICINE,COc1cc2c(c(OC)c1OC)-c1ccc(OC)c(=O)cc1[C@@H](NC(C)=O)CC2
VERONGAMINE,COc1ccc(C/C(=N\O)C(=O)NCCc2c[nH]cn2)cc1Br
SQ-67563,CCCCOc1c(C(=O)c2ccccc2)cnc2[nH]ncc12
TIARAMIDE,O=C(Cn1c(=O)sc2ccc(Cl)cc21)N1CCN(CCO)CC1
CLOBENPROPIT,N=C(NCc1ccc(Cl)cc1)SCCCc1c[nH]cn1
DIHYDRORALOXIFENE,O=C(c1ccc(OCCN2CCCCC2)cc1)[C@H]1c2ccc(O)cc2S[C@@H]1c1ccc(O)cc1
TEZAMPANEL ANHYDROUS,O=C(O)[C@@H]1C[C@H]2C[C@@H](CCc3nn[nH]n3)CC[C@H]2CN1
AVERMECTIN B1 MONOSACCHARIDE,COC1CC(O[C@@H]2/C(C)=C/C[C@@H]3C[C@@H](C[C@]4(C=C[C@H](C)[C@@H](C(C)C)O4)O3)OC(=O)[C@@H]3C=C(C)[C@@H](O)[C@H]4OC/C(=C\C=C\[C@@H]2C)[C@]43O)OC(C)C1O
AVERMECTIN A2,CC[C@H](C)[C@H]1O[C@]2(CC(O)[C@@H]1C)C[C@@H]1C[C@@H](C/C=C(\C)[C@@H](OC3CC(OC)C(OC4CC(OC)C(O)C(C)O4)C(C)O3)[C@@H](C)/C=C/C=C3\CO[C@@H]4[C@H](OC)C(C)=C[C@@H](C(=O)O1)[C@]34O)O2
AVERMECTIN B2,COC1CC(OC2C(C)OC(O[C@@H]3/C(C)=C/C[C@@H]4C[C@@H](C[C@]5(CC(O)[C@H](C)[C@@H](C(C)C)O5)O4)OC(=O)[C@@H]4C=C(C)[C@@H](O)[C@H]5OC/C(=C\C=C\[C@@H]3C)[C@]54O)CC2OC)OC(C)C1O
CIPROXIFAN,O=C(c1ccc(OCCCc2c[nH]cn2)cc1)C1CC1
ERLOTINIB,C#Cc1cccc(Nc2ncnc3cc(OCCOC)c(OCCOC)cc23)c1
FLUMEZAPINE,Cc1cc2c(s1)Nc1ccc(F)cc1N=C2N1CCN(C)CC1
LAPATINIB,CS(=O)(=O)CCNCc1ccc(-c2ccc3ncnc(Nc4ccc(OCc5cccc(F)c5)c(Cl)c4)c3c2)o1
PNU-91571,CN(C)C(=O)N1Cc2c(-c3noc(C4CC4)n3)ncn2-c2ccccc21
PRODIPINE,CC(C)N1CCC(c2ccccc2)(c2ccccc2)CC1
(S)-AMPA,Cc1onc(O)c1C[C@H](N)C(=O)O
TRIFLUPERIDOL,O=C(CCCN1CCC(O)(c2cccc(C(F)(F)F)c2)CC1)c1ccc(F)cc1
BICUCULLINE,CN1CCc2cc3c(cc2[C@H]1[C@@H]1OC(=O)c2c1ccc1c2OCO1)OCO3
PANADIPLON,CC(C)n1c(=O)c2c(-c3noc(C4CC4)n3)ncn2c2ccccc21
CL-329167,CCCCc1nc2ccc(C(C)(C)OC)cc2c(=O)n1Cc1ccc(-c2ccccc2-c2nn[nH]n2)cc1
CATHENAMINE,COC(=O)C1=CO[C@@H](C)[C@H]2C=[N+]3CCc4c([nH]c5ccccc45)[C@@H]3C[C@H]12
METHESTROL,CCC(c1ccc(O)c(C)c1)C(CC)c1ccc(O)c(C)c1
PTERINE,Nc1nc2nccnc2c(=O)[nH]1
L-695499,CCC[C@H](CS[C@@H](CCc1ccccc1C(C)(C)O)c1cccc(/C=C/c2ccc3ccc(Cl)cc3n2)c1)C(=O)O
SEMPERVIRINE,c1ccc2c(c1)[n-]c1c3[n+](ccc12)CC1CCCCC1C3
TANDOSPIRONE,O=C1[C@@H]2[C@H]3CC[C@H](C3)[C@@H]2C(=O)N1CCCCN1CCN(c2ncccn2)CC1
MEZILAMINE,CNc1nc(Cl)c(SC)c(N2CCN(C)CC2)n1
CARBAMAZEPINE,NC(=O)N1c2ccccc2C=Cc2ccccc21
VERLUKAST,CN(C)C(=O)CCS[C@H](SCCC(=O)O)c1cccc(/C=C/c2ccc3ccc(Cl)cc3n2)c1
U-69593,CN(C(=O)Cc1ccccc1)[C@H]1CC[C@@]2(CCCO2)C[C@@H]1N1CCCC1
YOHIMBINE,COC(=O)[C@@H]1[C@H]2C[C@H]3c4[nH]c5ccccc5c4CCN3C[C@@H]2CC[C@@H]1O
VALPROIC ACID,CCCC(CCC)C(=O)O
BENZOXAZOLINONE,O=c1[nH]c2ccccc2o1
QUINOLINE,c1ccc2ncccc2c1
MK-571,CN(C)C(=O)CCSC(SCCC(=O)O)c1cccc(/C=C/c2ccc3ccc(Cl)cc3n2)c1
SC-41390,CCCc1c(OCCCOc2ccc(C(C)=O)c(OC)c2CCC)ccc2c1OC(C(=O)O)CC2
TEMAFLOXACIN,CC1CN(c2cc3c(cc2F)c(=O)c(C(=O)O)cn3-c2ccc(F)cc2F)CCN1
TOSUFLOXACIN,NC1CCN(c2nc3c(cc2F)c(=O)c(C(=O)O)cn3-c2ccc(F)cc2F)C1
CLINAFLOXACIN,NC1CCN(c2c(F)cc3c(=O)c(C(=O)O)cn(C4CC4)c3c2Cl)C1
LM-1216,CCCCCCCCCCCC(=O)NC(CCCCCC)COP(=O)(O)OCC(N)C(=O)O
ENROFLOXACIN,CCN1CCN(c2cc3c(cc2F)c(=O)c(C(=O)O)cn3C2CC2)CC1
LM-1240,CCCCCCCCOCC(COP(=O)(O)OCC[N+](C)(C)C)OP(=O)(O)CCCCCCC
(R)PK-11195,CC[C@@H](C)N(C)C(=O)c1cc2ccccc2c(-c2ccccc2Cl)n1
DYNORPHIN,CC[C@@H](C)[C@H](NC(=O)[C@H](CCCN=C(N)N)NC(=O)[C@H](CCCN=C(N)N)NC(=O)[C@H](CC(C)C)NC(=O)[C@H](Cc1ccccc1)NC(=O)CNC(=O)CNC(=O)[C@@H](N)Cc1ccc(O)cc1)C(=O)O
LAPACHONE,CC1(C)CCC2=C(O1)c1ccccc1C(=O)C2=O
LAPACHOL,CC(C)=CCC1=C(O)C(=O)c2ccccc2C1=O
CARMINOMYCINONE,CC(=O)[C@]1(O)Cc2c(O)c3c(c(O)c2C(O)C1)C(=O)c1c(O)cccc1C3=O
BRL-20627,COc1cc(N)c(Cl)cc1C(=O)NC1CCN2C(C)CCCC2C1
BENZO[A]PHENAZINE,c1ccc2c(c1)ccc1nc3ccccc3nc12
BENZNIDAZOLE,O=C(Cn1ccnc1[N+](=O)[O-])NCc1ccccc1
DEFEROXAMINE,CC(=O)N(O)CCCCCNC(=O)CCC(=O)N(O)CCCCCNC(=O)CCC(=O)N(O)CCCCCN
DETROTHYRONINE,N[C@H](Cc1cc(I)c(Oc2ccc(O)c(I)c2)c(I)c1)C(=O)O
MEXILETINE,Cc1cccc(C)c1OCC(C)N
DEXTROTHYROXINE,N[C@H](Cc1cc(I)c(Oc2cc(I)c(O)c(I)c2)c(I)c1)C(=O)O
LY-255283,CCc1cc(C(C)=O)c(O)cc1OCCCCCC(C)(C)c1nn[nH]n1
RIMONABANT,Cc1c(C(=O)NN2CCCCC2)nn(-c2ccc(Cl)cc2Cl)c1-c1ccc(Cl)cc1
THIONIN ACETATE,CC(=O)[O-].Nc1ccc2nc3ccc(N)cc3[s+]c2c1
OLEOYLETHANOLAMIDE,CCCCCCCC/C=C\CCCCCCCC(=O)NCCO
3-METHYLPYRIDINE,Cc1cccnc1
MICHLER'S KETONE,CN(C)c1ccc(C(=O)c2ccc(N(C)C)cc2)cc1
FLOMOXEF,CO[C@@]1(NC(=O)CSC(F)F)C(=O)N2C(C(=O)O)=C(CSc3nnnn3CCO)CO[C@@H]21
THIOPHENE,c1ccsc1
ANANDAMIDE,CCCCC/C=C\C/C=C\C/C=C\C/C=C\CCCC(=O)NCCO
"1,2,4-TRIAZOLE",c1nc[nH]n1
NOMIFENSINE,CN1Cc2c(N)cccc2C(c2ccccc2)C1
PYRIDAZINE,c1ccnnc1
NEUROPEPTIDE-Y,CC[C@H](C)[C@H](NC(=O)[C@H](Cc1ccc(O)cc1)NC(=O)[C@H](Cc1cnc[nH]1)NC(=O)[C@H](CCCNC(=N)N)NC(=O)[C@H](CC(C)C)NC(=O)[C@H](C)NC(=O)[C@H](CO)NC(=O)[C@H](Cc1ccc(O)cc1)NC(=O)[C@H](Cc1ccc(O)cc1)NC(=O)[C@H](CCCNC(=N)N)NC(=O)[C@H](C)NC(=O)[C@H](CC(C)C)NC(=O)[C@H](CC(=O)O)NC(=O)[C@H](CCC(=O)O)NC(=O)[C@H](C)NC(=O)[C@@H]1CCCN1C(=O)[C@H](C)NC(=O)[C@H](CC(=O)O)NC(=O)[C@H](CCC(=O)O)NC(=O)CNC(=O)[C@@H]1CCCN1C(=O)[C@H](CC(N)=O)NC(=O)[C@H](CC(=O)O)NC(=O)[C@@H]1CCCN1C(=O)[C@H](CCCCN)NC(=O)[C@H](CO)NC(=O)[C@@H]1CCCN1C(=O)[C@@H](N)Cc1ccc(O)cc1)C(=O)N[C@@H](CC(N)=O)C(=O)N[C@@H](CC(C)C)C(=O)N[C@H](C(=O)N[C@H](C(=O)N[C@@H](CCCNC(=N)N)C(=O)N[C@@H](CCC(N)=O)C(=O)N[C@@H](CCCNC(=N)N)C(=O)N[C@@H](Cc1ccc(O)cc1)C(N)=O)[C@@H](C)O)[C@@H](C)CC
PYRAZOLE,c1cn[nH]c1
PYRROLE,c1cc[nH]c1
LOMEFLOXACIN,CCn1cc(C(=O)O)c(=O)c2cc(F)c(N3CCNC(C)C3)c(F)c21
OLEIC ACID ANILIDE,CCCCCCCC/C=C\CCCCCCCC(=O)Nc1ccccc1
GRISEOFULVIN,COC1=CC(=O)C[C@@H](C)[C@]12Oc1c(Cl)c(OC)cc(OC)c1C2=O
ARACHIDONAMIDE,CCCCC/C=C\C/C=C\C/C=C\C/C=C\CCCC(N)=O
FLURBIPROFEN,CC(C(=O)O)c1ccc(-c2ccccc2)c(F)c1
OLEAMIDE,CCCCCCCC/C=C\CCCCCCCC(N)=O
PYRIMIDINE,c1cncnc1
PYRAZINE,c1cnccn1
PROMAZINE,CN(C)CCCN1c2ccccc2Sc2ccccc21
GR-127935,COc1ccc(NC(=O)c2ccc(-c3ccc(-c4noc(C)n4)cc3C)cc2)cc1N1CCN(C)CC1
"NPY[TYR32,LEU34]",CC[C@H](C)[C@H](NC(=O)[C@H](Cc1ccc(O)cc1)NC(=O)[C@H](Cc1c[nH]cn1)NC(=O)[C@H](CCCN=C(N)N)NC(=O)[C@H](CC(C)C)NC(=O)[C@H](C)NC(=O)[C@H](CO)NC(=O)[C@H](Cc1ccc(O)cc1)NC(=O)[C@H](Cc1ccc(O)cc1)NC(=O)[C@H](CCCN=C(N)N)NC(=O)[C@H](C)NC(=O)[C@H](CC(C)C)NC(=O)[C@H](CC(=O)O)NC(=O)[C@H](CCC(=O)O)NC(=O)[C@H](C)NC(=O)[C@@H]1CCCN1C(=O)[C@H](C)NC(=O)[C@H](CC(=O)O)NC(=O)[C@H](CCC(=O)O)NC(=O)CNC(=O)[C@@H]1CCCN1C(=O)[C@H](CC(N)=O)NC(=O)[C@H](CC(=O)O)NC(=O)[C@@H]1CCCN1C(=O)[C@H](CCCCN)NC(=O)[C@H](CO)NC(=O)[C@@H]1CCCN1C(=O)[C@@H](N)Cc1ccc(O)cc1)C(=O)N[C@@H](CC(N)=O)C(=O)N[C@@H](CC(C)C)C(=O)N[C@H](C(=O)N[C@@H](Cc1ccc(O)cc1)C(=O)N[C@@H](CCCN=C(N)N)C(=O)N[C@@H](CC(C)C)C(=O)N[C@@H](CCCN=C(N)N)C(=O)N[C@@H](Cc1ccc(O)cc1)C(N)=O)[C@@H](C)CC
CLOFIBRATE,CCOC(=O)C(C)(C)Oc1ccc(Cl)cc1
ACIFRAN,CC1(c2ccccc2)OC(C(=O)O)=CC1=O
URACIL,O=c1cc[nH]c(=O)[nH]1
HYDROCHLORTHIAZIDE,c1cscn1
ARACHIDONIC ACID,CCCCC/C=C\C/C=C\C/C=C\C/C=C\CCCC(=O)O
PIPERIDINE,C1CCNCC1
FENBUFEN,O=C(O)CCC(=O)c1ccc(-c2ccccc2)cc1
ETHYLPARABEN,CCOC(=O)c1ccc(O)cc1
RACEPHEDRINE,CNC(C)C(O)c1ccccc1
PHENOXYCARB,CCOC(=O)NCCOc1ccc(Oc2ccccc2)cc1
DIMETHYLBARBITURATE,CC1(C)C(=O)NC(=O)NC1=O
PHENACETIN,CCOc1ccc(NC(C)=O)cc1
PERPHENAZINE,OCCN1CCN(CCCN2c3ccccc3Sc3ccc(Cl)cc32)CC1
OXAZEPAM,O=C1Nc2ccc(Cl)cc2C(c2ccccc2)=NC1O
DCMU,CN(C)C(=O)Nc1ccc(Cl)c(Cl)c1
SULINDAC,CC1=C(CC(=O)O)c2cc(F)ccc2/C1=C\c1ccc([S+](C)[O-])cc1
FURAN,c1ccoc1
CARVONE,C=C(C)C1CC=C(C)C(=O)C1
FENCLOFENAC,O=C(O)Cc1ccccc1Oc1ccc(Cl)cc1Cl
CP-96345,COc1ccccc1CN[C@H]1C2CCN(CC2)[C@H]1C(c1ccccc1)c1ccccc1
DESMEDIPHAM,CCOC(=O)Nc1cccc(OC(=O)Nc2ccccc2)c1
CHLOROPHENOTHANE,Clc1ccc(C(c2ccc(Cl)cc2)C(Cl)(Cl)Cl)cc1
CAMPHOR,CC12CCC(CC1=O)C2(C)C
ATRAZINE,CCNc1nc(Cl)nc(NC(C)C)n1
DIBENZOFURAN,c1ccc2c(c1)oc1ccccc12
INDOLE,c1ccc2[nH]ccc2c1
CYTOSINE,Nc1cc[nH]c(=O)n1
ZOFENOPRILAT,C[C@H](CS)C(=O)N1C[C@@H](Sc2ccccc2)C[C@H]1C(=O)O
BENZIDINE,Nc1ccc(-c2ccc(N)cc2)cc1
INDALPINE,c1ccc2c(CCC3CCNCC3)c[nH]c2c1
PROCAINE,CCN(CC)CCOC(=O)c1ccc(N)cc1
TRIFLUPROMAZINE,CN(C)CCCN1c2ccccc2Sc2ccc(C(F)(F)F)cc21
PYRENE,c1cc2ccc3cccc4ccc(c1)c2c34
KETOPROFEN,CC(C(=O)O)c1cccc(C(=O)c2ccccc2)c1
NITROFURANTOIN,O=C1CN(/N=C/c2ccc([N+](=O)[O-])o2)C(=O)N1
TRIFLUOROMETHYLBENZENE,FC(F)(F)c1ccccc1
INDOPROFEN,CC(C(=O)O)c1ccc(N2Cc3ccccc3C2=O)cc1
HEXANE,CCCCCC
CYCLOHEXANE,C1CCCCC1
BROMOBENZENE,Brc1ccccc1
CHLOROBENZENE,Clc1ccccc1
FLUOROBENZENE,Fc1ccccc1
MENTHONE,CC(C)[C@@H]1CC[C@@H](C)CC1=O
LINDANE,Cl[C@H]1[C@H](Cl)[C@@H](Cl)[C@@H](Cl)[C@H](Cl)[C@H]1Cl
NIACIN,O=C(O)c1cccnc1
MORPHOLINE,C1COCCN1
P-TOLUENESULFONAMIDE,Cc1ccc(S(N)(=O)=O)cc1
METHYLSULFANYLMETHANE,CSC
NITROBENZENE,O=[N+]([O-])c1ccccc1
NITROETHANE,CC[N+](=O)[O-]
NITROMETHANE,C[N+](=O)[O-]
BENZONITRILE,N#Cc1ccccc1
PROPIONITRILE,CCC#N
METHICILLIN,COc1cccc(OC)c1C(=O)N[C@@H]1C(=O)N2[C@@H]1SC(C)(C)[C@@H]2C(=O)O
NIFUROXIME,O=[N+]([O-])c1ccc(/C=N/O)o1
TRICHLOROETHANE,CC(Cl)(Cl)Cl
BENZOCAINE,CCOC(=O)c1ccc(N)cc1
ACETAMIDE,CC(N)=O
SUCCINIC ACID,O=C(O)CCC(=O)O
ACETOPHENONE,CC(=O)c1ccccc1
BUTANONE,CCC(C)=O
HEPTYL GALLATE,CCCCCCCOC(=O)c1cc(O)c(O)c(O)c1
OCTYL_GALLATE,CCCCCCCCOC(=O)c1cc(O)c(O)c(O)c1
ENALAPRILAT ANHYDROUS,C[C@H](N[C@@H](CCc1ccccc1)C(=O)O)C(=O)N1CCC[C@H]1C(=O)O
UNDECYL GALLATE,CCCCCCCCCCCOC(=O)c1cc(O)c(O)c(O)c1
FLUORENE,c1ccc2c(c1)Cc1ccccc1-2
NAPHTHALENE,c1ccc2ccccc2c1
HEXAMETHYLBENZENE,Cc1c(C)c(C)c(C)c(C)c1C
TOLUENE,Cc1ccccc1
4-CHLOROANILINE,Nc1ccc(Cl)cc1
TRIMETHYLAMMONIUM,CN(C)C
BENZALDEHYDE,O=Cc1ccccc1
BENZENE,c1ccccc1
ENALAPRIL,CCOC(=O)[C@H](CCc1ccccc1)N[C@@H](C)C(=O)N1CCC[C@H]1C(=O)O
SOMAN,CC(OP(C)(=O)F)C(C)(C)C
CYCLOHEXENE,C1=CCCCC1
SC-58125,CS(=O)(=O)c1ccc(-n2nc(C(F)(F)F)cc2-c2ccc(F)cc2)cc1
PROPIONALDEHYDE,CCC=O
ANISOLE,COc1ccccc1
PENTANE,CCCCC
DIMETHOXYMETHANE,COCOC
TETRAHYDROFURAN,C1CCOC1
DODECYL GALLATE,CCCCCCCCCCCCOC(=O)c1cc(O)c(O)c(O)c1
NIPECOTIC ACID,O=C(O)C1CCCNC1
OXAMATE,NC(=O)C(=O)O
SPIRAPRILAT,C[C@H](N[C@@H](CCc1ccccc1)C(=O)O)C(=O)N1CC2(C[C@H]1C(=O)O)SCCS2
DECYL GALLATE,CCCCCCCCCCOC(=O)c1cc(O)c(O)c(O)c1
NONYL GALLATE,CCCCCCCCCOC(=O)c1cc(O)c(O)c(O)c1
LORAZEPAM,O=C1Nc2ccc(Cl)cc2C(c2ccccc2Cl)=NC1O
BROMAZEPAM,O=C1CN=C(c2ccccn2)c2cc(Br)ccc2N1
FOSINOPRILAT,O=C(O)[C@@H]1C[C@@H](C2CCCCC2)CN1C(=O)CP(=O)(O)CCCCc1ccccc1
HEXYL GALLATE,CCCCCCOC(=O)c1cc(O)c(O)c(O)c1
METHYL BENZOATE,COC(=O)c1ccccc1
TRICHLOROETHYLENE,ClC=C(Cl)Cl
BIFONAZOLE,c1ccc(-c2ccc(C(c3ccccc3)n3ccnc3)cc2)cc1
PNU-99194A,CCCN(CCC)C1Cc2cc(OC)c(OC)cc2C1
p-CRESOL,Cc1ccc(O)cc1
"1,2-DICHLOROETHANE",ClCCCl
TERT-BUTANOL,CC(C)(C)O
ISOPROPYL ALCOHOL,CC(C)O
ETHER,CCOCC
Aza-flavanone,O=C1CC(c2ccccc2)Nc2ccccc21
DARBUFELONE,CC(C)(C)c1cc(/C=C2\SC(=N)NC2=O)cc(C(C)(C)C)c1O
GREPAFLOXACIN,Cc1c(F)c(N2CCNC(C)C2)cc2c1c(=O)c(C(=O)O)cn2C1CC1
SAQUINAVIR,CC(C)(C)NC(=O)[C@@H]1C[C@@H]2CCCC[C@@H]2CN1C[C@@H](O)[C@H](Cc1ccccc1)NC(=O)[C@H](CC(N)=O)NC(=O)c1ccc2ccccc2n1
INDINAVIR ANHYDROUS,CC(C)(C)NC(=O)[C@@H]1CN(Cc2cccnc2)CCN1C[C@@H](O)C[C@@H](Cc1ccccc1)C(=O)N[C@H]1c2ccccc2C[C@H]1O
TIOXAMAST,CCOC(=O)C(=O)Nc1nc(-c2ccc(OC)cc2)cs1
NELFINAVIR,Cc1c(O)cccc1C(=O)N[C@@H](CSc1ccccc1)[C@H](O)CN1C[C@H]2CCCC[C@H]2C[C@H]1C(=O)NC(C)(C)C
PHILANTHOTOXIN 343,CCCC(=O)N[C@@H](Cc1ccc(O)cc1)C(=O)NCCCNCCCCNCCCN
AMPRENAVIR,CC(C)CN(C[C@@H](O)[C@H](Cc1ccccc1)NC(=O)O[C@H]1CCOC1)S(=O)(=O)c1ccc(N)cc1
ISONIPECOTIC ACID,O=C(O)C1CCNCC1
TRIAMTERENE,Nc1nc(N)c2nc(-c3ccccc3)c(N)nc2n1
BENZOHYDROXAMATE,O=C(NO)c1ccccc1
QUIFLAPON,CC(C)(C)Sc1c(CC(C)(C)C(=O)O)n(Cc2ccc(Cl)cc2)c2ccc(OCc3ccc4ccccc4n3)cc12
"4,7-DIMETHOXYFLAVONE",COc1ccc(-c2cc(=O)c3ccc(OC)cc3o2)cc1
WOGONIN,COc1c(O)cc(O)c2c(=O)cc(-c3ccccc3)oc12
CHRYSIN,O=c1cc(-c2ccccc2)oc2cc(O)cc(O)c12
ELLIPTINIUM,Cc1c2cc[n+](C)cc2c(C)c2c1[nH]c1ccc(O)cc12
7-METHOXYFLAVONE,COc1ccc2c(=O)cc(-c3ccccc3)oc2c1
L-768673,O=C(Cc1ccc(C(F)(F)F)cc1C(F)(F)F)N[C@@H]1N=C(c2ccccc2)c2ccccc2N(CC(F)(F)F)C1=O
PARA-METHOXYAMPHETAMINE,COc1ccc(CC(C)N)cc1
7-HYDROXYFLAVONE,O=c1cc(-c2ccccc2)oc2cc(O)ccc12
PNU-82965,CC(=O)NC[C@H]1CN(c2ccc3c(c2)CCC3=O)C(=O)O1
5-HYDROXYFLAVONE,O=c1cc(-c2ccccc2)oc2cccc(O)c12
HONOKIOL,C=CCc1ccc(O)c(-c2ccc(O)c(CC=C)c2)c1
4'-METHOXYFLAVONE,COc1ccc(-c2cc(=O)c3ccccc3o2)cc1
RO-319790,CNC(=O)[C@@H](NC(=O)[C@@H](CC(=O)NO)CC(C)C)C(C)(C)C
FLAVONE,O=c1cc(-c2ccccc2)oc2ccccc12
DEOXYMETHASONE,C[C@@H]1CC2C3CCC4=CC(=O)C=CC4(C)[C@@]3(F)C(O)CC2(C)C1C(=O)CO
PRONETALOL,CC(C)NCC(O)c1ccc2ccccc2c1
SCH-63390,Nc1nc2c(cnn2CCCc2ccccc2)c2nc(-c3ccco3)nn12
STAUROSPORINONE,O=C1NCc2c1c1c3ccccc3[nH]c1c1[nH]c3ccccc3c21
CGS-15943,Nc1nc2ccc(Cl)cc2c2nc(-c3ccco3)nn12
SCH-58261,Nc1nc2c(cnn2CCc2ccccc2)c2nc(-c3ccco3)nn12
CYCLOVALONE,COc1cc(/C=C2\CCC/C(=C\c3ccc(O)c(OC)c3)C2=O)ccc1O
WR-190433,O=C(/C=C/c1ccccn1)c1ccccc1
ANTHRAMYCIN METHYL ETHER,CO[C@H]1Nc2c(ccc(C)c2O)C(=O)N2C=C(/C=C/C(N)=O)C[C@@H]12
SALCAPROZIC ACID,O=C(O)CCCCCCCNC(=O)c1ccccc1O
"2,6-DIBENZYLIDENECYCLOHEXANONE",O=C1/C(=C/c2ccccc2)CCC/C1=C\c1ccccc1
SJG-136,C=C1C[C@H]2C=Nc3cc(OCCCOc4cc5c(cc4OC)C(=O)N4CC(=C)C[C@H]4C=N5)c(OC)cc3C(=O)N2C1
ABT-719,Cc1c(N2CC[C@H](N)C2)c(F)cn2c(=O)c(C(=O)O)cc(C3CC3)c12
SALICYLURIC ACID,O=C(O)CNC(=O)c1ccccc1O
CHS-828,N#CN=C(NCCCCCCOc1ccc(Cl)cc1)Nc1ccncc1
PALASONIN,C[C@]12C(=O)OC(=O)[C@H]1C1CC[C@H]2O1
FR-235208,Cc1cccc(C(O)CNC(=O)C2CCN(C(=O)Cn3c(=O)sc4ccc(Cl)cc43)CC2)n1
FR-236478,O=C(Nc1ccc(Cl)c2ccccc12)C1CCN(C(=O)Cn2c(=O)sc3ccc(Cl)cc32)CC1
OTENZEPAD,CCN(CC)CC1CCCCN1CC(=O)N1c2ccccc2C(=O)Nc2cccnc21
CALYCULIN A,COC[C@@H]([C@H](O)[C@H](O)C(=O)NCC[C@H](C)c1nc(/C=C/C[C@@H]2O[C@]3(C[C@@H](O)[C@@H]2C)O[C@H]([C@H](C[C@H](O)[C@H](C)[C@H](O)[C@H](C)/C=C(C)/C(C)=C/C=C/C(C)=C\C#N)OC)[C@H](OP(=O)(O)O)C3(C)C)co1)N(C)C
DSB-120,COc1cc2c(cc1OCCCOc1cc3c(cc1OC)C(=O)N1CCC[C@H]1C=N3)N=C[C@@H]1CCCN1C2=O
FOSTRIECIN,C[C@@](O)(/C=C/[C@H]1CC=CC(=O)O1)[C@@H](C[C@@H](O)/C=C\C=C/C=C/CO)OP(=O)(O)O
OKADAIC ACID,C=C1[C@@H](O)[C@@H]2O[C@]3(CC[C@H](/C=C/[C@@H](C)[C@@H]4CC(C)=C[C@@]5(O[C@H](C[C@@](C)(O)C(=O)O)CC[C@H]5O)O4)O3)CC[C@H]2O[C@@H]1[C@@H](O)C[C@H](C)[C@H]1O[C@@]2(CCCCO2)CC[C@H]1C
FR-73966,O=C(Nc1nccs1)C1CCN(C(=O)Cn2c(=O)sc3ccc(Cl)cc32)CC1
CARAFIBAN,CCOC(=O)C[C@H](NC(=O)CN1C(=O)N[C@@](C)(c2ccc(C(=N)N)cc2)C1=O)c1ccccc1
DISCORHABDIN,Cn1cc2c3c1C(=O)C1=C(C3=NCC2)C2(C=C(Br)C(=O)C(Br)=C2)CCN1
PELRINONE,Cc1nc(=O)c(C#N)c(NCc2cccnc2)[nH]1
FR-235656,O=C(Nc1ccccc1)C1CCN(C(=O)Cn2c(=O)sc3ccc(Cl)cc32)CC1
QUINIZARIN,O=C1c2ccccc2C(=O)c2c(O)ccc(O)c21
VESNARINONE,COc1ccc(C(=O)N2CCN(c3ccc4c(c3)CCC(=O)N4)CC2)cc1OC
SB-202190,Oc1ccc(-c2nc(-c3ccc(F)cc3)c(-c3ccncc3)[nH]2)cc1
MICROCYSTIN-LA,C=C1C(=O)N[C@H](C)C(=O)N[C@@H](CC(C)C)C(=O)C[C@@H](C(=O)O)[C@H](C)C(=O)N[C@@H](C)C(=O)N[C@@H](/C=C/C(C)=C/[C@H](C)[C@H](Cc2ccccc2)OC)[C@H](C)C(=O)N[C@@H](C(=O)O)CCC(=O)N1C
CAFFEOYL ALDEHYDE,O=C/C=C/c1ccc(O)c(O)c1
TRIMETREXATE,COc1cc(NCc2ccc3nc(N)nc(N)c3c2C)cc(OC)c1OC
DRAGMACIDINS,CC(c1c[nH]c(N)n1)c1ccc(O)c2[nH]cc(-c3cnc(-c4c[nH]c5cc(Br)ccc45)c(O)n3)c12.O=C(O)C(F)(F)F
SKF-89124A,CCCN(CCC)CCc1ccc(O)c2c1CC(=O)N2
METHYLCAFFEATE,COC(=O)/C=C/c1ccc(O)c(O)c1
PD-169316,O=[N+]([O-])c1ccc(-c2nc(-c3ccc(F)cc3)c(-c3ccncc3)[nH]2)cc1
TETRAMISOLE,c1ccc(C2CN3CCSC3=N2)cc1
FLUMIZOLE,COc1ccc(-c2nc(C(F)(F)F)[nH]c2-c2ccc(OC)cc2)cc1
FENOLDOPAM,Oc1ccc(C2CNCCc3c2cc(O)c(O)c3Cl)cc1
ETHYL CAFFEATE,CCOC(=O)/C=C/c1ccc(O)c(O)c1
ROPINIROLE,CCCN(CCC)CCc1cccc2c1CC(=O)N2
CGP-71683A,Nc1nc(NC[C@H]2CC[C@H](CNS(=O)(=O)c3cccc4ccccc34)CC2)nc2ccccc12
RITOLUKAST,O=S(=O)(Nc1cccc(OCc2ccc3ccccc3n2)c1)C(F)(F)F
MENADIONE,CC1=CC(=O)c2ccccc2C1=O
SB-202474,CCc1nc(-c2ccc(OC)cc2)[nH]c1-c1ccncc1
ETHCHLORVYNOL,C#CC(O)(/C=C/Cl)CC
"INS(1,4,5)P3",O=P(O)(O)O[C@@H]1[C@H](O)[C@H](O)[C@@H](OP(=O)(O)O)[C@H](OP(=O)(O)O)[C@H]1O
TERFENADINE,CC(C)(C)c1ccc(C(O)CCCN2CCC(C(O)(c3ccccc3)c3ccccc3)CC2)cc1
LEVORPHANOL,CN1CC[C@]23CCCC[C@H]2[C@H]1Cc1ccc(O)cc13
DELAVIRDINE,CC(C)Nc1cccnc1N1CCN(C(=O)c2cc3cc(NS(C)(=O)=O)ccc3[nH]2)CC1
EMEDASTINE,CCOCCn1c(N2CCCN(C)CC2)nc2ccccc21
ENGLITAZONE,O=C1NC(=O)C(Cc2ccc3c(c2)CC[C@H](Cc2ccccc2)O3)S1
PIOGLITAZONE,CCc1ccc(CCOc2ccc(CC3SC(=O)NC3=O)cc2)nc1
BRL-48482,CN(CCOc1ccc(CC2SC(=O)NC2=O)cc1)c1nc2ccccc2o1
TRAXOPRODIL,C[C@@H]([C@@H](O)c1ccc(O)cc1)N1CCC(O)(c2ccccc2)CC1
HISTIDINE,N[C@@H](Cc1c[nH]cn1)C(=O)O
PLATELET ACTIVATING FACTOR,CCCCCCCCCCCCCCCCOCC(COP(=O)([O-])OCC[N+](C)(C)C)OC(C)=O
FENTANYL,CCC(=O)N(c1ccccc1)C1CCN(CCc2ccccc2)CC1
CLOFENTEZINE,Clc1ccccc1-c1nnc(-c2ccccc2Cl)nn1
ROSIGLITAZONE,CN(CCOc1ccc(CC2SC(=O)NC2=O)cc1)c1ccccn1
MARALIXIBAT CHLORIDE,CCCCC1(CCCC)CS(=O)(=O)c2ccc(N(C)C)cc2[C@@H](c2ccc(OCc3ccc(C[N+]45CCN(CC4)CC5)cc3)cc2)[C@H]1O.[Cl-]
ALANINE,C[C@H](N)C(=O)O
LOFEXIDINE,CC(Oc1c(Cl)cccc1Cl)C1=NCCN1
PHENTOLAMINE,Cc1ccc(N(CC2=NCCN2)c2cccc(O)c2)cc1
(R/R)BEFLOXATONE,COC[C@@H]1CN(c2ccc(OCC[C@H](O)C(F)(F)F)cc2)C(=O)O1
PLERIXAFOR,c1cc(CN2CCCNCCNCCCNCC2)ccc1CN1CCCNCCNCCCNCC1
TOLOXATONE,Cc1cccc(N2CC(CO)OC2=O)c1
APILIMOD,COc1ccc(-c2nc(S(C)(=O)=O)[nH]c2-c2ccc(OC)cc2)cc1
ZACOPRIDE,COc1cc(N)c(Cl)cc1C(=O)NC1CN2CCC1CC2
MELOXICAM,Cc1cnc(NC(=O)C2=C(O)c3ccccc3S(=O)(=O)N2C)s1
5-OXO-ETE,CCCCC/C=C\C/C=C\C/C=C\C=C\C(=O)CCCC(=O)O
MIPITROBAN,CC(C)(CC(=O)O)Cc1nc2cc(Cl)cnc2n1Cc1ccc(Cl)cc1
RESINIFERATOXIN,C=C(C)[C@]12C[C@@H](C)[C@@]34O[C@](Cc5ccccc5)(O[C@@H]1[C@@H]3C=C(COC(=O)Cc1ccc(O)c(OC)c1)C[C@]1(O)C(=O)C(C)=C[C@@H]41)O2
L-NOREPINEPHRINE,NC[C@@H](O)c1ccc(O)c(O)c1
OCTANAL,CCCCCCCC=O
ACETYLCYSTEINE,CC(=O)N[C@@H](CS)C(=O)O
TIFLAMIZOLE,O=S(=O)(c1nc(-c2ccc(F)cc2)c(-c2ccc(F)cc2)[nH]1)C(F)(F)C(F)F
AMINOLEVULINIC ACID,NCC(=O)CCC(=O)O
SR-2640,O=C(O)c1ccccc1Nc1cccc(OCc2ccc3ccccc3n2)c1
HEPTANAL,CCCCCCC=O
ROXIFIBAN,CCCCOC(=O)N[C@@H](CNC(=O)C[C@H]1CC(c2ccc(C(=N)N)cc2)=NO1)C(=O)OC
CYCLOBUTANE CARBALDEHYDE,O=CC1CCC1
RO-201724,CCCCOc1cc(CC2CNC(=O)N2)ccc1OC
CYSTEAMINE,NCCS
BIS(ETHYL)SPERMINE,CCNCCCNCCCCNCCCNCC
SPIZOFURONE,CC(=O)c1ccc2c(c1)C(=O)C1(CC1)O2
PENTAMETHYLQUERCETIN,COc1cc(OC)c2c(=O)c(OC)c(-c3ccc(OC)c(OC)c3)oc2c1
QUIPAZINE,c1ccc2nc(N3CCNCC3)ccc2c1
BENEXTRAMINE,COc1ccccc1CNCCCCCCNCCSSCCNCCCCCCNCc1ccccc1OC
TIMEGADINE,Cc1cc(/N=C(\Nc2nccs2)NC2CCCCC2)c2ccccc2n1
CYCLOUNDECANE CARBALDEHYDE,O=CC1CCCCCCCCCC1
PIRENPERONE,Cc1nc2ccccn2c(=O)c1CCN1CCC(C(=O)c2ccc(F)cc2)CC1
HEXANAL,CCCCCC=O
EFAPROXIRAL,Cc1cc(C)cc(NC(=O)Cc2ccc(OC(C)(C)C(=O)O)cc2)c1
SUCCINIMIDE,O=C1CCC(=O)N1
NALTREXONE,O=C1CC[C@@]2(O)[C@H]3Cc4ccc(O)c5c4[C@@]2(CCN3CC2CC2)[C@H]1O5
SKF-107260,CN1C(=O)c2ccccc2SSc2ccccc2NC(=O)[C@H](CC(=O)O)NC(=O)CNC(=O)[C@@H]1CCCN=C(N)N
LY-231898,O=C(O)c1ccccc1Cn1nnc(-c2cccc(CSc3ccc4ccccc4n3)c2)n1
L-159913,CCCCc1nn(-c2ccccc2C(F)(F)F)c(=O)n1Cc1ccc(-c2ccccc2S(=O)(=O)NC(=O)c2ccccc2)cc1
RU-24969,COc1ccc2[nH]cc(C3=CCNCC3)c2c1
CYCLOPENTANONE,O=C1CCCC1
PENTANAL,CCCCC=O
ZAFIRLUKAST,COc1cc(C(=O)NS(=O)(=O)c2ccccc2C)ccc1Cc1cn(C)c2ccc(NC(=O)OC3CCCC3)cc12
IMMEPIP,c1nc(CC2CCNCC2)c[nH]1
RG-12525,c1ccc(Cc2nn[nH]n2)c(COc2ccc(OCc3ccc4ccccc4n3)cc2)c1
CYCLONONANECARBALDEHYDE,O=CC1CCCCCCCC1
SULINDAC SULFIDE,CSc1ccc(/C=C2/C(C)=C(CC(=O)O)c3cc(F)ccc32)cc1
"CEFPROZIL ANHYDROUS, (E)-",C/C=C/C1=C(C(=O)O)N2C(=O)[C@@H](NC(=O)[C@H](N)c3ccc(O)cc3)[C@H]2SC1
PENTAACETYLQUERCETIN,CC(=O)Oc1cc(OC(C)=O)c2c(=O)c(OC(C)=O)c(-c3ccc(OC(C)=O)c(OC(C)=O)c3)oc2c1
ROFECOXIB,CS(=O)(=O)c1ccc(C2=C(c3ccccc3)C(=O)OC2)cc1
MOXONIDINE,COc1nc(C)nc(Cl)c1NC1=NCCN1
CYCLOPENTANECARBALDEHYDE,O=CC1CCCC1
LOXOPROFEN TRANS ALCOHOL,C[C@H](C(=O)O)c1ccc(C[C@H]2CCC[C@@H]2O)cc1
PAPAVERINE,COc1ccc(Cc2nccc3cc(OC)c(OC)cc23)cc1OC
LUOTONIN A,O=c1c2ccccc2nc2n1Cc1cc3ccccc3nc1-2
ICRF-193,CC(C(C)N1CC(=O)NC(=O)C1)N1CC(=O)NC(=O)C1
ATIBEPRONE,Cc1c(C)c2ccc(OCc3nnc(C(C)C)s3)cc2oc1=O
A-87380,CC(C)(C)OC(=O)N1C[C@@H](N)[C@@H](C(=O)O)C1
FENPRINAST,CC1(C)CN2C(=O)c3[nH]cnc3N(Cc3ccc(Cl)cc3)C2=N1
ESUPRONE,CCS(=O)(=O)Oc1ccc2c(C)c(C)c(=O)oc2c1
PROCAINAMIDE HYDROCHLORIDE,CCN(CC)CCNC(=O)c1ccc(N)cc1.Cl
WR-242511,CCCCCCOc1c(OC)cc(NC(C)CCCN)c2nccc(C)c12
LAZABEMIDE,NCCNC(=O)c1ccc(Cl)cn1
IODOPROXYFAN,Ic1ccc(COCCCc2c[nH]cn2)cc1
CYCLONONANONE,O=C1CCCCCCCC1
ITAZIGREL,COc1ccc(-c2nc(C(F)(F)F)sc2-c2ccc(OC)cc2)cc1
CINANSERIN,CN(C)CCCSc1ccccc1NC(=O)/C=C/c1ccccc1
METERGOLINE,CN1C[C@H](CNC(=O)OCc2ccccc2)C[C@@H]2c3cccc4c3c(cn4C)C[C@H]21
CELIKALIM,CC1(C)Oc2ccc(OC(F)(F)F)cc2[C@@H](N2Cc3ccccc3C2=O)[C@@H]1O
CYCLOHEPTANONE,O=C1CCCCCC1
CYCLOHEXANONE,O=C1CCCCC1
CYCLOOCTANONE,O=C1CCCCCCC1
FR-122047,COc1ccc(-c2nc(C(=O)N3CCN(C)CC3)sc2-c2ccc(OC)cc2)cc1
ZD-6169,C[C@](O)(C(=O)Nc1ccc(C(=O)c2ccccc2)cc1)C(F)(F)F
CYCLOHEPTANE CARBALDEHYDE,O=CC1CCCCCC1
PHTHALIMIDE,O=C1NC(=O)c2ccccc21
PROXYFAN,c1ccc(COCCCc2c[nH]cn2)cc1
DIACETAMIDE,CC(=O)NC(C)=O
A-192558,CCN(C(=O)N1C[C@@H](C(=O)O)[C@@H](N)[C@@H]1CNC(=O)C(F)(F)F)C(C)C
EREMOMYCIN AGLYCON,CN[C@@H](CC(C)C)C(=O)NC(=O)C[C@@H]1NC(=O)[C@H](NC(=O)[C@@H](CC(C)C)NC)[C@H](O)c2ccc(c(Cl)c2)Oc2cc3cc(c2O)Oc2ccc(cc2)[C@@H](O)[C@@H]2NC(=O)[C@H](NC(=O)[C@@H]3NC1=O)c1ccc(O)c(c1)-c1c(O)cc(O)cc1[C@@H](C(=O)O)NC2=O
HISTIDINOL,N[C@H](CO)Cc1c[nH]cn1
L-375378,Cc1nc(N)ccc1CNC(=O)Cn1c(C)cnc(NCCc2ccccc2)c1=O
IMPENTAMINE,NCCCCCc1c[nH]cn1
IMETIT,N=C(N)SCCc1c[nH]cn1
MISOPROSTOL,CCCCC(C)(O)C/C=C/[C@H]1[C@H](O)CC(=O)[C@@H]1CCCCCCC(=O)OC
MACIMORELIN,CC(C)(N)C(=O)N[C@H](Cc1c[nH]c2ccccc12)C(=O)N[C@H](Cc1c[nH]c2ccccc12)NC=O
THIOCOLCHICINE,COc1cc2c(c(OC)c1OC)-c1ccc(SC)c(=O)cc1[C@@H](NC(C)=O)CC2
CIPRALISANT,CC(C)(C)CCC#C[C@@H]1C[C@H]1c1c[nH]cn1
MECLOQUALONE,Cc1nc2ccccc2c(=O)n1-c1ccccc1Cl
RP-68303,O=S1(=O)N(CCN2CCC(Cc3c[nH]c4ccc(F)cc34)CC2)c2cccc3c2N1CCC3
GLEMANSERIN,OC(c1ccccc1)C1CCN(CCc2ccccc2)CC1
"BENZO[1,2,5]THIADIAZOLE",c1ccc2nsnc2c1
MEPERIDINE,CCOC(=O)C1(c2ccccc2)CCN(C)CC1
DIHYDROKAINATE,CC(C)[C@H]1CN[C@H](C(=O)O)[C@H]1CC(=O)O
METHAQUALONE,Cc1ccccc1-n1c(C)nc2ccccc2c1=O
PROBUCOL,CC(C)(Sc1cc(C(C)(C)C)c(O)c(C(C)(C)C)c1)Sc1cc(C(C)(C)C)c(O)c(C(C)(C)C)c1
DX-9065A,CC(=N)N1CC[C@H](Oc2ccc([C@H](Cc3ccc4ccc(C(=N)N)cc4c3)C(=O)O)cc2)C1
L-765314,COc1cc2nc(N3CCN(C(=O)OCc4ccccc4)[C@H](C(=O)NC(C)(C)C)C3)nc(N)c2cc1OC
CGP-78850,CC(=O)N[C@@H](Cc1ccc(CP(=O)(O)O)cc1)C(=O)NC1(C(=O)N[C@@H](CC(N)=O)C(=O)NCCCc2c(O)ccc3ccccc23)CCCCC1
LOXOPROFEN,CC(C(=O)O)c1ccc(CC2CCCC2=O)cc1
HIGENAMINE,Oc1ccc(CC2NCCc3cc(O)c(O)cc32)cc1
TRANS-CPPA,O=C(O)C[C@H]1CCN[C@@H]1C(=O)O
ELLIPTECINE,Cc1c2ccncc2c(C)c2c1[nH]c1ccccc12
TRIENTINE,NCCNCCNCCN
FANAPANEL,O=c1[nH]c2cc(C(F)(F)F)c(N3CCOCC3)cc2n(CP(=O)(O)O)c1=O
ZOMEPIRAC,Cc1cc(CC(=O)O)n(C)c1C(=O)c1ccc(Cl)cc1
CVS-2139,N=C(N)NCCC[C@@H](NC(=O)Cn1cccc(NS(=O)(=O)Cc2ccccc2F)c1=O)C(=O)O
PHENETHYLAMINE,NCCc1ccccc1
UK-12130,COC1CCN(S(=O)(=O)c2ccc(S(N)(=O)=O)c(Cl)c2)CC1
TERAZOSIN,COc1cc2nc(N3CCN(C(=O)C4CCCO4)CC3)nc(N)c2cc1OC
MEGANINE 2,CC[C@H](C)[C@H](NC(=O)[C@H](C)NC(=O)CNC(=O)[C@H](C)NC(=O)[C@H](CCCCN)NC(=O)[C@H](CO)NC(=O)[C@H](C)NC(=O)[C@H](CCSC)NC(=O)CN)C(=O)N[C@@H](C)C(=O)NCC(=O)N[C@@H](CCCCN)C(=O)O
DIAVERIDINE,COc1ccc(Cc2cnc(N)nc2N)cc1OC
LEVAMFETAMINE,C[C@@H](N)Cc1ccccc1
DEXTROAMPHETAMINE,C[C@H](N)Cc1ccccc1
9-BENZYL-6-(FURAN-2-YL)-9H-PURINE,c1ccc(Cn2cnc3c(-c4ccco4)ncnc32)cc1
A-286982,CC(=O)N1CCN(C(=O)/C=C/c2ccc(Sc3ccccc3C(C)C)c([N+](=O)[O-])c2)CC1
CVS-2359,Cc1ccc(NS(=O)(=O)Cc2ccccc2F)c(=O)n1CC(=O)N[C@H](CCCN=C(N)N)C(=O)O
STALLIMYCIN HYDROCHLORIDE,Cl.Cn1cc(NC(=O)c2cc(NC(=O)c3cc(NC=O)cn3C)cn2C)cc1C(=O)NCCC(=N)N
DEFORMYLDISTAMYCIN,Cl.Cn1cc(NC(=O)c2cc(NC(=O)c3cc(N)cn3C)cn2C)cc1C(=O)NCCC(=N)N
PYRAZINOIC ACID,O=C(O)c1cnccn1
DEOXYGRISEOLIC ACID,Nc1ncnc2c1ncn2[C@@H]1OC2=C[C@](CC(=O)O)(C(=O)O)O[C@H]2[C@H]1O
GRISEOLIC ACID,Nc1ncnc2c1ncn2[C@@H]1OC2=C[C@@](C(=O)O)(C(O)C(=O)O)O[C@H]2[C@H]1O
SITAXENTAN,Cc1cc2c(cc1CC(=O)c1sccc1S(=O)(=O)Nc1onc(C)c1Cl)OCO2
BATIMASTAT,CNC(=O)[C@H](Cc1ccccc1)NC(=O)[C@H](CC(C)C)[C@H](CSc1cccs1)C(=O)NO
MARIMASTAT,CNC(=O)[C@@H](NC(=O)[C@H](CC(C)C)[C@H](O)C(=O)NO)C(C)(C)C
TALIPEXOLE,C=CCN1CCc2nc(N)sc2CC1
ILOMASTAT,CNC(=O)[C@H](Cc1c[nH]c2ccccc12)NC(=O)[C@@H](CC(=O)NO)CC(C)C
CGS-9896,O=C1C2C=Nc3ccccc3C2=NN1c1ccc(Cl)cc1
RETELLIPTINE,CCN(CC)CCCNc1nccc2c(C)c3[nH]c4ccc(OC)cc4c3c(C)c12
PYRAZINAMIDE,NC(=O)c1cnccn1
CGS-8216,O=C1C2C=Nc3ccccc3C2=NN1c1ccccc1
SPERMIDINE,NCCCCNCCCN
PHLOROISOBUTYROPHENONE,CC(C)C(=O)c1c(O)cc(O)cc1O
IBUDILAST,CC(C)C(=O)c1c(C(C)C)nn2ccccc12
EVERNIMICIN,COC[C@H]1O[C@@H](O[C@@H]2OC[C@@H]3O[C@@]4(OC[C@@H](OC(=O)c5c(C)cc(O)cc5O)[C@@H]5OCO[C@H]54)O[C@H]3[C@H]2O)[C@@H](OC)[C@@H](O)[C@@H]1O[C@@H]1O[C@H](C)[C@H](OC)[C@H](O[C@@H]2O[C@H](C)[C@H]3O[C@]4(C[C@@H](O)[C@H](O[C@H]5C[C@@H](O[C@H]6C[C@](C)([N+](=O)[O-])[C@@H](OC)[C@H](C)O6)[C@H](OC(=O)c6c(C)c(Cl)c(O)c(Cl)c6OC)[C@@H](C)O5)[C@@H](C)O4)O[C@]3(C)[C@@H]2O)[C@H]1O
AMONAFIDE,CN(C)CCN1C(=O)c2cccc3cc(N)cc(c23)C1=O
ABT-751,COc1ccc(S(=O)(=O)Nc2cccnc2Nc2ccc(O)cc2)cc1
RACEMORPHAN,CN1CCC23CCCCC2C1Cc1ccc(O)cc13
ETHYLKETOCYCLAZOCINE,CC[C@@]12CCN(CC3CC3)C(C(=O)c3ccc(O)cc31)[C@@H]2C
DITOLYLGUANIDINE,Cc1ccccc1NC(=N)Nc1ccccc1C
ALINIDINE,C=CCN(C1=NCCN1)c1c(Cl)cccc1Cl
SUDOXICAM,CN1C(C(=O)Nc2nccs2)=C(O)c2ccccc2S1(=O)=O
SAQUINAVIR MESYLATE,CC(C)(C)NC(=O)[C@@H]1C[C@@H]2CCCC[C@@H]2CN1C[C@@H](O)[C@H](Cc1ccccc1)NC(=O)[C@H](CC(N)=O)NC(=O)c1ccc2ccccc2n1.CS(=O)(=O)O
APAFANT,Cc1nnc2n1-c1sc(CCC(=O)N3CCOCC3)cc1C(c1ccccc1Cl)=NC2
NALTREXONE SEMICARBAZONE,NC(=O)N/N=C1/CC[C@@]2(O)C3Cc4ccc(O)c5c4C2(CCN3CC2CC2)[C@H]1O5
TEGAFUR,O=c1[nH]c(=O)n(C2CCCO2)cc1F
BREFELDIN A,C[C@H]1CCC/C=C/[C@@H]2C[C@H](O)C[C@H]2[C@H](O)/C=C/C(=O)O1
OMPENACLID,N=C(N)NCCC(=O)O
GUANIDINO ACETATE,N=C(N)NCC(=O)O
DIVAPLON,CCc1c(OC)nc2nc(C(=O)c3ccccc3)cn2c1C
BENZAMIDINE,N=C(N)c1ccccc1
PENICILLIN V,CC1(C)S[C@@H]2[C@H](NC(=O)COc3ccccc3)C(=O)N2[C@H]1C(=O)O
MONODEETHYLATED-MCP,CCNCCNC(=O)c1cc(Cl)c(N)cc1OC
INTERMEDINE,CSCC[C@H](NC(=O)[C@H](CO)NC(=O)[C@H](Cc1ccc(O)cc1)NC(=O)[C@H](CO)NC(C)=O)C(=O)N[C@@H](CCC(=O)O)C(=O)N[C@@H](Cc1c[nH]cn1)C(=O)N[C@@H](Cc1ccccc1)C(=O)N[C@@H](CCCNC(=N)N)C(=O)N[C@@H](Cc1c[nH]c2ccccc12)C(=O)NCC(=O)N[C@@H](CCCCN)C(=O)N1CCC[C@H]1C(=O)N[C@H](C(N)=O)C(C)C
RUPINTRIVIR,CCOC(=O)/C=C/[C@H](C[C@@H]1CCNC1=O)NC(=O)[C@@H](CC(=O)[C@@H](NC(=O)c1cc(C)on1)C(C)C)Cc1ccc(F)cc1
VANOXERINE,Fc1ccc(C(OCCN2CCN(CCCc3ccccc3)CC2)c2ccc(F)cc2)cc1
CEPHALOTHIN,CC(=O)OCC1=C(C(=O)O)N2C(=O)[C@@H](NC(=O)Cc3cccs3)[C@H]2SC1
MILTEFOSINE,CCCCCCCCCCCCCCCCOP(=O)([O-])OCC[N+](C)(C)C
DELTORPHIN II,CC(C)[C@H](NC(=O)[C@H](CCC(=O)O)NC(=O)[C@H](Cc1ccccc1)NC(=O)[C@@H](C)NC(=O)[C@@H](N)Cc1ccc(O)cc1)C(=O)N[C@H](C(=O)NCC(N)=O)C(C)C
KNI-1038,Cc1cccc(C)c1OCC(=O)N[C@@H](Cc1ccccc1)[C@H](OC(=O)CCC(=O)NCC(=O)OCC1OC(n2cc(C)c(=O)[nH]c2=O)CC1N=[N+]=[N-])C(=O)N1CSC(C)(C)[C@H]1C(=O)NC(C)(C)C
KNI-1039,Cc1cccc(C)c1OCC(=O)N[C@@H](Cc1ccccc1)[C@H](OC(=O)CCCC(=O)NCC(=O)OCC1OC(n2cc(C)c(=O)[nH]c2=O)CC1N=[N+]=[N-])C(=O)N1CSC(C)(C)[C@H]1C(=O)NC(C)(C)C
ZAPA,N=C(N)S/C=C\C(=O)O
DIMETHYL ESTER,COC(=O)CN(CCN(CC(=O)OC)Cc1ccccc1OC(C)=O)Cc1ccccc1OC(C)=O
4-GUANIDINO-BENZOIC ACID,N=C(N)Nc1ccc(C(=O)O)cc1
KNI-1046,Cc1cccc(C)c1OCC(=O)N[C@@H](Cc1ccccc1)[C@H](OC(=O)CCC(=O)NCCC(=O)OCC1OC(n2cc(C)c(=O)[nH]c2=O)CC1N=[N+]=[N-])C(=O)N1CSC(C)(C)[C@H]1C(=O)NC(C)(C)C
CREATINE,CN(CC(=O)O)C(=N)N
YM-60828,CC(=N)N1CCC(Oc2ccc(N(Cc3ccc4ccc(C(=N)N)cc4c3)S(=O)(=O)CC(=O)O)cc2)CC1
NEMONAPRIDE,CNc1cc(OC)c(C(=O)NC2CCN(Cc3ccccc3)C2C)cc1Cl
ZD-2138,COC1(c2cc(F)cc(OCc3ccc4c(ccc(=O)n4C)c3)c2)CCOCC1
DMP-323,O=C1N(Cc2ccc(CO)cc2)[C@H](Cc2ccccc2)[C@H](O)[C@@H](O)[C@@H](Cc2ccccc2)N1Cc1ccc(CO)cc1
DENBUFYLLINE,CCCCn1c(=O)c2c(ncn2CC(C)=O)n(CCCC)c1=O
PHENETHYLBORONIC ACID,OB(O)CCc1ccccc1
ECLANAMINE,CCC(=O)N(c1ccc(Cl)c(Cl)c1)C1CCCC1N(C)C
GW7647,CC(C)(Sc1ccc(CCN(CCCCC2CCCCC2)C(=O)NC2CCCCC2)cc1)C(=O)O
GSK-9578,CCCCCCCN(CCc1ccc(SC(C)(C)C(=O)O)cc1)C(=O)Nc1ccc(F)cc1F
DELTORPHIN A,CSCC[C@H](NC(=O)[C@H](CC(C)C)NC(=O)[C@H](Cc1c[nH]cn1)NC(=O)[C@H](Cc1ccccc1)NC(=O)[C@@H](CCSC)NC(=O)[C@@H](N)Cc1ccc(O)cc1)C(=O)N[C@@H](CC(=O)O)C(N)=O
VESAMICOL,O[C@@H]1CCCC[C@H]1N1CCC(c2ccccc2)CC1
4-METHYLBENZOIC ACID,Cc1ccc(C(=O)O)cc1
SULTOPRIDE,CCN1CCCC1CNC(=O)c1cc(S(=O)(=O)CC)ccc1OC
4-CHLORO-BENZOIC ACID,O=C(O)c1ccc(Cl)cc1
ETHYLKETAZOCINE,CCOc1ccc2c(c1)C1(C)CCN(CC3CC3)C(C2=O)C1C
GELDANAMYCIN,COC1=C2C[C@@H](C)C[C@H](OC)[C@H](O)[C@@H](C)/C=C(\C)[C@H](OC(N)=O)[C@@H](OC)/C=C\C=C(/C)C(=O)NC(=CC1=O)C2=O
ZM-211965,CCC(OC)(c1cccc(OCc2ccc3ccccc3c2)c1)c1nccs1
3-METHYLXANTHINE,Cn1c(=O)[nH]c(=O)c2[nH]cnc21
p-ANISIC ACID,COc1ccc(C(=O)O)cc1
SB-224289,Cc1nc(-c2ccc(-c3ccc(C(=O)N4CCc5cc6c(cc54)C4(CCN(C)CC4)CO6)cc3)c(C)c2)no1
PHENYLBORONIC ACID,OB(O)c1ccccc1
GLYCOSYLATED PEI,CCN(CCNC)CCNC[C@H](O)[C@@H](O)[C@H](O[C@@H]1O[C@H](CO)C(O)[C@H](O)[C@H]1O)[C@H](O)CO
ENPROFYLLINE,CCCn1c(=O)[nH]c(=O)c2nc[nH]c21
CINNAMTANNIN B1,Oc1cc(O)c2c(c1)O[C@@]1(c3ccc(O)c(O)c3)Oc3cc(O)c4c(c3[C@@H]2[C@H]1O)O[C@H](c1ccc(O)c(O)c1)[C@H](O)[C@H]4c1c(O)cc(O)c2c1O[C@H](c1ccc(O)c(O)c1)[C@H](O)C2
LINEZOLID,CC(=O)NC[C@H]1CN(c2ccc(N3CCOCC3)c(F)c2)C(=O)O1
ASPERLICIN,CC(C)C[C@@H]1N[C@H]2N(C1=O)c1ccccc1[C@@]2(O)C[C@@H]1NC(=O)c2ccccc2-n2c1nc1ccccc1c2=O
CLIDINIUM,C[N+]12CCC(CC1)C(OC(=O)C(O)(c1ccccc1)c1ccccc1)C2
THIENAMYCIN,C[C@@H](O)[C@H]1C(=O)N2C(C(=O)O)=C(SCCN)C[C@H]12
MEROPENEM,C[C@@H](O)[C@H]1C(=O)N2C(C(=O)O)=C(S[C@@H]3CN[C@H](C(=O)N(C)C)C3)[C@H](C)[C@H]12
TRAZODONE,O=c1n(CCCN2CCN(c3cccc(Cl)c3)CC2)nc2ccccn12
ETODOLAC,CCc1cccc2c3c([nH]c12)C(CC)(CC(=O)O)OCC3
DIMETHINDENE,CC(C1=C(CCN(C)C)Cc2ccccc21)c1ccccn1
PRANLUKAST,O=C(Nc1cccc2c(=O)cc(-c3nnn[nH]3)oc12)c1ccc(OCCCCc2ccccc2)cc1
NEFAZODONE,CCc1nn(CCCN2CCN(c3cccc(Cl)c3)CC2)c(=O)n1CCOc1ccccc1
SULUKAST,CCCCCCCCC/C=C\C=C\[C@@H](SCCC(=O)O)[C@@H](O)c1cccc(-c2nnn[nH]2)c1
L-648051,CCCc1c(OCCCS(=O)(=O)c2ccc(C(=O)CCC(=O)O)cc2)ccc(C(C)=O)c1O
2-[(2-METHYLAMINOETHYL)(P-METHOXYBENZYL)AMINO]PYRIDINE,CNCCN(Cc1ccc(OC)cc1)c1ccccn1
SC-39070,CCCc1c(OCCCOc2ccc3c(c2CCC)OC(C)(CCC(=O)O)CC3=O)ccc(C(C)=O)c1O
THIABENDAZOLE,c1ccc2[nH]c(-c3cscn3)nc2c1
L-649923,CCCc1c(OCCCSc2ccc([C@@H](O)[C@H](C)CC(=O)O)cc2)ccc(C(C)=O)c1O
CINALUKAST,CCC(CC)(CC(=O)Nc1cccc(/C=C/c2nc(C3CCC3)cs2)c1)C(=O)O
CGP-35949,CCCc1c(OCCCOc2cc(NC(=O)c3nn[nH]n3)c(C)cc2Cl)ccc(C(C)=O)c1O
LY-203647,CCCc1c(OCCCCc2nnn(CCCCc3nnn[nH]3)n2)ccc(C(C)=O)c1O
SUFUGOLIX,CONC(=O)Nc1ccc(-c2sc3c(c2CN(C)Cc2ccccc2)c(=O)n(-c2ccccc2)c(=O)n3Cc2c(F)cccc2F)cc1
XANOMELINE,CCCCCCOc1nsnc1C1=CCCN(C)C1
LY-163443,CCCc1c(COc2ccc(Cc3nnn[nH]3)cc2)ccc(C(C)=O)c1O
POBILUKAST,O=C(O)CCS[C@H](c1ccccc1CCCCCCCCc1ccccc1)[C@@H](O)C(=O)O
TECTOQUINONE,Cc1ccc2c(c1)C(=O)c1ccccc1C2=O
YM-16638,CCCc1c(OCCCSc2nnc(SCC(=O)O)s2)ccc(C(C)=O)c1O
ABLUKAST,CCCc1c(OCCCCCOc2cc3c(cc2C(C)=O)CCC(C(=O)O)O3)ccc(C(C)=O)c1O
NAFTIFINE,CN(C/C=C/c1ccccc1)Cc1cccc2ccccc12
ACECLIDINE,CC(=O)OC1CN2CCC1CC2
LUCANTHONE,CCN(CC)CCNc1ccc(C)c2sc3ccccc3c(=O)c12
RAC THIOHEXITAL,C=CCC1(C(C)C#CCC)C(=O)NC(=S)NC1=O
ICI-198615,COc1cc(C(=O)NS(=O)(=O)c2ccccc2)ccc1Cn1ncc2ccc(NC(=O)OC3CCCC3)cc21
METUREDEPA,CCOC(=O)NP(=O)(N1CC1(C)C)N1CC1(C)C
HYCANTHONE,CCN(CC)CCNc1ccc(CO)c2sc3ccccc3c(=O)c12
ANTIPYRINE,Cc1cc(=O)n(-c2ccccc2)n1C
AMITRIPTYLINOXIDE,C[N+](C)([O-])CCC=C1c2ccccc2CCc2ccccc21
TERBOGREL,CC(C)(C)N/C(=N\C#N)Nc1cccc(/C(=C\CCCC(=O)O)c2cccnc2)c1
TENOCYCLIDINE,c1csc(C2(N3CCCCC3)CCCCC2)c1
LORMETAZEPAM,CN1C(=O)C(O)N=C(c2ccccc2Cl)c2cc(Cl)ccc21
PENTOXIFYLLINE,CC(=O)CCCCn1c(=O)c2c(ncn2C)n(C)c1=O
AMITRIPTYLINE,CN(C)CCC=C1c2ccccc2CCc2ccccc21
N-DEALKYL NAFTIFINE,C(=C/c1ccccc1)\CNCc1cccc2ccccc12
DIBROMSALAN,O=C(Nc1ccc(Br)cc1)c1cc(Br)ccc1O
TRIBROMSALAN,O=C(Nc1ccc(Br)cc1)c1cc(Br)cc(Br)c1O
SUMATRIPTAN,CNS(=O)(=O)Cc1ccc2[nH]cc(CCN(C)C)c2c1
PROPAFENONE,CCCNCC(O)COc1ccccc1C(=O)CCc1ccccc1
BETAMETHASONE,C[C@H]1C[C@H]2[C@@H]3CCC4=CC(=O)C=C[C@]4(C)[C@@]3(F)[C@@H](O)C[C@]2(C)[C@@]1(O)C(=O)CO
WR-148999,C[C@@H]1CCCCC12OOC1(CCCC[C@@H]1C)OO2
AMIODARONE,CCCCc1oc2ccccc2c1C(=O)c1cc(I)c(OCCN(CC)CC)c(I)c1
ALFENTANIL,CCC(=O)N(c1ccccc1)C1(COC)CCN(CCn2nnn(CC)c2=O)CC1
SAMIXOGREL,O=C(O)CCC/C=C(\c1ccc(CCNS(=O)(=O)c2ccc(Cl)cc2)cc1)c1cccnc1
DEXPEMEDOLAC,CC[C@@]1(CC(=O)O)OC[C@H](Cc2ccccc2)c2c1[nH]c1ccccc21
PREDNISONE,C[C@]12C=CC(=O)C=C1CC[C@@H]1[C@@H]2C(=O)C[C@@]2(C)[C@H]1CC[C@]2(O)C(=O)CO
RIVASTIGMINE,CCN(C)C(=O)Oc1cccc([C@H](C)N(C)C)c1
TOLAMOLOL,Cc1ccccc1OCC(O)CNCCOc1ccc(C(N)=O)cc1
VENLAFAXINE,COc1ccc(C(CN(C)C)C2(O)CCCCC2)cc1
ZIDOVUDINE,Cc1cn([C@H]2C[C@H](N=[N+]=[N-])[C@@H](CO)O2)c(=O)[nH]c1=O
VORICONAZOLE,C[C@@H](c1ncncc1F)[C@](O)(Cn1cncn1)c1ccc(F)cc1F
AZELASTINE,CN1CCCC(n2nc(Cc3ccc(Cl)cc3)c3ccccc3c2=O)CC1
CHLORAMPHENICOL,O=C(N[C@H](CO)[C@H](O)c1ccc([N+](=O)[O-])cc1)C(Cl)Cl
PROCAINAMIDE,CCN(CC)CCNC(=O)c1ccc(N)cc1
ATOMOXETINE,CNCC[C@@H](Oc1ccccc1C)c1ccccc1
ACEBUTOLOL,CCCC(=O)Nc1ccc(OCC(O)CNC(C)C)c(C(C)=O)c1
PROMETHAZINE,CC(CN1c2ccccc2Sc2ccccc21)N(C)C
PREDNISOLONE,C[C@]12C=CC(=O)C=C1CC[C@@H]1[C@@H]2[C@@H](O)C[C@@]2(C)[C@H]1CC[C@]2(O)C(=O)CO
TRIMIPRAMINE,CC(CN(C)C)CN1c2ccccc2CCc2ccccc21
BISOPROLOL,CC(C)NCC(O)COc1ccc(COCCOC(C)C)cc1
(+/-)NICOTINE,CN1CCCC1c1cccnc1
TRIAZOLAM,Cc1nnc2n1-c1ccc(Cl)cc1C(c1ccccc1Cl)=NC2
MiniANP,CC[C@H](C)[C@@H]1NC(=O)[C@@H](CCCN=C(N)N)NC(=O)[C@H](CC(=O)O)NC(=O)[C@@H](CCSC)NC(=O)[C@H](CCCN=C(N)N)NC(=O)CNC(=O)CNC(=O)[C@@H](Cc2ccccc2)NC(=O)[C@H](Cc2c[nH]cn2)NC(=O)[C@@H](NC(=O)[C@@H](N)CCSC)CSSC[C@H](C(=O)N[C@@H](Cc2ccc(O)cc2)C(=O)N[C@@H](CCCN=C(N)N)C(N)=O)NC(=O)[C@@H](CO)NC1=O
RIDOGREL,O=C(O)CCCCO/N=C(/c1cccnc1)c1cccc(C(F)(F)F)c1
FLUOROSALAN,O=C(Nc1cccc(C(F)(F)F)c1)c1cc(Br)cc(Br)c1O
APRACLONIDINE,Nc1cc(Cl)c(N=C2NCCN2)c(Cl)c1
DIPRENORPHINE,CO[C@]12CC[C@@]3(C[C@@H]1C(C)(C)O)[C@H]1Cc4ccc(O)c5c4[C@@]3(CCN1CC1CC1)[C@H]2O5
CHLORCYCLIZINE,CN1CCN(C(c2ccccc2)c2ccc(Cl)cc2)CC1
CYCLIZINE,CN1CCN(C(c2ccccc2)c2ccccc2)CC1
NEBIVOLOL,OC(CNCC(O)C1CCc2cc(F)ccc2O1)C1CCc2cc(F)ccc2O1
METHYLPREDNISOLONE,C[C@H]1C[C@@H]2[C@H]([C@@H](O)C[C@@]3(C)[C@H]2CC[C@]3(O)C(=O)CO)[C@@]2(C)C=CC(=O)C=C12
METHADONE,CCC(=O)C(CC(C)N(C)C)(c1ccccc1)c1ccccc1
FLECAINIDE,O=C(NCC1CCCCN1)c1cc(OCC(F)(F)F)ccc1OCC(F)(F)F
CLONIDINE,Clc1cccc(Cl)c1NC1=NCCN1
MIRTAZAPINE,CN1CCN2c3ncccc3Cc3ccccc3C2C1
MIDAZOLAM,Cc1ncc2n1-c1ccc(Cl)cc1C(c1ccccc1F)=NC2
REMOXIPRIDE,CCN1CCC[C@H]1CNC(=O)c1c(OC)ccc(Br)c1OC
OXYCODONE,COc1ccc2c3c1O[C@H]1C(=O)CC[C@@]4(O)[C@@H](C2)N(C)CC[C@]314
ESTRADIOL,C[C@]12CC[C@@H]3c4ccc(O)cc4CC[C@H]3[C@@H]1CC[C@@H]2O
SUFENTANIL,CCC(=O)N(c1ccccc1)C1(COC)CCN(CCc2cccs2)CC1
GALANTAMINE,COc1ccc2c3c1O[C@H]1C[C@@H](O)C=C[C@@]31CCN(C)C2
AMANTADINE,NC12CC3CC(CC(C3)C1)C2
ALPRAZOLAM,Cc1nnc2n1-c1ccc(Cl)cc1C(c1ccccc1)=NC2
2-AMINOPYRIDINE,Nc1ccccn1
MAPROTILINE,CNCCCC12CCC(c3ccccc31)c1ccccc12
M-PHENOXYBENZOIC ACID FOR CIS-ISOMER,O=C(O)c1cccc(Oc2ccccc2)c1
"2,3-DIHYDROXY-6,7-DICHLOROQUINOXALINE",Oc1nc2cc(Cl)c(Cl)cc2nc1O
N-METHYL PYRROLIDINE (NMP),CN1CCCC1
PYRROLIDINE,C1CCNC1
N-METHYLPIPERIDINE,CN1CCCCC1
FOSCARNET,O=C(O)P(=O)(O)O
ACETYLCHOLINE,CC(=O)OCC[N+](C)(C)C
DL-ANABASINE,c1cncc(C2CCCCN2)c1
METRONIDAZOLE,Cc1ncc([N+](=O)[O-])n1CCO
ETOPRINE,CCc1nc(N)nc(N)c1-c1ccc(Cl)c(Cl)c1
HIMBACINE,C[C@@H]1OC(=O)[C@H]2C[C@H]3CCCC[C@@H]3[C@@H](/C=C/[C@H]3CCC[C@H](C)N3C)[C@@H]12
SKIMMIANINE,COc1ccc2c(OC)c3ccoc3nc2c1OC
PROTRIPTYLINE,CNCCCC1c2ccccc2C=Cc2ccccc21
PHENIPRAZINE,CC(Cc1ccccc1)NN
CYCLOBENZAPRINE,CN(C)CCC=C1c2ccccc2C=Cc2ccccc21
TEPA,O=P(N1CC1)(N1CC1)N1CC1
L-766892,O=C1N(CCCC2CCCC2)CCN1c1ccc(S(=O)(=O)Nc2ccc(CCNC[C@H](O)c3cccnc3)cc2)cc1
BISANTRENE,C(=N/NC1=NCCN1)\c1c2ccccc2c(/C=N/NC2=NCCN2)c2ccccc12
DIAPORTHEIN A,C=C[C@]1(C)C=C2C(O)[C@]3(O)OC[C@@]4(CCCC(C)(C)[C@@]43O)[C@@]2(O)[C@H](O)C1
KOKUSAGININE,COc1cc2nc3occc3c(OC)c2cc1OC
DIAPORTHEIN B,C=C[C@]1(C)C=C2C(=O)[C@]3(O)OC[C@@]4(CCCC(C)(C)[C@@]43O)[C@@]2(O)[C@H](O)C1
L-764646,CCCCCCn1ccn(-c2ccc(S(=O)(=O)Nc3ccc(CCNC[C@H](O)c4cccnc4)cc3)cc2)c1=O
DICTAMNINE,COc1c2ccccc2nc2occc12
THIOTEPA,S=P(N1CC1)(N1CC1)N1CC1
FENOFIBRATE,CC(C)OC(=O)C(C)(C)Oc1ccc(C(=O)c2ccc(Cl)cc2)cc1
LORGLUMIDE,CCCCCN(CCCCC)C(=O)C(CCC(=O)O)NC(=O)c1ccc(Cl)c(Cl)c1
DOXANTRAZOLE,O=C1c2ccccc2S(=O)(=O)c2cc(-c3nn[nH]n3)ccc21
CP-339818,CCCCC/N=c1\ccn(Cc2ccccc2)c2ccccc12
PARGYLINE,C#CCN(C)Cc1ccccc1
PROPAMIDINE,N=C(N)c1ccc(OCCCOc2ccc(C(=N)N)cc2)cc1
AMELTOLIDE,Cc1cccc(C)c1NC(=O)c1ccc(N)cc1
SURITOZOLE,Cn1nc(-c2cccc(F)c2)n(C)c1=S
HEXAMIDINE,N=C(N)c1ccc(OCCCCCCOc2ccc(C(=N)N)cc2)cc1
NAPHTHYLAMINE,Nc1ccc2ccccc2c1
OSELTAMIVIR CARBOXYLATE,CCC(CC)O[C@@H]1C=C(C(=O)O)C[C@H](N)[C@H]1NC(C)=O
ALENDRONATE SODIUM,NCCCC(O)(P(=O)([O-])O)P(=O)(O)O.[Na+]
PD-156707 SODIUM,COc1ccc(C(=O)/C(Cc2cc(OC)c(OC)c(OC)c2)=C(\C(=O)[O-])c2ccc3c(c2)OCO3)cc1.[Na+]
L-709210,FC(F)(F)c1cc(CO[C@H]2C3CCN(CC3)[C@H]2C(c2ccccc2)c2ccccc2)cc(C(F)(F)F)c1
RACEMETHORPHAN,COc1ccc2c(c1)C13CCCCC1C(C2)N(C)CC3
AVAROL MONOACETATE,CC(=O)O.CC1=CCCC2[C@](C)(Cc3cc(O)ccc3O)[C@@H](C)CC[C@]12C
L-706125,Cc1cc(C)cc(CO[C@H]2C3CCN(CC3)[C@H]2C(c2ccccc2)c2ccccc2)c1
LEVONORDEFRIN,C[C@H](N)[C@H](O)c1ccc(O)c(O)c1
ICI-204448,CN(C(=O)Cc1ccc(Cl)c(Cl)c1)C(CN1CCCC1)c1cccc(OCC(=O)O)c1
DEHYDROTHYRSIFEROL,C=C(CC[C@H](O)[C@@]1(C)CC[C@H](C(C)(C)O)O1)[C@H]1CC[C@H]2O[C@@H]([C@]3(C)CC[C@@H](Br)C(C)(C)O3)CC[C@]2(C)O1
DIOXIFEDRINE,CNC(C)C(O)c1ccc(O)c(O)c1
CEFACLOR ANHYDROUS,N[C@@H](C(=O)N[C@@H]1C(=O)N2C(C(=O)O)=C(Cl)CS[C@H]12)c1ccccc1
S-ETOMIDATE,CCOC(=O)c1cncn1[C@@H](C)c1ccccc1
AMIDATE,CCOC(=O)c1cncn1C(C)c1ccccc1
QUAZOLAST,COC(=O)c1nc2cc(Cl)c3cccnc3c2o1
AZIETOMIDATE,CC(c1ccccc1)n1cncc1C(=O)OCCC1(C)N=N1
SURAMIN,Cc1ccc(C(=O)Nc2ccc(S(=O)(=O)O)c3cc(S(=O)(=O)O)cc(S(=O)(=O)O)c23)cc1NC(=O)c1cccc(NC(=O)Nc2cccc(C(=O)Nc3cc(C(=O)Nc4ccc(S(=O)(=O)O)c5cc(S(=O)(=O)O)cc(S(=O)(=O)O)c45)ccc3C)c2)c1
ETOMIDATE,CCOC(=O)c1cncn1[C@H](C)c1ccccc1
AMODIAQUINE,CCN(CC)Cc1cc(Nc2ccnc3cc(Cl)ccc23)ccc1O
THYRSENOL A,CC(C)(O)[C@H]1CC[C@](C)([C@@H](O)CC[C@@](O)(CO)C2=CC[C@H]3O[C@@H]([C@]4(C)CC[C@@H](Br)C(C)(C)O4)CC[C@]3(C)O2)O1
TIXANOX,C[S+]([O-])c1ccc2oc3ccc(C(=O)O)cc3c(=O)c2c1
L-162425,CC1(C)C2CCC1(CS(=O)(=O)N1CCC3(CCc4ccccc43)CC1)C(NC(=O)[C@@H]1CCCNC1)C2
DIDEAZAFOLATE,Nc1nc(O)c2cc(CNc3ccc(C(=O)NC(CCC(=O)O)C(=O)O)cc3)ccc2n1
CL-976,CCCCCCCCCCC(C)(C)C(=O)Nc1c(OC)cc(OC)cc1OC
L-709400,CC(=O)N[C@@H](Cc1csc2ccccc12)C(=O)OCc1cc(C(F)(F)F)cc(C(F)(F)F)c1
CLOFIBRIC ACID,CC(C)(Oc1ccc(Cl)cc1)C(=O)O
L-708568,CC(=O)N[C@@H](Cc1c[nH]c2ccccc12)C(=O)OCc1cc(C)cc(C)c1
AROTINOID,CCOC(=O)c1ccc(/C=C(\C)c2ccc3c(c2)C(C)(C)CCC3(C)C)cc1
DIETHYLCARBAMAZINE,CCN(CC)C(=O)N1CCN(C)CC1
EPIROPRIM,CCOc1cc(Cc2cnc(N)nc2N)cc(OCC)c1-n1cccc1
METHYLTHIOADENOSINE,CSC[C@H]1O[C@@H](n2cnc3c(N)ncnc32)[C@H](O)[C@@H]1O
SCH-48461,COc1ccc([C@@H]2[C@@H](CCCc3ccccc3)C(=O)N2c2ccc(OC)cc2)cc1
BMS-180291,CCCCCNC(=O)c1coc(C2C3CCC(O3)C2Cc2ccccc2CCC(=O)O)n1
MEBENDAZOLE,COC(=O)Nc1nc2cc(C(=O)c3ccccc3)ccc2[nH]1
FURANTHIOFURIN,NC(=O)c1coc([C@@H]2S[C@H](CO)[C@H](O)C2O)c1
L-368112,CC1(C)C2CCC1(CS(=O)(=O)N1CCC3(CCc4ccccc43)CC1)C(NC(=O)C1CCCNC1)C2
THIOPHENTHIOFURIN,NC(=O)c1csc([C@@H]2S[C@H](CO)[C@H](O)C2O)c1
SPANTIDE,CCCC[C@H](NC(=O)[C@H](CC(C)C)NC(=O)[C@H](Cc1c[nH]c2ccccc12)NC(=O)[C@H](Cc1ccccc1)NC(=O)[C@H](Cc1c[nH]c2ccccc12)NC(=O)[C@H](CC(N)=O)NC(=O)[C@H](Cc1ccccc1)NC(=O)[C@@H]1C(Cl)C(Cl)CN1C(=O)[C@H](C)NC(=O)[C@@H]1C(c2cccnc2)CCN1C(=O)[C@H](CCCCN)NC(=O)c1cccnc1)C(=O)O
TRETAZICAR,NC(=O)c1cc(N2CC2)c([N+](=O)[O-])cc1[N+](=O)[O-]
FLUFENAMIC ACID,O=C(O)c1ccccc1Nc1cccc(C(F)(F)F)c1
DICLOFENAC,O=C(O)Cc1ccccc1Nc1c(Cl)cccc1Cl
ETICYCLIDINE,CCNC1(c2ccccc2)CCCCC1
L-778123 FREE BASE,N#Cc1ccc(Cn2cncc2CN2CCN(c3cccc(Cl)c3)C(=O)C2)cc1
L-796449,CCCc1c(OCCCSc2ccc(CC(=O)O)cc2Cl)ccc2c(-c3ccccc3)coc12
SCYPHOSTATIN,CC[C@@H](C)/C=C(\C)C[C@@H](C)C[C@@H](C)/C=C/C=C/C=C/C(=O)N[C@H](CO)C[C@@]1(O)C(=O)C=C[C@@H]2O[C@@H]21
MEFENAMIC ACID,Cc1cccc(Nc2ccccc2C(=O)O)c1C
ACETYLSULFANILAMIDE,CC(=O)Nc1ccc(S(N)(=O)=O)cc1
FENTANYL CITRATE,CCC(=O)N(c1ccccc1)C1CCN(CCc2ccccc2)CC1.O=C(O)CC(O)(CC(=O)O)C(=O)O
PHENINDAMINE,CN1CCC2=C(C1)C(c1ccccc1)c1ccccc12
CLOFENAMIC ACID,O=C(O)c1ccccc1Nc1cccc(Cl)c1Cl
FENAMIC ACID,O=C(O)c1ccccc1Nc1ccccc1
IMITRODAST,O=C(O)C1=Cc2sc(Cn3ccnc3)cc2CC1
MANNITOL,OC[C@@H](O)[C@@H](O)[C@H](O)[C@H](O)CO
SODIUM LAURYL SULFATE,CCCCCCCCCCCCOS(=O)(=O)[O-].[Na+]
VELNACRINE MALEATE,Nc1c2c(nc3ccccc13)CCCC2O.O=C(O)/C=C\C(=O)O
SALIRASIB,CC(C)=CCC/C(C)=C/CC/C(C)=C/CSc1ccccc1C(=O)O
DARUSENTAN,COc1cc(OC)nc(O[C@H](C(=O)O)C(OC)(c2ccccc2)c2ccccc2)n1
L-165461,CCCc1c(OCCCSc2ccc(CC(=O)O)cc2Cl)ccc2c(CC)noc12
CP-99994,COc1ccccc1CN[C@H]1CCCN[C@H]1c1ccccc1
INDOLE-2-CARBOXYLIC ACID,O=C(O)c1cc2ccccc2[nH]1
5-CHLOROINDOLE-2-CARBOXYLIC ACID,O=C(O)c1cc2cc(Cl)ccc2[nH]1
PARAOXON,CCOP(=O)(OCC)Oc1ccc([N+](=O)[O-])cc1
[GLY2]VENORPHIN,CC(=O)N[C@@H](Cc1ccc(O)cc1)C(=O)NCC(=O)N[C@@H](Cc1c[nH]c2ccccc12)C(=O)N[C@@H](Cc1c[nH]c2ccccc12)C(=O)N[C@@H](CC(C)C)C(=O)N[C@@H](CCCN=C(N)N)C(=O)N[C@@H](CCCN=C(N)N)C(=O)N[C@@H](C)C(=O)N[C@@H](CCCN=C(N)N)C(=O)N1CCC[C@H]1C(=O)N[C@@H](CCCCN)C(N)=O
VENORPHIN,CC(=O)N[C@@H](Cc1ccc(O)cc1)C(=O)N[C@@H](CCCCN)C(=O)N[C@@H](Cc1c[nH]c2ccccc12)C(=O)N[C@@H](Cc1c[nH]c2ccccc12)C(=O)N[C@@H](CC(C)C)C(=O)N[C@@H](CCCN=C(N)N)C(=O)N[C@@H](CCCN=C(N)N)C(=O)N[C@@H](C)C(=O)N[C@@H](CCCN=C(N)N)C(=O)N1CCC[C@H]1C(=O)N[C@@H](CCCCN)C(N)=O
OXOTREMORINE METHIODIDE,C[N+](C)(C)CC#CCN1CCCC1=O.[I-]
L-158432,CC(C)(N)CC(=O)NC1CCc2ccccc2N(Cc2ccc(-c3ccccc3-c3nn[nH]n3)cc2)C1=O
PRAVASTATIN SODIUM,CC[C@H](C)C(=O)O[C@H]1C[C@H](O)C=C2C=C[C@H](C)[C@H](CC[C@@H](O)C[C@@H](O)CC(=O)[O-])[C@H]21.[Na+]
TETRAHYDROHOMOFOLATE,Nc1nc(O)c2c(n1)NC[C@H](CCNc1ccc(C(=O)NC(CCC(=O)O)C(=O)O)cc1)N2
LOBUCAVIR,Nc1nc(=O)c2ncn([C@@H]3C[C@H](CO)[C@H]3CO)c2[nH]1
FR-901469,CCCCCCCCCCCCC[C@@H]1CC(=O)N[C@H]([C@@H](C)O)C(=O)N[C@H](C)C(=O)N[C@@H](Cc2ccc(O)cc2)C(=O)N[C@@H](C(C)C)C(=O)N2C[C@H](O)C[C@H]2C(=O)N[C@H]([C@@H](C)O)C(=O)N[C@@H]([C@@H](C)O)C(=O)N2CC[C@H](O)[C@H]2C(=O)N[C@@H]([C@H](O)CC(N)=O)C(=O)NCC(=O)N[C@H]([C@@H](C)O)C(=O)N[C@@H](CCCN)C(=O)O1
KYNURAMINE,NCCC(=O)c1ccccc1N
SPERMINE,NCCCNCCCCNCCCN
EPIPODOPHYLLOTOXIN,COc1cc([C@@H]2c3cc4c(cc3[C@@H](O)[C@H]3COC(=O)[C@H]23)OCO4)cc(OC)c1OC
METHANESULFONIC ACID DODECYL ESTER,CCCCCCCCCCCCOS(C)(=O)=O
L-732138,CC(=O)N[C@@H](Cc1c[nH]c2ccccc12)C(=O)OCc1cc(C(F)(F)F)cc(C(F)(F)F)c1
AXL-1717,COc1cc([C@@H]2c3cc4c(cc3[C@H](O)[C@H]3COC(=O)[C@@H]23)OCO4)cc(OC)c1OC
AOOOOOC,C[C@H](N)C(=O)N[C@@H](CCCN)C(=O)N[C@@H](CCCN)C(=O)N[C@@H](CCCN)C(=O)N[C@@H](CCCN)C(=O)N[C@@H](CCCN)C(=O)N[C@@H](CS)C(=O)O
BETULIN,C=C(C)[C@@H]1CC[C@]2(CO)CC[C@]3(C)[C@H](CC[C@@H]4[C@@]5(C)CC[C@H](O)C(C)(C)[C@@H]5CC[C@]43C)[C@@H]12
DIHYDROBETULIN,CC(C)[C@@H]1CC[C@]2(CO)CC[C@]3(C)[C@H](CC[C@@H]4[C@@]5(C)CC[C@H](O)C(C)(C)[C@@H]5CC[C@]43C)[C@@H]12
DIMETHYL 4-NITROPHENYL PHOSPHATE,COP(=O)(OC)Oc1ccc([N+](=O)[O-])cc1
PHENYLSULFAMATE,NS(=O)(=O)Oc1ccccc1
ADIBENDAN,CC1(C)C(=O)Nc2cc3[nH]c(-c4ccncc4)nc3cc21
ACTISOMIDE,CC1=NC(=O)C(CCN(C(C)C)C(C)C)(c2ccccc2)C2CCCCN12
PURVALANOL B,CC(C)[C@H](CO)Nc1nc(Nc2ccc(C(=O)O)c(Cl)c2)c2ncn(C(C)C)c2n1
PURVALANOLA,CC(C)[C@H](CO)Nc1nc(Nc2cccc(Cl)c2)c2ncn(C(C)C)c2n1
5-FLUOROINDOLE-2-CARBOXYLIC ACID,O=C(O)c1cc2cc(F)ccc2[nH]1
PRENYLAMINE,CC(Cc1ccccc1)NCCC(c1ccccc1)c1ccccc1
SULFAMIC ACID HEPTYL ESTER,CCCCCCCOS(N)(=O)=O
OCTYL SULFAMATE,CCCCCCCCOS(N)(=O)=O
SULFAMIC ACID NONYL ESTER,CCCCCCCCCOS(N)(=O)=O
FRESELESTAT,CC(C)C(NC(=O)Cn1c(-c2ccccc2)ncc(N)c1=O)C(=O)c1nnc(C(C)(C)C)o1
BERGAPTEN,COc1c2ccoc2cc2oc(=O)ccc12
ZINGERONE,COc1cc(CCC(C)=O)ccc1O
FURAMIDINE,N=C(N)c1ccc(-c2ccc(-c3ccc(C(=N)N)cc3)o2)cc1
METHANESULFONIC ACID NONYL ESTER,CCCCCCCCCOS(C)(=O)=O
ETHINYL ESTRADIOL,C#C[C@]1(O)CC[C@H]2[C@@H]3CCc4cc(O)ccc4[C@H]3CC[C@@]21C
DALFAMPRIDINE,Nc1ccncc1
CURCUMIN,COc1cc(/C=C/C(=O)CC(=O)/C=C/c2ccc(O)c(OC)c2)ccc1O
AMINOPURVALANOL,CC(C)[C@H](CO)Nc1nc(Nc2cc(N)cc(Cl)c2)c2ncn(C(C)C)c2n1
OXACILLIN SODIUM SALT,Cc1onc(-c2ccccc2Cl)c1C(=O)N[C@@H]1C(=O)N2[C@@H]1SC(C)(C)[C@@H]2C(=O)[O-].[Na+]
GLYCERIN,OCC(O)CO
L-737126,NC(=O)c1[nH]c2ccc(Cl)cc2c1S(=O)(=O)c1ccccc1
SHOGAOL,CCCCC/C=C/C(=O)CCc1ccc(O)c(OC)c1
PHENETHYLCARBAMOYLPHOSPHONIC ACID,O=C(NCCc1ccccc1)P(=O)(O)O
p-NITROPHENYLPHOSPHATE,O=[N+]([O-])c1ccc(OP(=O)(O)O)cc1
(BENZYLAMINO)CARBONYLPHOSPHONIC ACID,O=C(NCc1ccccc1)P(=O)(O)O
DEHYDROACETIC ACID,CC(=O)C1C(=O)C=C(C)OC1=O
FOSFOSAL,O=C(O)c1ccccc1OP(=O)(O)O
TRIMETHADIONE,CN1C(=O)OC(C)(C)C1=O
ETHOSUXIMIDE,CCC1(C)CC(=O)NC1=O
PARATOULENE PHOSPHATE,CC(=O)N[C@@H](Cc1ccc(OP(=O)(O)O)cc1)C(=O)N[C@H]1CCCCN(Cc2ccc(-c3ccccc3)cc2)C1=O
KRM-7777,CCn1sc(=O)n(Cc2ccccc2)c1=O
ALPHA HYDROXY BENZYLPHOSPHONATE,O=P(O)(O)C(O)c1ccccc1
METHSUXIMIDE,CN1C(=O)CC(C)(c2ccccc2)C1=O
QUINOLINIC ACID,O=C(O)c1cccnc1C(=O)O
PIMOBENDAN,COc1ccc(-c2nc3cc(C4=NNC(=O)CC4C)ccc3[nH]2)cc1
PHENYL DIHYDROGEN PHOSPHATE,O=P(O)(O)Oc1ccccc1
LALANOSINE,NC(CN(O)N=O)C(=O)O
MONOCTANOIN COMPONENT C,CCCCCCCC(=O)OCC(CO)OC(=O)CCCCCCC
APROFENE,CCN(CC)CCOC(=O)C(C)(c1ccccc1)c1ccccc1
TETRACAINE,CCCCNc1ccc(C(=O)OCCN(C)C)cc1
ATEVIRDINE MESYLATE,CCNc1cccnc1N1CCN(C(=O)c2cc3cc(OC)ccc3[nH]2)CC1
SQ-34919,CC(C)=CCC/C(C)=C/CCCC(P(=O)(O)O)P(=O)(O)O
TABIMORELIN,CNC(=O)[C@@H](Cc1ccccc1)N(C)C(=O)[C@@H](Cc1ccc2ccccc2c1)N(C)C(=O)/C=C/CC(C)(C)N
DIZOCILPINE,C[C@]12N[C@H](Cc3ccccc31)c1ccccc12
TELOXANTRONE,CNCCNc1ccc2c3c(nn2CCNCCO)-c2c(O)ccc(O)c2C(=O)c13
BETAHISTINE,CNCCc1ccccn1
RO-320432,CN(C)C[C@H]1CCn2c(c(C3=C(c4cn(C)c5ccccc45)C(=O)NC3=O)c3ccccc32)C1
ETOFYLLINE,Cn1c(=O)c2c(ncn2CCO)n(C)c1=O
NITRACRINE,CN(C)CCCNc1c2ccccc2nc2cccc([N+](=O)[O-])c12
DERMORPHIN,C[C@@H](NC(=O)[C@@H](N)Cc1ccc(O)cc1)C(=O)N[C@@H](Cc1ccccc1)C(=O)NCC(=O)N[C@@H](Cc1ccc(O)cc1)C(=O)N1CCC[C@H]1C(=O)N[C@@H](CO)C(N)=O
7-CHLOROETHYLTHEOPHYLLINE,Cn1c(=O)c2c(ncn2CCCl)n(C)c1=O
DODECANOL,CCCCCCCCCCCCO
KOJIC ACID,O=c1cc(CO)occ1O
NONANOL,CCCCCCCCCO
OCTANOL,CCCCCCCCO
RAFABEGRON,C[C@H](Cc1c[nH]c2c(OCC(=O)O)cccc12)NC[C@H](O)c1cccc(Cl)c1
GERANIOL,CC(C)=CCC/C(C)=C/CO
SULFAPYRIDINE,Nc1ccc(S(=O)(=O)Nc2ccccn2)cc1
BACLOFEN,NCC(CC(=O)O)c1ccc(Cl)cc1
MIRIDESAP,O=C(O)[C@H]1CCCN1C(=O)CCCCC(=O)N1CCC[C@@H]1C(=O)O
RESORCINOL,Oc1cccc(O)c1
DL-PHENYLALANINE,NC(Cc1ccccc1)C(=O)O
DIPICOLINIC ACID,O=C(O)c1cccc(C(=O)O)n1
PIPERACILLIN,CCN1CCN(C(=O)N[C@@H](C(=O)N[C@@H]2C(=O)N3[C@@H]2SC(C)(C)[C@@H]3C(=O)O)c2ccccc2)C(=O)C1=O
SUXAMETHONIUM,C[N+](C)(C)CCOC(=O)CCC(=O)OCC[N+](C)(C)C
DECANOL,CCCCCCCCCCO
(R)-SKF-38393,Oc1cc2c(cc1O)[C@@H](c1ccccc1)CNCC2
ELLIPTINIUM ACETATE,CC(=O)[O-].Cc1c2cc[n+](C)cc2c(C)c2c1[nH]c1ccc(O)cc12
UNDECANOL,CCCCCCCCCCCO
FARNESOL,CC(C)=CCC/C(C)=C/CC/C(C)=C/CO
LINALOOL,C=CC(C)(O)CCC=C(C)C
NEROLIDOL,C=CC(C)(O)CC/C=C(\C)CCC=C(C)C
CETOSTEARYL ALCOHOL,CCCCCCCCCCCCCCCCCCO
MESALAMINE,Nc1ccc(O)c(C(=O)O)c1
ALITRETINOIN,CC1=C(/C=C/C(C)=C\C=C\C(C)=C\C(=O)O)C(C)(C)CCC1
TRIDECAN-1-OL,CCCCCCCCCCCCCO
CETYL ALCOHOL,CCCCCCCCCCCCCCCCO
MYRISTYL ALCOHOL,CCCCCCCCCCCCCCO
SILODOSIN,C[C@H](Cc1cc2c(c(C(N)=O)c1)N(CCCO)CC2)NCCOc1ccccc1OCC(F)(F)F
CHOLINE CHLORIDE,C[N+](C)(C)CCO.[Cl-]
DOXAZOSIN,COc1cc2nc(N3CCN(C(=O)C4COc5ccccc5O4)CC3)nc(N)c2cc1OC
AZAROLE,C1=CC(=Nn2cccc2)C=CC1=Nn1cccc1
INDORAMIN,O=C(NC1CCN(CCc2c[nH]c3ccccc23)CC1)c1ccccc1
URAPIDIL,COc1ccccc1N1CCN(CCCNc2cc(=O)n(C)c(=O)n2C)CC1
"DIBENZO[A,J]ANTHRACENE",c1ccc2c(c1)ccc1cc3ccc4ccccc4c3cc12
XESTOSPONGIN D,O[C@@]12CCCCCC[C@H]3CCN4CCC[C@H](CCCCCC[C@H]5CCN(CCC1)[C@@H]2O5)[C@H]4O3
VANDETANIB,COc1cc2/c(=N/c3ccc(Br)cc3F)nc[nH]c2cc1OCC1CCN(C)CC1
MINAPRINE,Cc1cc(-c2ccccc2)nnc1NCCN1CCOCC1
TAMIBAROTENE,CC1(C)CCC(C)(C)c2cc(NC(=O)c3ccc(C(=O)O)cc3)ccc21
ZD-4190 FREE BASE,COc1cc2c(Nc3ccc(Br)cc3F)ncnc2cc1OCCn1ccnn1
UPIDOSIN,COc1ccccc1N1CCN(CCCNC(=O)c2cccc3c(=O)c(C)c(-c4ccccc4)oc23)CC1
FUSARIC ACID,CCCCc1ccc(C(=O)O)nc1
TERRITREM B,COc1cc(-c2cc3c(c(=O)o2)C[C@]2(O)[C@@]4(C)C(=O)C=CC(C)(C)[C@]4(O)CC[C@@]2(C)O3)cc(OC)c1OC
ZIPRASIDONE,O=C1Cc2cc(CCN3CCN(c4nsc5ccccc45)CC3)c(Cl)cc2N1
ALFUZOSIN,COc1cc2nc(N(C)CCCNC(=O)C3CCCO3)nc(N)c2cc1OC
FINASTERIDE,CC(C)(C)NC(=O)[C@H]1CC[C@H]2[C@@H]3CC[C@H]4NC(=O)C=C[C@]4(C)[C@H]3CC[C@]12C
CYCLAZOSIN,COc1cc2nc(N3CCN(C(=O)c4ccco4)[C@H]4CCCC[C@H]43)nc(N)c2cc1OC
DIMETHYL SULFONE,CS(C)(=O)=O
PHENINDIONE,O=C1c2ccccc2C(=O)C1c1ccccc1
CLORINDIONE,O=C1c2ccccc2C(=O)C1c1ccc(Cl)cc1
RAGAGLITAZAR,CCO[C@@H](Cc1ccc(OCCN2c3ccccc3Oc3ccccc32)cc1)C(=O)O
ANISINDIONE,COc1ccc(C2C(=O)c3ccccc3C2=O)cc1
FLUINDIONE,O=C1c2ccccc2C(=O)C1c1ccc(F)cc1
TESAGLITAZAR,CCO[C@@H](Cc1ccc(OCCc2ccc(OS(C)(=O)=O)cc2)cc1)C(=O)O
PHENTYDRONE,O=C1C2=C(CCCC2)c2ccccc21
BP-897,COc1ccccc1N1CCN(CCCCNC(=O)c2ccc3ccccc3c2)CC1
BEXLOSTERIDE,CN1C(=O)CC[C@@H]2c3ccc(Cl)cc3CC[C@H]21
ENTECAVIR ANHYDROUS,C=C1[C@H](CO)[C@@H](O)C[C@@H]1n1cnc2c(=O)[nH]c(N)nc21
LAMIVUDINE,Nc1ccn([C@@H]2CS[C@H](CO)O2)c(=O)n1
QUISQUALATE,N[C@@H](Cn1oc(=O)[nH]c1=O)C(=O)O
ALBUTEROL,CC(C)(C)NCC(O)c1ccc(O)c(CO)c1
SCH-49999,CC[C@H](C)n1ncn(-c2ccc(N3CCN(c4ccc(OC[C@@H]5CO[C@@](Cn6cncn6)(c6ccc(F)cc6F)C5)cc4)CC3)cc2)c1=O
OLANZAPINE,Cc1cc2c(s1)Nc1ccccc1N=C2N1CCN(C)CC1
QUETIAPINE,OCCOCCN1CCN(C2=Nc3ccccc3Sc3ccccc32)CC1
ZOTEPINE,CN(C)CCOC1=Cc2ccccc2Sc2ccc(Cl)cc21
D-CAPTOPRIL,C[C@H](CS)C(=O)N1CCC[C@@H]1C(=O)O
MEDAZEPAM,CN1CCN=C(c2ccccc2)c2cc(Cl)ccc21
NAPITANE,c1ccc(C2CCN(CC3CCCc4c3ccc3c4OCO3)C2)cc1
NAFADOTRIDE,CCCCN1CCCC1CNC(=O)c1cc(C#N)c2ccccc2c1OC
DISOXARIL,Cc1cc(CCCCCCCOc2ccc(C3=NCCO3)cc2)on1
NAFOXIDINE,COc1ccc2c(c1)CCC(c1ccccc1)=C2c1ccc(OCCN2CCCC2)cc1
REL-ORMELOXIFENE,COc1ccc2c(c1)OC(C)(C)[C@H](c1ccccc1)[C@H]2c1ccc(OCCN2CCCC2)cc1
MEDROXYPROGESTERONE ACETATE,CC(=O)O[C@]1(C(C)=O)CC[C@H]2[C@@H]3C[C@H](C)C4=CC(=O)CC[C@]4(C)[C@H]3CC[C@@]21C
SULFOARECOLINE,COC(=O)C1=CCC[S+](C)C1
SPIROMUSTINE,O=C1NC2(CCCCC2)C(=O)N1CCN(CCCl)CCCl
"A-349,821",C[C@H]1CC[C@H](C)N1CCCOc1ccc(-c2ccc(C(=O)N3CCOCC3)cc2)cc1
ANHYDRORYANIDINE,C=C1CCC2(O)C3(OC4(O)C[C@]2(C)C2(O)[C@H](OC(=O)c5ccc[nH]5)C(O)(C(C)C)C4(C)C32O)[C@@H]1O
METHYLDOPA (RACEMIC),CC(N)(Cc1ccc(O)c(O)c1)C(=O)O
GLYCYLRYANODINE,CC1CCC2(O)C3(OC4(O)C[C@]2(C)C2(O)[C@H](OC(=O)c5ccc[nH]5)C(O)(C(C)C)C4(C)C32O)[C@@H]1OC(=O)CN
AMFENAC,Nc1c(CC(=O)O)cccc1C(=O)c1ccccc1
IODOANTIPYRINE,Cc1c(I)c(=O)n(-c2ccccc2)n1C
VANCOMYCIN AGLYCON,CN[C@H](CC(C)C)C(=O)N[C@H]1C(=O)N[C@@H](CC(N)=O)C(=O)N[C@H]2C(=O)N[C@H]3C(=O)N[C@H](C(=O)N[C@H](C(=O)O)c4cc(O)cc(O)c4-c4cc3ccc4O)[C@H](O)c3ccc(c(Cl)c3)Oc3cc2cc(c3O)Oc2ccc(cc2Cl)[C@H]1O
STANOLONE,C[C@]12CCC(=O)C[C@@H]1CC[C@@H]1[C@@H]2CC[C@]2(C)[C@@H](O)CC[C@@H]12
BROMPERIDOL,O=C(CCCN1CCC(O)(c2ccc(Br)cc2)CC1)c1ccc(F)cc1
INDOLACTUM,CC(C)[C@H]1C(=O)N[C@H](CO)Cc2c[nH]c3cccc(c23)N1C
SALICYL ALCOHOL,OCc1ccccc1O
QUESTIOMYCIN B,Nc1ccccc1O
M-XYLENE,Cc1cccc(C)c1
CATECHOL,Oc1ccccc1O
MUPIROCIN,C/C(=C\C(=O)OCCCCCCCCC(=O)O)C[C@@H]1OC[C@H](C[C@@H]2O[C@H]2[C@@H](C)[C@H](C)O)[C@@H](O)[C@H]1O
BENZENESULFONAMIDE,NS(=O)(=O)c1ccccc1
PROADIFEN,CCCC(C(=O)OCCN(CC)CC)(c1ccccc1)c1ccccc1
K-252A,COC(=O)[C@@]1(O)C[C@H]2O[C@]1(C)n1c3ccccc3c3c4c(c5c6ccccc6n2c5c31)C(=O)NC4
SALICYLAMIDE,NC(=O)c1ccccc1O
"2,6-DICHLOROPHENOL",Oc1c(Cl)cccc1Cl
BENZYL ALCOHOL,OCc1ccccc1
PROPYPHENAZONE,Cc1c(C(C)C)c(=O)n(-c2ccccc2)n1C
ELTOPRAZINE,c1cc2c(c(N3CCNCC3)c1)OCCO2
(E)-ISBOGREL,O=C(O)CCCC/C=C(\c1ccccc1)c1cccnc1
DAZMEGREL,Cc1c(Cn2ccnc2)c2ccccc2n1CCC(=O)O
DIOXADROL,c1ccc(C2(c3ccccc3)OCC(C3CCCCN3)O2)cc1
ACROLEIN,C=CC=O
TESMILIFENE,CCN(CC)CCOc1ccc(Cc2ccccc2)cc1
ZAMIFENACIN,c1ccc(C(O[C@@H]2CCCN(CCc3ccc4c(c3)OCO4)C2)c2ccccc2)cc1
PROPYNAL,C#CC=O
ENTINOSTAT,Nc1ccccc1NC(=O)c1ccc(CNC(=O)OCc2cccnc2)cc1
TIAZURIL,Cc1cc(-n2ncc(=O)[nH]c2=O)cc(C)c1Sc1ccc(Cl)cc1
A-86929,CCCc1cc2c(s1)CN[C@@H]1CCc3cc(O)c(O)cc3[C@@H]21
HYPERICIN,Cc1cc(O)c2c(=O)c3c(O)cc(O)c4c5c(O)cc(O)c6c(=O)c7c(O)cc(C)c8c1c2c(c34)c(c78)c65
DECUSSATIN,COc1cc(O)c2c(=O)c3c(OC)c(OC)ccc3oc2c1
ISAMOLTAN,CC(C)NCC(O)COc1ccccc1-n1cccc1
CELIPROLOL,CCN(CC)C(=O)Nc1ccc(OCC(O)CNC(C)(C)C)c(C(C)=O)c1
BUQUINERAN,CCCCNC(=O)NC1CCN(c2ncnc3cc(OC)c(OC)cc23)CC1
DIHYDREXIDINE,Oc1cc2c(cc1O)[C@H]1c3ccccc3CN[C@@H]1CC2
TERTATOLOL,CC(C)(C)NCC(O)COc1cccc2c1SCCC2
CARVEDILOL,COc1ccccc1OCCNCC(O)COc1cccc2[nH]c3ccccc3c12
2-PIPERAZIN-1-YL-PYRIMIDINE,c1cnc(N2CCNCC2)nc1
FLUPHENAZINE,OCCN1CCN(CCCN2c3ccccc3Sc3ccc(C(F)(F)F)cc32)CC1
THIOGUANOSINE,Nc1nc(=S)c2ncn([C@@H]3O[C@H](CO)[C@@H](O)[C@H]3O)c2[nH]1
THIOGUANINE,Nc1nc2[nH]cnc2c(=S)[nH]1
CHOLRPHENETHAZINE,CN(C)CCN1c2ccccc2Sc2ccc(Cl)cc21
SULFATROXAZOLE,Cc1onc(NS(=O)(=O)c2ccc(N)cc2)c1C
ARILDONE,CCC(=O)C(CCCCCCOc1ccc(OC)cc1Cl)C(=O)CC
PROGABIDE,NC(=O)CCC/N=C(\c1ccc(Cl)cc1)c1cc(F)ccc1O
SNAP (S-NITROSO-N-ACETYLPENICILLAMINE),CC(=O)NC(C(=O)O)C(C)(C)SN=O
IROSUSTAT,NS(=O)(=O)Oc1ccc2c3c(c(=O)oc2c1)CCCCC3
DITERCALINIUM CHLORIDE,COc1ccc2[nH]c3ccc4cc[n+](CCN5CCC(C6CCN(CC[n+]7ccc8ccc9[nH]c%10ccc(OC)cc%10c9c8c7)CC6)CC5)cc4c3c2c1.[Cl-].[Cl-]
CROCONAZOLE,C=C(c1ccccc1OCc1cccc(Cl)c1)n1ccnc1
CGP-20712A,Cn1cc(C(F)(F)F)nc1-c1ccc(OCC(O)CNCCOc2ccc(O)c(C(N)=O)c2)cc1
DILEVALOL,C[C@H](CCc1ccccc1)NC[C@H](O)c1ccc(O)c(C(N)=O)c1
PROCHLORPERAZINE,CN1CCN(CCCN2c3ccccc3Sc3ccc(Cl)cc32)CC1
LOPINAVIR,Cc1cccc(C)c1OCC(=O)N[C@@H](Cc1ccccc1)[C@@H](O)C[C@H](Cc1ccccc1)NC(=O)[C@H](C(C)C)N1CCCNC1=O
CHANGROLIN,Oc1c(CN2CCCC2)cc(Nc2ncnc3ccccc23)cc1CN1CCCC1
NITROGLYCERIN,O=[N+]([O-])OCC(CO[N+](=O)[O-])O[N+](=O)[O-]
4-HYDROXYCYCLOPHOSPHAMIDE,O=P1(N(CCCl)CCCl)NC(O)CCO1
MESCALINE,COc1cc(CCN)cc(OC)c1OC
7-ACETYLAMINOETHYL-AMINO-FLUOROQUINONE,CCn1cc(C(=O)O)c(=O)c2cc(F)c(NCCNC(C)=O)cc21
PLAUNOTOL,CC(C)=CCC/C(C)=C/CC/C(=C/CC/C(C)=C/CO)CO
ESPERAMYCIN A1,C=C(OC)C(=O)Nc1cc(OC)c(OC)cc1C(=O)OC1CC(O[C@H]2C(=O)C(NC(=O)OC)=C3C4=CC(/C=C\C#C[C@@]42O)[C@@H]3OC2OC(C)C(NOC3CC(O)C(SC)C(C)O3)C(O)C2OC2CC(OC)C(NC(C)C)CO2)OC(C)C1O
ALDOIFOSFAMIDE,O=P1(NCCCl)OCCC(O)N1CCCl
DPOC-4088,O=C(Cn1c(Cl)cnc(NCC(F)(F)c2ccccn2)c1=O)NCc1ncccc1F
PIPEMIDIC ACID,CCn1cc(C(=O)O)c(=O)c2cnc(N3CCNCC3)nc21
SINITRODIL,O=C1c2ccccc2OCN1CCO[N+](=O)[O-]
CAFFEIC ACID,O=C(O)/C=C/c1ccc(O)c(O)c1
ACETOHYDROXAMIC ACID,CC(=O)NO
CHRYSIN DIMETHYL ETHER,COc1cc(OC)c2c(=O)cc(-c3ccccc3)oc2c1
3-OXO-1-PIPERAZINYL-NORFLOXACIN,CCn1cc(C(=O)O)c(=O)c2cc(F)c(N3CCNC(=O)C3)cc21
BUTYL CAFFEATE,CCCCOC(=O)/C=C/c1ccc(O)c(O)c1
CINNAMIC ACID,O=C(O)/C=C/c1ccccc1
7-DESETHYL-NORFLOXACIN,CCn1cc(C(=O)O)c(=O)c2cc(F)c(NCCN)cc21
NICORANDIL,O=C(NCCO[N+](=O)[O-])c1cccnc1
BETA-NAPHTHOFLAVONE,O=c1cc(-c2ccccc2)oc2ccc3ccccc3c12
ALPHA-NAPHTHOFLAVONE,O=c1cc(-c2ccccc2)oc2c1ccc1ccccc12
PYRUVALDEHYDE BIS(THIOSEMICARBAZONE)(PTS),CC(/C=N/N=C(/N)S)=N\N=C(\N)S
DELTORPHIN,CC(C)[C@H](NC(=O)[C@H](CCC(=O)O)NC(=O)[C@H](Cc1ccccc1)NC(=O)[C@@H](C)NC(=O)[C@@H](N)Cc1ccc(O)cc1)C(=O)N[C@H](C(=O)NCC(=O)O)C(C)C
QUINALIZARIN,O=C1c2ccc(O)c(O)c2C(=O)c2c(O)ccc(O)c21
NALDIXIC ACID,CCn1cc(C(=O)O)c(=O)c2cc(F)c(C)cc21
7-AMINO-FLUOROQUINONE,CCn1cc(C(=O)O)c(=O)c2cc(F)c(N)cc21
ARACHIDONYL TRIFLUOROMETHYLKETONE,CCCCC/C=C\C/C=C\C/C=C\C/C=C\CCCC(=O)C(F)(F)F
MEBEVERINE,CCN(CCCCOC(=O)c1ccc(OC)c(OC)c1)C(C)Cc1ccc(OC)cc1
SPYSSDTTPA,C[C@H](NC(=O)[C@@H]1CCCN1C(=O)[C@@H](NC(=O)[C@@H](NC(=O)[C@H](CC(=O)O)NC(=O)[C@H](CO)NC(=O)[C@H](CO)NC(=O)[C@H](Cc1ccc(O)cc1)NC(=O)[C@@H]1CCCN1[C@@H](CO)C(=O)O)[C@@H](C)O)[C@@H](C)O)C(=O)O
DIBROMPROPAMIDINE,N=C(N)c1ccc(OCCCOc2ccc(C(=N)N)cc2Br)c(Br)c1
CATENARIN,Cc1cc(O)c2c(c1O)C(=O)c1cc(O)cc(O)c1C2=O
BISTRATAMIDE A,CC(C)[C@@H]1NC(=O)C2CSC(=N2)[C@H](Cc2ccccc2)NC(=O)C2CSC(=N2)[C@@H](C)NC(=O)[C@H]2N=C1O[C@@H]2C
THIOPENTAL SODIUM,CCCC(C)C1(CC)C(=O)[N-]C(=S)NC1=O.[Na+]
THYMOL,Cc1ccc(C(C)C)c(O)c1
CARVACROL,Cc1ccc(C(C)C)cc1O
BUTYLATED HYDROXYTOLUENE,Cc1cc(C(C)(C)C)c(O)c(C(C)(C)C)c1
METHOHEXITAL SODIUM,C=CCC1(C(C)C#CCC)C(=O)N=C([O-])N(C)C1=O.[Na+]
PYSSDTTPA,C[C@H](NC(=O)[C@@H]1CCCN1C(=O)[C@@H](NC(=O)[C@@H](NC(=O)[C@H](CC(=O)O)NC(=O)[C@H](CO)NC(=O)[C@H](CO)NC(=O)[C@H](Cc1ccc(O)cc1)NC(=O)[C@@H]1CCCN1)[C@@H](C)O)[C@@H](C)O)C(=O)O
4-N-ACETYL-1-PIPERAZINYL-NORFLOXACIN,CCn1cc(C(=O)O)c(=O)c2cc(F)c(N3CCN(C(C)=O)CC3)cc21
4-N-FORMYL-1-PIPERAZINYL-NORFLOXACIN,CCn1cc(C(=O)O)c(=O)c2cc(F)c(N3CCN(C=O)CC3)cc21
LOSULAZINE,O=C(c1ccc(Nc2ccnc3cc(C(F)(F)F)ccc23)cc1)N1CCN(S(=O)(=O)c2ccc(F)cc2)CC1
IRAMPANEL,CN(C)CCOc1ccccc1-c1nc(-c2ccccc2)no1
LAMOTRIGINE,Nc1nnc(-c2cccc(Cl)c2Cl)c(N)n1
ELPETRIGINE,Nc1cnc(-c2cc(Cl)cc(Cl)c2Cl)c(N)n1
FLUNARIZINE,Fc1ccc(C(c2ccc(F)cc2)N2CCN(C/C=C/c3ccccc3)CC2)cc1
BEMARINONE,COc1ccc2[nH]c(=O)nc(C)c2c1OC
KETAMINE,CNC1(c2ccccc2Cl)CCCCC1=O
REMACEMIDE,CC(Cc1ccccc1)(NC(=O)CN)c1ccccc1
CARBOXYLIC ACID METABOLITE OF CELECOXIB,NS(=O)(=O)c1ccc(-n2nc(C(F)(F)F)cc2-c2ccc(C(=O)O)cc2)cc1
SC-560,COc1ccc(-n2nc(C(F)(F)F)cc2-c2ccc(Cl)cc2)cc1
OXOLINIC ACID,CCn1cc(C(=O)O)c(=O)c2cc3c(cc21)OCO3
ENECADIN,Cc1nc(OCCCCCN2CCCCC2)cc(-c2ccc(F)cc2)n1
RILUZOLE,Nc1nc2ccc(OC(F)(F)F)cc2s1
D-ASPARTATE,N[C@H](CC(=O)O)C(=O)O
BISTRATAMIDE B,CC(C)[C@@H]1NC(=O)c2csc(n2)[C@H](Cc2ccccc2)NC(=O)C2CSC(=N2)[C@@H](C)NC(=O)[C@H]2N=C1O[C@@H]2C
DERACOXIB,COc1ccc(-c2cc(C(F)F)nn2-c2ccc(S(N)(=O)=O)cc2)cc1F
COLCHIFOLINE,COc1cc2c(c(OC)c1OC)-c1ccc(OC)c(=O)cc1[C@@H](NC(=O)CO)CC2
BISTRATENE A,C/C=C/C(=O)CC1CCC2(O)CC(C)C(CCCNC(=O)C(C)C3CNC(=O)CC(O1)C(C)CCCCC(CCC(C)/C=C(\C)C(C)O)O3)O2
BRYOSTATINS,CCC/C=C/C=C/C(=O)O[C@H]1/C(=C/C(=O)OC)C[C@H]2CC([C@@H](C)O)OC(=O)C[C@H](O)C[C@@H]3C[C@H](OC(C)=O)C(C)(C)[C@](O)(C[C@@H]4C/C(=C/C(=O)OC)C[C@H](/C=C/C(C)(C)[C@]1(O)O2)O4)O3
BISTRATENE B,C/C=C/C(=O)CC1CCC2(O)CC(C)C(CCCNC(=O)C(C)C3CNC(=O)CC(O1)C(C)CCCCC(CCC(C)/C=C(\C)C(C)OC(C)=O)O3)O2
APHIDICOLIN,C[C@@]1(CO)[C@H](O)CC[C@@]2(C)[C@H]1CC[C@H]1C[C@@H]3C[C@@]12CC[C@]3(O)CO
PRIMARY ALCOHOL METABOLITE OF CELECOXIB,NS(=O)(=O)c1ccc(-n2nc(C(F)(F)F)cc2-c2ccc(CO)cc2)cc1
ISOCHOLCHIFOLINE,COc1cc2c(c(OC)c1OC)-c1ccc(=O)c(OC)cc1[C@@H](NC(=O)CO)CC2
MAVACOXIB,NS(=O)(=O)c1ccc(-n2nc(C(F)(F)F)cc2-c2ccc(F)cc2)cc1
CHOLCHICIDE,COc1cc2c(c(OC)c1OC)-c1cccc(=O)cc1[C@@H](NC(C)=O)CC2
LOMERIZINE,COc1ccc(CN2CCN(C(c3ccc(F)cc3)c3ccc(F)cc3)CC2)c(OC)c1OC
NEDOCROMIL,CCCc1c2oc(C(=O)O)cc(=O)c2cc2c(=O)cc(C(=O)O)n(CC)c12
LUBELUZOLE,CN(c1nc2ccccc2s1)C1CCN(C[C@H](O)COc2ccc(F)c(F)c2)CC1
CYCLOGUANIL,CC1(C)N=C(N)N=C(N)N1c1ccc(Cl)cc1
FENARIMOL,OC(c1ccc(Cl)cc1)(c1cncnc1)c1ccccc1Cl
PRALIDOXIME CHLORIDE,C[n+]1ccccc1/C=N/O.[Cl-]
CGP-37849,C/C(=C\C(N)C(=O)O)CP(=O)(O)O
PLECONARIL,Cc1cc(CCCOc2c(C)cc(-c3noc(C(F)(F)F)n3)cc2C)on1
DIAMINOOCTANE,NCCCCCCCCN
BESIPIRDINE,CCCN(c1ccncc1)n1ccc2ccccc21
ESTRADIOL BENZOATE,C[C@]12CC[C@@H]3c4ccc(OC(=O)c5ccccc5)cc4CC[C@H]3[C@@H]1CC[C@@H]2O
ZONISAMIDE,NS(=O)(=O)Cc1noc2ccccc12
BULLATACINONE,CCCCCCCCCC[C@H](O)[C@H]1CC[C@H]([C@H]2CC[C@H]([C@H](O)CCCCCCCCCC[C@@H]3CC(CC(C)=O)C(=O)O3)O2)O1
ISBOGREL,O=C(O)CCCC/C=C(/c1ccccc1)c1cccnc1
INDOMYCIN,CNC1=NC(=O)[C@H]([C@H](C)c2c[nH]c3ccccc23)O1
REL-SQUAMOCIN-G,CCCCCCCCCC[C@H](O)[C@H]1CC[C@H]([C@H]2CC[C@H]([C@H](O)CCCCCCCCCC[C@@H](O)CC3=C[C@H](C)OC3=O)O2)O1
SIPATRIGINE,CN1CCN(c2ncc(-c3cc(Cl)cc(Cl)c3Cl)c(N)n2)CC1
ALKANNIN,CC(C)=CC[C@H](O)C1=CC(=O)c2c(O)ccc(O)c2C1=O
EDELFOSINE,CCCCCCCCCCCCCCCCCCOCC(COP(=O)([O-])OCC[N+](C)(C)C)OC
ZAPRINAST,CCCOc1ccccc1-c1nc2[nH]nnc2c(=O)[nH]1
(R)ZACOPRIDE,COc1cc(N)c(Cl)cc1C(=O)N[C@H]1CN2CCC1CC2
AMASTATIN,CC(C)C[C@@H](N)[C@H](O)C(=O)N[C@H](C(=O)N[C@H](C(=O)N[C@@H](CC(=O)O)C(=O)O)C(C)C)C(C)C
VAMICAMIDE,CC(CC(C(N)=O)(c1ccccc1)c1ccccn1)N(C)C
UBENIMEX,CC(C)C[C@H](NC(=O)[C@@H](O)[C@H](N)Cc1ccccc1)C(=O)O
TIVICICLOVIR,Nc1nc2c(ncn2CC(CO)CO)c(=O)[nH]1
E927A,NC(=O)/N=N/C(N)=O
AMFENAC SODIUM,Nc1c(CC(=O)[O-])cccc1C(=O)c1ccccc1.[Na+]
NORSPERMIDINE,NCCCNCCCN
ADENOSINE PHOSPHATE,Nc1ncnc2c1ncn2[C@@H]1O[C@H](COP(=O)(O)O)[C@@H](O)[C@H]1O
FAGARONINE,COc1cc2c(ccc3c4cc(OC)c(OC)cc4c[n+](C)c23)cc1O.[Cl-]
ELIPRODIL,OC(CN1CCC(Cc2ccc(F)cc2)CC1)c1ccc(Cl)cc1
BUTYL BORONIC ACID,CCCCB(O)O
"2,3,4,4'-TETRAMETHOXYBIPHENYL",COc1ccc(-c2ccc(OC)c(OC)c2OC)cc1
SULMAZOLE,COc1cc([S+](C)[O-])ccc1-c1nc2cccnc2[nH]1
ILMOFOSINE,CCCCCCCCCCCCCCCCSCC(COC)COP(=O)([O-])OCC[N+](C)(C)C
DEZAGUANINE,Nc1cc2[nH]cnc2c(=O)[nH]1
PHENOXYBENZAMINE,CC(COc1ccccc1)N(CCCl)Cc1ccccc1
PRONAMIDE,C#CC(C)(C)NC(=O)c1cc(Cl)cc(Cl)c1
TRIFLURALIN,CCCN(CCC)c1c([N+](=O)[O-])cc(C(F)(F)F)cc1[N+](=O)[O-]
SANDOSTATIN,C[C@@H](O)[C@@H](CO)NC(=O)[C@H]1CSS[C@H](NC(=O)[C@@H](N)Cc2ccccc2)C(=O)N[C@@H](Cc2ccccc2)C(=O)N[C@H](Cc2c[nH]c3ccccc23)C(=O)N[C@@H](CCCCN)C(=O)N[C@H]([C@@H](C)O)C(=O)N1
ENVIROXIME,CC(C)S(=O)(=O)n1c(N)nc2ccc(/C(=N/O)c3ccccc3)cc21
BIZELESIN,Cc1c[nH]c2c(O)cc3c(c12)[C@H](CCl)CN3C(=O)c1cc2cc(NC(=O)Nc3ccc4[nH]c(C(=O)N5C[C@@H](CCl)c6c5cc(O)c5[nH]cc(C)c65)cc4c3)ccc2[nH]1
CETABEN,CCCCCCCCCCCCCCCCNc1ccc(C(=O)O)cc1
FOSCARNET SODIUM,O=C([O-])P(=O)([O-])[O-].[Na+].[Na+].[Na+]
HEPT,Cc1c(Sc2ccccc2)n(COCCO)c(=O)[nH]c1=O
COFORMYCIN,OC[C@H]1O[C@@H](n2cnc3c2N=CNC[C@H]3O)[C@H](O)[C@@H]1O
4'-DEMETHYLEPIPODOPHYLLOTOXIN,COc1cc([C@@H]2c3cc4c(cc3[C@@H](O)[C@H]3COC(=O)[C@H]23)OCO4)cc(OC)c1O
CANERTINIB,C=CC(=O)Nc1cc2c(Nc3ccc(F)c(Cl)c3)ncnc2cc1OCCCN1CCOCC1
TEPROTIDE,CC[C@H](C)[C@H](NC(=O)[C@H](CCC(N)=O)NC(=O)[C@@H]1CCCN1C(=O)[C@H](CCCNC(=N)N)NC(=O)[C@@H]1CCCN1C(=O)[C@H](Cc1c[nH]c2ccccc12)NC(=O)[C@@H]1CCC(=O)N1)C(=O)N1CCC[C@H]1C(=O)N1CCC[C@H]1C(=O)O
DEXFADROSTAT,N#Cc1ccc([C@H]2CCCc3cncn32)cc1
NANDROLONE,C[C@]12CC[C@H]3[C@@H](CCC4=CC(=O)CC[C@@H]43)[C@@H]1CC[C@@H]2O
MITOZOLOMIDE,NC(=O)c1ncn2c(=O)n(CCCl)nnc12
"WAY-100,635",COc1ccccc1N1CCN(CCN(C(=O)C2CCCCC2)c2ccccn2)CC1
CETABEN SODIUM,CCCCCCCCCCCCCCCCNc1ccc(C(=O)[O-])cc1.[Na+]
PHENYL BUTYL BORINIC ACID,CCCCB(O)c1ccccc1
ANAGRELIDE,O=C1CN2Cc3c(ccc(Cl)c3Cl)N=C2N1
ELINAFIDE,O=C1c2cccc3cccc(c23)C(=O)N1CCNCCCNCCN1C(=O)c2cccc3cccc(c23)C1=O
CORYNANTHEINE,COC(=O)[C@H]1[C@H]2C[C@H]3c4[nH]c5ccccc5c4CCN3C[C@@H]2CC[C@@H]1O
MORIN,O=c1c(O)c(-c2ccc(O)cc2O)oc2cc(O)cc(O)c12
METHOCTRAMINE,COc1ccccc1CNCCCCCCNCCCCCCCCNCCCCCCNCc1ccccc1OC
NAPHAZOLINE,c1ccc2c(CC3=NCCN3)cccc2c1
BRIVUDINE,O=c1[nH]c(=O)n([C@H]2C[C@H](O)[C@@H](CO)O2)cc1/C=C/Br
PIPEROXAN,c1ccc2c(c1)OCC(CN1CCCCC1)O2
OXYMETAZOLINE,Cc1cc(C(C)(C)C)c(O)c(C)c1CC1=NCCN1
BRODIMOPRIM,COc1cc(Cc2cnc(N)nc2N)cc(OC)c1Br
TETROXOPRIM,COCCOc1c(OC)cc(Cc2cnc(N)nc2N)cc1OC
TRAMAZOLINE,c1cc2c(c(NC3=NCCN3)c1)CCCC2
CLOFILIUM PHOSPHATE,CCCCCCC[N+](CC)(CC)CCCCc1ccc(Cl)cc1.O=P([O-])(O)O
ACETIC ACID BUTYL ESTER,CCCCOC(C)=O
CYCLOHEXANOL,OC1CCCCC1
MALTOL,Cc1occc(=O)c1O
CYCLOOCTENE,C1=C\CCCCCC/1
RALOXIFENE CORE,Oc1ccc(-c2cc3ccc(O)cc3s2)cc1
GW282974X,CN(C)c1cc2c(Nc3ccc4c(cnn4Cc4ccccc4)c3)ncnc2cn1
ANDROSTENEDIOL,C[C@]12CC[C@H]3[C@@H](CC=C4C[C@@H](O)CC[C@@]43C)[C@@H]1CC[C@@H]2O
DEOXYLAPACHOL,CC(C)=CCC1=CC(=O)c2ccccc2C1=O
STYRENE,C=Cc1ccccc1
PROPYLENE GLYCOL,CC(O)CO
BUTOXYETHANOL,CCCCOCCO
REMIKIREN,CC(C)(C)S(=O)(=O)C[C@@H](Cc1ccccc1)C(=O)N[C@@H](Cc1c[nH]cn1)C(=O)N[C@@H](CC1CCCCC1)[C@@H](O)[C@@H](O)C1CC1
FISETIN,O=c1c(O)c(-c2ccc(O)c(O)c2)oc2cc(O)ccc12
DIMEBUTIC ACID,CCC(C)(C)C(=O)O
METHYL ISOBUTYL KETONE,CC(=O)CC(C)C
P-XYLENE,Cc1ccc(C)cc1
NORDEFRIN,CC(N)C(O)c1ccc(O)c(O)c1
S-FADROZOLE,N#Cc1ccc([C@@H]2CCCc3cncn32)cc1
GUANETHIDINE,N=C(N)NCCN1CCCCCCC1
EPICORTICOSTERONE,C[C@]12C[C@@H](O)[C@H]3[C@@H](CCC4=CC(=O)CC[C@@]43C)[C@@H]1CC[C@@H]2C(=O)CO
CILASTATIN,CC1(C)C[C@@H]1C(=O)N/C(=C\CCCCSC[C@H](N)C(=O)O)C(=O)O
DODECANE,CCCCCCCCCCCC
ESMOLOL,COC(=O)CCc1ccc(OCC(O)CNC(C)C)cc1
4-(2-HYDROXY-3-ISOPROPYL-AMINOPROPOXY)BENZOIC ACID,CC(C)NCC(O)COc1ccc(C(=O)O)cc1
METHYLCYCLOPENTANE,CC1CCCC1
TETRAHYDROBENXIMIDAZOLE,CC1CC(=O)NN=C1c1ccc(-n2cnc3c2CCCC3)cc1
TOLAZOLINE,c1ccc(CC2=NCCN2)cc1
BIAPENEM,C[C@@H](O)[C@H]1C(=O)N2C(C(=O)[O-])=C(SC3Cn4cnc[n+]4C3)[C@H](C)[C@H]12
CHICORIC ACID,O=C(/C=C/c1ccc(O)c(O)c1)O[C@H](C(=O)O)[C@H](OC(=O)/C=C/c1ccc(O)c(O)c1)C(=O)O
BENZO[DEF]CHRYSENE,c1ccc2c(c1)cc1ccc3cccc4ccc2c1c34
CYCLOSERINE,N[C@@H]1CONC1=O
CICHORIC ACID,O=C(/C=C/c1ccc(O)c(O)c1)O[C@@H](C(=O)O)[C@@H](OC(=O)/C=C/c1ccc(O)c(O)c1)C(=O)O
"2,3,7,8-TETRACHLORODIBENZO-P-DIOXIN",Clc1cc2c(cc1Cl)Oc1cc(Cl)c(Cl)cc1O2
(D)-SERINE,N[C@H](CO)C(=O)O
IMIPENEM ANHYDROUS,C[C@@H](O)[C@H]1C(=O)N2C(C(=O)O)=C(SCCNC=N)C[C@H]12
RESERPINE,COC(=O)[C@H]1[C@H]2C[C@@H]3c4[nH]c5cc(OC)ccc5c4CCN3C[C@H]2C[C@@H](OC(=O)c2cc(OC)c(OC)c(OC)c2)[C@@H]1OC
GLYCINE,NCC(=O)O
SPIROGLUMIDE,O=C(O)CC[C@@H](NC(=O)c1cc(Cl)cc(Cl)c1)C(=O)N1CCC2(CCCC2)CC1
DICHLOROISOPROTERENOL,CC(C)NCC(O)c1ccc(Cl)c(Cl)c1
OXILOFRINE,CNC(C)C(O)c1ccc(O)cc1
DEOXIEPINEPHRINE,CNCCc1ccc(O)c(O)c1
NORMETANEPHRINE,COc1cc(C(O)CN)ccc1O
SOTERENOL,CC(C)NCC(O)c1ccc(O)c(NS(C)(=O)=O)c1
METANEPHRINE,CNCC(O)c1ccc(O)c(OC)c1
IBOTENIC ACID,N[C@H](C(=O)O)c1cc(O)no1
COUMESTROL,O=c1oc2cc(O)ccc2c2oc3cc(O)ccc3c12
DEXFOSFOSERINE,N[C@@H](COP(=O)(O)O)C(=O)O
ELMUSTINE,O=NN(CCCl)C(=O)NCCO
ZARAGOZIC ACIDS A,C=C(CC[C@]12O[C@H](C(=O)O)[C@@](O)(C(=O)O)[C@](C(=O)O)(O1)[C@H](OC(=O)/C=C/[C@@H](C)C[C@@H](C)CC)[C@H]2O)[C@@H](OC(C)=O)[C@H](C)Cc1ccccc1
METAPROTERENOL,CC(C)NCC(O)c1cc(O)cc(O)c1
OXEDRINE,CNCC(O)c1ccc(O)cc1
ETHYLNOREPINEPHRINE,CCC(N)C(O)c1ccc(O)c(O)c1
PIPERENONE,C=CCC1=C[C@]2(OC)[C@H](C)[C@@H](c3ccc(OC)c(OC)c3)O[C@]2(OC)CC1=O
CLAVULANIC ACID,O=C(O)[C@H]1/C(=C/CO)O[C@@H]2CC(=O)N21
FANTOFARONE,COc1ccc(CCN(C)CCCOc2ccc(S(=O)(=O)c3c(C(C)C)cn4ccccc34)cc2)cc1OC
DEXMEDETOMIDINE,Cc1cccc([C@H](C)c2c[nH]cn2)c1C
TADALAFIL,CN1CC(=O)N2[C@H](c3ccc4c(c3)OCO4)c3[nH]c4ccccc4c3C[C@@H]2C1=O
BEFLOXATONE,COC[C@H]1CN(c2ccc(OCC[C@@H](O)C(F)(F)F)cc2)C(=O)O1
ANACARDIC ACID,CCCCCCCCCCCCCCCc1cccc(O)c1C(=O)O
OBIDOXIME CHLORIDE,O/N=C/c1cc[n+](COC[n+]2ccc(/C=N/O)cc2)cc1.[Cl-].[Cl-]
SAPPHYRIN,CCc1c(CC)c2cc3nc(cc4[nH]c(c(C)c4CC)c4[nH]c(cc5nc(cc1[nH]2)C(CCC(=O)N(CCO)CCO)=C5C)c(CC)c4C)C(C)=C3CCC(=O)N(CCO)CCO
BUTORPHANOL,Oc1ccc2c(c1)[C@@]13CCCC[C@@]1(O)[C@@H](C2)N(CC1CCC1)CC3
IODOMELATONIN,COc1ccc2[nH]c(I)c(CCNC(C)=O)c2c1
ACETYLSEROTONIN,CC(=O)NCCc1c[nH]c2ccc(O)cc12
AMSILAROTENE,C[Si](C)(C)c1cc(C(=O)Nc2ccc(C(=O)O)cc2)cc([Si](C)(C)C)c1
IBROLIPIM,CCOP(=O)(Cc1ccc(C(=O)Nc2ccc(Br)cc2C#N)cc1)OCC
EPTASTIGMINE,CCCCCCCNC(=O)Oc1ccc2c(c1)[C@]1(C)CCN(C)[C@@H]1N2C
ISOXEPAC,O=C(O)Cc1ccc2c(c1)C(=O)c1ccccc1CO2
AZAPROPHEN,CN1CC2CC(OC(=O)C(C)(c3ccccc3)c3ccccc3)CC1C2
PENTETIC ACID,O=C(O)CN(CCN(CC(=O)O)CC(=O)O)CCN(CC(=O)O)CC(=O)O
RO-54864,CN1C(=O)CN=C(c2ccc(Cl)cc2)c2cc(Cl)ccc21
NB-ACETYLTRYPTAMINE,CC(=O)NCCc1c[nH]c2ccccc12
BERLEX COMPOUND,N#CC(CCCN1CCC(O)(c2ccc(Cl)cc2)CC1)(c1ccccc1)c1ccccc1
MAZINDOL,OC1(c2ccc(Cl)cc2)c2ccccc2C2=NCCN21
ACETIC ACID PENTADECYLCARBAMOYLMETHYL ESTER,CCCCCCCCCCCCCCCNC(=O)COC(C)=O
2'-HYDROXYCHALCONE,O=C(/C=C/c1ccccc1)c1ccccc1O
5-AMINOVALERIC ACID,NCCCCC(=O)O
BROMOPHENE,Oc1c(Br)cc(Br)cc1-c1cc(Br)cc(Br)c1O
HEXADECANOIC ACID ALLYLAMIDE,C=CCNC(=O)CCCCCCCCCCCCCCC
HEXADECANOIC ACID PHENYLAMIDE,CCCCCCCCCCCCCCCC(=O)Nc1ccccc1
DICHLOROPHEN,Oc1ccc(Cl)cc1Cc1cc(Cl)ccc1O
ZINDOXIFENE,CCn1c(-c2ccc(OC(C)=O)cc2)c(C)c2cc(OC(C)=O)ccc21
HEXADECANOIC ACID DIETHYLAMIDE,CCCCCCCCCCCCCCCC(=O)N(CC)CC
HEXADECANOIC ACID DIMETHYLAMIDE,CCCCCCCCCCCCCCCC(=O)N(C)C
BITHIONOL,Oc1c(Cl)cc(Cl)cc1Sc1cc(Cl)cc(Cl)c1O
SHIKIMIC ACID,O=C(O)C1=C[C@@H](O)[C@@H](O)[C@H](O)C1
HOMOHYPOTAURINE,NCCCS(=O)O
TOLBUTAMIDE,CCCCNC(=O)NS(=O)(=O)c1ccc(C)cc1
NATEGLINIDE,CC(C)[C@H]1CC[C@H](C(=O)N[C@H](Cc2ccccc2)C(=O)O)CC1
4'-METHOXYCHALCONE,COc1ccc(C(=O)/C=C/c2ccccc2)cc1
LUZINDOLE,CC(=O)NCCc1c(Cc2ccccc2)[nH]c2ccccc12
MIFOBATE,COP(=O)(OC)OC(c1ccc(Cl)cc1)P(=O)(OC)OC
KAEMPFEROL,O=c1c(O)c(-c2ccc(O)cc2)oc2cc(O)cc(O)c12
HEXADECANOIC ACID CYCLOPROPYLAMIDE,CCCCCCCCCCCCCCCC(=O)NC1CC1
"3',4'-DIMETHOXYCHALCONE",COc1ccc(C(=O)/C=C/c2ccccc2)cc1OC
N-(3-HYDROXYPROPYL)PALMITAMIDE,CCCCCCCCCCCCCCCC(=O)NCCCO
"LIPOIC ACID, ALPHA",O=C(O)CCCCC1CCSS1
CHLOROGENIC ACID,O=C(/C=C/c1ccc(O)c(O)c1)O[C@@H]1C[C@](O)(C(=O)O)C[C@@H](O)[C@H]1O
PIRLINDOLE,Cc1ccc2c(c1)c1c3n2CCNC3CCC1
IMIDAZOLE ACETIC ACID,O=C(O)Cc1c[nH]cn1
BROTIZOLAM,Cc1nnc2n1-c1sc(Br)cc1C(c1ccccc1Cl)=NC2
GABAZINE,COc1ccc(-c2ccc(=N)n(CCCC(=O)O)n2)cc1
HEXADECANOIC ACID ISOPROPYLAMIDE,CCCCCCCCCCCCCCCC(=O)NC(C)C
LUTEOLIN,O=c1cc(-c2ccc(O)c(O)c2)oc2cc(O)cc(O)c12
CHLOROGENIC ACID METHYL ESTER,COC(=O)[C@]1(O)C[C@@H](O)[C@@H](O)[C@H](OC(=O)/C=C/c2ccc(O)c(O)c2)C1
PALMIDROL,CCCCCCCCCCCCCCCC(=O)NCCO
PALMITAMIDE,CCCCCCCCCCCCCCCC(N)=O
N-ETHYLPALMITAMIDE,CCCCCCCCCCCCCCCC(=O)NCC
ACRONINE,COc1cc2c(c3c1c(=O)c1ccccc1n3C)C=CC(C)(C)O2
TAMOXIFEN CITRATE,CC/C(=C(\c1ccccc1)c1ccc(OCCN(C)C)cc1)c1ccccc1.O=C(O)CC(O)(CC(=O)O)C(=O)O
FERULATE,COc1cc(/C=C/C(=O)O)ccc1O
ETHYL FERULATE,CCOC(=O)/C=C/c1ccc(O)c(OC)c1
MONTELUKAST,CC(C)(O)c1ccccc1CC[C@@H](SCC1(CC(=O)O)CC1)c1cccc(/C=C/c2ccc3ccc(Cl)cc3n2)c1
t-4-AMINOCROTONIC ACID (TACA),NC/C=C/C(=O)O
"4,2',4',6'-TETRAMETHOXYCHALCONE",COc1ccc(/C=C/C(=O)c2c(OC)cc(OC)cc2OC)cc1
HEXADECANOIC ACID CYCLOHEXYLAMIDE,CCCCCCCCCCCCCCCC(=O)NC1CCCCC1
TRIMEDOXIME,O/N=C/c1cc[n+](CCC[n+]2ccc(/C=N/O)cc2)cc1
HEXADECANOIC ACID CYCLOPENTYLAMIDE,CCCCCCCCCCCCCCCC(=O)NC1CCCC1
CARZELESIN,CCN(CC)c1ccc2cc(C(=O)Nc3ccc4[nH]c(C(=O)N5C[C@@H](CCl)c6c5cc(OC(=O)Nc5ccccc5)c5[nH]cc(C)c65)cc4c3)oc2c1
HOMIDIUM BROMIDE,CC[n+]1c(-c2ccccc2)c2cc(N)ccc2c2ccc(N)cc21.[Br-]
3-DEAZANEPLANOCIN A,Nc1nccc2c1ncn2C1C=C(CO)C(O)C1O
IDOXURIDINE,O=c1[nH]c(=O)n([C@H]2C[C@H](O)[C@@H](CO)O2)cc1I
SILYBIN A,COc1cc([C@H]2Oc3cc([C@H]4Oc5cc(O)cc(O)c5C(=O)[C@@H]4O)ccc3O[C@@H]2CO)ccc1O
ISOPROTHIOLANE,CC(C)OC(=O)C(C(=O)OC(C)C)=C1SCCS1
SELENAZOLE,c1c[se]cn1
CDP840,COc1ccc([C@H](Cc2ccncc2)c2ccccc2)cc1OC1CCCC1
HEXADECANOIC ACID BUTYLAMIDE,CCCCCCCCCCCCCCCC(=O)NCCCC
PIBROZELESIN,COC(=O)c1c(C)[nH]c2c(OC(=O)N3CCN(C)CC3)cc3c(c12)[C@H](CBr)CN3C(=O)c1cc2cc(OC)c(OC)c(OC)c2[nH]1
HEXADECANOIC ACID PROPYLAMIDE,CCCCCCCCCCCCCCCC(=O)NCCC
HEXADECANOIC ACID METHYLAMIDE,CCCCCCCCCCCCCCCC(=O)NC
RATHYRONINE,NC(Cc1cc(I)c(Oc2ccc(O)c(I)c2)c(I)c1)C(=O)O
ADOZELESIN,Cc1c[nH]c2c1[C@@]13C[C@@H]1CN(C(=O)c1cc4cc(NC(=O)c5cc6ccccc6o5)ccc4[nH]1)C3=CC2=O
3-BENZYL-8-PHENYL-3-AZA-BICYCLO[3.2.1]OCTANE (STEREOISOMERIC MIX),c1ccc(CN2CC3CCC(C2)C3c2ccccc2)cc1
RAFOXANIDE,O=C(Nc1ccc(Oc2ccc(Cl)cc2)c(Cl)c1)c1cc(I)cc(I)c1O
MITOMYCIN H,C=C1C2=C(C(=O)C(C)=C(OC)C2=O)N2C[C@H]3[C@H](N3C)[C@]12O
E-COMBRETASTATIN A-4,COc1ccc(/C=C/c2cc(OC)c(OC)c(OC)c2)cc1O
COMBRETASTATIN A-1,COc1ccc(/C=C\c2cc(OC)c(OC)c(OC)c2)c(O)c1O
TREQUINSIN,COc1cc2c(cc1OC)-c1c/c(=N\c3c(C)cc(C)cc3C)n(C)c(=O)n1CC2
SCHIZOSTATIN Z,CC(C)=CCC/C(C)=C/CC/C(C)=C/CC/C(=C/C(=O)O)C(=O)O
ARTEMINOLIDE,C=C1C(=O)O[C@@H]2[C@H]3C[C@@]4(C)C=CC3(CC43C(=O)O[C@@H]4C5C(C)=CC(=O)C5=C(C)C[C@H](CC(=O)CC(C)C)C43)[C@](C)(O)CC[C@@H]12
AMFONELIC ACID,CCn1cc(C(=O)O)c(=O)c2ccc(Cc3ccccc3)nc21
DICLOFENSINE,COc1ccc2c(c1)CN(C)CC2c1ccc(Cl)c(Cl)c1
NOVOBIOCIN,CO[C@@H]1[C@@H](OC(N)=O)[C@@H](O)[C@H](Oc2ccc3c(O)c(NC(=O)c4ccc(O)c(CC=C(C)C)c4)c(=O)oc3c2C)OC1(C)C
CIDOFOVIR ANHYDROUS,Nc1ccn(C[C@@H](CO)OCP(=O)(O)O)c(=O)n1
MITOMYCIN G,C=C1C2=C(C(=O)C(C)=C(OC)C2=O)N2C[C@H]3[C@H](N3C)[C@]12OC
[LEU5]ENKEPHALIN,CC(C)C[C@H](NC(=O)[C@H](Cc1ccccc1)NC(=O)CNC(=O)CNC(=O)[C@@H](N)Cc1ccc(O)cc1)C(N)=O
CHLORHEXIDINE,N=C(NCCCCCCNC(=N)NC(=N)Nc1ccc(Cl)cc1)NC(=N)Nc1ccc(Cl)cc1
MITOMYCIN Z,C=C1C2=C(C(=O)C(C)=C(N)C2=O)N2C[C@H]3[C@H](N3C)[C@]12O
FUMAGILLIN,CO[C@@H]1[C@H](OC(=O)/C=C/C=C/C=C/C=C/C(=O)O)CC[C@]2(CO2)[C@H]1[C@@]1(C)O[C@@H]1CC=C(C)C
MITOMYCIN K,C=C1C2=C(C(=O)C(C)=C(N)C2=O)N2C[C@H]3[C@H](N3C)[C@]12OC
ALFATRADIOL,C[C@]12CC[C@@H]3c4ccc(O)cc4CC[C@H]3[C@@H]1CC[C@H]2O
DIMINAZENE,N=C(N)c1ccc(/N=N/Nc2ccc(C(=N)N)cc2)cc1
FUSIDIENOL,COC(=O)C1=CC(CO)=COc2oc3cccc(O)c3c(=O)c21
ACETURIC ACID,CC(=O)NCC(=O)O
FENOTEROL,CC(Cc1ccc(O)cc1)NCC(O)c1cc(O)cc(O)c1
OCTENIDINE HYDROCHLORIDE,CCCCCCCCN=c1ccn(CCCCCCCCCCn2ccc(=NCCCCCCCC)cc2)cc1.Cl.Cl
NIKKOMYCIN,C[C@@H]([C@H](N)C(=O)N[C@H](C(=O)O)[C@H]1O[C@@H](n2ccc(=O)[nH]c2=O)[C@H](O)[C@@H]1O)[C@H](O)c1ccc(O)cn1
L-690330,CC(Oc1ccc(O)cc1)(P(=O)(O)O)P(=O)(O)O
URIC ACID,Oc1nc(O)c2nc(O)[nH]c2n1
ILX23-7553,C=C1/C(=C\C=C2/CCC[C@]3(C)C([C@H](C)CC#CC(C)(C)O)=CC[C@@H]23)C[C@@H](O)C[C@@H]1O
TROLOX,Cc1c(C)c2c(c(C)c1O)CCC(C)(C(=O)O)O2
IPROZILAMINE,CSc1c(Cl)nc(NC(C)C)nc1N1CCN(C)CC1
THIAMIPRINE,Cn1cnc([N+](=O)[O-])c1Sc1nc(N)nc2[nH]cnc12
CALYCOPTERONE,COC1=C(OC)[C@@]2(OC)c3c(O)c(OC)c4c(c3O[C@@]23O[C@@H](c2ccccc2)CC=C3C1=O)[C@@H](OC)C[C@H](c1ccccc1)O4
ISOCALYCOPTERONE,COC1=C(OC)[C@@]2(OC)c3c(OC)c(OC)c4c(c3O[C@@]23O[C@@H](c2ccccc2)CC=C3C1=O)[C@@H](OC)C[C@H](c1ccccc1)O4
EMIVIRINE,CCOCn1c(Cc2ccccc2)c(C(C)C)c(=O)[nH]c1=O
METHYLPHENIDATE,COC(=O)C(c1ccccc1)C1CCCCN1
ESTAZOLAM,Clc1ccc2c(c1)C(c1ccccc1)=NCc1nncn1-2
PHENSUXIMIDE,CN1C(=O)CC(c2ccccc2)C1=O
LORZAFONE ANHYDROUS,CN(C(=O)CNC(=O)CN)c1ccc(Cl)cc1C(=O)c1ccccc1Cl
METHOTREXATE,CN(Cc1cnc2nc(N)nc(N)c2n1)c1ccc(C(=O)N[C@@H](CCC(=O)O)C(=O)O)cc1
SKF-38393,Oc1cc2c(cc1O)C(c1ccccc1)CNCC2
LOMETREXOL,Nc1nc2c(c(=O)[nH]1)C[C@@H](CCc1ccc(C(=O)N[C@@H](CCC(=O)O)C(=O)O)cc1)CN2
CHRYSOSPLENOL B,COc1cc(-c2oc3cc(OC)c(OC)c(O)c3c(=O)c2OC)ccc1O
CERONAPRIL,NCCCC[C@H](OP(=O)(O)CCCCc1ccccc1)C(=O)N1CCC[C@H]1C(=O)O
GEPIRONE,CC1(C)CC(=O)N(CCCCN2CCN(c3ncccn3)CC2)C(=O)C1
GENACONAZOLE,C[C@H]([C@](O)(Cn1cncn1)c1ccc(F)cc1F)S(C)(=O)=O
CILOSTAMIDE,CN(C(=O)CCCOc1ccc2[nH]c(=O)ccc2c1)C1CCCCC1
CILOSTAZOL,O=C1CCc2cc(OCCCCc3nnnn3C3CCCCC3)ccc2N1
ROTTLERIN,CC(=O)c1c(O)c(C)c(O)c(Cc2c(O)c3c(c(C(=O)/C=C/c4ccccc4)c2O)OC(C)(C)C=C3)c1O
K-134,O=C(NCCCOc1ccc2[nH]c(=O)ccc2c1)N(C1CC1)[C@@H]1CCCC[C@H]1O
CLOFURAC,O=C1Cc2cc(Cl)c(C3CCCCC3)cc2O1
DIAZIQUONE,CCOC(=O)NC1=C(N2CC2)C(=O)C(NC(=O)OCC)=C(N2CC2)C1=O
PENTAQUINE,COc1cc(NCCCCCNC(C)C)c2ncccc2c1
S-ADENOSYLHOMOCYSTEINE,Nc1ncnc2c1ncn2[C@@H]1O[C@H](CSCC[C@H](N)C(=O)O)[C@@H](O)[C@H]1O
FASUDIL,O=S(=O)(c1cccc2cnccc12)N1CCCNCC1
DIHYDRALAZINE,N/N=c1\[nH][nH]/c(=N\N)c2ccccc12
DEFERITRIN,C[C@]1(C(=O)O)CSC(c2ccc(O)cc2O)=N1
OLODANRIGAN,COc1ccc2c(c1OCc1ccccc1)C[C@@H](C(=O)O)N(C(=O)C(c1ccccc1)c1ccccc1)C2
INDOLIDAN,CC1(C)C(=O)Nc2ccc(C3=NNC(=O)CC3)cc21
PYRONARIDINE,COc1ccc2nc3cc(Cl)ccc3c(Nc3cc(CN4CCCC4)c(O)c(CN4CCCC4)c3)c2n1
MINOXIDIL,Nc1cc(N2CCCCC2)nc(N)[n+]1[O-]
NAPROXEN,COc1ccc2cc([C@H](C)C(=O)O)ccc2c1
IODACYCLUR,O=c1[nH]c(=O)n(COC(CO)CO)cc1I
MEFLOQUINE,OC(c1cc(C(F)(F)F)nc2c(C(F)(F)F)cccc12)C1CCCCN1
CYTARABINE,Nc1ccn([C@@H]2O[C@H](CO)[C@@H](O)[C@@H]2O)c(=O)n1
P-CHLOROBENZENESULFONAMIDE,NS(=O)(=O)c1ccc(Cl)cc1
HYDROPRENE,CCOC(=O)/C=C(C)/C=C/CC(C)CCCC(C)C
KINOPRENE,C#CCOC(=O)/C=C(C)/C=C/CC(C)CCCC(C)C
TIOSPIRONE,O=C1CC2(CCCC2)CC(=O)N1CCCCN1CCN(c2nsc3ccccc23)CC1
PROTOCATECHUIC ACID,O=C(O)c1ccc(O)c(O)c1
DICLAZURIL,N#CC(c1ccc(Cl)cc1)c1c(Cl)cc(-n2ncc(=O)[nH]c2=O)cc1Cl
DECOQUINATE,CCCCCCCCCCOc1cc2c(O)c(C(=O)OCC)cnc2cc1OCC
o-Amsacrine,COc1cc(Nc2c3ccccc3nc3ccccc23)ccc1NS(C)(=O)=O
QUIZALOFOP ETHYL ESTER,CCOC(=O)C(C)Oc1ccc(Oc2cnc3cc(Cl)ccc3n2)cc1
CAMBENDAZOLE,CC(C)OC(=O)Nc1ccc2[nH]c(-c3cscn3)nc2c1
FENBENDAZOLE,COC(=O)Nc1nc2cc(Sc3ccccc3)ccc2[nH]1
DICLOFOP-METHYL,COC(=O)C(C)Oc1ccc(Oc2ccc(Cl)cc2Cl)cc1
NOD ACID A,C=C(C)[C@H]1C(=O)c2c3c(cc4c5c(n1c24)[C@@]1(C)C(CC[C@H]2[C@](C)(/C=C/C=C(\C)C(=O)O)[C@@H](O)CC[C@@]21C)C5)C1=CC(C)(C)OC(C)(C)C1[C@@H]3O
FENOXAPROP-ETHYL,CCOC(=O)C(C)Oc1ccc(Oc2nc3ccc(Cl)cc3o2)cc1
FLUTAMIDE,CC(C)C(=O)Nc1ccc([N+](=O)[O-])c(C(F)(F)F)c1
NALTREXONAZINE,Oc1ccc2c3c1O[C@H]1/C(=N/N=C4\CC[C@@]5(O)[C@H]6Cc7ccc(O)c8c7[C@@]5(CCN6CC5CC5)[C@H]4O8)CC[C@@]4(O)[C@@H](C2)N(CC2CC2)CC[C@]314
CEP-1347,CCSCc1ccc2c(c1)c1c3c(c4c5cc(CSCC)ccc5n5c4c1n2[C@H]1C[C@](O)(C(=O)OC)[C@]5(C)O1)CNC3=O
CANDOXATRIL,COCCOC[C@H](CC1(C(=O)N[C@H]2CC[C@@H](C(=O)O)CC2)CCCC1)C(=O)Oc1ccc2c(c1)CCC2
CYCLOPHELLITOL,OC[C@@H]1[C@@H](O)[C@H](O)[C@@H](O)[C@@H]2O[C@H]12
COLURACETAM,Cc1oc2nc3c(c(NC(=O)CN4CCCC4=O)c2c1C)CCCC3
MEMANTINE,CC12CC3CC(C)(C1)CC(N)(C3)C2
APC-100,Cc1c(C)c2c(c(C)c1O)CCC(C)(C)O2
CONDURITOL B EPOXIDE,O[C@H]1[C@H](O)[C@@H](O)[C@@H]2O[C@@H]2[C@@H]1O
FOSBRETABULIN DISODIUM,COc1ccc(/C=C\c2cc(OC)c(OC)c(OC)c2)cc1OP(=O)([O-])[O-].[Na+].[Na+]
ECONAZOLE,Clc1ccc(COC(Cn2ccnc2)c2ccc(Cl)cc2Cl)cc1
(S)-VERAPAMIL,COc1ccc(CCN(C)CCC[C@@](C#N)(c2ccc(OC)c(OC)c2)C(C)C)cc1OC
LONAPALENE,COc1c(OC)c(OC(C)=O)c2cc(Cl)ccc2c1OC(C)=O
ALAPROCLATE,CC(N)C(=O)OC(C)(C)Cc1ccc(Cl)cc1
NOMELIDINE,CNC/C=C(/c1ccc(Br)cc1)c1cccnc1
AMINOTAMOXIFEN,CC/C(=C(/c1ccc(OCCN(C)C)cc1)c1cccc(N)c1)c1ccccc1
FLUOROTAMOXIFEN,CC/C(=C(/c1ccc(OCCN(C)C)cc1)c1cccc(F)c1)c1ccccc1
ANIRACETAM,COc1ccc(C(=O)N2CCCC2=O)cc1
SERTRALINE,CN[C@H]1CC[C@@H](c2ccc(Cl)c(Cl)c2)c2ccccc21
PIRACETAM,NC(=O)CN1CCCC1=O
OXIRACETAM,NC(=O)CN1CC(O)CC1=O
ENDOTHELIN,CC[C@H](C)[C@H](NC(=O)[C@H](CC(=O)O)NC(=O)[C@H](CC(C)C)NC(=O)[C@H](Cc1c[nH]cn1)NC(=O)[C@@H]1CSSC[C@@H](N)C(=O)N[C@H](CO)C(=O)N[C@H]2CSSC[C@@H](NC(=O)[C@H](CCC(=O)O)NC(=O)[C@H](CCCCN)NC(=O)[C@@H](CC(=O)O)NC(=O)[C@H](CCSC)NC(=O)[C@@H](CC(C)C)NC(=O)[C@H](CO)NC(=O)[C@@H](CO)NC2=O)C(=O)N[C@@H](C(C)C)C(=O)N[C@H](Cc2ccc(O)cc2)C(=O)N[C@@H](Cc2ccccc2)C(=O)N1)C(=O)N[C@H](C(=O)N[C@@H](Cc1c[nH]c2ccccc12)C(=O)O)[C@@H](C)CC
N-METHYL-N-NITROSUREA,CN(N=O)C(N)=O
TEMOZOLOMIDE,Cn1nnc2c(C(N)=O)ncn2c1=O
PROXYPHYLLINE,CC(O)Cn1cnc2c1c(=O)n(C)c(=O)n2C
(R)-PROXYPHYLLINE,C[C@@H](O)Cn1cnc2c1c(=O)n(C)c(=O)n2C
(S)-PROXYPHYLLINE,C[C@H](O)Cn1cnc2c1c(=O)n(C)c(=O)n2C
BROPIRIMINE,Nc1nc(=O)c(Br)c(-c2ccccc2)[nH]1
BROMPHENIRAMINE,CN(C)CCC(c1ccc(Br)cc1)c1ccccn1
ZIMELDINE,CN(C)C/C=C(/c1ccc(Br)cc1)c1cccnc1
TILMACOXIB,Cc1nc(C2CCCCC2)c(-c2ccc(S(N)(=O)=O)c(F)c2)o1
PHENERIDINE,CCOC(=O)C1(c2ccccc2)CCN(CCc2ccccc2)CC1
PYRIDOSTIGMINE BROMIDE,CN(C)C(=O)Oc1ccc[n+](C)c1.[Br-]
EPROSARTAN,CCCCc1ncc(/C=C(\Cc2cccs2)C(=O)O)n1Cc1ccc(C(=O)O)cc1
PAZELLIPTINE,CCN(CC)CCCNc1nccc2c(C)c3[nH]c4ccncc4c3cc12
TAMETRALINE,CN[C@@H]1CC[C@@H](c2ccccc2)c2ccccc21
WEBERINE METHIODIDE,COc1c2c(c(OC)c(OC)c1OC)C[N+](C)(C)CC2.[I-]
METOCHALCONE,COc1ccc(/C=C/C(=O)c2ccc(OC)cc2OC)cc1
TROVIRDINE,S=C(NCCc1ccccn1)Nc1ccc(Br)cn1
GRANISETRON,CN1C2CCCC1CC(NC(=O)c1nn(C)c3ccccc13)C2
DESMETHYLSERTRALINE,N[C@H]1CC[C@@H](c2ccc(Cl)c(Cl)c2)c2ccccc21
SELFOTEL,O=C(O)[C@@H]1C[C@H](CP(=O)(O)O)CCN1
DOLASTATIN-10,CC[C@H](C)[C@@H]([C@@H](CC(=O)N1CCC[C@H]1[C@H](OC)[C@@H](C)C(=O)N[C@@H](Cc1ccccc1)c1nccs1)OC)N(C)C(=O)[C@@H](NC(=O)[C@H](C(C)C)N(C)C)C(C)C
DIPYRIDYL,c1ccc(-c2ccccn2)nc1
PHENANTHROLINE,c1cnc2c(c1)ccc1cccnc12
FLUVOXAMINE,COCCCC/C(=N\OCCN)c1ccc(C(F)(F)F)cc1
LIRIODENINE,O=C1c2ccccc2-c2c3c(cc4ccnc1c24)OCO3
ROEMERINE,CN1CCc2cc3c(c4c2C1Cc1ccccc1-4)OCO3
LEUKOTRIENE D4,CCCCC/C=C\C/C=C\C=C\C=C\[C@@H](SC[C@H](N)C(=O)NCC(=O)O)[C@@H](O)CCCC(=O)O
NORNUCIFERINE,COc1cc2c3c(c1OC)-c1ccccc1CC3NCC2
AFAMELANOTIDE,CCCC[C@H](NC(=O)[C@H](CO)NC(=O)[C@H](Cc1ccc(O)cc1)NC(=O)[C@H](CO)NC(C)=O)C(=O)N[C@@H](CCC(=O)O)C(=O)N[C@@H](Cc1c[nH]cn1)C(=O)N[C@H](Cc1ccccc1)C(=O)N[C@@H](CCCNC(=N)N)C(=O)N[C@@H](Cc1c[nH]c2ccccc12)C(=O)NCC(=O)N[C@@H](CCCCN)C(=O)N1CCC[C@H]1C(=O)N[C@H](C(N)=O)C(C)C
HGLUVALLEUPNSASPALAGLUGLYOH,CC(C)C[C@H](NC(=O)[C@@H](NC(=O)[C@@H](N)CCC(=O)O)C(C)C)C(=O)N[C@@H](Cc1ccccc1)[C@@H](O)C(=O)N[C@@H](CC(=O)O)C(=O)N[C@@H](C)C(=O)N[C@@H](CCC(=O)O)C(=O)NCC(=O)O
HGLUVALLEUPNSASPGLYGLUPHEOH,CC(C)C[C@H](NC(=O)[C@@H](NC(=O)[C@@H](N)CCC(=O)O)C(C)C)C(=O)N[C@@H](Cc1ccccc1)[C@@H](O)C(=O)N[C@@H](CC(=O)O)C(=O)NCC(=O)N[C@@H](CCC(=O)O)C(=O)N[C@@H](Cc1ccccc1)C(=O)O
DINOPROST,CCCCC[C@H](O)/C=C/[C@@H]1[C@@H](C/C=C\CCCC(=O)O)[C@@H](O)C[C@H]1O
ACETOPROXIFAN,CC(=O)c1ccc(COCCCc2c[nH]cn2)cc1
ENVIRADENE,C/C=C(\c1ccccc1)c1ccc2nc(N)n(S(=O)(=O)C(C)C)c2c1
AGROCLAVINE,CC1=C[C@@H]2c3cccc4[nH]cc(c34)C[C@H]2N(C)C1
PELRETIN,CC1=C(/C=C/C(C)=C/C=C/c2ccc(C(=O)O)cc2)C(C)(C)CCC1
ETHYLENEDIAMINE,NCCN
HGLUVALLEUPNSASPALAGLUPHEOH,CC(C)C[C@H](NC(=O)[C@@H](NC(=O)[C@@H](N)CCC(=O)O)C(C)C)C(=O)N[C@@H](Cc1ccccc1)[C@@H](O)C(=O)N[C@@H](CC(=O)O)C(=O)N[C@@H](C)C(=O)N[C@@H](CCC(=O)O)C(=O)N[C@@H](Cc1ccccc1)C(=O)O
MANUMYCIN A,CCCC[C@@H](C)/C=C(C)/C=C(\C)C(=O)NC1=C[C@@](O)(/C=C/C=C/C=C/C(=O)NC2=C(O)CCC2=O)[C@@H]2O[C@@H]2C1=O
FOSTEDIL,CCOP(=O)(Cc1ccc(-c2nc3ccccc3s2)cc1)OCC
VASOTOCIN,CC[C@H](C)[C@@H]1NC(=O)[C@@H](Cc2ccc(O)cc2)NC(=O)[C@H](N)CSSC[C@@H](C(=O)N2CCC[C@@H]2C(=O)N[C@@H](CCCN=C(N)N)C(=O)NCC(N)=O)NC(=O)[C@H](CC(N)=O)NC(=O)[C@@H](CCC(N)=O)NC1=O
PROANTHOCYANIDIN A2,Oc1cc(O)c2c(c1)O[C@@]1(c3ccc(O)c(O)c3)Oc3cc(O)c4c(c3[C@@H]2[C@H]1O)O[C@H](c1ccc(O)c(O)c1)[C@H](O)C4
AMOXACILLIN +BL-P2013,CC1(C)S[C@@H]2[C@H](NC(=O)[C@H](N)c3ccc(O)cc3)C(=O)N2[C@H]1C(=O)O.C[C@]1(CCl)[C@H](C(=O)[O-])N2C(=O)C[C@H]2S1(=O)=O.[K+]
SUTEZOLID,CC(=O)NC[C@H]1CN(c2ccc(N3CCSCC3)c(F)c2)C(=O)O1
DOLASTATIN 15,COC1=CC(=O)N(C(=O)[C@@H](OC(=O)[C@@H]2CCCN2C(=O)[C@@H]2CCCN2C(=O)[C@H](C(C)C)N(C)C(=O)[C@@H](NC(=O)[C@H](C(C)C)N(C)C)C(C)C)C(C)C)[C@H]1Cc1ccccc1
PROCYANIDIN C1,Oc1cc(O)c2c(c1)O[C@H](c1ccc(O)c(O)c1)[C@H](O)[C@H]2c1c(O)cc(O)c2c1O[C@H](c1ccc(O)c(O)c1)[C@H](O)[C@H]2c1c(O)cc(O)c2c1O[C@H](c1ccc(O)c(O)c1)[C@H](O)C2
SCINTIDREN,C[Se]C[C@@H]1CC2C(CCC3(C)C(C(C)CCCC(C)C)CCC23)C2=C1CC(O)CC2
CINNAMTANNIN B2,Oc1cc(O)c2c(c1)O[C@H](c1ccc(O)c(O)c1)[C@H](O)[C@H]2c1c(O)cc(O)c2c1O[C@@]1(c3ccc(O)c(O)c3)Oc3cc(O)c4c(c3[C@@H]2[C@H]1O)O[C@H](c1ccc(O)c(O)c1)[C@H](O)[C@H]4c1c(O)cc(O)c2c1O[C@H](c1ccc(O)c(O)c1)[C@H](O)C2
DIPHENYLAMINE,c1ccc(Nc2ccccc2)cc1
DIPHENYLETHER,c1ccc(Oc2ccccc2)cc1
"ICI-199,441",CN(C(=O)Cc1ccc(Cl)c(Cl)c1)[C@H](CN1CCCC1)c1ccccc1
ANTHRAMYCIN,Cc1ccc2c(c1O)NC(O)C1CC(/C=C/C(N)=O)=CN1C2=O
LOVIRIDE,CC(=O)c1ccc(C)cc1NC(C(N)=O)c1c(Cl)cccc1Cl
PROCYANIDIN B2,Oc1cc(O)c2c(c1)O[C@H](c1ccc(O)c(O)c1)[C@H](O)[C@H]2c1c(O)cc(O)c2c1O[C@H](c1ccc(O)c(O)c1)[C@H](O)C2
BUFORMIN,CCCCNC(=N)NC(=N)N
LUMEFANTRINE,CCCCN(CCCC)CC(O)c1cc(Cl)cc2c1-c1ccc(Cl)cc1/C2=C/c1ccc(Cl)cc1
TOLAZAMIDE,Cc1ccc(S(=O)(=O)NC(=O)NN2CCCCCC2)cc1
GW501516,Cc1cc(SCc2sc(-c3ccc(C(F)(F)F)cc3)nc2C)ccc1OCC(=O)O
MAGNESIUM LITHOSPERMATE B,O=C(/C=C/c1ccc(O)c2c1[C@H](C(=O)O[C@H](Cc1ccc(O)c(O)c1)C(=O)[O-])[C@@H](c1ccc(O)c(O)c1)O2)O[C@H](Cc1ccc(O)c(O)c1)C(=O)[O-].[Mg+2]
INDICINE,CC(C)C(O)(C(=O)OCC1=CCN2CC[C@@H](O)[C@@H]12)C(C)O
BL-P2013,C[C@]1(CCl)[C@H](C(=O)[O-])N2C(=O)C[C@H]2S1(=O)=O.[K+]
EPICATECHIN GALLATE,O=C(O[C@@H]1Cc2c(O)cc(O)cc2O[C@@H]1c1ccc(O)c(O)c1)c1cc(O)c(O)c(O)c1
4-HYDROXYPHENYLMETHYLENE HYDANTOIN,O=C1NC(=O)/C(=C/c2ccc(O)cc2)N1
IOBENGUANE,N=C(N)NCc1cccc(I)c1
VERNOLEPIN,C=C[C@@]12COC(=O)C(=C)[C@@H]1[C@H]1OC(=O)C(=C)[C@@H]1[C@@H](O)C2
OXACILLIN,Cc1onc(-c2ccccc2)c1C(=O)N[C@@H]1C(=O)N2[C@@H]1SC(C)(C)[C@@H]2C(=O)O
NIFURTIMOX,CC1CS(=O)(=O)CCN1/N=C/c1ccc([N+](=O)[O-])o1
LEDOXANTRONE,CCN(CC)CCn1nc2c3c(c(NCCN)ccc31)Sc1cc(O)ccc1-2
BUSULFAN,CS(=O)(=O)OCCCCOS(C)(=O)=O
RIMAZOLIUM METILSULFATE,CCOC(=O)c1c[n+](C)c2n(c1=O)C(C)CCC2.COS(=O)(=O)[O-]
TIPIFARNIB,Cn1cncc1[C@@](N)(c1ccc(Cl)cc1)c1ccc2c(c1)c(-c1cccc(Cl)c1)cc(=O)n2C
GUANIDINE,N=C(N)N
L-694247,CS(=O)(=O)Nc1ccc(Cc2noc(-c3ccc4[nH]cc(CCN)c4c3)n2)cc1
BENZENE SELENOIC ACID,O=[Se](O)c1ccccc1
TERBINAFINE,CN(C/C=C/C#CC(C)(C)C)Cc1cccc2ccccc12
THIOACETAMIDE,CC(=N)S
ESAFLOXACIN,CCn1cc(C(=O)O)c(=O)c2cc(F)c(N3CCC(N)C3)nc21
SPIPETHIANE,c1ccc(CN2CCC3(CCc4ccccc4S3)CC2)cc1
INDOLOCARBAZOLE COMPOUND,CN1C(=O)c2c(c3c4ccccc4n4c3c3c2c2ccccc2n3[C@@H]2CC[C@H]4O2)C1=O
TRYPROSTATIN B,CC(C)=CCc1[nH]c2ccccc2c1C[C@@H]1NC(=O)[C@@H]2CCCN2C1=O
CHLOROPROMAZINE SULFOXIDE,CN(C)CCCN1c2ccccc2[S+]([O-])c2ccc(Cl)cc21
RONIDAZOLE,Cn1c([N+](=O)[O-])cnc1COC(N)=O
NOR2-CHLORPROMAZINE,NCCCN1c2ccccc2Sc2ccc(Cl)cc21
NOR1-CHLORPROMAZINE,CNCCCN1c2ccccc2Sc2ccc(Cl)cc21
THYMOSIN,CC[C@H](C)[C@@H](NC(=O)[C@@H](CCC(=O)O)NC(=O)[C@@H](CO)NC(=O)[C@@H](CO)NC(=O)[C@H](NC(=O)[C@@H](CC(=O)O)NC(=O)[C@H](NC(=O)[C@H](C)NC(=O)[C@H](C)NC(=O)[C@@H](CC(=O)O)NC(=O)[C@@H](CO)NC(=O)[C@H](N)CS)C(C)C)C(C)C)C(=O)N[C@@H](C(=O)N[C@@H](C(=O)N[C@H](CCCCN)C(=O)N[C@H](CC(=O)O)C(=O)N[C@H](CC(C)C)C(=O)N[C@H](CCCCN)C(=O)N[C@H](CCC(=O)O)C(=O)N[C@H](CCCCN)C(=O)N[C@H](CCCCN)C(=O)N[C@H](CCC(=O)O)C(=O)N[C@@H](C(=O)N[C@@H](C(=O)N[C@H](CCC(=O)O)C(=O)N[C@H](CCC(=O)O)C(=O)N[C@@H](C)C(=O)N[C@H](CCC(=O)O)C(=O)O)C(C)C)C(C)C)C(C)C)[C@H](C)O
ENOXACIN,CCn1cc(C(=O)O)c(=O)c2cc(F)c(N3CCNCC3)nc21
ALIZAPRIDE,C=CCN1CCCC1CNC(=O)c1cc2nn[nH]c2cc1OC
BREQUINAR,Cc1c(-c2ccc(-c3ccccc3F)cc2)nc2ccc(F)cc2c1C(=O)O
SPARFOSIC ACID,O=C(O)CC(NC(=O)CP(=O)(O)O)C(=O)O
ETISULERGINE,CCN(CC)S(=O)(=O)N[C@H]1C[C@@H]2c3cccc4[nH]cc(c34)C[C@H]2N(C)C1
ACEPROMAZINE,CC(=O)c1ccc2c(c1)N(CCCN(C)C)c1ccccc1S2
BATANOPRIDE,CCN(CC)CCNC(=O)c1cc(Cl)c(N)cc1OC(C)C(C)=O
DEXMETHYLPHENIDATE,COC(=O)[C@H](c1ccccc1)[C@H]1CCCCN1
ROGLETIMIDE,CCC1(c2ccncc2)CCC(=O)NC1=O
BEZAFIBRATE,CC(C)(Oc1ccc(CCNC(=O)c2ccc(Cl)cc2)cc1)C(=O)O
PHENOTHIAZINE,c1ccc2c(c1)Nc1ccccc1S2
"2S,4R-4-METHYLGLUTAMATE",C[C@H](C[C@H](N)C(=O)O)C(=O)O
BAFILOMYCIN A1,CO/C1=C\C(C)=C\[C@@H](C)[C@@H](O)[C@@H](C)C/C(C)=C/C=C/[C@H](OC)[C@@H]([C@@H](C)[C@@H](O)[C@H](C)[C@@]2(O)C[C@@H](O)[C@H](C)[C@@H](C(C)C)O2)OC1=O
METHYLPROMAZINE,CC(CN(C)C)CN1c2ccccc2Sc2ccccc21
DIMETRIDAZOLE,Cc1ncc([N+](=O)[O-])n1C
6-NITROQUIPAZINE,O=[N+]([O-])c1ccc2nc(N3CCNCC3)ccc2c1
BACCATIN III,CC(=O)O[C@H]1C(=O)[C@@]2(C)[C@H]([C@H](OC(=O)c3ccccc3)[C@]3(O)C[C@H](O)C(C)=C1C3(C)C)[C@]1(OC(C)=O)CO[C@@H]1C[C@@H]2O
TRYPROSTATIN A,COc1ccc2c(C[C@@H]3NC(=O)[C@@H]4CCCN4C3=O)c(CC=C(C)C)[nH]c2c1
NANTERINONE,Cc1cn(-c2cc(C)c3[nH]c(=O)ccc3c2)c(C)n1
CHLORACYZINE,CCN(CC)CCC(=O)N1c2ccccc2Sc2ccc(Cl)cc21
PRIMAQUINE PHOSPHATE,COc1cc(NC(C)CCCN)c2ncccc2c1.O=P(O)(O)O.O=P(O)(O)O
TRITON X,CC(C)(C)CC(C)(C)c1ccc(OCCO)cc1
SARAFLOXACIN,O=C(O)c1cn(-c2ccc(F)cc2)c2cc(N3CCNCC3)c(F)cc2c1=O
METHAPHIT,S=C=Nc1cccc(C2(N3CCCCC3)CCCCC2)c1
(+)-ABSCISIC ACID,CC1=CC(=O)CC(C)(C)[C@@]1(O)/C=C/C(C)=C\C(=O)O
ASARININ,c1cc2c(cc1[C@H]1OC[C@H]3[C@@H]1CO[C@H]3c1ccc3c(c1)OCO3)OCO2
METHYL PIPERATE,COC(=O)/C=C/C=C/c1ccc2c(c1)OCO2
PIPERINE,O=C(/C=C/C=C/c1ccc2c(c1)OCO2)N1CCCCC1
GALLIC ACID,O=C(O)c1cc(O)c(O)c(O)c1
CGH-728,CC1(C)CNc2c(cccc2S(=O)(=O)N[C@@H](CCCN=C(N)N)C(=O)N2CCC(CCF)CC2)C1
AMINACRINE,Nc1c2ccccc2nc2ccccc12
TAXEZOPIDINE H,C=C1[C@@H](OC(=O)/C=C/c2ccccc2)C[C@H](OC(C)=O)[C@]2(C)[C@@H]1C[C@@H]1C[C@H](O)C(C)=C([C@@H](OC(C)=O)[C@@H]2OC(C)=O)C1(C)C
DAMGO,C[C@@H](NC(=O)[C@@H](N)Cc1ccc(O)cc1)C(=O)NCC(=O)N(C)[C@@H](Cc1ccccc1)C(=O)NCCO
EFLORNITHINE,NCCCC(N)(C(=O)O)C(F)F
CARABERSAT,CC(=O)c1ccc2c(c1)[C@H](NC(=O)c1ccc(F)cc1)[C@@H](O)C(C)(C)O2
DENZIMOL,OC(Cn1ccnc1)c1ccc(CCc2ccccc2)cc1
NAFIMIDONE,O=C(Cn1ccnc1)c1ccc2ccccc2c1
SURAMIN HEXASODIUM,Cc1ccc(C(=O)Nc2ccc(S(=O)(=O)[O-])c3cc(S(=O)(=O)[O-])cc(S(=O)(=O)[O-])c23)cc1NC(=O)c1cccc(NC(=O)Nc2cccc(C(=O)Nc3cc(C(=O)Nc4ccc(S(=O)(=O)[O-])c5cc(S(=O)(=O)[O-])cc(S(=O)(=O)[O-])c45)ccc3C)c2)c1.[Na+].[Na+].[Na+].[Na+].[Na+].[Na+]
PRATOSARTAN,CCCc1nc2c(n1Cc1ccc(-c3ccccc3-c3nnn[nH]3)cc1)C(=O)CCCC2
DEMETHOXYFUMITREMORGIN C,CC(C)=C[C@H]1c2[nH]c3ccccc3c2C[C@H]2C(=O)N3CCC[C@H]3C(=O)N21
LOXAPINE,CN1CCN(C2=Nc3ccccc3Oc3ccc(Cl)cc32)CC1
3-METHYLCHOLANTHRENE,Cc1ccc2cc3c(ccc4ccccc43)c3c2c1CC3
KAEMPFERIDE,COc1ccc(-c2oc3cc(O)cc(O)c3c(=O)c2O)cc1
OMAPATRILAT,O=C(N[C@H]1CCS[C@H]2CCC[C@@H](C(=O)O)N2C1=O)[C@@H](S)Cc1ccccc1
ANTHRANILAMIDE,NC(=O)c1ccccc1N
ACRIDINE,c1ccc2nc3ccccc3cc2c1
QUINOXALINE,c1ccc2nccnc2c1
OXINDOLE,O=C1Cc2ccccc2N1
ISOGUVACINE,O=C(O)C1=CCNCC1
DEHYDROSILYLBIN,COc1cc(C2Oc3cc(-c4oc5cc(O)cc(O)c5c(=O)c4O)ccc3OC2CO)ccc1O
CNS-5161,CSc1cccc(N(C)C(=N)Nc2cc(SC)ccc2Cl)c1
4-Nitrocatechol,O=[N+]([O-])c1ccc(O)c(O)c1
BUTOXAMINE,COc1ccc(OC)c(C(O)C(C)NC(C)(C)C)c1
SULFINPYRAZONE,O=C1C(CC[S+]([O-])c2ccccc2)C(=O)N(c2ccccc2)N1c1ccccc1
AMINOPYRINE,Cc1c(N(C)C)c(=O)n(-c2ccccc2)n1C
TIRATRICOL,O=C(O)Cc1cc(I)c(Oc2ccc(O)c(I)c2)c(I)c1
CHOLANTHRENE,c1cc2c3c(c4ccc5ccccc5c4cc3c1)CC2
TICLOPIDINE,Clc1ccccc1CN1CCc2sccc2C1
THYROPROPIC ACID,O=C(O)CCc1cc(I)c(Oc2ccc(O)c(I)c2)c(I)c1
EDARAVONE,CC1=NN(c2ccccc2)C(=O)C1
PAMIDRONIC ACID,NCCC(O)(P(=O)(O)O)P(=O)(O)O
RILMENIDINE,C1COC(NC(C2CC2)C2CC2)=N1
ROSOXACIN,CCn1cc(C(=O)O)c(=O)c2ccc(-c3ccncc3)cc21
ELVUCITABINE,Nc1nc(=O)n([C@@H]2C=C[C@H](CO)O2)cc1F
BROMINDIONE,O=C1c2ccccc2C(=O)C1c1ccc(Br)cc1
EMODIC ACID,O=C(O)c1cc(O)c2c(c1)C(=O)c1cc(O)cc(O)c1C2=O
ETHYLPHOSPHORAMIDIC ACID,CCNP(=O)(O)O
DAPITANT,COc1ccccc1[C@H](C)C(=O)N1C[C@@H]2[C@H](C1)C(c1ccccc1)(c1ccccc1)CC[C@@]2(O)c1ccccc1OC
ZARAGOZIC ACID A,C=C(CCC12OC(C(=O)O)C(O)(C(=O)O)C(C(=O)O)(O1)[C@H](OC(=O)/C=C/[C@@H](C)C[C@@H](C)CC)[C@H]2O)[C@@H](OC(C)=O)[C@H](C)Cc1ccccc1
RENZAPRIDE,COc1cc(N)c(Cl)cc1C(=O)NC1CCN2CCCC1C2
ISOAMYLAMINE,CC(C)CCN
EMODIN,Cc1cc(O)c2c(c1)C(=O)c1cc(O)cc(O)c1C2=O
TAMSULOSIN,CCOc1ccccc1OCCN[C@H](C)Cc1ccc(OC)c(S(N)(=O)=O)c1
NORTROPISETRON,O=C(OC1CC2CCC(C1)N2)c1c[nH]c2ccccc12
EMODIN TRIACETATE,CC(=O)Oc1cc(OC(C)=O)c2c(c1)C(=O)c1cc(C)cc(OC(C)=O)c1C2=O
PHYSCION,COc1cc(O)c2c(c1)C(=O)c1cc(C)cc(O)c1C2=O
GERANYL DIPHOSPHATE,CC(C)=CCC/C(C)=C/COP(=O)(O)OP(=O)(O)O
HYDROCHLORTHIAZIDE,Cl.c1cscn1
7-ETHYL-10-HYDROXYCAMPTOTHECIN,CCc1c2c(nc3ccc(O)cc13)-c1cc3c(c(=O)n1C2)COC(=O)[C@]3(O)CC
CILUPREVIR,COc1ccc2c(O[C@@H]3C[C@H]4C(=O)N[C@]5(C(=O)O)C[C@H]5/C=C\CCCCC[C@H](NC(=O)OC5CCCC5)C(=O)N4C3)cc(-c3csc(NC(C)C)n3)nc2c1
LIBENZAPRIL,NCCCC[C@H](N[C@H]1CCc2ccccc2N(CC(=O)O)C1=O)C(=O)O
CHRYSOPHANOL,Cc1cc(O)c2c(c1)C(=O)c1cccc(O)c1C2=O
MUNDOSERONE,COc1ccc2c(c1)O[C@@H]1COc3cc(OC)c(OC)cc3[C@@H]1C2=O
AZTREONAM,C[C@H]1[C@H](NC(=O)/C(=N\OC(C)(C)C(=O)O)c2csc(N)n2)C(=O)N1S(=O)(=O)O
CEFTAZIDIME,CC(C)(O/N=C(\C(=O)N[C@@H]1C(=O)N2C(C(=O)[O-])=C(C[n+]3ccccc3)CS[C@H]12)c1csc(N)n1)C(=O)O
BENAZEPRIL,CCOC(=O)[C@H](CCc1ccccc1)N[C@H]1CCc2ccccc2N(CC(=O)O)C1=O
RHEIN,O=C(O)c1cc(O)c2c(c1)C(=O)c1cccc(O)c1C2=O
DIACEREIN,CC(=O)Oc1cccc2c1C(=O)c1c(OC(C)=O)cc(C(=O)O)cc1C2=O
ALOE-EMODIN,O=C1c2cccc(O)c2C(=O)c2c(O)cc(CO)cc21
BIS(ETHYL)NORSPERMINE,CCNCCCNCCCNCCCNCC
61-DEOXY OCTAHYDRO SANGLIFEHRIN A,CC[C@H]1C[C@H](C)[C@@]2(NC1=O)O[C@@H](C[C@H](O)[C@@H](C)CCCCCC(C)[C@@H]1CCCCC[C@H](O)[C@H](C)[C@@H](O)[C@@H](CCC(C)=O)C(=O)N[C@@H](C(C)C)C(=O)N[C@@H](Cc3ccccc3)C(=O)N3CCC[C@H](N3)C(=O)O1)[C@H](C)[C@H](O)[C@@H]2C
EZOGABINE,CCOC(=O)Nc1ccc(NCc2ccc(F)cc2)cc1N
LINOGLIRIDE,CN1CCC/C1=N\C(=N\c1ccccc1)N1CCOCC1
53-DEOXO SANGLIFEHRIN A,CCCC[C@H]1C(=O)N[C@@H](C(C)C)C(=O)N[C@@H](Cc2cccc(O)c2)C(=O)N2CCC[C@H](N2)C(=O)O[C@H](/C(C)=C/C=C/CC[C@H](C)[C@@H](O)C[C@@H]2O[C@@]3(NC(=O)[C@@H](CC)C[C@@H]3C)[C@@H](C)[C@@H](O)[C@H]2C)C/C=C/C=C/[C@H](O)[C@H](C)[C@H]1O
BOSUTINIB,COc1cc(Nc2c(C#N)cnc3cc(OCCCN4CCN(C)CC4)c(OC)cc23)c(Cl)cc1Cl
MIDAGLIZOLE,c1ccc(C(CC2=NCCN2)c2ccccn2)cc1
CARTEOLOL,CC(C)(C)NCC(O)COc1cccc2c1CCC(=O)N2
4-CHLOROPHENYLBIGUANIDE,N=C(N)NC(=N)Nc1ccc(Cl)cc1
SQUAMOCIN,CCCCCC[C@H](O)CCC[C@H](O)[C@H]1CC[C@H]([C@H]2CC[C@H]([C@H](O)CCCCCCCCCCCCC3=C[C@H](C)OC3=O)O2)O1
LEUCINE PHOSPHONIC ACID,CC(C)C[C@H](N)P(=O)(O)O
GASTRIN,CSCC[C@@H](NC(=O)[C@@H](Cc1c[nH]c2ccccc12)NC(=O)CNC(=O)[C@@H](Cc1ccc(O)cc1)NC(=O)[C@@H](C)NC(=O)[C@@H](CCC(=O)O)NC(=O)[C@@H](CCC(=O)O)NC(=O)[C@@H](CCC(=O)O)NC(=O)[C@H](CCC(=O)O)NC(=O)[C@H](CCC(=O)O)NC(=O)[C@H](CC(C)C)NC(=O)[C@H](Cc1c[nH]c2ccccc12)NC(=O)[C@@H]1CCCN1C(=O)CNC(=O)[C@@H](N)CCC(=O)O)C(=O)N[C@H](CC(=O)O)C(=O)N[C@H](Cc1ccccc1)C(N)=O
LOPERAMIDE,CN(C)C(=O)C(CCN1CCC(O)(c2ccc(Cl)cc2)CC1)(c1ccccc1)c1ccccc1
LODINIXIL,Cc1cccc(Nc2cc(Cl)nc(N(C)C)n2)c1C
SANGLIFEHRIN A,CC[C@H]1C[C@H](C)[C@@]2(NC1=O)O[C@@H](C[C@H](O)[C@@H](C)CC/C=C/C=C(\C)[C@@H]1C/C=C/C=C/[C@H](O)[C@H](C)[C@@H](O)[C@@H](CCC(C)=O)C(=O)N[C@@H](C(C)C)C(=O)N[C@@H](Cc3cccc(O)c3)C(=O)N3CCC[C@H](N3)C(=O)O1)[C@H](C)[C@H](O)[C@@H]2C
ARONIXIL,Cc1cccc(Nc2cc(Cl)nc(NCC(=O)O)n2)c1C
LICOSTINEL,O=c1[nH]c2cc(Cl)c(Cl)c([N+](=O)[O-])c2[nH]c1=O
CARPROPAMID,CCC1(C(=O)N[C@H](C)c2ccc(Cl)cc2)C(C)C1(Cl)Cl
CHLOROTHIAZIDE,NS(=O)(=O)c1cc2c(cc1Cl)N=CNS2(=O)=O
L-ADRENALINE,CNC[C@@H](O)c1ccc(O)c(O)c1
METHANE,C
ROSIGLITAZONE MALEATE,CN(CCOc1ccc(CC2SC(=O)NC2=O)cc1)c1ccccn1.O=C(O)/C=C\C(=O)O
BIPHENYL-4-AMINE,Nc1ccc(-c2ccccc2)cc1
LIDAMIDINE,CNC(=N)NC(=O)Nc1c(C)cccc1C
EUGENOL,C=CCc1ccc(O)c(OC)c1
BRIMONIDINE,Brc1c(NC2=NCCN2)ccc2nccnc12
PIRINIXIC ACID,Cc1cccc(Nc2cc(Cl)nc(SCC(=O)O)n2)c1C
N-DESMETHYLCLOZAPINE,Clc1ccc2c(c1)N=C(N1CCNCC1)c1ccccc1N2
(+)-MENTHOL,CC1CC[C@H](C(C)C)[C@@H](O)C1
"(E)-3,4,3',5'-TETRAMETHOXYSTILBENE",COc1cc(/C=C/c2ccc(OC)c(OC)c2)cc(OC)c1
TRISMETHOXYRESVERATROL,COc1ccc(/C=C/c2cc(OC)cc(OC)c2)cc1
METHYLAMINE,CN
PROCTOLIN,CC(C)C[C@H](NC(=O)[C@H](Cc1ccc(O)cc1)NC(=O)[C@@H](N)CCCN=C(N)N)C(=O)N1CCC[C@H]1C(=O)N[C@H](C(=O)O)[C@@H](C)O
HUMAN NEUROPEPTIDE Y,CC[C@H](C)[C@H](NC(=O)[C@H](Cc1ccc(O)cc1)NC(=O)[C@H](Cc1cnc[nH]1)NC(=O)[C@H](CCCNC(=N)N)NC(=O)[C@H](CC(C)C)NC(=O)[C@H](C)NC(=O)[C@H](CO)NC(=O)[C@H](Cc1ccc(O)cc1)NC(=O)[C@H](Cc1ccc(O)cc1)NC(=O)[C@H](CCCNC(=N)N)NC(=O)[C@H](C)NC(=O)[C@H](CCSC)NC(=O)[C@H](CC(=O)O)NC(=O)[C@H](CCC(=O)O)NC(=O)[C@H](C)NC(=O)[C@@H]1CCCN1C(=O)[C@H](C)NC(=O)[C@H](CC(=O)O)NC(=O)[C@H](CCC(=O)O)NC(=O)CNC(=O)[C@@H]1CCCN1C(=O)[C@H](CC(N)=O)NC(=O)[C@H](CC(=O)O)NC(=O)[C@@H]1CCCN1C(=O)[C@H](CCCCN)NC(=O)[C@H](CO)NC(=O)[C@@H]1CCCN1C(=O)[C@@H](N)Cc1ccc(O)cc1)C(=O)N[C@@H](CC(N)=O)C(=O)N[C@@H](CC(C)C)C(=O)N[C@H](C(=O)N[C@H](C(=O)N[C@@H](CCCNC(=N)N)C(=O)N[C@@H](CCC(N)=O)C(=O)N[C@@H](CCCNC(=N)N)C(=O)N[C@@H](Cc1ccc(O)cc1)C(N)=O)[C@@H](C)O)[C@@H](C)CC
POMALIDOMIDE,Nc1cccc2c1C(=O)N(C1CCC(=O)NC1=O)C2=O
CALCITRIOL,C=C1/C(=C\C=C2/CCC[C@]3(C)[C@@H]([C@H](C)CCCC(C)(C)O)CC[C@@H]23)C[C@@H](O)C[C@@H]1O
AZONAFIDE,CN(C)CCN1C(=O)c2cccc3cc4ccccc4c(c23)C1=O
ACETIC ACID PHENYL ESTER,CC(=O)Oc1ccccc1
HECOGENIN,C[C@@H]1CC[C@@]2(OC1)O[C@H]1C[C@H]3[C@@H]4CC[C@@]5(C)C[C@@H](O)CC[C@]5(C)[C@H]4CC(=O)[C@]3(C)[C@H]1[C@@H]2C
EPIDEPRIDE,CCN1CCC[C@H]1CNC(=O)c1cc(I)cc(OC)c1OC
PICLAMILAST,COc1ccc(C(=O)Nc2c(Cl)cncc2Cl)cc1OC1CCCC1
PLUMBAGIN,CC1=CC(=O)c2c(O)cccc2C1=O
(+)-EHNA,CCCCCC[C@H]([C@H](C)O)n1cnc2c(N)ncnc21
OXAMNIQUINE,CC(C)NCC1CCc2cc(CO)c([N+](=O)[O-])cc2N1
SAMPATRILAT,CS(=O)(=O)N[C@@H](CCCCN)C(=O)NC[C@H](CC1(C(=O)N[C@@H](Cc2ccc(O)cc2)C(=O)O)CCCC1)C(=O)O
PIRODAVIR,CCOC(=O)c1ccc(OCCC2CCN(c3ccc(C)nn3)CC2)cc1
LENALIDOMIDE,Nc1cccc2c1CN(C1CCC(=O)NC1=O)C2=O
PHOSPHORIC ACID DIETHYL ESTER PHENYL ESTER,CCOP(=O)(OCC)Oc1ccccc1
CHICAGO SKY BLUE SODIUM,COc1cc(-c2ccc(/N=N/c3ccc4c(S(=O)(=O)[O-])cc(S(=O)(=O)[O-])c(N)c4c3O)c(OC)c2)ccc1/N=N/c1ccc2c(S(=O)(=O)[O-])cc(S(=O)(=O)[O-])c(N)c2c1O.[Na+].[Na+].[Na+].[Na+]
PREGNANE,C[C@H](O)[C@H]1CC[C@H]2[C@@H]3CC[C@H]4C[C@@H](O)CC[C@]4(C)[C@H]3CC[C@]12C
DISOGENIN,C[C@@H]1CC[C@@]2(OC1)O[C@H]1C[C@H]3[C@@H]4CC=C5C[C@@H](O)CC[C@]5(C)[C@H]4CC[C@]3(C)[C@H]1[C@@H]2C
TIGOGENIN,C[C@@H]1CC[C@@]2(OC1)O[C@H]1C[C@H]3[C@@H]4CC[C@H]5C[C@@H](O)CC[C@]5(C)[C@H]4CC[C@]3(C)[C@H]1[C@@H]2C
ANDROSTANE,CC1(O)CC[C@H]2[C@@H]3CC[C@H]4CC(O)CC[C@]4(C)[C@H]3CC[C@@]21C
4-NITROPHENYL ACETATE,CC(=O)Oc1ccc([N+](=O)[O-])cc1
CYCLOLEUCINE,NC1(C(=O)O)CCCC1
METHIONINE,CSCC[C@H](N)C(=O)O
OXFENDAZOLE,COC(=O)Nc1nc2cc([S+]([O-])c3ccccc3)ccc2[nH]1
DEFORMYLTYLOSIN,CC[C@H]1OC(=O)C[C@@H](O)[C@H](C)[C@@H](O[C@@H]2O[C@H](C)[C@@H](O[C@H]3C[C@@](C)(O)[C@@H](O)[C@H](C)O3)[C@H](N(C)C)[C@H]2O)[C@@H](C)C[C@@H](C)C(=O)/C=C/C(C)=C/[C@@H]1CO[C@@H]1O[C@H](C)[C@@H](O)[C@@H](OC)[C@H]1OC
BORIC ACID,OB(O)O
RELOMYCIN,CC[C@H]1OC(=O)C[C@@H](O)[C@H](C)[C@@H](O[C@@H]2O[C@H](C)[C@@H](O[C@H]3C[C@@](C)(O)[C@@H](O)[C@H](C)O3)[C@H](N(C)C)[C@H]2O)[C@@H](CCO)C[C@@H](C)C(=O)/C=C/C(C)=C/[C@@H]1CO[C@@H]1O[C@H](C)[C@@H](O)[C@@H](OC)[C@H]1OC
TYLOSIN,CC[C@H]1OC(=O)C[C@@H](O)[C@H](C)[C@@H](O[C@@H]2O[C@H](C)[C@@H](O[C@H]3C[C@@](C)(O)[C@@H](O)[C@H](C)O3)[C@H](N(C)C)[C@H]2O)[C@@H](CC=O)C[C@@H](C)C(=O)/C=C/C(C)=C/[C@@H]1CO[C@@H]1O[C@H](C)[C@@H](O)[C@@H](OC)[C@H]1OC
LANEPITANT,COc1ccccc1CN(C[C@@H](Cc1c[nH]c2ccccc12)NC(=O)CN1CCC(N2CCCCC2)CC1)C(C)=O
TRICLOSAN,Oc1cc(Cl)ccc1Oc1ccc(Cl)cc1Cl
PROXICROMIL,CCCc1c2c(c(O)c3c(=O)cc(C(=O)O)oc13)CCCC2
MACROCIN,CC[C@H]1OC(=O)C[C@@H](O)[C@H](C)[C@@H](O[C@@H]2O[C@H](C)[C@@H](O[C@H]3C[C@@](C)(O)[C@@H](O)[C@H](C)O3)[C@H](N(C)C)[C@H]2O)[C@@H](CC=O)C[C@@H](C)C(=O)/C=C/C(C)=C/[C@@H]1CO[C@@H]1O[C@H](C)[C@@H](O)[C@@H](O)[C@H]1OC
FUTOENONE,COC1=C[C@]23C[C@H](C[C@H](c4ccc5c(c4)OCO5)[C@H]2C)OC3=CC1=O
MISONIDAZOLE,COCC(O)Cn1ccnc1[N+](=O)[O-]
JUGLONE,O=C1C=CC(=O)c2c(O)cccc21
BUFURALOL,CCc1cccc2cc(C(O)CNC(C)(C)C)oc12
DEFORMYLMACROCIN,CC[C@H]1OC(=O)C[C@@H](O)[C@H](C)[C@@H](O[C@@H]2O[C@H](C)[C@@H](O[C@H]3C[C@@](C)(O)[C@@H](O)[C@H](C)O3)[C@H](N(C)C)[C@H]2O)[C@@H](C)C[C@@H](C)C(=O)/C=C/C(C)=C/[C@@H]1CO[C@@H]1O[C@H](C)[C@@H](O)[C@@H](O)[C@H]1OC
OXYRESVERATROL,Oc1cc(O)cc(/C=C/c2ccc(O)cc2O)c1
N-METHYL-D-ASPARTIC ACID (NMDA),CN[C@H](CC(=O)O)C(=O)O
TIBO,CC(C)=CCN1Cc2cc(Cl)cc3nc(S)n(c23)CC1C
CARBOFURAN,CNC(=O)Oc1cccc2c1OC(C)(C)C2
MITONAFIDE,CN(C)CCN1C(=O)c2cccc3cc([N+](=O)[O-])cc(c23)C1=O
PINAFIDE,O=C1c2cccc3cc([N+](=O)[O-])cc(c23)C(=O)N1CCN1CCCC1
SPARFLOXACIN,C[C@@H]1CN(c2c(F)c(N)c3c(=O)c(C(=O)O)cn(C4CC4)c3c2F)C[C@H](C)N1
E-FLUPENTIXOL,OCCN1CCN(CC/C=C2\c3ccccc3Sc3ccc(C(F)(F)F)cc32)CC1
PHENYL PROPIONIC ACID,O=C(O)CCc1ccccc1
PIZOTYLINE,CN1CCC(=C2c3ccccc3CCc3sccc32)CC1
MELPHALAN,N[C@@H](Cc1ccc(N(CCCl)CCCl)cc1)C(=O)O
ENDRIN,ClC1=C(Cl)C2(Cl)C3C4CC(C5OC45)C3C1(Cl)C2(Cl)Cl
BENPERIDOL,O=C(CCCN1CCC(n2c(=O)[nH]c3ccccc32)CC1)c1ccc(F)cc1
ZALCITABINE,Nc1ccn([C@H]2CC[C@@H](CO)O2)c(=O)n1
DUP-697,CS(=O)(=O)c1ccc(-c2cc(Br)sc2-c2ccc(F)cc2)cc1
PIPAMPERONE,NC(=O)C1(N2CCCCC2)CCN(CCCC(=O)c2ccc(F)cc2)CC1
TRIPROLIDINE,Cc1ccc(/C(=C\CN2CCCC2)c2ccccn2)cc1
XYLAZINE,Cc1cccc(C)c1NC1=NCCCS1
MEPHOBARBITAL,CCC1(c2ccccc2)C(=O)NC(=O)N(C)C1=O
PIPENDOXIFENE,Cc1c(-c2ccc(O)cc2)n(Cc2ccc(OCCN3CCCCC3)cc2)c2ccc(O)cc12
PHENAZOCINE,CC1C2Cc3ccc(O)cc3C1(C)CCN2CCc1ccccc1
ASTEMIZOLE,COc1ccc(CCN2CCC(Nc3nc4ccccc4n3Cc3ccc(F)cc3)CC2)cc1
BAZEDOXIFENE,Cc1c(-c2ccc(O)cc2)n(Cc2ccc(OCCN3CCCCCC3)cc2)c2ccc(O)cc12
CARFENTANIL,CCC(=O)N(c1ccccc1)C1(C(=O)OC)CCN(CCc2ccccc2)CC1
PRIMIDONE,CCC1(c2ccccc2)C(=O)NCNC1=O
BIOTIN,O=C(O)CCCC[C@@H]1SC[C@@H]2NC(=O)N[C@@H]21
ADAPROLOL,CC(C)NCC(O)COc1ccc(CC(=O)OCCC23CC4CC(CC(C4)C2)C3)cc1
TARTRONATE SEMIALDEHYDE PHOSPHATE,O=CC(O)C(=O)OP(=O)(O)O
PHOSPHOGLYCOLIC ACID,O=C(O)COP(=O)(O)O
VALINE,CC(C)[C@H](N)C(=O)O
EDETIC ACID,O=C(O)CN(CCN(CC(=O)O)CC(=O)O)CC(=O)O
RACEMORAMIDE,CC(CN1CCOCC1)C(C(=O)N1CCCC1)(c1ccccc1)c1ccccc1
OXYPURINOL,Oc1nc(O)c2cn[nH]c2n1
LEUCINAMIDE,CC(C)CC(N)C(N)=O
TETRAMETHYLAMMONIUM ION,C[N+](C)(C)C
E-DOXEPIN,CN(C)CC/C=C1\c2ccccc2COc2ccccc21
MEPHENYTOIN,CCC1(c2ccccc2)NC(=O)N(C)C1=O
CARBARIL,CNC(=O)Oc1cccc2ccccc12
GUANFACINE,N=C(N)NC(=O)Cc1c(Cl)cccc1Cl
BETA-ALANINE,NCCC(=O)O
NEUROKININ B,CSCC[C@H](NC(=O)[C@H](CC(C)C)NC(=O)CNC(=O)[C@@H](NC(=O)[C@H](Cc1ccccc1)NC(=O)[C@H](Cc1ccccc1)NC(=O)[C@H](CC(=O)O)NC(=O)[C@H](Cc1c[nH]cn1)NC(=O)[C@H](CCSC)NC(=O)[C@@H](N)CC(=O)O)C(C)C)C(N)=O
THYROXINE,NC(Cc1cc(I)c(Oc2cc(I)c(O)c(I)c2)c(I)c1)C(=O)O
NEVANIMIBE,CC(C)c1cccc(C(C)C)c1NC(=O)NCC1(c2ccc(N(C)C)cc2)CCCC1
KETOBEMIDONE,CCC(=O)C1(c2cccc(O)c2)CCN(C)CC1
CYSTEINE,N[C@@H](CS)C(=O)O
TIAMENIDINE,Cc1csc(Cl)c1NC1=NCCN1
STEARIC ACID,CCCCCCCCCCCCCCCCCC(=O)O
FLUSPIRILENE,O=C1NCN(c2ccccc2)C12CCN(CCCC(c1ccc(F)cc1)c1ccc(F)cc1)CC2
NISOXETINE,CNCCC(Oc1ccccc1OC)c1ccccc1
PICROTOXININ,C=C(C)[C@@H]1[C@H]2OC(=O)[C@@H]1[C@]1(O)C[C@H]3O[C@]34C(=O)O[C@H]2[C@]14C
METOPRINE,Cc1nc(N)nc(N)c1-c1ccc(Cl)c(Cl)c1
CLOPIPAZAN,CN1CCC(=C2c3ccccc3Oc3ccc(Cl)cc32)CC1
CARBINOXAMINE,CN(C)CCOC(c1ccc(Cl)cc1)c1ccccn1
CINNARIZINE,C(=C/c1ccccc1)\CN1CCN(C(c2ccccc2)c2ccccc2)CC1
ORBIFLOXACIN,C[C@@H]1CN(c2c(F)c(F)c3c(=O)c(C(=O)O)cn(C4CC4)c3c2F)C[C@H](C)N1
HUMAN UROTENSIN II,CC(C)[C@H](NC(=O)[C@@H]1CSSC[C@@H](NC(=O)[C@H](CC(=O)O)NC(=O)[C@H]2CCCN2C(=O)[C@@H](NC(=O)[C@@H](N)CCC(=O)O)[C@@H](C)O)C(=O)N[C@H](Cc2ccccc2)C(=O)N[C@@H](Cc2c[nH]c3ccccc23)C(=O)N[C@H](CCCCN)C(=O)N[C@@H](Cc2ccc(O)cc2)C(=O)N1)C(=O)O
ANTALARMIN,CCCCN(CC)c1nc(C)nc2c1c(C)c(C)n2-c1c(C)cc(C)cc1C
OXAMETACIN,COc1ccc2c(c1)c(CC(=O)NO)c(C)n2C(=O)c1ccc(Cl)cc1
BEFIRADOL,Cc1ccc(CNCC2(F)CCN(C(=O)c3ccc(F)c(Cl)c3)CC2)nc1
MIDOMAFETAMINE,CNC(C)Cc1ccc2c(c1)OCO2
CAROCAINIDE,CNC(=O)Nc1c(OCCN2CCCC2)c(OC)c2occc2c1OC
ANTHRALIN,O=C1c2c(O)cccc2Cc2cccc(O)c21
DELTORPHINE II,CC(C)[C@H](NC(=O)[C@H](CCC(=O)O)NC(=O)[C@H](Cc1ccccc1)NC(=O)[C@H](C)NC(=O)[C@@H](N)Cc1ccc(O)cc1)C(=O)N[C@H](C(=O)NCC(=O)O)C(C)C
BERBERINE,COc1ccc2cc3[n+](cc2c1OC)CCc1cc2c(cc1-3)OCO2
PENFLURIDOL,OC1(c2ccc(Cl)c(C(F)(F)F)c2)CCN(CCCC(c2ccc(F)cc2)c2ccc(F)cc2)CC1
Combretastatin A-2,COc1ccc(/C=C\c2cc(OC)c3c(c2)OCO3)cc1O
BEMORADAN,CC1CC(=O)NN=C1c1ccc2c(c1)OCC(=O)N2
METACRESOL,Cc1cccc(O)c1
ORTHOCRESOL,Cc1ccccc1O
VALDECOXIB,Cc1onc(-c2ccccc2)c1-c1ccc(S(N)(=O)=O)cc1
PARECOXIB SODIUM,CCC(=O)[N-]S(=O)(=O)c1ccc(-c2c(-c3ccccc3)noc2C)cc1.[Na+]
ACETIC ACID ISOBUTYL ESTER,CC(=O)OCC(C)C
PHENANTHRENE,c1ccc2c(c1)ccc1ccccc12
OTAMIXABAN,COC(=O)[C@H](Cc1cccc(C(=N)N)c1)[C@@H](C)NC(=O)c1ccc(-c2cc[n+]([O-])cc2)cc1
KADSURENONE,C=CCC1=C[C@@]2(OC)C(=CC1=O)O[C@H](c1ccc(OC)c(OC)c1)[C@H]2C
METHIOSULFONIUM,C[S+](C)CC[C@H](N)C(=O)O
O-XYLENE,Cc1ccccc1C
PENTACHLOROBENZENE,Clc1cc(Cl)c(Cl)c(Cl)c1Cl
"1,3,5-TRICHLOROBENZENE",Clc1cc(Cl)cc(Cl)c1
ETHYL PROPIONATE,CCOC(=O)CC
ETHAMBUTOL,CC[C@@H](CO)NCCN[C@@H](CC)CO
PRIMAXIN,CC1(C)C[C@@H]1C(=O)N/C(=C\CCCCSC[C@H](N)C(=O)O)C(=O)O.C[C@@H](O)[C@H]1C(=O)N2C(C(=O)O)=C(SCC/N=C\N)C[C@H]12.O
ETHOXYCARBONYL GROUP,CCOC=O
VISNAGIN,COc1c2ccoc2cc2oc(C)cc(=O)c12
TIMEFURONE,COc1c2occc2c(OC)c2c(=O)cc(CSC)oc12
KHELLIN,COc1c2occc2c(OC)c2c(=O)cc(C)oc12
ETHYL CHLORIDE,CCCl
METHYLENE CHLORIDE,ClCCl
"1,1,2,2-TETRACHLOROETHANE",ClC(Cl)C(Cl)Cl
BUTYL CHLORIDE,CCCCCl
2-HEXANOL,CCCCC(C)O
CARBON TETRACHLORIDE,ClC(Cl)(Cl)Cl
BUTANOL,CCC(C)O
CHLOROFORM,ClC(Cl)Cl
"1,2-DICHLOROBENZENE",Clc1ccccc1Cl
ACETONITRILE,CC#N
ACETIC ACID PENTYL ESTER,CCCCCOC(C)=O
BROMOMETHANE,CBr
MUROCAINIDE,CNC(=O)Nc1c(OCCN2CCCCC2)c(OC)c2occc2c1OC
BISNAFIDE DIMESYLATE,CS(=O)(=O)O.CS(=O)(=O)O.C[C@H](CNCCNC[C@@H](C)N1C(=O)c2cccc3cc([N+](=O)[O-])cc(c23)C1=O)N1C(=O)c2cccc3cc([N+](=O)[O-])cc(c23)C1=O
ACETIC ACID PROPYL ESTER,CCCOC(C)=O
EPIGALOCATECHIN GALLATE,O=C(O[C@@H]1Cc2c(O)cc(O)cc2O[C@@H]1c1cc(O)c(O)c(O)c1)c1cc(O)c(O)c(O)c1
FORMIC ACID METHYL ESTER,COC=O
HEXAN-3-OL,CCCC(O)CC
CYCLOPENTANOL,OC1CCCC1
3-PENTANOL,CCC(O)CC
2-PENTANOL,CCCC(C)O
AMYLENE HYDRATE,CCC(C)(C)O
EPIGALLOCATECHIN,Oc1cc(O)c2c(c1)O[C@H](c1cc(O)c(O)c(O)c1)[C@H](O)C2
DECAN-2-OL,CCCCCCCCC(C)O
SANFETRINEM SODIUM,CO[C@H]1CCC[C@H]2C1=C(C(=O)[O-])N1C(=O)[C@H]([C@@H](C)O)[C@@H]21.[Na+]
MYCOPHENOLIC ACID,COc1c(C)c2c(c(O)c1C/C=C(\C)CCC(=O)O)C(=O)OC2
2-DECANONE,CCCCCCCCC(C)=O
"PD-168,077",Cc1cccc(C(=O)NCN2CCN(c3ccccc3C#N)CC2)c1
ETOPOSIDE,COc1cc([C@@H]2c3cc4c(cc3[C@@H](O[C@@H]3O[C@@H]5CO[C@@H](C)O[C@H]5[C@H](O)[C@H]3O)[C@H]3COC(=O)[C@H]23)OCO4)cc(OC)c1O
METHYL P-TOLUENESULFONYL-L-ARGININATE,COC(=O)[C@H](CCCNC(=N)N)NS(=O)(=O)c1ccc(C)cc1
IOPANOIC ACID,CCC(Cc1c(I)cc(I)c(N)c1I)C(=O)O
PHOSPHINIC ANILIDE DERIVATE,CC1(C)CN1P(=O)(Nc1ccccc1)N1CC1(C)C
GAVESTINEL,O=C(/C=C/c1c(C(=O)O)[nH]c2cc(Cl)cc(Cl)c12)Nc1ccccc1
MILTIRONE,CC(C)C1=Cc2ccc3c(c2C(=O)C1=O)CCCC3(C)C
HARRINGTONINE,COC(=O)C[C@](O)(CCC(C)(C)O)C(=O)O[C@@H]1C(OC)=C[C@]23CCCN2CCc2cc4c(cc2[C@H]13)OCO4
SARMAZENIL,CCOC(=O)c1ncn2c1CN(C)C(=O)c1c(Cl)cccc1-2
DEOXYHARRINGTONINE,COC(=O)C[C@](O)(CCC(C)C)C(=O)O[C@@H]1C(OC)=C[C@]23CCCN2CCc2cc4c(cc2[C@H]13)OCO4
OMACETAXINE MEPESUCCINATE,COC(=O)C[C@](O)(CCCC(C)(C)O)C(=O)O[C@@H]1C(OC)=C[C@]23CCCN2CCc2cc4c(cc2[C@H]13)OCO4
ERBSTATIN,O=CN/C=C/c1cc(O)ccc1O
CANTHARIDIN,C[C@@]12C(=O)OC(=O)[C@]1(C)[C@H]1CC[C@@H]2O1
PHLORETIN,O=C(CCc1ccc(O)cc1)c1c(O)cc(O)cc1O
ETANIDAZOLE,O=C(Cn1ccnc1[N+](=O)[O-])NCCO
LBQ-657,C[C@H](C[C@@H](Cc1ccc(-c2ccccc2)cc1)NC(=O)CCC(=O)O)C(=O)O
EPEREZOLID,CC(=O)NC[C@H]1CN(c2ccc(N3CCN(C(=O)CO)CC3)c(F)c2)C(=O)O1
BROMOACETYL ALPRENOLOL MENTHANE,C=CCc1ccccc1OCC(O)CNC1(C)CCC(C(C)(C)NC(=O)CBr)CC1
DL-DITHIOTHREITOL,OC(CS)C(O)CS
PIRMAGREL,O=C(O)CCCCCc1cccc2cncn12
TILORONE,CCN(CC)CCOc1ccc2c(c1)C(=O)c1cc(OCCN(CC)CC)ccc1-2
VANCOMYCIN,CN[C@H](CC(C)C)C(=O)N[C@H]1C(=O)N[C@@H](CC(N)=O)C(=O)N[C@H]2C(=O)N[C@H]3C(=O)N[C@H](C(=O)N[C@H](C(=O)O)c4cc(O)cc(O)c4-c4cc3ccc4O)[C@H](O)c3ccc(c(Cl)c3)Oc3cc2cc(c3O[C@@H]2O[C@H](CO)[C@@H](O)[C@H](O)[C@H]2O[C@H]2C[C@](C)(N)[C@H](O)[C@H](C)O2)Oc2ccc(cc2Cl)[C@H]1O
HEPTYLFORMAMIDE,CCCCCCCNC=O
TRISNORSQUALENE ALCOHOL,CC(C)=CCC/C(C)=C/CC/C(C)=C/CC/C=C(\C)CC/C=C(\C)CCCO
NITROFURAZONE,NC(=O)N/N=C/c1ccc([N+](=O)[O-])o1
PANAMESINE,COc1ccc(N2C[C@H](CN3CCC(O)(c4ccc5c(c4)OCO5)CC3)OC2=O)cc1
CYCLOBUTYL(CYCLOPENTYL)FORMAMIDE,O=CN(C1CCCC1)C1CCC1
THYMELEATOXIN,C=C(C)[C@@]12OC3(c4ccccc4)O[C@@H]1[C@@H]1C4O[C@]4(CO)[C@@H](O)[C@]4(O)C(=O)C(C)=C[C@H]4[C@@]1(O3)[C@H](C)[C@H]2OC(=O)/C=C/c1ccccc1
CHONDRIAMIDE A,O=C(/C=C/c1c[nH]c2ccccc12)N/C=C/c1c[nH]c2ccccc12
ALENDRONIC ACID,NCCCC(O)(P(=O)(O)O)P(=O)(O)O
ETIDRONIC ACID,CC(O)(P(=O)(O)O)P(=O)(O)O
ARAGILAMIDE,CCC(C)CC(C(=O)N/C=C\c1c[nH]c2ccccc12)N(C)Cc1ccc(O)cc1
RUFLOXACIN,CN1CCN(c2c(F)cc3c(=O)c(C(=O)O)cn4c3c2SCC4)CC1
MERIDIANIN E,Nc1nccc(-c2c[nH]c3c(Br)ccc(O)c23)n1
MERIDIANIN C,Nc1nccc(-c2c[nH]c3ccc(Br)cc23)n1
MERIDIANIN B,Nc1nccc(-c2c[nH]c3cc(Br)cc(O)c23)n1
4-UREIDOETODOLAC,CCc1cccc2c3c([nH]c12)C(CC)(CC(=O)O)OCC3NC(N)=O
MERIDIANIN D,Nc1nccc(-c2c[nH]c3cc(Br)ccc23)n1
MERIDIANIN A,Nc1nccc(-c2c[nH]c3cccc(O)c23)n1
DIHYDROBETULONIC ACID,CC(C)[C@@H]1CC[C@]2(C(=O)O)CC[C@]3(C)[C@H](CC[C@@H]4[C@@]5(C)CCC(=O)C(C)(C)[C@@H]5CC[C@]43C)[C@@H]12
CYCLOHEXYLFORMAMIDE,O=CNC1CCCCC1
6-HYDROXYETODOLAC,CCc1cc(O)cc2c3c([nH]c12)C(CC)(CC(=O)O)OCC3
CYTORHODIN X+Y,CCC1(O)CC(OC2CC(N(C)C)C(OC3CCC(OC4C=CC(=O)C(C)O4)C(C)O3)C(C)O2)c2c(O)c3c(c(O)c2C1OC1CC(N(C)C)C(OC2CCC(OC4CCC(=O)C(C)O4)C(C)O2)C(C)O1)C(=O)c1ccccc1C3=O
"BETULIN-3,28-DIOXIME",C=C(C)[C@@H]1CC[C@]2(/C=N/O)CC[C@]3(C)[C@H](CC[C@@H]4[C@@]5(C)CC/C(=N\O)C(C)(C)[C@@H]5CC[C@]43C)[C@@H]12
BETUNOLIC ACID,C=C(C)[C@@H]1CC[C@]2(C(=O)O)CC[C@]3(C)[C@H](CC[C@@H]4[C@@]5(C)CCC(=O)C(C)(C)[C@@H]5CC[C@]43C)[C@@H]12
BETULONAL,C=C(C)[C@@H]1CC[C@]2(C=O)CC[C@]3(C)[C@H](CC[C@@H]4[C@@]5(C)CCC(=O)C(C)(C)[C@@H]5CC[C@]43C)[C@@H]12
INDIBULIN,O=C(Nc1ccncc1)C(=O)c1cn(Cc2ccc(Cl)cc2)c2ccccc12
CYTORHODIN A,CC[C@@]1(O)C[C@H](O[C@H]2C[C@H](N(C)C)[C@H](OC3CCC(OC4CCC(O)C(C)O4)C(C)O3)[C@H](C)O2)c2c(O)c3c(c(O)c2[C@H]1OC1C[C@H](N(C)C)[C@H](OC2CCC(OC4CCC(O)C(C)O4)C(C)O2)[C@H](C)O1)C(=O)c1ccccc1C3=O
PUTRESCINE,NCCCCN
ROXATIDINE ACETATE,CC(=O)OCC(=O)NCCCOc1cccc(CN2CCCCC2)c1
METHYL BETULINATE,C=C(C)[C@@H]1CC[C@]2(C(=O)OC)CC[C@]3(C)[C@H](CC[C@@H]4[C@@]5(C)CC[C@H](O)C(C)(C)[C@@H]5CC[C@]43C)[C@@H]12
8-(1-HYDROXYETHYL)ETODOLAC,CCC1(CC(=O)O)OCCc2c1[nH]c1c(C(C)O)cccc21
VINBLASTINE,CC[C@]1(O)C[C@@H]2CN(CCc3c([nH]c4ccccc34)[C@@](C(=O)OC)(c3cc4c(cc3OC)N(C)[C@H]3[C@@](O)(C(=O)OC)[C@H](OC(C)=O)[C@]5(CC)C=CCN6CC[C@]43[C@@H]65)C2)C1
7-HYDROXYETODOLAC,CCc1c(O)ccc2c3c([nH]c12)C(CC)(CC(=O)O)OCC3
BMS-387032,CC(C)(C)c1cnc(CSc2cnc(NC(=O)C3CCNCC3)s2)o1
LUPEOL,C=C(C)[C@@H]1CC[C@]2(C)CC[C@]3(C)[C@H](CC[C@@H]4[C@@]5(C)CC[C@H](O)C(C)(C)[C@@H]5CC[C@]43C)[C@@H]12
CERULENIN,C/C=C/C/C=C/CCC(=O)[C@H]1O[C@H]1C(N)=O
ACRYLIC ACID METHYL ESTER,C=CC(=O)OC
MIBEFRADIL,COCC(=O)O[C@]1(CCN(C)CCCc2nc3ccccc3[nH]2)CCc2cc(F)ccc2[C@@H]1C(C)C
LEVOKETOCONAZOLE,CC(=O)N1CCN(c2ccc(OC[C@@H]3CO[C@@](Cn4ccnc4)(c4ccc(Cl)cc4Cl)O3)cc2)CC1
EHNA,CCCCCC[C@@H]([C@@H](C)O)n1cnc2c(N)ncnc21
ACEDIASULFONE,Nc1ccc(S(=O)(=O)c2ccc(NCC(=O)O)cc2)cc1
DIFLUBENZURON,O=C(NC(=O)c1c(F)cccc1F)Nc1ccc(Cl)cc1
TAFENOQUINE,COc1cc(C)c2c(Oc3cccc(C(F)(F)F)c3)c(OC)cc(NC(C)CCCN)c2n1
DIMETHYLPHENYLPIPERAZINIUM IODIDE,C[N+]1(C)CCN(c2ccccc2)CC1.[I-]
OPAVIRALINE,CC[C@H]1C(=O)Nc2ccc(F)cc2N1C(=O)OC(C)C
CYCLOSPORINE,C/C=C/C[C@@H](C)[C@@H](O)[C@H]1C(=O)N[C@@H](CC)C(=O)N(C)CC(=O)N(C)[C@@H](CC(C)C)C(=O)N[C@@H](C(C)C)C(=O)N(C)[C@@H](CC(C)C)C(=O)N[C@@H](C)C(=O)N[C@H](C)C(=O)N(C)[C@@H](CC(C)C)C(=O)N(C)[C@@H](CC(C)C)C(=O)N(C)[C@@H](C(C)C)C(=O)N1C
MICHELLAMINE A,COc1cc(C)cc2c(-c3c(O)cc(O)c4c3C[C@@H](C)N[C@@H]4C)cc(-c3cc(-c4c(O)cc(O)c5c4C[C@@H](C)N[C@@H]5C)c4cc(C)cc(OC)c4c3O)c(O)c12
MONACTIN,CC[C@H]1C[C@@H]2CC[C@@H](O2)[C@@H](C)C(=O)O[C@H](C)C[C@H]2CC[C@H](O2)[C@H](C)C(=O)O[C@@H](C)C[C@@H]2CC[C@@H](O2)[C@@H](C)C(=O)O[C@H](C)C[C@H]2CC[C@H](O2)[C@H](C)C(=O)O1
DINACTIN,CC[C@H]1C[C@@H]2CC[C@@H](O2)[C@@H](C)C(=O)O[C@H](C)C[C@H]2CC[C@H](O2)[C@H](C)C(=O)O[C@@H](CC)C[C@@H]2CC[C@@H](O2)[C@@H](C)C(=O)O[C@H](C)C[C@H]2CC[C@H](O2)[C@H](C)C(=O)O1
BUTORPHAN,Oc1ccc2c(c1)[C@@]13CCCC[C@H]1[C@@H](C2)N(CC1CCC1)CC3
CYCLORPHAN,Oc1ccc2c(c1)[C@@]13CCCC[C@H]1[C@@H](C2)N(CC1CC1)CC3
LIXIVAPTAN,Cc1ccc(F)cc1C(=O)Nc1ccc(C(=O)N2Cc3cccn3Cc3ccccc32)c(Cl)c1
AMETANTRONE,O=C1c2ccccc2C(=O)c2c(NCCNCCO)ccc(NCCNCCO)c21
S-3304,Cc1ccc(C#Cc2ccc(S(=O)(=O)N[C@H](Cc3c[nH]c4ccccc34)C(=O)O)s2)cc1
2-METHOXYESTRADIOL,COc1cc2c(cc1O)CC[C@@H]1[C@@H]2CC[C@]2(C)[C@@H](O)CC[C@@H]12
CROMAKALIM,CC1(C)Oc2ccc(C#N)cc2C(N2CCCC2=O)C1O
(S)-TEMAFLOXACIN,C[C@@H]1CN(c2cc3c(cc2F)c(=O)c(C(=O)O)cn3-c2ccc(F)cc2F)CCN1
TRANEXAMIC ACID,NC[C@H]1CC[C@H](C(=O)O)CC1
METOLAZONE,Cc1ccccc1N1C(=O)c2cc(S(N)(=O)=O)c(Cl)cc2NC1C
ENALKIREN,COc1ccc(C[C@H](NC(=O)CC(C)(C)N)C(=O)N[C@@H](Cc2c[nH]cn2)C(=O)N[C@@H](CC2CCCCC2)[C@@H](O)[C@@H](O)CC(C)C)cc1
PRANAZEPIDE,O=C(N[C@H]1N=C(c2ccccc2F)c2cccc3c2N(CC3)C1=O)c1cc2ccccc2[nH]1
HINOKITIOL,CC(C)c1cccc(=O)c(O)c1
6-DEOXY PENCICLOVIR,Nc1ncc2ncn(CCC(CO)CO)c2n1
FAMCICLOVIR,CC(=O)OCC(CCn1cnc2cnc(N)nc21)COC(C)=O
MONOACETYL-6-DEOXY PENCICLOVIR,CC(=O)OCC(CO)CCn1cnc2cnc(N)nc21
BREQUINAR SODIUM,Cc1c(-c2ccc(-c3ccccc3F)cc2)nc2ccc(F)cc2c1C(=O)[O-].[Na+]
HOMIDIUM,CC[n+]1c(-c2ccccc2)c2cc(N)ccc2c2ccc(N)cc21
DAPI,N=C(N)c1ccc(-c2cc3ccc(C(=N)N)cc3[nH]2)cc1
MEGLUTOL,CC(O)(CC(=O)O)CC(=O)O
CLENBUTEROL,CC(C)(C)NCC(O)c1cc(Cl)c(N)c(Cl)c1
LEVORMELOXIFENE,COc1ccc2c(c1)OC(C)(C)[C@@H](c1ccccc1)[C@@H]2c1ccc(OCCN2CCCC2)cc1
SODIUM beta-NICOTINAMIDE ADENINE DINUCLEOTIDE PHOSPHATE,NC(=O)c1ccc[n+]([C@@H]2O[C@H](COP(=O)([O-])OP(=O)(O)OC[C@H]3O[C@@H](n4cnc5c(N)ncnc54)[C@H](OP(=O)(O)O)[C@@H]3O)[C@@H](O)[C@H]2O)c1
EMTRICITABINE,Nc1nc(=O)n([C@@H]2CS[C@H](CO)O2)cc1F
DIHYDROFOLIC ACID,Nc1nc(=O)c2c([nH]1)NCC(CNc1ccc(C(=O)N[C@@H](CCC(=O)O)C(=O)O)cc1)=N2
HOECHST 33258,CN1CCN(c2ccc3[nH]c(-c4ccc5[nH]c(-c6ccc(O)cc6)nc5c4)nc3c2)CC1
TYRLYSSERASPSERPHETYRGLYLEUMET,CSCC[C@H](NC(=O)[C@H](CC(C)C)NC(=O)CNC(=O)[C@H](Cc1ccc(O)cc1)NC(=O)[C@H](Cc1ccccc1)NC(=O)[C@H](CO)NC(=O)[C@H](CC(=O)O)NC(=O)[C@H](CO)NC(=O)[C@H](CCCCN)NC(=O)[C@@H](N)Cc1ccc(O)cc1)C(N)=O
PD-0166285,CCN(CC)CCOc1ccc(Nc2ncc3cc(-c4c(Cl)cccc4Cl)c(=O)n(C)c3n2)cc1
DABIGATRAN,Cn1c(CNc2ccc(C(=N)N)cc2)nc2cc(C(=O)N(CCC(=O)O)c3ccccn3)ccc21
EBSELEN,O=c1c2ccccc2[se]n1-c1ccccc1
5-FLUORODEOXYURIDYLATE,O=c1[nH]c(=O)n([C@H]2C[C@H](O)[C@@H](COP(=O)(O)O)O2)cc1F
alpha-TOCHOPHEROL,Cc1c(C)c2c(c(C)c1O)CCC(C)(CCCC(C)CCCC(C)CCCC(C)C)O2
RASAGILINE,C#CCN[C@@H]1CCc2ccccc21
ASULACRINE,CNC(=O)c1cccc2c(Nc3ccc(NS(C)(=O)=O)cc3OC)c3cccc(C)c3nc12
SULFORAPHANE,C[S+]([O-])CCCCN=C=S
GEMCITABINE,Nc1ccn([C@@H]2O[C@H](CO)[C@@H](O)C2(F)F)c(=O)n1
CYCLOBUTOIC ACID,CC(O)(CC(=O)O)C1CCCCC1
"(R,S)-IFENPRODIL",C[C@@H]([C@H](O)c1ccc(O)cc1)N1CCC(Cc2ccccc2)CC1
1-ISOTHIOCYANATOHEXANE,CCCCCCN=C=S
ACETYLPEPSTATIN,CC(=O)N[C@H](C(=O)N[C@H](C(=O)N[C@@H](CC(C)C)[C@@H](O)CC(=O)N[C@@H](C)C(=O)N[C@@H](CC(C)C)[C@@H](O)CC(=O)O)C(C)C)C(C)C
PALIFOSFAMIDE,O=P(O)(NCCCl)NCCCl
NAMODENOSON,CNC(=O)[C@H]1O[C@@H](n2cnc3c(NCc4cccc(I)c4)nc(Cl)nc32)[C@H](O)[C@@H]1O
IODOPRIDE,CCN1CCC[C@H]1CNC(=O)c1cc(I)ccc1OC
LACTULOSE,OC[C@H]1O[C@@H](O[C@@H]2[C@@H](CO)O[C@](O)(CO)[C@H]2O)[C@H](O)[C@@H](O)[C@H]1O
ROLOFYLLINE,CCCn1c(=O)c2nc(C34CC5CC(CC3C5)C4)[nH]c2n(CCC)c1=O
CP-195543,O=C(O)c1ccc(C(F)(F)F)cc1-c1ccc2c(c1)OC[C@H](Cc1ccccc1)[C@H]2O
CIPROFOLXACIN,O=C(O)c1cn(C2CC2)c2cc(N3CCC(NN4CCNCC4)C3)c(F)cc2c1=O
SAFINAMIDE MESYLATE,CS(=O)(=O)O.C[C@H](NCc1ccc(OCc2cccc(F)c2)cc1)C(N)=O
CLOXACILLIN,Cc1onc(-c2ccccc2Cl)c1C(=O)N[C@@H]1C(=O)N2[C@@H]1SC(C)(C)[C@@H]2C(=O)O
UFIPRAZOLE,COc1ccc2[nH]c(SCc3ncc(C)c(OC)c3C)nc2c1
QUIZALOFOP,CC(Oc1ccc(Oc2cnc3cc(Cl)ccc3n2)cc1)C(=O)O
HEMIACYLCARNITINIUM,CCCCCCCCCCCCCCC[C@@]1(O)C[N+](C)(C)C[C@@H](CC(=O)[O-])O1
Palmitoyl-carnitine,CCCCCCCCCCCCCCCC(=O)OC(CC(=O)[O-])C[N+](C)(C)C
BUTORPHANOL TARTRATE,O=C(O)C(O)C(O)C(=O)O.Oc1ccc2c(c1)[C@@]13CCCC[C@@]1(O)[C@@H](C2)N(CC1CCC1)CC3
IODOAZIDOCLEBOPRIDE,COc1cc(N=[N+]=[N-])c(I)cc1C(=O)NC1CCN(Cc2ccccc2)CC1
PEPSTATIN,CC(C)CC(=O)N[C@H](C(=O)N[C@H](C(=O)N[C@@H](CC(C)C)[C@@H](O)CC(=O)N[C@@H](C)C(=O)N[C@@H](CC(C)C)[C@@H](O)CC(=O)O)C(C)C)C(C)C
ARISTEROMYCIN,Nc1ncnc2c1ncn2[C@@H]1C[C@H](CO)[C@@H](O)[C@H]1O
DICLOXACILLIN,Cc1onc(-c2c(Cl)cccc2Cl)c1C(=O)N[C@@H]1C(=O)N2[C@@H]1SC(C)(C)[C@@H]2C(=O)O
b-D-GALACTOSE,OC[C@H]1O[C@@H](O)[C@H](O)[C@@H](O)[C@H]1O
THIODIGALACTOSIDE,OC[C@H]1O[C@@H](S[C@@H]2O[C@H](CO)[C@H](O)[C@H](O)[C@H]2O)[C@H](O)[C@@H](O)[C@H]1O
BUPROPION,CC(NC(C)(C)C)C(=O)c1cccc(Cl)c1
EMETINE,CC[C@H]1CN2CCc3cc(OC)c(OC)cc3[C@@H]2C[C@@H]1C[C@H]1NCCc2cc(OC)c(OC)cc21
NALBUPHINE,Oc1ccc2c3c1O[C@H]1[C@@H](O)CC[C@@]4(O)[C@@H](C2)N(CC2CCC2)CC[C@]314
ABUNIDAZOLE,Cn1c([N+](=O)[O-])cnc1C(O)c1cc(C(C)(C)C)ccc1O
FENMETOZOLE,Clc1ccc(OCC2=NCCN2)cc1Cl
DEXTROMETHORPHAN,COc1ccc2c(c1)[C@]13CCCC[C@@H]1[C@H](C2)N(C)CC3
HYDROXYZINE,OCCOCCN1CCN(C(c2ccccc2)c2ccc(Cl)cc2)CC1
PROBENECID,CCCN(CCC)S(=O)(=O)c1ccc(C(=O)O)cc1
DIFLUNISAL,O=C(O)c1cc(-c2ccc(F)cc2F)ccc1O
ISOAAPTAMINE,COc1cc2ccnc3c2c(c1O)N(C)C=C3
FK453,O=C(/C=C/c1c(-c2ccccc2)nn2ccccc12)N1CCCC[C@@H]1CCO
"9,10-PHENANTHRENEQUINONE",O=C1C(=O)c2ccccc2-c2ccccc21
KENPAULLONE,O=C1Cc2c([nH]c3ccc(Br)cc23)-c2ccccc2N1
LANSOPRAZOLE SULFIDE,Cc1c(OCC(F)(F)F)ccnc1CSc1nc2ccccc2[nH]1
ORPHENADRINE,Cc1ccccc1C(OCCN(C)C)c1ccccc1
ALEMCINAL,CC[C@H]1OC(=O)[C@H](C)[C@@H](O[C@H]2C[C@@](C)(OC)C[C@H](C)O2)[C@H](C)[C@@H](O[C@@H]2O[C@H](C)C[C@H](N(C)CC)[C@H]2O)[C@@]2(C)CC(C)=C(O2)[C@H](C)[C@@H](O)[C@H]1C
ROLZIRACETAM,O=C1CCC2CCC(=O)N12
"1,2-NAPHTHOQUINONE",O=C1C=Cc2ccccc2C1=O
PAULLONE,O=C1Cc2c([nH]c3ccccc23)-c2ccccc2N1
PAULLONE 2,N#Cc1ccc2[nH]c3c(c2c1)CC(=O)Nc1ccccc1-3
ACETOXYPUKALIDE,C=C(C)[C@@H]1Cc2oc(cc2C(=O)OC)[C@@H]2O[C@@]2(C)C[C@@H]2C=C(C(=O)O2)[C@@H](OC(C)=O)C1
(RS)-ROSCOVITINE,CCC(CO)Nc1nc(NCc2ccccc2)c2ncn(C(C)C)c2n1
TIRAPAZAMINE,Nc1n[n+]([O-])c2ccccc2[n+]1[O-]
LOPHOTOXIN,C=C(C)[C@@H]1Cc2oc(cc2C=O)[C@@H]2O[C@@]2(C)C[C@H]2OC(=O)[C@@]3(O[C@H]23)[C@@H](OC(C)=O)C1
HERNIARIN,COc1ccc2ccc(=O)oc2c1
GOSSYPOL,Cc1cc2c(C(C)C)c(O)c(O)c(C=O)c2c(O)c1-c1c(C)cc2c(C(C)C)c(O)c(O)c(C=O)c2c1O
UMBELLIFERONE,O=c1ccc2ccc(O)cc2o1
FAMOTIDINE,NC(N)=Nc1nc(CSCC/C(N)=N/S(N)(=O)=O)cs1
TRANSTORINE,O=C(O)c1cc(=O)c2ccccc2[nH]1
ISOXICAM,Cc1cc(NC(=O)C2=C(O)c3ccccc3S(=O)(=O)N2C)no1
OCTOPAMINE,NCC(O)c1ccc(O)cc1
OSTHOLE,COc1ccc2ccc(=O)oc2c1CC=C(C)C
ASIMIN,CCCCCCC[C@H]1CC[C@H](CCCC[C@@H](O)[C@H]2CC[C@H](CCC[C@H](O)[C@@H](O)CCCCCCCC3=C[C@H](C)OC3=O)O2)O1
ALSTERPAULLONE,O=C1Cc2c([nH]c3ccc([N+](=O)[O-])cc23)-c2ccccc2N1
PUKALIDE ALDEHYDE,C=C(C)[C@H]1CCC2=C[C@@H](C[C@]3(C)O[C@H]3c3cc(C=O)c(o3)C1)OC2=O
GALLOPAMIL,COc1ccc(CCN(C)CCCC(C#N)(c2cc(OC)c(OC)c(OC)c2)C(C)C)cc1OC
6-DEMETHYL-6-N-NONADECYLMITOMYCIN A,CCCCCCCCCCCCCCCCCCCC1=C(OC)C(=O)C2=C(C1=O)N1C[C@@H]3N[C@@H]3[C@]1(OC)[C@@H]2COC(N)=O
HYDRAZINECARBOXAMIDE,NNC(N)=O
M-FLUOROPHENYLALANINE,NC(Cc1cccc(F)c1)C(=O)O
6-DEMETHYL-6-N-UNDECYLMITOMYCIN A,CCCCCCCCCCCC1=C(OC)C(=O)C2=C(C1=O)N1C[C@@H]3N[C@@H]3[C@]1(OC)[C@@H]2COC(N)=O
DEOXYLOPHOTOXIN,C=C(C)[C@@H]1Cc2oc(cc2C=O)[C@@H]2O[C@@]2(C)C[C@@H]2C=C(C(=O)O2)[C@@H](OC(C)=O)C1
DEXMETHYLPHENIDATE HYDROCHLORIDE,COC(=O)[C@H](c1ccccc1)[C@H]1CCCCN1.Cl
6-BENZYL-6-DEMETHYLMITOMYCIN B,COC1=C(Cc2ccccc2)C(=O)C2=C(C1=O)[C@H](COC(N)=O)[C@@]1(O)[C@@H]3[C@H](CN21)N3C
PUKALIDE,C=C(C)[C@H]1CCC2=C[C@@H](C[C@]3(C)O[C@H]3c3cc(C(=O)OC)c(o3)C1)OC2=O
RIZATRIPTAN,CN(C)CCc1c[nH]c2ccc(Cn3cncn3)cc12
6-DEMETHYL-6-(2-METHYLPROPYL)MITOMYCIN B,COC1=C(CC(C)C)C(=O)C2=C(C1=O)[C@H](COC(N)=O)[C@@]1(O)[C@@H]3[C@H](CN21)N3C
MINOXIDIL SULFATE,Nc1cc(N2CCCCC2)nc(N)[n+]1OS(=O)(=O)[O-]
6-DEMETHYL-6-N-PENTYLMITOMYCIN A,CCCCCC1=C(OC)C(=O)C2=C(C1=O)N1C[C@@H]3N[C@@H]3[C@]1(OC)[C@@H]2COC(N)=O
MITOMYCIN A,COC1=C(C)C(=O)C2=C(C1=O)[C@@H](COC(N)=O)[C@@]1(OC)[C@H]3N[C@H]3CN21
THIAZOLOBENZIMIDAZOLE,Fc1cccc(F)c1C1SCc2nc3ccccc3n21
6-DEMETHYL-6-ETHYLMITOMYCIN A,CCC1=C(OC)C(=O)C2=C(C1=O)N1C[C@@H]3N[C@@H]3[C@]1(OC)[C@@H]2COC(N)=O
PIRIQUALONE,Cc1ccccc1-n1c(/C=C/c2ccccn2)nc2ccccc2c1=O
SURONACRINE,OC1CCCc2nc3ccccc3c(NCc3ccccc3)c21
DEMETHOXYMATTEUCINOL,Cc1c(O)c(C)c2c(c1O)C(=O)C[C@@H](c1ccccc1)O2
FENPIPRANE,c1ccc(C(CCN2CCCCC2)c2ccccc2)cc1
(S)APOMORPHINE,CN1CCc2cccc3c2[C@@H]1Cc1ccc(O)c(O)c1-3
THIAZOLOPYRIMIDINE,Nc1nc(O)c2sc(N)nc2n1
CARBOXYLIC ACID METABOLITE,CCCCc1nc(Cl)c(C(=O)O)n1Cc1ccc(-c2ccccc2-c2nn[nH]n2)cc1
DITIOMUSTINE,O=NN(CCCl)C(=O)NCCSSCCNC(=O)N(CCCl)N=O
DESMOSDUMOTIN C,COC1=C(C)C(O)=C(C(=O)/C=C/c2ccccc2)C(=O)C1(C)C
NEOSTIGMINE BROMIDE,CN(C)C(=O)Oc1cccc([N+](C)(C)C)c1.[Br-]
GENTAMICIN C1A,CNC1C(O)C(OC2C(N)CC(N)C(OC3OC(CN)CCC3N)C2O)OCC1(C)O
MOSLOFLAVONE,COc1cc2oc(-c3ccccc3)cc(=O)c2c(O)c1OC
BENZYLPHOSPHONIC ACID,O=P(O)(O)Cc1ccccc1
VELNACRINE,Nc1c2c(nc3ccccc13)CCCC2O
CHLORPROTHIXENE,CN(C)CC/C=C1/c2ccccc2Sc2ccc(Cl)cc21
IMIDAFENACIN,Cc1nccn1CCC(C(N)=O)(c1ccccc1)c1ccccc1
ZUCLOPENTHIXOL,OCCN1CCN(CC/C=C2/c3ccccc3Sc3ccc(Cl)cc32)CC1
7-HYDROXYCHLORPROMAZINE,CN(C)CCCN1c2ccc(O)cc2Sc2ccc(Cl)cc21
O-COUMARIC ACID,O=C(O)/C=C/c1ccccc1O
2-HYDROXYCINNAMALDEHYDE,O=C/C=C/c1ccccc1O
INDATRALINE,CNC1CC(c2ccc(Cl)c(Cl)c2)c2ccccc21
SARPOGRELATE,COc1cccc(CCc2ccccc2OCC(CN(C)C)OC(=O)CCC(=O)O)c1
Z-FLUPENTIXOL,OCCN1CCN(CC/C=C2/c3ccccc3Sc3ccc(C(F)(F)F)cc32)CC1
LODENAFIL,CCCc1nn(C)c2c(=O)[nH]c(-c3cc(S(=O)(=O)N4CCN(CCO)CC4)ccc3OCC)nc12
CHLORPROETHAZINE,CCN(CC)CCCN1c2ccccc2Sc2ccc(Cl)cc21
TALSUPRAM,CNCCCC1(c2ccccc2)SC(C)(C)c2ccccc21
TALOPRAM,CNCCCC1(c2ccccc2)OC(C)(C)c2ccccc21
ZOLPIDEM,Cc1ccc(-c2nc3ccc(C)cn3c2CC(=O)N(C)C)cc1
GEVOTROLINE,Fc1ccc2[nH]c3c(c2c1)CN(CCCc1cccnc1)CC3
CARVOTROLINE,Fc1ccc2[nH]c3c(c2c1)CN(CCc1ccncc1)CC3
TYLOPHORIDICINE E,COc1cc2c3c(c4ccc(O)cc4c2cc1OC)[C@H](O)[C@@H]1CCCN1C3
FLUMAZENIL METHYLESTER,COC(=O)c1ncn2c1CN(C)C(=O)c1cc(F)ccc1-2
FLAVOPYRIDOL,CN1CC[C@H](c2c(O)cc(O)c3c(=O)cc(-c4ccccc4Cl)oc23)C(O)C1
FOSFONET,O=C(O)CP(=O)(O)O
PROPYNOIC ACID ETHYL ESTER,C#CC(=O)OCC
ACRYLONITRILE,C=CC#N
NORNITROGEN MUSTARD,ClCCNCCCl
ANGELICIN,O=c1ccc2ccc3occc3c2o1
ARBACLOFEN,NC[C@H](CC(=O)O)c1ccc(Cl)cc1
2-methyl-(E)-2-butenal,C/C=C(\C)C=O
FEXOFENADINE,CC(C)(C(=O)O)c1ccc(C(O)CCCN2CCC(C(O)(c3ccccc3)c3ccccc3)CC2)cc1
SEMDURAMICIN SODIUM,CO[C@@H]1[C@@H](O)[C@H](C)[C@@](O)(CC(=O)[O-])O[C@H]1[C@H](C)[C@H]1O[C@@]2(CC[C@@](C)([C@H]3CC[C@@](C)([C@@H]4O[C@@H]([C@H]5O[C@](C)(O)[C@H](C)C[C@@H]5C)C[C@@H]4O[C@H]4CC[C@H](OC)[C@@H](C)O4)O3)O2)C[C@H](O)[C@H]1C.[Na+]
ACRYLIC ACID ETHYL ESTER,C=CC(=O)OCC
ORYZALIN,CCCN(CCC)c1c([N+](=O)[O-])cc(S(N)(=O)=O)cc1[N+](=O)[O-]
4-HYDROXYCOUMARINS,O=c1cc(O)c2ccccc2o1
QUINAZOLINE,c1ccc2ncncc2c1
PACLITAXEL C7 BENZOIC ACID ESTER,CC(=O)O[C@H]1C(=O)[C@]2(C)[C@@H](OC(=O)c3ccccc3)C[C@H]3OC[C@@]3(OC(C)=O)[C@H]2[C@H](OC(=O)c2ccccc2)[C@]2(O)C[C@H](OC(=O)[C@H](O)[C@@H](NC(=O)c3ccccc3)c3ccccc3)C(C)=C1C2(C)C
FRAXETIN,COc1cc2ccc(=O)oc2c(O)c1O
CINNAMALDEHYDE,O=C/C=C/c1ccccc1
E-METHYL CINNAMATE,COC(=O)/C=C/c1ccccc1
ENMD-981693,Cn1cc(C2=C(c3cn(C)c4cc([N+](=O)[O-])ccc34)C(=O)NC2=O)c2ccccc21
4-HYDROXY-6-METHYLPYRAN-2-ONE,Cc1cc(O)cc(=O)o1
PHENYLBUTYRYLHYDROXAMIC ACID,O=C(CCCc1ccccc1)NO
NEDOCROMIL SODIUM,CCCc1c2oc(C(=O)[O-])cc(=O)c2cc2c(=O)cc(C(=O)[O-])n(CC)c12.[Na+].[Na+]
EDATREXATE,CCC(Cc1cnc2nc(N)nc(N)c2n1)c1ccc(C(=O)N[C@@H](CCC(=O)O)C(=O)O)cc1
DIGITONIN,C[C@@H]1CC[C@@]2(OC1)O[C@H]1[C@@H](O)[C@H]3[C@@H]4CC[C@H]5C[C@@H](O[C@@H]6O[C@H](CO)[C@H](O[C@@H]7O[C@H](CO)C(O)[C@H](O[C@@H]8OC[C@@H](O)[C@H](O)[C@H]8O)[C@H]7O[C@@H]7O[C@H](CO)[C@H](O)[C@H](O[C@@H]8O[C@H](CO)[C@@H](O)[C@H](O)[C@H]8O)[C@H]7O)[C@H](O)[C@H]6O)[C@H](O)C[C@]5(C)[C@H]4CC[C@]3(C)[C@H]1[C@@H]2C
ATHRAQUINONES A,O=C1c2ccccc2C(=O)c2c1ccc(O)c2O
ANTHRAQUINONE,O=C1c2ccccc2C(=O)c2ccccc21
STYPOLDIONE,CC1=CC(=O)C(=O)C2=C1O[C@@]1(C2)[C@@H](C)CC[C@@H]2[C@@]3(C)CC[C@H](O)C(C)(C)C3CC[C@]21C
TIROFIBAN,CCCCS(=O)(=O)N[C@@H](Cc1ccc(OCCCCC2CCNCC2)cc1)C(=O)O
IONOPHORE,CO[C@@H]1[C@@H](O[C@H]2CC[C@H](OC)[C@@H](C)O2)[C@H](C)[C@@](O)(CC(=O)[O-])O[C@H]1[C@H](C)[C@H]1O[C@@]2(CC[C@@](C)([C@H]3CC[C@@](C)([C@@H]4O[C@@H]([C@H]5O[C@](C)(O)[C@H](C)C[C@@H]5C)C[C@@H]4O[C@H]4CC[C@H](OC)[C@@H](C)O4)O3)O2)C[C@H](O)[C@H]1C.[Na+]
DANTHRON,O=C1c2cccc(O)c2C(=O)c2c(O)cccc21
DOXRIBTIMINE,Cc1cn([C@H]2C[C@H](O)[C@@H](CO)O2)c(=O)[nH]c1=O
FLOXURIDINE,O=c1[nH]c(=O)n([C@H]2C[C@H](O)[C@@H](CO)O2)cc1F
THIOPHENYTOIN,O=C1NC(=S)NC1(c1ccccc1)c1ccccc1
PHENACEMIDE,NC(=O)NC(=O)Cc1ccccc1
FOSPHENYTOIN SODIUM,O=C1NC(c2ccccc2)(c2ccccc2)C(=O)N1COP(=O)([O-])[O-].[Na+].[Na+]
ANTHRARUFIN,O=C1c2cccc(O)c2C(=O)c2cccc(O)c21
ANTHRAFLAVICACID,O=C1c2ccc(O)cc2C(=O)c2ccc(O)cc21
MYRIOCIN,CCCCCCC(=O)CCCCCC/C=C/C[C@@H](O)[C@H](O)[C@@](N)(CO)C(=O)O
CHOLINE,C[N+](C)(C)CCO
ENZASTAURIN,Cn1cc(C2=C(c3cn(C4CCN(Cc5ccccn5)CC4)c4ccccc34)C(=O)NC2=O)c2ccccc21
MORPHOLINOMETHYLENEDIPHOSPHONIC ACID,O=P(O)(O)C(N1CCOCC1)P(=O)(O)O
ALPIDEM,CCCN(CCC)C(=O)Cc1c(-c2ccc(Cl)cc2)nc2ccc(Cl)cn12
RO 25-6833,Nc1nc(/C(=N/O)C(=O)N[C@@H]2C(=O)N3C(C(=O)O)=C(/C=C4\CCN(CC(F)(F)F)C4=O)CS[C@H]23)cs1
ADEFOVIR DIPIVOXIL,CC(C)(C)C(=O)OCOP(=O)(COCCn1cnc2c(N)ncnc21)OCOC(=O)C(C)(C)C
OCTADECYLAMINE,CCCCCCCCCCCCCCCCCCN
DARGLITAZONE,Cc1oc(-c2ccccc2)nc1CCC(=O)c1ccc(CC2SC(=O)NC2=O)cc1
OXECLOSPORIN,C/C=C/C[C@@H](C)[C@@H](O)[C@H]1C(=O)N[C@@H](CC)C(=O)N(C)CC(=O)N(C)[C@@H](CC(C)C)C(=O)N[C@@H](C(C)C)C(=O)N(C)[C@@H](CC(C)C)C(=O)N[C@@H](C)C(=O)N[C@H](COCCO)C(=O)N(C)[C@@H](CC(C)C)C(=O)N(C)[C@@H](CC(C)C)C(=O)N(C)[C@@H](C(C)C)C(=O)N1C
N-(HEXAMETHYLENEIMINO)METHYLENEBISPHOSPHONIC ACID,O=P(O)(O)C(N1CCCCCC1)P(=O)(O)O
CEFTRIAXONE,CO/N=C(\C(=O)N[C@@H]1C(=O)N2C(C(=O)O)=C(CSc3nc(=O)c(O)nn3C)CS[C@H]12)c1csc(N)n1
RISEDRONIC ACID,O=P(O)(O)C(O)(Cc1cccnc1)P(=O)(O)O
ZOLEDRONIC ACID ANHYDROUS,O=P(O)(O)C(O)(Cn1ccnc1)P(=O)(O)O
RESVERATROL 4'-METHYL ETHER,COc1ccc(/C=C/c2cc(O)cc(O)c2)cc1
NAPHTHOQUINONE,O=C1C=CC(=O)c2ccccc21
THIOMORPHOLINOMETHYLENEDIPHOSPHONIC ACID,O=P(O)(O)C(N1CCSCC1)P(=O)(O)O
(DIISOPROPYLAMINO)METHYLENEDIPHOSPHONIC ACID,CC(C)N(C(C)C)C(P(=O)(O)O)P(=O)(O)O
(DIPROPYLAMINO)METHYLENEDIPHOSPHONIC ACID,CCCN(CCC)C(P(=O)(O)O)P(=O)(O)O
(BUTYL(ETHYL)AMINO)METHYLENEDIPHOSPHONIC ACID,CCCCN(CC)C(P(=O)(O)O)P(=O)(O)O
"(3,5-DICHLOROPHENYLAMINO)METHYLENEDIPHOSPHONIC ACID",O=P(O)(O)C(Nc1cc(Cl)cc(Cl)c1)P(=O)(O)O
NERIDRONIC ACID,NCCCCCC(O)(P(=O)(O)O)P(=O)(O)O
OLPADRONIC ACID,CN(C)CCC(O)(P(=O)(O)O)P(=O)(O)O
INCADRONIC ACID,O=P(O)(O)C(NC1CCCCCC1)P(=O)(O)O
(DICYCLOHEXYLAMINO)METHYLENEDIPHOSPHONIC ACID,O=P(O)(O)C(N(C1CCCCC1)C1CCCCC1)P(=O)(O)O
(CYCLOHEXYLAMINO)METHYLENEDIPHOSPHONIC ACID,O=P(O)(O)C(NC1CCCCC1)P(=O)(O)O
(HEXYLAMINO)METHYLENEDIPHOSPHONIC ACID,CCCCCCNC(P(=O)(O)O)P(=O)(O)O
(PENTYLAMINO)METHYLENEDIPHOSPHONIC ACID,CCCCCNC(P(=O)(O)O)P(=O)(O)O
CYCLAZOCINE,C[C@H]1[C@H]2Cc3ccc(O)cc3[C@]1(C)CCN2CC1CC1
(CYCLOPENTYLAMINO)METHYLENEDIPHOSPHONIC ACID,O=P(O)(O)C(NC1CCCC1)P(=O)(O)O
(CYCLOOCTYLAMINO)METHYLENEDIPHOSPHONIC ACID,O=P(O)(O)C(NC1CCCCCCC1)P(=O)(O)O
(CYCLOBUTYLAMINO)METHYLENEDIPHOSPHONIC ACID,O=P(O)(O)C(NC1CCC1)P(=O)(O)O
(PROPYLAMINO)METHYLENEDIPHOSPHONIC ACID,CCCNC(P(=O)(O)O)P(=O)(O)O
(BUTYLAMINO)METHYLENEDIPHOSPHONIC ACID,CCCCNC(P(=O)(O)O)P(=O)(O)O
ANIDULAFUNGIN,CCCCCOc1ccc(-c2ccc(-c3ccc(C(=O)N[C@H]4C[C@@H](O)[C@@H](O)NC(=O)[C@@H]5[C@@H](O)[C@@H](C)CN5C(=O)[C@H]([C@@H](C)O)NC(=O)[C@H]([C@H](O)[C@@H](O)c5ccc(O)cc5)NC(=O)[C@@H]5C[C@@H](O)CN5C(=O)[C@H]([C@@H](C)O)NC4=O)cc3)cc2)cc1
(ISOPENTYLAMINO)METHYLENEDIPHOSPHONIC ACID,CC(C)CCNC(P(=O)(O)O)P(=O)(O)O
CYCLOPROPYL(HYDROXY)METHYLENEDIPHOSPHONIC ACID,O=P(O)(O)C(O)(C1CC1)P(=O)(O)O
DYNORPHIN A (1-17),CC[C@H](C)[C@H](NC(=O)[C@H](CCCNC(=N)N)NC(=O)[C@H](CCCNC(=N)N)NC(=O)[C@H](CC(C)C)NC(=O)[C@H](Cc1ccccc1)NC(=O)CNC(=O)CNC(=O)[C@@H](N)Cc1ccc(O)cc1)C(=O)N[C@@H](CCCNC(=N)N)C(=O)N1CCC[C@H]1C(=O)N[C@@H](CCCCN)C(=O)N[C@@H](CC(C)C)C(=O)N[C@@H](CCCCN)C(=O)N[C@@H](Cc1c[nH]c2ccccc12)C(=O)N[C@@H](CC(=O)O)C(=O)N[C@@H](CC(N)=O)C(=O)N[C@@H](CCC(N)=O)C(=O)O
DIETHYL PYROCARBONATE,CCOC(=O)OC(=O)OCC
FORMIC ACID ETHYL ESTER,COC(=O)ON(C(=O)OC)S(=O)(=O)c1ccc(Cl)cc1
NORVALINE,CCC[C@H](N)C(=O)O
(CYCLOPROPYLAMINO)METHYLENEDIPHOSPHONIC ACID,O=P(O)(O)C(NC1CC1)P(=O)(O)O
TYROSINE,N[C@@H](Cc1ccc(O)cc1)C(=O)O
(S)-THIORPHAN,O=C(O)CNC(=O)[C@@H](CS)Cc1ccccc1
(4-HYDROXYPHENETHYLAMINO)METHYLENEDIPHOSPHONIC ACID,O=P(O)(O)C(NCCc1ccc(O)cc1)P(=O)(O)O
DOBUTAMINE,CC(CCc1ccc(O)cc1)NCCc1ccc(O)c(O)c1
COLFORSIN,C=C[C@@]1(C)CC(=O)[C@]2(O)[C@@]3(C)[C@@H](O)CCC(C)(C)[C@@H]3[C@H](O)[C@H](OC(C)=O)[C@@]2(C)O1
PHENYLALANINE,N[C@@H](Cc1ccccc1)C(=O)O
ACETYLTRYPTOPHAN,CC(=O)N[C@@H](Cc1c[nH]c2ccccc12)C(=O)O
LEVACETYLLEUCINE,CC(=O)N[C@@H](CC(C)C)C(=O)O
RAVUCONAZOLE,C[C@@H](c1nc(-c2ccc(C#N)cc2)cs1)[C@](O)(Cn1cncn1)c1ccc(F)cc1F
(DIETHYLAMINO)METHYLENEDIPHOSPHONIC ACID,CCN(CC)C(P(=O)(O)O)P(=O)(O)O
LEUCINE,CC(C)C[C@H](N)C(=O)O
CEFDINIR,C=CC1=C(C(=O)O)N2C(=O)[C@@H](NC(=O)/C(=N\O)c3csc(N)n3)[C@H]2SC1
TRYPTOPHAN,N[C@@H](Cc1c[nH]c2ccccc12)C(=O)O
PROLINE,O=C(O)[C@@H]1CCCN1
BENZYL ISOTHIOCYANATE,S=C=NCc1ccccc1
DANTROLENE SODIUM,O=C1CN(/N=C/c2ccc(-c3ccc([N+](=O)[O-])cc3)o2)C(=O)[N-]1.[Na+]
LONAFARNIB,NC(=O)N1CCC(CC(=O)N2CCC([C@H]3c4ncc(Br)cc4CCc4cc(Cl)cc(Br)c43)CC2)CC1
ORNITHINE,NCCC[C@H](N)C(=O)O
NORLEUCINE,CCCC[C@H](N)C(=O)O
MEVASTATIN,CC[C@H](C)C(=O)O[C@H]1CCC=C2C=C[C@H](C)[C@H](CC[C@@H]3C[C@@H](O)CC(=O)O3)[C@H]21
PHENYLALANYLTYROSINE,N[C@@H](Cc1ccccc1)C(=O)N[C@@H](Cc1ccc(O)cc1)C(=O)O
UC 781,CC(C)=CCOc1cc(NC(=S)c2ccoc2C)ccc1Cl
(ISOBUTYLAMINO)METHYLENEDIPHOSPHONIC ACID,CC(C)CNC(P(=O)(O)O)P(=O)(O)O
CYCLOHEXYL(HYDROXY)METHYLENEDIPHOSPHONIC ACID,O=P(O)(O)C(O)(C1CCCCC1)P(=O)(O)O
CYCLOBUTYL(HYDROXY)METHYLENEDIPHOSPHONIC ACID,O=P(O)(O)C(O)(C1CCC1)P(=O)(O)O
DIDEOXY GUANOSINE TRIPHOSPHATE,Nc1nc2c(ncn2[C@H]2CC[C@@H](COP(=O)(O)OP(=O)(O)OP(=O)(O)O)O2)c(=O)[nH]1
(NONYLAMINO)METHYLENEDIPHOSPHONIC ACID,CCCCCCCCCNC(P(=O)(O)O)P(=O)(O)O
(OCTYLAMINO)METHYLENEDIPHOSPHONIC ACID,CCCCCCCCNC(P(=O)(O)O)P(=O)(O)O
METHYLTRIPHENYLPHOSPHONIUM BROMIDE,C[P+](c1ccccc1)(c1ccccc1)c1ccccc1.[Br-]
METHOXYFENOZIDE,COc1cccc(C(=O)NN(C(=O)c2cc(C)cc(C)c2)C(C)(C)C)c1C
PHENYLALANINE METHYL ESTER,COC(=O)[C@@H](N)Cc1ccccc1
PSEUDOMYCIN C,C/C=C1/NC(=O)[C@H]([C@H](C)O)NC(=O)[C@@H](CCN)NC(=O)[C@H](CCCCN)NC(=O)[C@H](CC(=O)O)NC(=O)[C@@H](CCN)NC(=O)[C@@H](NC(=O)C[C@H](O)CCCCCCCCCCCCC)COC(=O)[C@H]([C@H](O)CCl)NC(=O)[C@H]([C@H](O)C(=O)O)NC1=O
DELAVIRDINE MESYLATE,CC(C)Nc1cccnc1N1CCN(C(=O)c2cc3cc(NS(C)(=O)=O)ccc3[nH]2)CC1.CS(=O)(=O)O
GLYCYLGLYCYLGLYCINE,NCC(=O)NCC(=O)NCC(=O)O
PSEUDOMYCIN B,C/C=C1\NC(=O)[C@H]([C@H](C)O)NC(=O)[C@H](CCN)NC(=O)[C@H](CCCCN)NC(=O)[C@H](CC(=O)O)NC(=O)[C@@H](CCN)NC(=O)[C@@H](NC(=O)C[C@H](O)CCCCCCCCCCC)COC(=O)[C@H]([C@H](O)CCl)NC(=O)[C@H]([C@H](O)C(=O)O)NC1=O
GLUTAMINE,NC(=O)CC[C@H](N)C(=O)O
ASPARAGINE,NC(=O)C[C@H](N)C(=O)O
VAL-GLY,CC(C)[C@H](N)C(=O)NCC(=O)O
6-BROMOFLAVONE,O=c1cc(-c2ccccc2)oc2ccc(Br)cc12
LEU-LEU,CC(C)C[C@H](NC(=O)[C@@H](N)CC(C)C)C(=O)O
VAL-VAL,CC(C)[C@H](N)C(=O)N[C@H](C(=O)O)C(C)C
TYROSOL,OCCc1ccc(O)cc1
TRYPTOPHAN METHYL ESTER,COC(=O)[C@@H](N)Cc1c[nH]c2ccccc12
L-TYROSINE ETHYLESTER,CCOC(=O)[C@@H](N)Cc1ccc(O)cc1
LEU-ALA,CC(C)C[C@H](N)C(=O)N[C@@H](C)C(=O)O
NIMESULIDE,CS(=O)(=O)Nc1ccc([N+](=O)[O-])cc1Oc1ccccc1
TYROSINE METHYL ESTER,COC(=O)[C@@H](N)Cc1ccc(O)cc1
PRISTIMERIN,COC(=O)[C@]1(C)CC[C@]2(C)CC[C@]3(C)C4=CC=C5C(=CC(=O)C(O)=C5C)[C@]4(C)CC[C@@]3(C)[C@@H]2C1
ALBACONAZOLE,C[C@@H](n1cnc2cc(Cl)ccc2c1=O)[C@](O)(Cn1cncn1)c1ccc(F)cc1F
SCUTELLAREIN,O=c1cc(-c2ccc(O)cc2)oc2cc(O)c(O)c(O)c12
HALOTHANE,FC(F)(F)C(Cl)Br
TINGENONE,CC1=C(O)C(=O)C=C2C1=CC=C1[C@@]2(C)CC[C@@]2(C)[C@@H]3C[C@@H](C)C(=O)C[C@]3(C)CC[C@]12C
GEIPARVARIN,C/C(=C\COc1ccc2ccc(=O)oc2c1)C1=CC(=O)C(C)(C)O1
HISPIDULIN,COc1c(O)cc2oc(-c3ccc(O)cc3)cc(=O)c2c1O
5-FLUOROURIDINE,O=c1[nH]c(=O)n([C@@H]2O[C@H](CO)[C@@H](O)[C@H]2O)cc1F
PRISTIMEROL DIACETATE,COC(=O)[C@]1(C)CC[C@]2(C)CC[C@]3(C)C4=CCc5c(cc(OC(C)=O)c(OC(C)=O)c5C)[C@]4(C)CC[C@@]3(C)[C@@H]2C1
DIPYRIDAMOLE,OCCN(CCO)c1nc(N2CCCCC2)c2nc(N(CCO)CCO)nc(N3CCCCC3)c2n1
PRISTIMEROL,COC(=O)[C@]1(C)CC[C@]2(C)CC[C@]3(C)C4=CCc5c(cc(O)c(O)c5C)[C@]4(C)CC[C@@]3(C)[C@@H]2C1
CELASTROL,CC1=C(O)C(=O)C=C2C1=CC=C1[C@@]2(C)CC[C@@]2(C)[C@@H]3C[C@](C)(C(=O)O)CC[C@]3(C)CC[C@]12C
(-)-EPIBATIDINE,Clc1ccc([C@H]2C[C@@H]3CC[C@H]2N3)cn1
ENOFELAST,Cc1cc(/C=C/c2ccc(F)cc2)cc(C)c1O
PIRMENOL,CC1CCCC(C)N1CCCC(O)(c1ccccc1)c1ccccn1
METYRAPOL,CC(C)(c1cccnc1)C(O)c1cccnc1
METYRAPONE,CC(C)(C(=O)c1cccnc1)c1cccnc1
DESCHLOROEPIBATIDINE,c1cncc(C2CC3CCC2N3)c1
LICOFELONE,CC1(C)Cc2c(-c3ccccc3)c(-c3ccc(Cl)cc3)c(CC(=O)O)n2C1
DIPHENIDOL,OC(CCCN1CCCCC1)(c1ccccc1)c1ccccc1
AZIDOEPIBATIDINE,[N-]=[N+]=Nc1cc(C2CC3CCC2N3)cnc1Cl
(+)-EPIBATIDINE,Clc1ccc([C@@H]2C[C@H]3CC[C@@H]2N3)cn1
FLAVANONE,O=c1cc(-c2ccccc2)oc2cc(O)c(O)cc12
FLAVONOL,O=c1c(O)c(-c2ccccc2)oc2ccccc12
DIETHYLCARBAMAZINE CITRATE,CCN(CC)C(=O)N1CCN(C)CC1.O=C(O)CC(O)(CC(=O)O)C(=O)O
CATECHOLINE,C[N+](C)(C)CC(O)c1ccc(O)c(O)c1.[I-]
FLUTROLINE,OC(CCCN1CCc2c(c3cc(F)ccc3n2-c2ccc(F)cc2)C1)c1ccc(F)cc1
THIOBUTYROLACTONE,O=C1CCCS1
BAFILOMYCIN G,CO/C1=C\C(C)=C\[C@@H](C)[C@@H](O)[C@@H](C)C/C(C)=C/C=C/[C@H](OC)[C@@H]([C@@H](C)[C@@H](O)[C@H](C)[C@@]2(O)C[C@@H](OC)[C@H](C)[C@@H](C(C)C)O2)OC1=O
METIOPRIM,COc1cc(Cc2cnc(N)nc2N)cc(OC)c1SC
LASONOLIDE A,C=C(CCC(C)C)COC(=O)[C@H](O)C/C=C\C[C@@H]1O[C@@H]2/C=C/C/C=C/C(C)=C\[C@H]3O[C@@H](C/C=C/C=C/C(=O)O[C@H](C2)[C@@]1(C)CO)C[C@H](O)[C@H]3C
ADITOPRIM,COc1cc(Cc2cnc(N)nc2N)cc(OC)c1N(C)C
PABETAN,N=C(N)NCCC[C@H](NC(=O)[C@@H](N)Cc1ccccc1)C(=O)Nc1ccc2ccccc2c1
AZILSARTAN,CCOc1nc2cccc(C(=O)O)c2n1Cc1ccc(-c2ccccc2-c2noc(=O)[nH]2)cc1
LASONOLIDE E,CCOC(=O)[C@H](O)C/C=C\C[C@@H]1O[C@@H]2/C=C/C/C=C/C(C)=C\[C@H]3O[C@@H](C/C=C/C=C/C(=O)O[C@H](C2)[C@@]1(C)CO)C[C@H](O)[C@H]3C
DIOLEIN,CCCCCCCC/C=C/CCCCCCCC(=O)OC[C@H](CO)OC(=O)CCCCCCC/C=C/CCCCCCCC
SARALASIN,CNCC(=O)N[C@@H](CCCNC(=N)N)C(=O)N[C@H](C(=O)N[C@@H](Cc1ccc(O)cc1)C(=O)N[C@H](C(=O)N[C@@H](Cc1cnc[nH]1)C(=O)N1CCC[C@H]1C(=O)N[C@@H](C)C(=O)O)C(C)C)C(C)C
ANGIOTENSIN III,CC(C)[C@H](NC(=O)[C@H](CCCN=C(N)N)NC(=O)[C@@H](N)CC(=O)O)C(=O)N[C@@H](Cc1ccc(O)cc1)C(=O)N[C@H](C(=O)N[C@@H](Cc1c[nH]cn1)C(=O)N1CCC[C@H]1C(=O)O)C(C)C
TRIPHENYLMETHYLPHOSPHONIUM BROMIDE,CP(Br)(c1ccccc1)(c1ccccc1)c1ccccc1
CHRYSAMINE G,O=C(O)c1cc(/N=N/c2ccc(-c3ccc(/N=N/c4ccc(O)c(C(=O)O)c4)cc3)cc2)ccc1O
TETRABUTYLAMMONIUM BROMIDE,CCCC[N+](CCCC)(CCCC)CCCC.[Br-]
GALGRAVIN,COc1ccc([C@H]2O[C@@H](c3ccc(OC)c(OC)c3)[C@H](C)[C@@H]2C)cc1OC
RITONAVIR,CC(C)c1nc(CN(C)C(=O)N[C@H](C(=O)N[C@@H](Cc2ccccc2)C[C@H](O)[C@H](Cc2ccccc2)NC(=O)OCc2cncs2)C(C)C)cs1
IPAMORELIN,CC(C)(N)C(=O)N[C@@H](Cc1c[nH]cn1)C(=O)N[C@H](Cc1ccc2ccccc2c1)C(=O)N[C@H](Cc1ccccc1)C(=O)N[C@@H](CCCCN)C(N)=O
GEFITINIB,COc1cc2ncnc(Nc3ccc(F)c(Cl)c3)c2cc1OCCCN1CCOCC1
ECOPIPAM,CN1CCc2cc(Cl)c(O)cc2[C@H]2c3ccccc3CC[C@@H]21
PROFLAVINE,Nc1ccc2cc3ccc(N)cc3nc2c1
GABAPENTIN,NCC1(CC(=O)O)CCCCC1
ARTEMOTIL,CCO[C@H]1O[C@@H]2O[C@@]3(C)CC[C@H]4[C@H](C)CC[C@@H]([C@H]1C)[C@@]24OO3
GUANAZOLE,Nc1n[nH]c(N)n1
FLAVODILOL,CCCNCC(O)COc1ccc2c(=O)cc(-c3ccccc3)oc2c1
AMTHAMINE,Cc1nc(N)sc1CCN
"3,3',4',5-TETRACHLOROSALICYLANILIDE",O=C(Nc1ccc(Cl)c(Cl)c1)c1cc(Cl)cc(Cl)c1O
LACOSAMIDE,COC[C@@H](NC(C)=O)C(=O)NCc1ccccc1
LERISETRON,c1ccc(Cn2c(N3CCNCC3)nc3ccccc32)cc1
IMATINIB,Cc1ccc(NC(=O)c2ccc(CN3CCN(C)CC3)cc2)cc1Nc1nccc(-c2cccnc2)n1
TROPISETRON,CN1[C@@H]2CC[C@H]1C[C@@H](OC(=O)c1c[nH]c3ccccc13)C2
PRAMIPEXOLE,CCCN[C@H]1CCc2nc(N)sc2C1
BISACODYL,CC(=O)Oc1ccc(C(c2ccc(OC(C)=O)cc2)c2ccccn2)cc1
MAYTANSINE,COc1cc2cc(c1Cl)N(C)C(=O)C[C@H](OC(=O)[C@H](C)N(C)C(C)=O)[C@]1(C)O[C@H]1[C@H](C)[C@@H]1C[C@@](O)(NC(=O)O1)[C@H](OC)/C=C/C=C(\C)C2
EPALRESTAT,CC(/C=C1\SC(=S)N(CC(=O)O)C1=O)=C\c1ccccc1
CYANAMIDE,N#CN
ZANAMIVIR TFA,CC(=O)N[C@H]1[C@H]([C@H](O)[C@H](O)CO)OC(C(=O)O)=C[C@@H]1NC(=N)N.O=C(O)C(F)(F)F
PALMITOYALCYANAMIDE,CCCCCCCCCCCCCCCC(=O)NC#N
LOXORIBINE,C=CCn1c(=O)n([C@@H]2O[C@H](CO)[C@@H](O)[C@H]2O)c2nc(N)[nH]c(=O)c21
STEAROYLCYANAMIDE,CCCCCCCCCCCCCCCCCC(=O)NC#N
CHLOROPROCAINE HYDROCHLORIDE,CCN(CC)CCOC(=O)c1ccc(N)cc1Cl.Cl
BROMOACETIC ACID,O=C(O)CBr
ALLYLAMINE,C=CCN
SEMOTIADIL,COc1ccc(OCCCN(C)CCOc2ccc3c(c2)OCO3)c([C@H]2Sc3ccccc3N(C)C2=O)c1
AMILORIDE,N=C(N)NC(=O)c1nc(Cl)c(N)nc1N
AZATADINE,CN1CCC(=C2c3ccccc3CCc3cccnc32)CC1
1-hydroxy-3-methoxybenzene,COc1cccc(O)c1
PURPURIN,O=C1c2ccccc2C(=O)c2c(O)c(O)cc(O)c21
4-BROMOANILINE,Nc1ccc(Br)cc1
PARACHLOROPHENOL,Oc1ccc(Cl)cc1
2-NAPHTHYLACETIC ACID,O=C(O)Cc1ccc2ccccc2c1
ELOPIPRAZOLE,Fc1ccc(-c2ccc(CN3CCN(c4cccc5ccoc45)CC3)[nH]2)cc1
ETHYL PYROPHOSPHATE,CCOP(=O)(OCC)OP(=O)(OCC)OCC
REGLITAZAR,Cc1oc(-c2ccccc2)nc1CCOc1ccc(CC2C(=O)NOC2=O)cc1
AZOBENZENE,c1ccc(/N=N/c2ccccc2)cc1
FLUANISONE,COc1ccccc1N1CCN(CCCC(=O)c2ccc(F)cc2)CC1
BENZOYL FORMIC ACID,O=C(O)C(=O)c1ccccc1
SULOCHRIN,COC(=O)c1cc(O)cc(OC)c1C(=O)c1c(O)cc(C)cc1O
SITAMAQUINE,CCN(CC)CCCCCCNc1cc(OC)cc2c(C)ccnc12
CHLOROQUINE PHOSPHATE,CCN(CC)CCCC(C)Nc1ccnc2cc(Cl)ccc12.O=P(O)(O)O.O=P(O)(O)O
"4-AMINO-[1,2]NAPHTHOQUINONE",NC1=CC(=O)C(=O)c2ccccc21
QUINOLIN-4-AMINE,Nc1ccnc2ccccc12
THREONINE,C[C@@H](O)[C@H](N)C(=O)O
TECASTEMIZOLE,Fc1ccc(Cn2c(NC3CCNCC3)nc3ccccc32)cc1
PIMONIDAZOLE,O=[N+]([O-])c1nccn1CC(O)CN1CCCCC1
BUPARVAQUONE,CC(C)(C)[C@H]1CC[C@H](CC2=C(O)C(=O)c3ccccc3C2=O)CC1
DESMETHEYLASTEMIZOLE,Oc1ccc(CCN2CCC(Nc3nc4ccccc4n3Cc3ccc(F)cc3)CC2)cc1
EDROPHONIUM BROMIDE,CC[N+](C)(C)c1cccc(O)c1.[Br-]
TIVIRAPINE,CC(C)=CCN1Cc2c(Cl)ccc3[nH]c(=S)n(c23)C[C@@H]1C
IOPHENDYLATE,CCOC(=O)CCCCCCCCC(C)c1ccc(I)cc1
T-62,Nc1sc2c(c1C(=O)c1ccc(Cl)cc1)CCCC2
BMY-14802,OC(CCCN1CCN(c2ncc(F)cn2)CC1)c1ccc(F)cc1
DIKETOPIPERAZINE DERIVATIVE OF QUINAPRIL,CCOC(=O)C(CCc1ccccc1)N1C(=O)C2Cc3ccccc3CN2C(=O)C1C
TETRACYCLOALKANES,c1ccc(C23OOC4(CCCCC4)OOC2C2CCC3C2)cc1
PATULIN,O=C1C=C2C(=CCOC2O)O1
4-BENZENESULFINYLMETHYL-1-[2-(5-FLUORO-1H-INDOL-3-YL)-ETHYL]-PIPERIDIN-4-OL (STRUCTURAL MIX),[O-][S+](CC1(O)CCN(CCc2c[nH]c3ccc(F)cc23)CC1)c1ccccc1
CAPSAICIN,COc1cc(CNC(=O)CCCC/C=C/C(C)C)ccc1O
CORYNANRHEIDINE,CC[C@@H]1CN2CCc3c([nH]c4ccccc34)[C@@H]2C[C@@H]1/C(=C\OC)C(=O)OC
ARPROMIDINE,N=C(NCCCc1c[nH]cn1)NCCC(c1ccc(F)cc1)c1ccccn1
ENTACAPONE,CCN(CC)C(=O)/C(C#N)=C/c1cc(O)c(O)c([N+](=O)[O-])c1
FENLEUTON,CC(C#Cc1cccc(Oc2ccc(F)cc2)c1)N(O)C(N)=O
PIROXIMONE,CCc1[nH]c(=O)[nH]c1C(=O)c1ccncc1
CYCLOTHIAZIDE,NS(=O)(=O)c1cc2c(cc1Cl)NC(C1CC3C=CC1C3)NS2(=O)=O
TALAMPANEL,CC(=O)N1N=C(c2ccc(N)cc2)c2cc3c(cc2C[C@H]1C)OCO3
COMPOUND P371 A,CO[C@@H]1C[C@H](O[C@@H]2C=C(C)C[C@@]3(O)[C@H](OC(C)=O)[C@H](O)C4=C(C(=O)c5ccc([C@H]6C[C@@H](O[C@H]7C[C@](C)(O)[C@H](O[C@H]8CC[C@H](NC(N)=O)[C@@H](C)O8)[C@@H](C)O7)[C@H](O)[C@@H](C)O6)c(O)c5C4=O)[C@@]23O)O[C@@H](C)[C@H]1O
HEXAMETHYLENEBISACETAMIDE,CC(=O)NCCCCCCNC(C)=O
CO-TRIMOXAZOLE,COc1cc(Cc2cnc(N)nc2N)cc(OC)c1OC.Cc1cc(NS(=O)(=O)c2ccc(N)cc2)no1
AMINOOXAZOLIDINONE,NC1CNC(=O)O1
GO-6976,Cn1c2ccccc2c2c3c(c4c5ccccc5n(CCC#N)c4c21)CNC3=O
T091317,O=S(=O)(c1ccccc1)N(CC(F)(F)F)c1ccc(C(O)(C(F)(F)F)C(F)(F)F)cc1
(-)-U-50488,CN(C(=O)Cc1ccc(Cl)c(Cl)c1)[C@H]1CCCC[C@@H]1N1CCCC1
ANGIOTENSIN AMIDE,CC(C)[C@H](NC(=O)[C@H](CCCNC(=N)N)NC(=O)[C@@H](N)CC(N)=O)C(=O)N[C@@H](Cc1ccc(O)cc1)C(=O)N[C@H](C(=O)N[C@@H](Cc1c[nH]cn1)C(=O)N1CCC[C@H]1C(=O)N[C@@H](Cc1ccccc1)C(=O)O)C(C)C
ENCLOMIPHENE,CCN(CC)CCOc1ccc(/C(=C(/Cl)c2ccccc2)c2ccccc2)cc1
SPIROXATRINE,O=C1NCN(c2ccccc2)C12CCN(CC1COc3ccccc3O1)CC2
3'-METHOXY-4'HYDROXYCLOMIPHENE,CCN(CC)CCOc1ccc(/C(=C(/Cl)c2ccccc2)c2ccc(O)c(OC)c2)cc1
DIACETYLISOPROTERENOL,CC(=O)Oc1ccc(C(O)CNC(C)C)cc1OC(C)=O
CARAMIPHEN,CCN(CC)CCOC(=O)C1(c2ccccc2)CCCC1
PITRAZEPINE,c1ccc2c(c1)Cc1ccccc1-n1c-2nnc1N1CCNCC1
SUPROFEN,CC(C(=O)O)c1ccc(C(=O)c2cccs2)cc1
AGMATINE,NCCCCN=C(N)N
ISOQUINOLIN-3-AMINE,Nc1cc2ccccc2cn1
EFAROXAN,CCC1(C2=NCCN2)Cc2ccccc2O1
TRALKOXYDIM,CCO/N=C(\CC)C1=C(O)CC(c2c(C)cc(C)cc2C)CC1=O
ATRELEUTON,C[C@H](C#Cc1ccc(Cc2ccc(F)cc2)s1)N(O)C(N)=O
DINITROCHLOROBENZENE,O=[N+]([O-])c1ccc(Cl)c([N+](=O)[O-])c1
SECURININE,O=C1C=C2C=C[C@@H]3C[C@@]2(O1)[C@H]1CCCCN31
GABAZINE BROMIDE,Br.COc1ccc(-c2ccc(=N)n(CCCC(=O)O)n2)cc1
BOSENTAN,COc1ccccc1Oc1c(NS(=O)(=O)c2ccc(C(C)(C)C)cc2)nc(-c2ncccn2)nc1OCCO
DEAMINOFORMYCIN,OC[C@H]1O[C@@H](c2n[nH]c3cncnc23)[C@H](O)[C@@H]1O
TETRA METHYL AMMONIUM IODIDE,C[N+]1(Cc2ccccc2)CCC2(CC1)COC(=O)c1ccccc12.[I-]
CYSTAMINE,NCCSSCCN
3-HYDROXYRIMANTADINE,CC(N)C12CC3CC(CC(O)(C3)C1)C2
RIMANTADINE,CC(N)C12CC3CC(CC(C3)C1)C2
LEFLUNOMIDE,Cc1oncc1C(=O)Nc1ccc(C(F)(F)F)cc1
SULFADIMETHOXINE,COc1cc(NS(=O)(=O)c2ccc(N)cc2)nc(OC)n1
CYTOCHALASIN Q,CC(=O)O[C@@H]1/C=C/[C@@](C)(O)C(=O)[C@@H](C)C/C=C/[C@H]2[C@@H]3O[C@]3(C)[C@@H](C)[C@H]3[C@H](Cc4ccccc4)NC(=O)[C@@]312
DITIOCARB,CCN(CC)C(=S)S
MOSAPRIDE,CCOc1cc(N)c(Cl)cc1C(=O)NCC1CN(Cc2ccc(F)cc2)CCO1
TEZOSENTAN,COc1ccccc1Oc1c(NS(=O)(=O)c2ccc(C(C)C)cn2)nc(-c2ccnc(-c3nnn[nH]3)c2)nc1OCCO
PHENYLPROPANOLAMINE,CC(N)C(O)c1ccccc1
TEMOCAPRILAT,O=C(O)CN1C[C@@H](c2cccs2)SC[C@H](N[C@@H](CCc2ccccc2)C(=O)O)C1=O
CRISNATOL,CC(CO)(CO)NCc1cc2c3ccccc3ccc2c2ccccc12
NITROBENZYLMERCAPTOPURINE RIBONUCLEOSIDE,O=[N+]([O-])c1ccc(CSc2ncnc3c2ncn3[C@@H]2O[C@H](CO)[C@@H](O)[C@H]2O)cc1
EPOPROSTENOL SODIUM,CCCCC[C@H](O)/C=C/[C@@H]1[C@H]2C/C(=C/CCCC(=O)[O-])O[C@H]2C[C@H]1O.[Na+]
OXYMORPHONE,CN1CC[C@]23c4c5ccc(O)c4O[C@H]2C(=O)CC[C@@]3(O)[C@H]1C5
DISULFIRAM,CCN(CC)C(=S)SSC(=S)N(CC)CC
TECALCET,COc1cccc([C@@H](C)NCCCc2ccccc2Cl)c1
6-BENZYLTHIOINOSINE,OC[C@H]1O[C@@H](n2cnc3c(SCc4ccccc4)ncnc32)[C@H](O)[C@@H]1O
CARBAMOYLCHOLINE,C[N+](C)(C)CCOC(N)=O
CYMOXANIL,CCNC(=O)NC(=O)/C(C#N)=N/OC
6-CHLOROFLAVONE,O=c1cc(-c2ccccc2)oc2ccc(Cl)cc12
N-P-COUMAROYL TYRAMINE,O=C(/C=C/c1ccc(O)cc1)NCCc1ccc(O)cc1
CORONARIN A,C=C1[C@@H](O)C[C@H]2C(C)(C)CCC[C@]2(C)[C@H]1/C=C/c1ccoc1
L-749372,O=S(=O)(Nc1ccc(CCNC[C@H](O)COc2cccnc2)cc1)c1ccc(I)cc1
DESMETHYL-OFLOXACIN,CC1COc2c(N3CCNCC3)c(F)cc3c(=O)c(C(=O)O)cn1c23
SCLAREOL,C=C[C@](C)(O)CC[C@@H]1[C@@]2(C)CCCC(C)(C)[C@@H]2CC[C@@]1(C)O
TPCK,Cc1ccc(S(=O)(=O)N[C@@H](Cc2ccccc2)C(=O)CCl)cc1
MECLOFENOXATE,CN(C)CCOC(=O)COc1ccc(Cl)cc1
BALANOL,O=C(N[C@@H]1CNCCC[C@H]1OC(=O)c1cc(O)c(C(=O)c2c(O)cccc2C(=O)O)c(O)c1)c1ccc(O)cc1
FLUTEMAZEPAM,CN1C(=O)C(O)N=C(c2ccccc2F)c2cc(Cl)ccc21
TEMAZEPAM,CN1C(=O)C(O)N=C(c2ccccc2)c2cc(Cl)ccc21
FLURAZEPAM,CCN(CC)CCN1C(=O)CN=C(c2ccccc2F)c2cc(Cl)ccc21
PRAZEPAM,O=C1CN=C(c2ccccc2)c2cc(Cl)ccc2N1CC1CC1
HALAZEPAM,O=C1CN=C(c2ccccc2)c2cc(Cl)ccc2N1CC(F)(F)F
PENTOBARBITAL SODIUM,CCCC(C)C1(CC)C(=O)N=C([O-])NC1=O.[Na+]
SELEGILINE,C#CCN(C)[C@H](C)Cc1ccccc1
SULFIRICIN,CC1=CC[C@H]2C(C)(C)CCC[C@]2(C)[C@H]1C[C@H](OS(=O)(=O)[O-])[C@H](C)CCCc1ccoc1.C[N+](C)=C(N)N
TERIFLUNOMIDE,C/C(O)=C(\C#N)C(=O)Nc1ccc(C(F)(F)F)cc1
SIRAMESINE,Fc1ccc(-n2cc(CCCCN3CCC4(CC3)OCc3ccccc34)c3ccccc32)cc1
(+)-PENTAZOCINE,CC(C)=CCN1CC[C@]2(C)c3cc(O)ccc3C[C@H]1[C@H]2C
NAPABUCASIN,CC(=O)c1cc2c(o1)C(=O)c1ccccc1C2=O
N-DESALKYL-2-OXOQUAZEPAM,O=C1CN=C(c2ccccc2F)c2cc(Cl)ccc2N1
TERLAKIREN,CSC[C@H](NC(=O)[C@H](Cc1ccccc1)NC(=O)N1CCOCC1)C(=O)N[C@@H](CC1CCCCC1)[C@@H](O)C(=O)OC(C)C
MAFOSFAMIDE,O=P1(N(CCCl)CCCl)NC(SCCS(=O)(=O)O)CCO1
MESNA,O=S(=O)([O-])CCS.[Na+]
DOXEFAZEPAM,O=C1C(O)N=C(c2ccccc2F)c2cc(Cl)ccc2N1CCO
ALRESTATIN,O=C(O)CN1C(=O)c2cccc3cccc(c23)C1=O
CLOROTEPINE,CN1CCN(C2Cc3ccccc3Sc3ccc(Cl)cc32)CC1
PERFOSFAMIDE,O=P1(N(CCCl)CCCl)NC(OO)CCO1
FRAXINE,COc1cc2ccc(=O)oc2c(O[C@@H]2O[C@H](CO)[C@@H](O)[C@H](O)[C@H]2O)c1O
NIFLUMIC ACID,O=C(O)c1cccnc1Nc1cccc(C(F)(F)F)c1
CARIPORIDE,CC(C)c1ccc(C(=O)N=C(N)N)cc1S(C)(=O)=O
ACRIDAN,c1ccc2c(c1)Cc1ccccc1N2
ACETYLCHOLINE IODIDE,CC(=O)OCC[N+](C)(C)C.[I-]
ITRACONAZOLE,CCC(C)n1ncn(-c2ccc(N3CCN(c4ccc(OCC5COC(Cn6cncn6)(c6ccc(Cl)cc6Cl)O5)cc4)CC3)cc2)c1=O
RIVENPROST,COCc1cccc(C[C@H](O)/C=C/[C@H]2[C@H](O)CC(=O)[C@@H]2CCSCCCC(=O)OC)c1
FLUORO-NEPLANOCIN A,Nc1ncnc2c1ncn2[C@@H]1C(F)=C(CO)[C@@H](O)[C@H]1O
CHOLINE IODIDE,C[N+](C)(C)CCO.[I-]
ENIPORIDE,Cc1cc(-n2cccc2)c(S(C)(=O)=O)cc1C(=O)N=C(N)N
METHYLSELENOCYSTEINE,C[Se]C[C@H](N)C(=O)O
BENZYLCYSTEINE,N[C@@H](CSCc1ccccc1)C(=O)O
MALINAMIDE,CCCCC/C=C\C/C=C\CCCCCCCC(=O)NC(C)c1ccccc1
DOCOSAHEXAENAMIDE,C/C=C/C/C=C/C/C=C/C/C=C/C/C=C/C/C=C/CCCC(N)=O
EICOSAPENTAENAMIDE,CC/C=C/C/C=C/C/C=C/C/C=C/C/C=C/CCCC(N)=O
ZOLASARTAN,CCCCc1nc(Cl)c(C(=O)O)n1Cc1ccc2oc(-c3ccccc3-c3nnn[nH]3)c(Br)c2c1
SAPRISARTAN,CCc1nc(C2CC2)c(C(N)=O)n1Cc1ccc2oc(-c3ccccc3NS(=O)(=O)C(F)(F)F)c(Br)c2c1
GENTIAN VIOLET,CN(C)c1ccc(C(=C2C=CC(=[N+](C)C)C=C2)c2ccc(N(C)C)cc2)cc1.[Cl-]
ALPHA-LAPACHONE,CC1(C)CCC2=C(O1)C(=O)c1ccccc1C2=O
ORBOFIBAN,CCOC(=O)CCNC(=O)N[C@H]1CCN(c2ccc(C(=N)N)cc2)C1=O
(R)-THIORPHAN,O=C(O)CNC(=O)[C@H](CS)Cc1ccccc1
THIOPHENONAPHTHOQUINONE,O=C1c2ccccc2C(=O)c2sccc21
TMPYP4,C[n+]1ccc(-c2c3nc(c(-c4cc[n+](C)cc4)c4ccc([nH]4)c(-c4cc[n+](C)cc4)c4ccc([nH]4)c(-c4cc[n+](C)cc4)c4nc2C=C4)C=C3)cc1
PRAZIQUANTEL,O=C(C1CCCCC1)N1CC(=O)N2CCc3ccccc3C2C1
EPSIPRANTEL,O=C(C1CCCCC1)N1CC(=O)N2CCCc3ccccc3C2C1
E-64C,CC(C)CCNC(=O)[C@H](CC(C)C)NC(=O)[C@H]1O[C@@H]1C(=O)O
ALOXISTATIN,CCOC(=O)[C@H]1O[C@@H]1C(=O)N[C@@H](CC(C)C)C(=O)NCCC(C)C
GALLIC ACID METHYL ESTER,COC(=O)c1cc(O)c(O)c(O)c1
DOFEQUIDAR,O=C(C(c1ccccc1)c1ccccc1)N1CCN(CC(O)COc2cccc3ncccc23)CC1
16-METHOXYLUOTONIN A,COc1cccc2c(=O)n3c(nc12)-c1nc2ccccc2cc1C3
HYDROCORTISONE HEMISUCCINATE ANHYDROUS,C[C@]12CCC(=O)C=C1CC[C@@H]1[C@@H]2[C@@H](O)C[C@@]2(C)[C@H]1CC[C@]2(O)C(=O)COC(=O)CCC(=O)O
AZOMYCIN,O=[N+]([O-])c1ncc[nH]1
METHACHOLINE,CC(=O)OC(C)C[N+](C)(C)C
NIMORAZOLE,O=[N+]([O-])c1cncn1CCN1CCOCC1
MEPROBAMATE,CCCC(C)(COC(N)=O)COC(N)=O
TOLONIDINE,Cc1ccc(NC2=NCCN2)c(Cl)c1
NITROSCANATE,O=[N+]([O-])c1ccc(Oc2ccc(N=C=S)cc2)cc1
BENZOTRIPT,O=C(N[C@@H](Cc1c[nH]c2ccccc12)C(=O)O)c1ccc(Cl)cc1
BECLAMIDE,O=C(CCCl)NCc1ccccc1
MG-132,CC(C)C[C@@H](C=O)NC(=O)[C@H](CC(C)C)NC(=O)[C@H](CC(C)C)NC(=O)OCc1ccccc1
RETROJUSTICIDIN B,COc1cc2cc3c(c(-c4ccc5c(c4)OCO5)c2cc1OC)COC3=O
FASIPLON,CCc1c(OC)nc2nc(-c3noc(C)n3)cn2c1C
SIBRAFIBAN,CCOC(=O)COC1CCN(C(=O)[C@H](C)NC(=O)c2ccc(/C(N)=N/O)cc2)CC1
PUNAGLANDIN 4,CCCCC/C=C\C[C@@]1(O)C=C(Cl)C(=O)/C1=C/[C@H](OC(C)=O)[C@H](CCCC(=O)OC)OC(C)=O
GUAIFENESIN,COc1ccccc1OCC(O)CO
ISHKDMQLGR,CC[C@H](C)[C@H](N)C(=O)N[C@@H](CO)C(=O)N[C@@H](Cc1c[nH]cn1)C(=O)N[C@@H](CCCCN)C(=O)N[C@@H](CC(=O)O)C(=O)N[C@@H](CCSC)C(=O)N[C@@H](CCC(N)=O)C(=O)N[C@@H](CC(C)C)C(=O)NCC(=O)N[C@@H](CCCN=C(N)N)C(=O)O
8-PHENYL THEOPHYLLINE,Cn1c(=O)c2nc(-c3ccccc3)[nH]c2n(C)c1=O
FENOFIBRIC ACID,CC(C)(Oc1ccc(C(=O)c2ccc(Cl)cc2)cc1)C(=O)O
AMINOFLAVONE,Cc1c(F)c(N)c2c(=O)cc(-c3ccc(N)c(F)c3)oc2c1F
TAIWANIN C,O=C1OCc2cc3cc4c(cc3c(-c3ccc5c(c3)OCO5)c21)OCO4
VAPIPROST,O=C(O)CC/C=C\CC[C@@H]1[C@@H](N2CCCCC2)[C@@H](O)C[C@@H]1OCc1ccc(-c2ccccc2)cc1
SODIUM BUTYRATE,CCCC(=O)[O-].[Na+]
IBUPROXAM,CC(C)Cc1ccc(C(C)C(=O)NO)cc1
KAMPANOL A,CC(=O)O[C@H]1CC[C@]2(C)[C@H]3Cc4c(O)cc5c(c4O[C@@]3(C)CC[C@H]2C1(C)C)COC5=O
NALMEFENE,C=C1CC[C@@]2(O)[C@H]3Cc4ccc(O)c5c4[C@@]2(CCN3CC2CC2)[C@H]1O5
LEUKOTRIENE_B4,CCCCC/C=C\C[C@@H](O)/C=C/C=C/C=C\[C@@H](O)CCCC(=O)O
BUNITROLOL,CC(C)(C)NCC(O)COc1ccccc1C#N
TANIPLON,COc1nc2nc(-c3noc(C)n3)cn2c2c1CCCC2
MEPINDOLOL,Cc1cc2c(OCC(O)CNC(C)C)cccc2[nH]1
BUPRANOLOL,Cc1ccc(Cl)c(OCC(O)CNC(C)(C)C)c1
BUNOLOL,CC(C)(C)NCC(O)COc1cccc2c1CCCC2=O
D-TRYPTOPHAN,N[C@H](Cc1c[nH]c2ccccc12)C(=O)O
ALTANSERIN,O=C(c1ccc(F)cc1)C1CCN(CCn2c(=S)[nH]c3ccccc3c2=O)CC1
PMEDAP,Nc1nc(N)c2ncn(CCOCP(=O)(O)O)c2n1
CHLOROBIOCIN,CO[C@@H]1[C@@H](OC(=O)c2ccc(C)[nH]2)[C@@H](O)[C@H](Oc2ccc3c(O)c(NC(=O)c4ccc(O)c(CC=C(C)C)c4)c(=O)oc3c2Cl)OC1(C)C
DESFERRITHIOCIN SODIUM,C[C@]1(C(=O)[O-])CSC(c2ncccc2O)=N1.[Na+]
CREATININE,CN1CC(=O)NC1=N
3-METHYLADENINE,Cn1cnc(N)c2ncnc1-2
ACETYL TYROSINE,CC(=O)N[C@@H](Cc1ccc(O)cc1)C(=O)O
PURINE,c1nc2c[nH]cnc-2n1
IMIDAZOLE-1-CARBOXYLIC ACID PHENYLAMIDE,O=C(Nc1ccccc1)n1ccnc1
SUCCINYLCHOLINE CHLORIDE,C[N+](C)(C)CCOC(=O)CCC(=O)OCC[N+](C)(C)C.[Cl-].[Cl-]
MIVACURIUM CHLORIDE,COc1cc2c(cc1OC)[C@@H](Cc1cc(OC)c(OC)c(OC)c1)[N+](C)(CCCOC(=O)CC/C=C/CCC(=O)OCCC[N+]1(C)CCc3cc(OC)c(OC)cc3[C@H]1Cc1cc(OC)c(OC)c(OC)c1)CC2.[Cl-].[Cl-]
CARBIDINE,CN1CC[C@@H]2Nc3ccccc3[C@@H]2C1
SESTERSTATIN 4,CC1(C)CCC[C@]2(C)[C@H]3C[C@@H](O)[C@]4(C)c5cocc5[C@H](O)C[C@H]4[C@]3(C)CC[C@@H]12
SESTERSTATIN 5,CC1(C)CCC[C@]2(C)[C@H]3C[C@@H](O)[C@]4(C)c5cocc5[C@@H](O)C[C@H]4[C@]3(C)CC[C@@H]12
UREA,NC(N)=O
ROBUSTAFLAVONE,O=c1cc(-c2ccc(O)c(-c3c(O)cc4oc(-c5ccc(O)cc5)cc(=O)c4c3O)c2)oc2cc(O)cc(O)c12
HINOKIFLAVONE,O=c1cc(-c2ccc(Oc3c(O)cc4oc(-c5ccc(O)cc5)cc(=O)c4c3O)cc2)oc2cc(O)cc(O)c12
SQUAMOTACIN,CCCCCCCCCCCC[C@H](O)[C@H]1CC[C@H]([C@H]2CC[C@H]([C@H](O)CCCCCCCC[C@@H](O)CC3=C[C@H](C)OC3=O)O2)O1
PSILOCIN,CN(C)CCc1c[nH]c2cccc(O)c12
TOPSENTIN,O=C(c1nc(-c2c[nH]c3ccccc23)c[nH]1)c1c[nH]c2cc(O)ccc12
NORTOPSENTIN A,Brc1ccc2c(-c3c[nH]c(-c4c[nH]c5cc(Br)ccc45)n3)c[nH]c2c1
GANTACURIUM CHLORIDE,COc1cc2c(cc1OC)[C@H](c1cc(OC)c(OC)c(OC)c1)[N@@+](C)(CCCOC(=O)/C=C(\Cl)C(=O)OCCC[N@+]1(C)CCc3cc(OC)c(OC)cc3[C@H]1Cc1cc(OC)c(OC)c(OC)c1)CC2.[Cl-].[Cl-]
TIPIRACIL HYDROCHLORIDE,Cl.N=C1CCCN1Cc1[nH]c(=O)[nH]c(=O)c1Cl
REL-SQUAMOCIN-H,CCCCCCCCCC[C@@H](O)[C@H]1CC[C@H]([C@H]2CC[C@H]([C@H](O)CCCCCCCCCC[C@@H](O)CC3=C[C@H](C)OC3=O)O2)O1
ISODESAACETYLUVARICIN,CCCCCCCCCC[C@@H](O)[C@H]1CC[C@H]([C@H]2CC[C@H]([C@H](O)CCCCCCCCCCCCC3=C[C@H](C)OC3=O)O2)O1
AGATHISFLAVONE,O=c1cc(-c2ccc(O)cc2)oc2cc(O)c(-c3c(O)cc(O)c4c(=O)cc(-c5ccc(O)cc5)oc34)c(O)c12
AMENTOFLAVONE,O=c1cc(-c2ccc(O)c(-c3c(O)cc(O)c4c(=O)cc(-c5ccc(O)cc5)oc34)c2)oc2cc(O)cc(O)c12
CRINECERFONT,C#CCN(c1nc(-c2cc(C)c(OC)cc2Cl)c(C)s1)[C@@H](CC1CC1)c1ccc(C)c(F)c1
LAQUINIMOD,CCN(C(=O)c1c(O)c2c(Cl)cccc2n(C)c1=O)c1ccccc1
LOVASTATIN SODIUM,CC[C@H](C)C(=O)O[C@H]1C[C@@H](C)C=C2C=C[C@H](C)[C@H](CCC(O)C[C@@H](O)CC(=O)[O-])[C@H]21.[Na+]
RO-44-3888,C[C@H](NC(=O)c1ccc(C(=N)N)cc1)C(=O)N1CCC(OCC(=O)O)CC1
QUERCETAGETIN,O=c1c(O)c(-c2ccc(O)c(O)c2)oc2cc(O)c(O)c(O)c12
(R)-BICALUTAMIDE,C[C@](O)(CS(=O)(=O)c1ccc(F)cc1)C(=O)Nc1ccc(C#N)c(C(F)(F)F)c1
S-NITROSOGLUTATHIONE,N[C@@H](CCC(=O)N[C@@H](CSN=O)C(=O)NCC(=O)O)C(=O)O
MYRICETIN,O=c1c(O)c(-c2cc(O)c(O)c(O)c2)oc2cc(O)cc(O)c12
TALABOSTAT,CC(C)[C@H](N)C(=O)N1CCC[C@H]1B(O)O
PAQUINIMOD,CCc1cccc2c1c(O)c(C(=O)N(CC)c1ccccc1)c(=O)n2C
GIGANTETROCIN A,CCCCCCCCCCCCCC[C@@H](O)[C@H](O)CC[C@H](O)[C@@H]1CC[C@@H](CCCCC[C@@H](O)CC2=C[C@H](C)OC2=O)O1
SYLVATICIN,CCCCCCCCCC[C@@H](O)[C@@H]1CC[C@H]([C@H](O)CC[C@H](O)[C@@H]2CC[C@@H](CCCCCCC[C@@H](O)CC3=C[C@H](C)OC3=O)O2)O1
GLUTAMINE HYDROXAMATE,N[C@@H](CCC(=O)NO)C(=O)O
NORTOPSENTIN C,Brc1ccc2c(-c3c[nH]c(-c4c[nH]c5ccccc45)n3)c[nH]c2c1
NORTOPSENTIN B,Brc1ccc2c(-c3nc(-c4c[nH]c5ccccc45)c[nH]3)c[nH]c2c1
BULLATALICIN,CCCCCCCCCC[C@H](O)[C@H]1CC[C@H]([C@H](O)CC[C@H](O)[C@@H]2CC[C@@H](CCCCCCC[C@@H](O)CC3=C[C@H](C)OC3=O)O2)O1
VOSAROXIN,CN[C@H]1CN(c2ccc3c(=O)c(C(=O)O)cn(-c4nccs4)c3n2)C[C@@H]1OC
TRILOBACIN,CCCCCCCCCC[C@@H](O)[C@H]1CC[C@@H]([C@H]2CC[C@H]([C@H](O)CCCCCCCCCC[C@@H](O)CC3=C[C@H](C)OC3=O)O2)O1
MALTITOL,OC[C@@H](O)[C@@H](O[C@H]1O[C@H](CO)[C@@H](O)[C@H](O)[C@H]1O)[C@H](O)[C@@H](O)CO
CLOTHIAPINE,CN1CCN(C2=Nc3ccccc3Sc3ccc(Cl)cc32)CC1
CALICHEAMICIN BETA1 BR,COC(=O)NC1=C2/C(=C/CSSSC)[C@](O)(C#C/C=C\C#CC2OC2OC(C)C(NOC3CC(O)C(SC(=O)c4c(C)c(Br)c(OC5OC(C)C(O)C(OC)C5O)c(OC)c4OC)C(C)O3)C(O)C2OC2CC(OC)C(NC(C)C)CO2)CC1=O
CALICHEAMICIN ALPHA1 I,CCNC1COC(OC2C(OC3C#C/C=C\C#C[C@]4(O)CC(=O)C(NC(=O)OC)=C3/C4=C/CSSSC)OC(C)C(NOC3CC(O)C(SC(=O)c4c(C)c(I)c(O)c(OC)c4OC)C(C)O3)C2O)CC1OC
RESVERATROL,Oc1ccc(/C=C/c2cc(O)cc(O)c2)cc1
FLUPERLAPINE,CN1CCN(C2=Nc3cc(F)ccc3Cc3ccccc32)CC1
MIFENTIDINE,CC(C)/N=C/Nc1ccc(-c2c[nH]cn2)cc1
PURPUROGALLIN,O=c1c(O)cccc2cc(O)c(O)c(O)c12
ISOCLOTHIAPINE,CN1CCN(C2=Nc3cc(Cl)ccc3Sc3ccccc32)CC1
CALICHEAMICIN DELTA1 I,CNC1COC(OC2C(OC3C#C/C=C\C#C[C@]4(O)CC(=O)C(NC(=O)OC)=C3/C4=C/CSSSC)OC(C)C(NOC3CC(O)C(SC(=O)c4c(C)c(I)c(OC5OC(C)C(O)C(OC)C5O)c(OC)c4OC)C(C)O3)C2O)CC1OC
MOTRILIN,CCCCC[C@H](O)CCCC[C@H](O)[C@H]1CC[C@H]([C@H]2CC[C@H]([C@H](O)CCCCCCCCCCCCC3=C[C@H](C)OC3=O)O2)O1
DESOXYPODOPHYLLOTOXIN,COc1cc([C@@H]2c3cc4c(cc3C[C@H]3COC(=O)[C@@H]32)OCO4)cc(OC)c1OC
ACOLBIFENE,CC1=C(c2ccc(O)cc2)[C@H](c2ccc(OCCN3CCCCC3)cc2)Oc2cc(O)ccc21
GW809885X,COc1cccc(-n2nc(C)c3c(N/N=C(\C)c4ccncc4)ncnc32)c1
CALICHEAMICIN ALPHA3 I,COC(=O)NC1=C2/C(=C/CSSSC)[C@](O)(C#C/C=C\C#CC2OC2OC(C)C(NOC3CC(O)C(SC(=O)c4c(C)c(I)c(OC5OC(C)C(O)C(OC)C5O)c(OC)c4OC)C(C)O3)C(O)C2O)CC1=O
CALICHEAMICIN GAMMA1 BR,CCNC1COC(OC2C(OC3C#C/C=C\C#C[C@]4(O)CC(=O)C(NC(=O)OC)=C3/C4=C/CSSSC)OC(C)C(NOC3CC(O)C(SC(=O)c4c(C)c(Br)c(OC5OC(C)C(O)C(OC)C5O)c(OC)c4OC)C(C)O3)C2O)CC1OC
ISONOTHOLAENIC ACID,COc1ccc(CCc2cc(O)cc(OC)c2C(=O)O)cc1
D-ALANINE,C[C@@H](N)C(=O)O
SARCOSINE,CNCC(=O)O
GW644007X,COc1cc(/C=N/Nc2ncnc3c2cnn3C(C)C)ccc1O
PHENOLPHTHALEIN,O=C1OC(c2ccc(O)cc2)(c2ccc(O)cc2)c2ccccc21
CALICHEAMICIN BETA1 I,COC(=O)NC1=C2/C(=C/CSSSC)[C@](O)(C#C/C=C\C#CC2OC2OC(C)C(NOC3CC(O)C(SC(=O)c4c(C)c(I)c(OC5OC(C)C(O)C(OC)C5O)c(OC)c4OC)C(C)O3)C(O)C2OC2CC(OC)C(NC(C)C)CO2)CC1=O
IMIDUREA,O=C(NCNC(=O)NC1C(=O)NC(=O)N1CO)NC1C(=O)NC(=O)N1CO
IFENPRODIL,CC(C(O)c1ccc(O)cc1)N1CCC(Cc2ccccc2)CC1
GW829877X,COc1cccc(-n2ncc3c(N/N=C/c4ccc(C)cc4)ncnc32)c1
SONEPIPRAZOLE,NS(=O)(=O)c1ccc(N2CCN(CC[C@@H]3OCCc4ccccc43)CC2)cc1
TOLIPROLOL,Cc1cccc(OCC(O)CNC(C)C)c1
RETINOL,CC1=C(/C=C/C(C)=C/C=C/C(C)=C/CO)C(C)(C)CCC1
GW817396X,COc1cccc(-n2ncc3c(N/N=C/c4ccc(F)cc4)ncnc32)c1
GORALATIDE,CC(=O)N[C@@H](CO)C(=O)N[C@@H](CC(=O)O)C(=O)N[C@@H](CCCCN)C(=O)N1CCC[C@H]1C(=O)O
PYRAZOLOPYRIMIDINE 2,COc1cccc(-n2ncc3c(N/N=C/c4ccc(S(C)(=O)=O)cc4)ncnc32)c1
LIGUSTRAZINE,Cc1nc(C)c(C)nc1C
GW578748X,COc1cc(/C=N/Nc2ncnc3[nH]ncc23)ccc1O
CEFPIROME,CO/N=C(\C(=O)N[C@@H]1C(=O)N2C(C(=O)[O-])=C(C[n+]3cccc4c3CCC4)CS[C@H]12)c1csc(N)n1
GW784752X,COc1cccc(-n2ncc3c(N/N=C/c4ccncc4)ncnc32)c1
GW817394X,COc1cccc(-n2ncc3c(N/N=C/c4cccc(F)c4)ncnc32)c1
"5,7-DIMETHOXYISOFLAVONE",COc1cc(OC)c2c(=O)c(-c3ccccc3)coc2c1
L-HISTIDINAL,N[C@H](C=O)Cc1c[nH]cn1
MERIMEPODIB,COc1cc(NC(=O)Nc2cccc(CNC(=O)O[C@H]3CCOC3)c2)ccc1-c1cnco1
FLUOCINOLONE ACETONIDE,CC1(C)O[C@@H]2C[C@H]3[C@@H]4C[C@H](F)C5=CC(=O)C=C[C@]5(C)[C@@]4(F)[C@@H](O)C[C@]3(C)[C@]2(C(=O)CO)O1
GW794607X,CCCNc1cccc(-n2ncc3c(N/N=C/c4ccncc4)ncnc32)c1
PYRAZOLOPYRIMIDINE 1,CN(C)CCNC(=O)c1ccc(/C=N/Nc2ncnc3c2cnn3-c2cccc3[nH]cnc23)cc1
SULAMSEROD,CS(=O)(=O)NCCN1CCC(CCC(=O)c2cc(Cl)c(N)c3c2OCCO3)CC1
BUTENAFINE,CN(Cc1ccc(C(C)(C)C)cc1)Cc1cccc2ccccc12
GW829874X,COc1cccc(/C=N/Nc2ncnc3c2cnn3-c2cccc(OC)c2)c1
PIPERAQUINE,Clc1ccc2c(N3CCN(CCCN4CCN(c5ccnc6cc(Cl)ccc56)CC4)CC3)ccnc2c1
4-CYANOPHENOL,N#Cc1ccc(O)cc1
FAROPENEM SODIUM,C[C@@H](O)[C@H]1C(=O)N2C(C(=O)[O-])=C([C@H]3CCCO3)S[C@H]12.[Na+]
4-CHOLESTEN 3-ONE,CC(C)CCC[C@@H](C)[C@H]1CC[C@H]2[C@@H]3CCC4=CC(=O)CC[C@]4(C)[C@H]3CC[C@]12C
CHOLEST-5-EN-3-ONE,CC(C)CCC[C@@H](C)[C@H]1CC[C@H]2[C@@H]3CC=C4CC(=O)CC[C@]4(C)[C@H]3CC[C@]12C
"5-IODO,5'-DEOXYTUBERCIDIN",C[C@H]1O[C@@H](n2cc(I)c3c(N)ncnc32)[C@H](O)[C@@H]1O
3-HYDROXYBENZOIC ACID,O=C(O)c1cccc(O)c1
FARNESYL DIPHOSPHATE,CC(C)=CCC/C(C)=C/CC/C(C)=C/COP(=O)(O)OP(=O)(O)O
3-AMINOBENZOIC ACID,Nc1cccc(C(=O)O)c1
ACEFYLLINE,Cn1c(=O)c2c(ncn2CC(=O)O)n(C)c1=O
ETHANESULFONIC ACID AMIDE,CCS(N)(=O)=O
ZATEBRADINE,COc1ccc(CCN(C)CCCN2CCc3cc(OC)c(OC)cc3CC2=O)cc1OC
METHANESULFONAMIDE,CS(N)(=O)=O
LIXAZINONE,CN(C(=O)CCCOc1ccc2c(c1)CN1CC(=O)NC1=N2)C1CCCCC1
RHAZINICINE,CC[C@@]12CCC(=O)Nc3ccccc3-c3ccn(c31)C(=O)CC2
RHAZINILAM,CC[C@]12CCCn3ccc(c31)-c1ccccc1NC(=O)CC2
CHOLESTAN-3-ONE,CC(C)CCC[C@@H](C)[C@H]1CC[C@H]2[C@@H]3CC[C@H]4CC(=O)CC[C@]4(C)[C@H]3CC[C@]12C
PELUBIPROFEN,CC(C(=O)O)c1ccc(/C=C2\CCCCC2=O)cc1
STAVUDINE,Cc1cn([C@H]2C=C[C@@H](CO)O2)c(=O)[nH]c1=O
RHAZINAL,CC[C@]12CCCn3c(C=O)cc(c31)-c1ccccc1NC(=O)CC2
TRIFLUOROMETHANESULFONAMIDE,NS(=O)(=O)C(F)(F)F
PYRIMIDOBENZOTHIAZEPINE,O=c1[nH]c2c(c(=O)[nH]1)CNc1ccccc1S2
N-DESMETHYLDOFETILIDE,CS(=O)(=O)Nc1ccc(CCNCCOc2ccc(NS(C)(=O)=O)cc2)cc1
LOXOPROFEN SODIUM,CC(C(=O)[O-])c1ccc(CC2CCCC2=O)cc1.[Na+]
SARDOMOZIDE,N=C(N)c1cccc2c1CC/C2=N\N=C(N)N
FLUOROMALONYL TYROSINE,N[C@@H](Cc1ccc(OC(F)(C(=O)O)C(=O)O)cc1)C(=O)O
FURFURYL ALCOHOL,OCc1ccco1
SPHINGOSINE,CCCCCCCCCCCCC/C=C/[C@@H](O)[C@@H](N)CO
CAFFEIC ACID PHENETHYL AMIDE,O=C(/C=C/c1ccc(O)c(O)c1)NCCc1ccccc1
COUMARIC ACID,O=C(O)/C=C/c1ccc(O)cc1
DOXECITINE,Nc1ccn([C@H]2C[C@H](O)[C@@H](CO)O2)c(=O)n1
BIDISOMIDE,CC(=O)N(CCC(CCN1CCCCC1)(C(N)=O)c1ccccc1Cl)C(C)C
CETRIMONIUM BROMIDE,CCCCCCCCCCCCCCCC[N+](C)(C)C.[Br-]
THYMINE,Cc1c[nH]c(=O)[nH]c1=O
ZALTIDINE,Cc1ncc(-c2csc(N=C(N)N)n2)[nH]1
(3-CHLOROPHENYL)(HYDROXY)METHYLPHOSPHONIC ACID,O=P(O)(O)C(O)c1cccc(Cl)c1
RITIPENEM,C[C@@H](O)[C@H]1C(=O)N2C(C(=O)O)=C(COC(N)=O)S[C@H]12
Sch-34343,C[C@@H](O)[C@H]1C(=O)N2C(C(=O)O)=C(SCCOC(N)=O)S[C@H]12
ALLOXAZINE,O=c1[nH]c(=O)c2nc3ccccc3nc2[nH]1
SPIROPIPERIDINE,O=C(NC(Cc1c[nH]c2ccccc12)C(=O)N1CCC2(CCc3ccccc32)CC1)NC1CN2CCC1CC2
PICEATANNOL,Oc1cc(O)cc(/C=C/c2ccc(O)c(O)c2)c1
IRLOXACIN,CCn1cc(C(=O)O)c(=O)c2cc(F)c(-n3cccc3)cc21
DEOXYGUANOSINE,Nc1nc(O)c2ncn([C@H]3C[C@H](O)[C@@H](CO)O3)c2n1
(E)-4-STYRYLANILINE,Nc1ccc(/C=C/c2ccccc2)cc1
DATELLIPTIUM CHLORIDE,CCN(CC)CC[n+]1ccc2c(C)c3[nH]c4ccc(O)cc4c3c(C)c2c1.[Cl-]
NAXAGOLIDE,CCCN1CCO[C@@H]2c3cc(O)ccc3CC[C@H]21
LOSARTAN POTASSIUM,CCCCc1nc(Cl)c(CO)n1Cc1ccc(-c2ccccc2-c2nnn[n-]2)cc1.[K+]
CEFOXITIN,CO[C@@]1(NC(=O)Cc2cccs2)C(=O)N2C(C(=O)O)=C(COC(N)=O)CS[C@@H]21
PILOCARBINE,CC[C@@H]1C(=O)OC[C@@H]1c1cncn1C
SIVIFENE,O=[N+]([O-])c1ccc(NN=C(c2ccc(O)cc2)c2ccc(O)cc2)c([N+](=O)[O-])c1
SORIVUDINE,O=c1[nH]c(=O)n([C@@H]2O[C@H](CO)[C@@H](O)[C@@H]2O)cc1/C=C/Br
LEUKOTRIENE A4,CCCCC/C=C\C/C=C\C=C\C=C\[C@@H]1O[C@H]1CCCC(=O)O
ROCASTINE,CN(C)CCC1CN(C)C(=S)c2cccnc2O1
SULFAMIC ACID PENTACHLOROPHENYL ESTER,NS(=O)(=O)Oc1c(Cl)c(Cl)c(Cl)c(Cl)c1Cl
PERFLUOROPHENYL SULFAMATE,NS(=O)(=O)Oc1c(F)c(F)c(F)c(F)c1F
IBANDRONIC ACID,CCCCCN(C)CCC(O)(P(=O)(O)O)P(=O)(O)O
SUKSDORFIN,CC(=O)O[C@@H]1[C@H](OC(=O)CC(C)C)c2c(ccc3ccc(=O)oc23)OC1(C)C
N6-CYCLOPENTYLADENOSINE,OC[C@H]1O[C@@H](n2cnc3c(NC4CCCC4)ncnc32)[C@H](O)[C@@H]1O
SESALIN,CC1(C)C=Cc2c(ccc3ccc(=O)oc23)O1
THUNBERGINOL F,O=C1O/C(=C\c2ccc(O)c(O)c2)c2cccc(O)c21
THUNBERGINOL E,COc1ccc([C@H]2Cc3cc(O)cc(O)c3C(=O)O2)cc1O
THUNBERGINOL A,O=c1oc(-c2ccc(O)c(O)c2)cc2cccc(O)c12
THUNBERGINOL D,O=C1OC(c2ccc(O)c(O)c2)Cc2cc(O)cc(O)c21
PTERYXIN,C/C=C(\C)C(=O)O[C@@H]1c2c(ccc3ccc(=O)oc23)OC(C)(C)[C@@H]1OC(C)=O
FALCARINDIOL,C=C[C@@H](O)C#CC#C[C@@H](O)/C=C\CCCCCCC
SULFAMATE,NS(=O)(=O)O
XANTHYLETIN,CC1(C)C=Cc2cc3ccc(=O)oc3cc2O1
LORATADINE,CCOC(=O)N1CCC(=C2c3ccc(Cl)cc3CCc3cccnc32)CC1
SCOPOLETIN,COc1cc2ccc(=O)oc2cc1O
2-ACETYLCYCLOPENTANONE,CC(=O)C1CCCC1=O
VINPOCETINE,CCOC(=O)C1=C[C@]2(CC)CCCN3CCc4c(n1c1ccccc41)[C@@H]32
PHYLLODULCIN,COc1ccc([C@H]2Cc3cccc(O)c3C(=O)O2)cc1O
EBASTINE,CC(C)(C)c1ccc(C(=O)CCCN2CCC(OC(c3ccccc3)c3ccccc3)CC2)cc1
FIROCOXIB,CC1(C)OC(=O)C(OCC2CC2)=C1c1ccc(S(C)(=O)=O)cc1
HYDRANGENOL,O=C1OC(c2ccc(O)cc2)Cc2cccc(O)c21
THUNBERGINOL C,O=C1OC(c2ccc(O)cc2)Cc2cc(O)cc(O)c21
CAREBASTINE,CC(C)(C(=O)O)c1ccc(C(=O)CCCN2CCC(OC(c3ccccc3)c3ccccc3)CC2)cc1
CETIRIZINE,O=C(O)COCCN1CCN(C(c2ccccc2)c2ccc(Cl)cc2)CC1
CARMOXIROLE,O=C(O)c1ccc2[nH]cc(CCCCN3CC=C(c4ccccc4)CC3)c2c1
THUNBERGINOL B,O=c1oc(-c2ccc(O)c(O)c2)cc2cc(O)cc(O)c12
SERAVSHANIN,CC(=O)O[C@@H]1[C@H](OC(=O)C(C)C)c2c(ccc3ccc(=O)oc23)OC1(C)C
TAMITINOL,CCNCc1c(CSC)cnc(C)c1O
ROXINDOLE,Oc1ccc2[nH]cc(CCCCN3CC=C(c4ccccc4)CC3)c2c1
LUPITIDINE,Cc1ccc(Cc2c[nH]c(NCCSCc3ccc(CN(C)C)o3)nc2=O)cn1
(S)-ALBUTEROL,CC(C)(C)NC[C@@H](O)c1ccc(O)c(CO)c1
CLOBAZAM,CN1C(=O)CC(=O)N(c2ccccc2)c2cc(Cl)ccc21
R-TERFENADINE,CC(C)(C)c1ccc([C@H](O)CCCN2CCC(C(O)(c3ccccc3)c3ccccc3)CC2)cc1
A-77003,CC(C)[C@H](NC(=O)N(C)Cc1ccccn1)C(=O)N[C@@H](Cc1ccccc1)[C@H](O)[C@H](O)[C@H](Cc1ccccc1)NC(=O)[C@@H](NC(=O)N(C)Cc1ccccn1)C(C)C
DUOCARMYCIN,COC(=O)c1cc2c([nH]1)C(=O)C=C1N(C(=O)c3cc4cc(OC)c(OC)c(OC)c4[nH]3)C[C@H]3C[C@]123
DALTROBAN,O=C(O)Cc1ccc(CCNS(=O)(=O)c2ccc(Cl)cc2)cc1
LEVOSALBUTAMOL,CC(C)(C)NC[C@H](O)c1ccc(O)c(CO)c1
CLAVULANATE POTASSIUM,O=C([O-])[C@H]1/C(=C/CO)O[C@@H]2CC(=O)N21.[K+]
DOXYLAMINE,CN(C)CCOC(C)(c1ccccc1)c1ccccn1
"U-92,016-A",CCCN(CCC)[C@@H]1CCc2ccc3[nH]c(C#N)cc3c2C1
APADOLINE,CCCNC(=O)c1ccc2c(c1)N([C@H](C)CN1CCCC1)c1ccccc1S2
SERATRODAST,CC1=C(C)C(=O)C(C(CCCCCC(=O)O)c2ccccc2)=C(C)C1=O
EPTAZOCINE,CN1CC[C@]2(C)C[C@@H](Cc3ccc(O)cc32)C1
OXYPHYLLENODIOL A,CC(C)[C@@H]1CCC(=O)C2=C1[C@H](O)[C@](C)(O)CC2
OXYPHYLLENONE B,C[C@@]12CCC(=O)C=C1[C@](C)(O)[C@H](O)CC2
OXYPHYLLENONE A,C[C@@]12CCC(=O)C=C1[C@@](C)(O)[C@H](O)CC2
REMIFENTANIL,CCC(=O)N(c1ccccc1)C1(C(=O)OC)CCN(CCC(=O)OC)CC1
TEMELASTINE,Cc1ccc(Cc2c[nH]c(NCCCCc3ncc(Br)cc3C)nc2=O)cn1
BENZIMIDAZOLE,c1ccc2[nH]cnc2c1
2-MERCAPTOBENZIMIDAZOLE,Sc1nc2ccccc2[nH]1
PACLITAXEL C7 ACETYLCARBOXYLIC ACID ESTER,CC(=O)O[C@H]1C(=O)[C@]2(C)[C@@H](OC(C)=O)C[C@H]3OC[C@@]3(OC(C)=O)[C@H]2[C@H](OC(=O)c2ccccc2)[C@]2(O)C[C@H](OC(=O)[C@H](O)[C@@H](NC(=O)c3ccccc3)c3ccccc3)C(C)=C1C2(C)C
MITOFLAXONE,O=C(O)Cc1cccc2c(=O)cc(-c3ccccc3)oc12
VADIMEZAN,Cc1ccc2c(=O)c3cccc(CC(=O)O)c3oc2c1C
DEFERIPRONE,Cc1c(O)c(=O)ccn1C
TENOXICAM,CN1C(C(=O)Nc2ccccn2)=C(O)c2sccc2S1(=O)=O
ISOPPADS,Cc1nc(/N=N/c2cc(S(=O)(=O)O)ccc2S(=O)(=O)O)c(COP(=O)(O)O)c(C=O)c1O
TAXOL C,CCCCCC(=O)N[C@@H](c1ccccc1)[C@@H](O)C(=O)O[C@H]1C[C@@]2(O)[C@@H](OC(=O)c3ccccc3)[C@@H]3[C@]4(OC(C)=O)CO[C@@H]4C[C@H](O)[C@@]3(C)C(=O)[C@H](OC(C)=O)C(=C1C)C2(C)C
MEQUITAZINE,c1ccc2c(c1)Sc1ccccc1N2CC1CN2CCC1CC2
CARBENDAZIM,COC(=O)Nc1nc2ccccc2[nH]1
LURTOTECAN,CC[C@@]1(O)C(=O)OCc2c1cc1n(c2=O)Cc2c-1nc1cc3c(cc1c2CN1CCN(C)CC1)OCCO3
OXYPHYLLENODIOL B,CC(C)[C@H]1CCC(=O)C2=C1[C@H](O)[C@](C)(O)CC2
AMIFOSTINE,NCCCNCCSP(=O)(O)O
BENACTYZINE,CCN(CC)CCOC(=O)C(O)(c1ccccc1)c1ccccc1
GONADORELIN,CC(C)C[C@H](NC(=O)CNC(=O)[C@H](Cc1ccc(O)cc1)NC(=O)[C@H](CO)NC(=O)[C@H](Cc1c[nH]c2ccccc12)NC(=O)[C@H](Cc1cnc[nH]1)NC(=O)[C@@H]1CCC(=O)N1)C(=O)N[C@@H](CCCNC(=N)N)C(=O)N1CCC[C@H]1C(=O)NCC(N)=O
BEPRIDIL,CC(C)COCC(CN(Cc1ccccc1)c1ccccc1)N1CCCC1
LEVODOPA,N[C@@H](Cc1ccc(O)c(O)c1)C(=O)O
CEFOTAXIME SODIUM,CO/N=C(\C(=O)N[C@@H]1C(=O)N2C(C(=O)[O-])=C(COC(C)=O)CS[C@H]12)c1csc(N)n1.[Na+]
DOCEBENONE,CC1=C(C)C(=O)C(CCCCC#CCCCC#CCO)=C(C)C1=O
DESCYANOTHIACLOPRID,N=C1SCCN1Cc1ccc(Cl)nc1
DESNITROIMIDACLOPRID,N=C1NCCN1Cc1ccc(Cl)nc1
CEPHALOMANNINE,C/C=C(\C)C(=O)N[C@@H](c1ccccc1)[C@@H](O)C(=O)O[C@H]1C[C@@]2(O)[C@@H](OC(=O)c3ccccc3)[C@@H]3[C@]4(OC(C)=O)CO[C@@H]4C[C@H](O)[C@@]3(C)C(=O)[C@H](OC(C)=O)C(=C1C)C2(C)C
PODOCARIC ACID,C[C@]1(C(=O)O)CCC[C@]2(C)c3cc(O)ccc3CC[C@@H]12
CGP-12177,CC(C)(C)NCC(O)COc1cccc2[nH]c(=O)[nH]c12
ABIETIC ACID,CC(C)C1=CC2=CC[C@@H]3[C@](C)(CCC[C@@]3(C)C(=O)O)[C@H]2CC1
ETRAVIRINE,Cc1cc(C#N)cc(C)c1Oc1nc(Nc2ccc(C#N)cc2)nc(N)c1Br
SUPIDIMIDE,O=C1NCCCC1N1C(=O)c2ccccc2S1(=O)=O
TRIGONELLAMIDE,C[n+]1cccc(C(N)=O)c1
NORMELINONINE F,C[n+]1ccc2c(c1)[nH]c1ccccc12
BORRELIDIN,C[C@@H]1C[C@H](C)C[C@H](C)[C@@H](O)CC(=O)O[C@H]([C@@H]2CCC[C@H]2C(=O)O)C/C=C/C=C(/C#N)[C@H](O)[C@@H](C)C1
AMINOPOTENTIDINE,N#CN/C(=N\CCNC(=O)c1ccc(N)cc1)NCCCOc1cccc(CN2CCCCC2)c1
METHYLPIPERAZINE,CN1CCNCC1
2-PHTHALIMIDOGLUTARAMIC ACID,NC(=O)CCC(C(=O)O)N1C(=O)c2ccccc2C1=O
PARAQUAT,C[n+]1ccc(-c2cc[n+](C)cc2)cc1
CETYLPYRIDINIUM,CCCCCCCCCCCCCCCC[n+]1ccccc1
AZALANSTAT,Nc1ccc(SC[C@@H]2CO[C@](CCc3ccc(Cl)cc3)(Cn3ccnc3)O2)cc1
VILOXAZINE,CCOc1ccccc1OCC1CNCCO1
DAPIVIRINE,Cc1cc(C)c(Nc2ccnc(Nc3ccc(C#N)cc3)n2)c(C)c1
BUTROPIPAZONE,CCCC(=O)N1CCN(c2ccc(-c3ccc(F)cc3)cc2)CC1
LORACARBEF ANHYDROUS,N[C@@H](C(=O)N[C@@H]1C(=O)N2C(C(=O)O)=C(Cl)CC[C@H]12)c1ccccc1
MOXALACTAM,CO[C@@]1(NC(=O)C(C(=O)O)c2ccc(O)cc2)C(=O)N2C(C(=O)O)=C(CSc3nnnn3C)CO[C@@H]21
ISOCAFFIENE,Cn1c(=O)c2ncn(C)c2n(C)c1=O
MAKALUVAMINE I,NC1=CC2=NCCc3c[nH]c(c32)C1=O.O=C(O)C(F)(F)F
PHENYL(BUTYL)SEMICARBAZONE,CCCC/C(=N\NC(N)=O)c1ccccc1
PHENYLMETHYLSEMICARBAZONE,NC(=O)N/N=C/Cc1ccccc1
PHENYLETHENYLSEMICARBAZONE,NC(=O)N/N=C/C=C/c1ccccc1
PHENYL(METHYL)THIOSEMICARBAZONE,C/C(=N\N=C(/N)S)c1ccccc1
ZOLOPERONE,COc1ccccc1N1CCN(CCc2oc(=O)[nH]c2-c2ccc(F)cc2)CC1
FIDEXABAN,CN1CCN=C1c1cccc(Oc2nc(Oc3cc(C(=N)N)ccc3O)c(F)c(N(C)CC(=O)O)c2F)c1
NS-49,CS(=O)(=O)Nc1ccc(F)c([C@@H](O)CN)c1
P-CHLOROPHENYL(METHYL)THIOSEMICARBAZONE,C/C(=N/N=C(\N)S)c1ccc(Cl)cc1
LODIPERONE,O=c1[nH]c(-c2ccc(F)cc2)c(CCN2CCN(c3cc(Cl)cc(Cl)c3)CC2)o1
XYLOMETAZOLINE,Cc1cc(C(C)(C)C)cc(C)c1CC1=NCCN1
AURAPTENE,CC(C)=CCC/C(C)=C/COc1ccc2ccc(=O)oc2c1
NORBURIMAMIDE,C/N=C(\S)NCCCc1c[nH]cn1
PHENYLETHYLSEMICARBAZONE,NC(=O)N/N=C/CCc1ccccc1
DIPHENYLSEMICARBAZONE,NC(=O)NN=C(c1ccccc1)c1ccccc1
PHENYLSEMICARBAZONE,NC(=O)N/N=C\c1ccccc1
COLLININ,COc1c(OC/C=C(\C)CCC=C(C)C)ccc2ccc(=O)oc12
NETROPSIN,Cn1cc(NC(=O)c2cc(NC(=O)CNC(=N)N)cn2C)cc1C(=O)NCCC(=N)N
VPN-4090CE,CS(=O)(=O)NN(CCCl)S(C)(=O)=O
SAREDUTANT,CC(=O)NC1(c2ccccc2)CCN(CC[C@H](CN(C)C(=O)c2ccccc2)c2ccc(Cl)c(Cl)c2)CC1
SODIUM DICHLOROACETATE,O=C([O-])C(Cl)Cl.[Na+]
BROBACTAM,CC1(C)S[C@@H]2[C@H](Br)C(=O)N2[C@H]1C(=O)O
CIRSILIOL,COc1cc2oc(-c3ccc(O)c(O)c3)cc(=O)c2c(O)c1OC
ETOXADROL,CC[C@]1(c2ccccc2)OC[C@H]([C@@H]2CCCCN2)O1
TASOSARTAN,Cc1nc(C)c2c(n1)N(Cc1ccc(-c3ccccc3-c3nnn[nH]3)cc1)C(=O)CC2
2-PICOLINIC ACID,O=C(O)c1ccccn1
BROMOCRYPTINE,CC(C)C1C(=O)N2CCCC2(O)C2OC(NC(=O)C3C=C4c5cccc6[nH]c(Br)c(c56)CC4N(C)C3)(C(C)C)CN12
D-GLUTAMATE,N[C@H](CCC(=O)O)C(=O)O
IRINDALONE,O=C1NCCN1CCN1CCN([C@@H]2C[C@@H](c3ccc(F)cc3)c3ccccc32)CC1
7-CHLOROKYNURENIC ACID,O=C(O)c1cc(O)c2ccc(Cl)cc2n1
CANDESARTAN CILEXETIL,CCOc1nc2cccc(C(=O)OC(C)OC(=O)OC3CCCCC3)c2n1Cc1ccc(-c2ccccc2-c2nn[nH]n2)cc1
ENOLTASOSARTAN,Cc1nc(C)c2c(O)cc(=O)n(Cc3ccc(-c4ccccc4-c4nn[nH]n4)cc3)c2n1
INDOMETHACIN MORPHOLINYLAMIDE,COc1ccc2c(c1)c(CC(=O)N1CCOCC1)c(C)n2C(=O)c1ccc(Cl)cc1
EVANS BLUE FREE ACID,Cc1cc(-c2ccc(/N=N/c3ccc4c(S(=O)(=O)O)cc(S(=O)(=O)O)c(N)c4c3O)c(C)c2)ccc1/N=N/c1ccc2c(S(=O)(=O)O)cc(S(=O)(=O)O)c(N)c2c1O
CHICAGO SKY BLUE,COc1cc(-c2ccc(/N=N/c3ccc4c(S(=O)(=O)O)cc(S(=O)(=O)O)c(N)c4c3O)c(OC)c2)ccc1/N=N/c1ccc2c(S(=O)(=O)O)cc(S(=O)(=O)O)c(N)c2c1O
IODOSULPIRIDE,CCN1CCC[C@H]1CNC(=O)c1c(OC)ccc(S(N)(=O)=O)c1I
CANDESARTAN,CCOc1nc2cccc(C(=O)O)c2n1Cc1ccc(-c2ccccc2-c2nnn[nH]2)cc1
IOXIPRIDE,CCN1CCC[C@H]1CNC(=O)c1c(O)c(I)cc(OC)c1OC
TELMISARTAN,CCCc1nc2c(C)cc(-c3nc4ccccc4n3C)cc2n1Cc1ccc(-c2ccccc2C(=O)O)cc1
SORDARICIN,CC(C)C1=CC2C[C@]3(C=O)C4CCC(C)C4C[C@]2(CO)[C@]13C(=O)O
PIPECOLIC ACID,O=C(O)C1CCCCN1
PAROXYPROPIONE,CCC(=O)c1ccc(O)cc1
XANTHURENATE,O=C(O)c1cc(O)c2cccc(O)c2n1
DIENESTROL,C/C=C(C(=C/C)/c1ccc(O)cc1)\c1ccc(O)cc1
BUTENONE,CC(=O)/C=C/c1ccccc1
TERGURIDE,CCN(CC)C(=O)N[C@H]1C[C@@H]2c3cccc4[nH]cc(c34)C[C@H]2N(C)C1
MILACEMIDE,CCCCCNCC(N)=O
DEXKETOPROFEN,C[C@H](C(=O)O)c1cccc(C(=O)c2ccccc2)c1
CARBETAPENTANE,CCN(CC)CCOCCOC(=O)C1(c2ccccc2)CCCC1
SCEPTRIN,Nc1nc([C@H]2[C@H](CNC(=O)c3cc(Br)c[nH]3)[C@@H](CNC(=O)c3cc(Br)c[nH]3)[C@@H]2c2c[nH]c(N)n2)c[nH]1
DEXTROFLOXACINE,C[C@@H]1COc2c(N3CCN(C)CC3)c(F)cc3c(=O)c(C(=O)O)cn1c23
SARIPIDEM,CCCC(=O)N(C)Cc1c(-c2ccc(Cl)cc2)nc2ccccn12
DIFLOMOTECAN,CC[C@@]1(O)CC(=O)OCc2c1cc1n(c2=O)Cc2cc3cc(F)c(F)cc3nc2-1
ZANAPEZIL,O=C(CCC1CCN(Cc2ccccc2)CC1)c1ccc2c(c1)NCCCC2
CORDYCEPIN,Nc1ncnc2c1ncn2[C@@H]1O[C@H](CO)C[C@H]1O
METHANETHIOSULFONIC ACID PENTAFLUOROPHENYLMETHYL ESTER,CS(=O)(=O)SCc1c(F)c(F)c(F)c(F)c1F
4'-HYDROXY-FLAVANONE,O=C1CC(c2ccc(O)cc2)Oc2ccccc21
SYNGUANOL,Nc1nc(O)c2ncn(/C=C3/CC3CO)c2n1
TOLMETIN,Cc1ccc(C(=O)c2ccc(CC(=O)O)n2C)cc1
MELARSOPROL,Nc1nc(N)nc(Nc2ccc([As]3SCC(CO)S3)cc2)n1
"7Z-3,4,4'-TRIMETHOXYSTILBENE",COc1ccc(/C=C\c2ccc(OC)c(OC)c2)cc1
HOMOCAMPTOTHECIN,CC[C@@]1(O)CC(=O)OCc2c1cc1n(c2=O)Cc2cc3ccccc3nc2-1
2'-HYDROXY-FLAVANONE,O=C1CC(c2ccccc2O)Oc2ccccc21
DODINE,CCCCCCCCCCCCNC(=N)N
2'-B-METHYL-GUANOSINE,C[C@@]1(O)[C@H](O)[C@@H](CO)O[C@H]1n1cnc2c(=O)[nH]c(N)nc21
MORIN PENTAETHYL ETHER,CCOc1ccc(-c2oc3cc(OCC)cc(O)c3c(=O)c2OCC)c(OCC)c1
ARTOCARPIN,COc1cc2oc(-c3ccc(O)cc3O)c(CC=C(C)C)c(=O)c2c(O)c1/C=C/C(C)C
CYCLODEXTRIN SULFATE (CDS),O=S(=O)([O-])OCC1O[C@@H]2O[C@@H]3C(COS(=O)(=O)[O-])O[C@H](O[C@@H]4C(COS(=O)(=O)[O-])O[C@@H](O[C@@H]5C(COS(=O)(=O)[O-])O[C@H](O[C@@H]6C(COS(=O)(=O)[O-])O[C@H](O[C@@H]7C(COS(=O)(=O)[O-])O[C@H](O[C@@H]8C(COS(=O)(=O)[O-])O[C@H](O[C@H]1C(O)C2OS(=O)(=O)[O-])C(OS(=O)(=O)[O-])C8O)C(OS(=O)(=O)[O-])C7O)C(OS(=O)(=O)[O-])C6O)C(OS(=O)(=O)[O-])C5O)C(OS(=O)(=O)[O-])C4O)C(OS(=O)(=O)[O-])C3O.[K+].[K+].[K+].[K+].[K+].[K+].[K+].[K+].[K+].[K+].[K+].[K+].[K+].[K+]
SAPUNIFIRAM,CC(=O)NC1CCN(S(=O)(=O)c2ccc(F)cc2)CC1
SUNIFIRAM,CCC(=O)N1CCN(C(=O)c2ccccc2)CC1
NEPAFENAC,NC(=O)Cc1cccc(C(=O)c2ccccc2)c1N
PERHEXILINE,C1CCC(C(CC2CCCCN2)C2CCCCC2)CC1
PIROMIDIC ACID,CCn1cc(C(=O)O)c(=O)c2cnc(N3CCCC3)nc21
TRYPTANTHRIN,O=C1c2ccccc2-n2c1nc1ccccc1c2=O
"2'-BETA-FLUORO-2',3'-DEOXYADENOSINE",Nc1ncnc2c1ncn2[C@@H]1O[C@H](CO)[C@@H](O)[C@H]1F
BEXAROTENE,C=C(c1ccc(C(=O)O)cc1)c1cc2c(cc1C)C(C)(C)CCC2(C)C
GALANGIN,O=c1c(O)c(-c2ccccc2)oc2cc(O)cc(O)c12
"7,8-DIHYDROXYFLAVONE",O=c1cc(-c2ccccc2)oc2c(O)c(O)ccc12
IFOSFAMIDE,O=P1(NCCCl)OCCCN1CCCl
ISOFLUROPHATE,CC(C)OP(=O)(F)OC(C)C
IRX-4204,CC(/C=C/[C@@H]1C[C@]1(C)c1ccc2c(c1)C(C)(C)CCC2(C)C)=C\C(=O)O
"8Z-3,4',5-TRIMETHOXYSTILBENE",COc1ccc(/C=C\c2cc(OC)cc(OC)c2)cc1
GENTAMICIN MIXTURE,CNC(C)C1CCC(N)C(OC2C(N)CC(N)C(OC3OCC(C)(O)C(NC)C3O)C2O)O1.CNC1C(O)C(OC2C(N)CC(N)C(OC3OC(C(C)N)CCC3N)C2O)OCC1(C)O.CNC1C(O)C(OC2C(N)CC(N)C(OC3OC(CN)CCC3N)C2O)OCC1(C)O.O=S(=O)(O)O
PHENSERINE,CN1CC[C@@]2(C)c3cc(OC(=O)Nc4ccccc4)ccc3N(C)[C@@H]12
1-allyloxy-4-methoxybenzene,C=CCOc1ccc(OC)cc1
CANNABINOL,CCCCCc1cc(O)c2c(c1)OC(C)(C)c1ccc(C)cc1-2
SOPHOFLAVESCENOL,COc1cc(O)c(CC=C(C)C)c2oc(-c3ccc(O)cc3)c(O)c(=O)c12
ARTENIMOL,C[C@H]1[C@@H](O)O[C@@H]2O[C@@]3(C)CC[C@H]4[C@H](C)CC[C@@H]1[C@@]24OO3
DIHYDROOROTATE,O=C1CC(C(=O)O)NC(=O)N1
REBIMASTAT,CNC(=O)[C@@H](NC(=O)[C@H](CC(C)C)NC(=O)[C@@H](S)CCN1C(=O)N(C)C(C)(C)C1=O)C(C)(C)C
PRINOMASTAT,CC1(C)SCCN(S(=O)(=O)c2ccc(Oc3ccncc3)cc2)[C@H]1C(=O)NO
COELENTERAZINE,Oc1ccc(Cc2nc3c(Cc4ccccc4)nc(-c4ccc(O)cc4)cn3c2O)cc1
TIFURAC,CSc1ccc(C(=O)c2cc(CC(=O)O)cc3ccoc23)cc1
1-PHENETHYLPIPERIDINE,c1ccc(CCN2CCCCC2)cc1
FAGARIDINE,COc1ccc2c(c[n+](C)c3c4cc5c(cc4ccc23)OCO5)c1O
TOLYPOMYCINONE,COC1/C=C/OC2(C)Oc3c(C)c(O)c4c(c3C2=O)C(=O)C=C(NC(=O)/C(C)=C\C(=O)C2CC2C(O)C(C)C(O)C(C)C(OC(C)=O)C1C)C4=O
TERNATIN,COc1cc(-c2oc3c(OC)c(OC)cc(O)c3c(=O)c2OC)ccc1O
"3-HYDROXY-3',4'-DIMETHOXYFLAVONE",COc1ccc(-c2oc3ccccc3c(=O)c2O)cc1OC
PYROGALLOL,Oc1cccc(O)c1O
VOLINANSERIN,COc1cccc([C@H](O)C2CCN(CCc3ccc(F)cc3)CC2)c1OC
SALICYLHYDROXAMIC ACID,O=C(NO)c1ccccc1O
ACTINONIN,CCCCC[C@H](CC(=O)NO)C(=O)N[C@H](C(=O)N1CCC[C@H]1CO)C(C)C
LY-295501,O=C(Nc1ccc(Cl)c(Cl)c1)NS(=O)(=O)c1ccc2c(c1)CCO2
RIFAMYCIN B,COC1/C=C/OC2(C)Oc3c(C)c(O)c4c(O)c(cc(OCC(=O)Nc5ccc(I)cc5)c4c3C2=O)NC(=O)/C(C)=C\C=C\C(C)C(O)C(C)C(O)C(C)C(OC(C)=O)C1C
OMBUINE,COc1cc(O)c2c(=O)c(O)c(-c3ccc(OC)c(O)c3)oc2c1
FENOLDOPAM MESYLATE,CS(=O)(=O)O.Oc1ccc(C2CNCCc3c2cc(O)c(O)c3Cl)cc1
"3,5,6,7,8,3',4'-HEPTAMETHOXYFLAVONE",COc1ccc(-c2oc3c(OC)c(OC)c(OC)c(OC)c3c(=O)c2OC)cc1OC
RETUSIN,COc1cc(O)c2c(=O)c(OC)c(-c3ccc(OC)c(OC)c3)oc2c1
RHAMNETIN,COc1cc(O)c2c(=O)c(O)c(-c3ccc(O)c(O)c3)oc2c1
GUVACINE,O=C(O)C1=CCCNC1
(R)-NIPECOTIC ACID,O=C(O)[C@@H]1CCCNC1
NOBILETIN,COc1ccc(-c2cc(=O)c3c(OC)c(OC)c(OC)c(OC)c3o2)cc1OC
HEPATAMETHOXYFLAVONE,COc1cc(-c2cc(=O)c3c(OC)c(OC)c(OC)c(OC)c3o2)cc(OC)c1OC
4-DAMP,C[N+]1(C)CCC(OC(=O)C(c2ccccc2)c2ccccc2)CC1.[I-]
TETRAMETHYLSCUTELLAREIN,COc1ccc(-c2cc(=O)c3c(OC)c(OC)c(OC)cc3o2)cc1
APAZIQUONE,Cn1c(/C=C/CO)c(CO)c2c1C(=O)C=C(N1CC1)C2=O
MEDETOMIDINE,Cc1cccc(C(C)c2c[nH]cn2)c1C
REL-CISAPRIDE,COc1cc(N)c(Cl)cc1C(=O)N[C@H]1CCN(CCCOc2ccc(F)cc2)C[C@H]1OC
BENZOLAMIDE,NS(=O)(=O)c1nnc(NS(=O)(=O)c2ccccc2)s1
NEBURON,CCCCN(C)C(=O)Nc1ccc(Cl)c(Cl)c1
TANGERETIN,COc1ccc(-c2cc(=O)c3c(OC)c(OC)c(OC)c(OC)c3o2)cc1
5-DEMETHYLNOBILETIN,COc1ccc(-c2cc(=O)c3c(O)c(OC)c(OC)c(OC)c3o2)cc1OC
EUPATILIN,COc1ccc(-c2cc(=O)c3c(O)c(OC)c(O)cc3o2)cc1OC
SIDERITIFLAVONE,COc1c(OC)c(O)c2c(=O)cc(-c3ccc(O)c(O)c3)oc2c1OC
GARDENIN,COc1cc(-c2cc(=O)c3c(O)c(OC)c(OC)c(OC)c3o2)cc(OC)c1OC
TYRPHOSTIN 51,N#CC(C#N)=C(N)/C(C#N)=C/c1cc(O)c(O)c(O)c1
INDISULAM,NS(=O)(=O)c1ccc(S(=O)(=O)Nc2cccc3c(Cl)c[nH]c23)cc1
TYRPHOSTIN 1,COc1ccc(C=C(C#N)C#N)cc1
BETULETOL,COc1ccc(-c2oc3cc(O)c(OC)c(O)c3c(=O)c2O)cc1
CENTAUREIDIN,COc1ccc(-c2oc3cc(O)c(OC)c(O)c3c(=O)c2OC)cc1O
(S)-NIPECOTIC ACID,O=C(O)[C@H]1CCCNC1
TIAGABINE,Cc1ccsc1C(=CCCN1CCC[C@@H](C(=O)O)C1)c1sccc1C
AYANIN,COc1cc(O)c2c(=O)c(OC)c(-c3ccc(OC)c(O)c3)oc2c1
TEGASEROD,CCCCCNC(=N)N/N=C/c1c[nH]c2ccc(OC)cc12
ISTRADEFYLLINE,CCn1c(=O)c2c(nc(/C=C/c3ccc(OC)c(OC)c3)n2C)n(CC)c1=O
CORREOLIDE,C=C1C[C@@]2(O)[C@@H]3CC[C@@]4(C)[C@@H]5C=CC(=O)OC[C@]5(C(C)OC(C)=O)[C@@H](OC(C)=O)[C@@H](OC(C)=O)[C@@H]4[C@@]3(C)[C@H](OC(C)=O)[C@H](OC(C)=O)[C@@]2(C)C2(C(=O)OC)O[C@H]12
ALOISINE A,CCCCc1c(-c2ccc(O)cc2)[nH]c2nccnc12
LAUROCAPRAM,CCCCCCCCCCCCN1CCCCCC1=O
SIVELESTAT,CC(C)(C)C(=O)Oc1ccc(S(=O)(=O)Nc2ccccc2C(=O)NCC(=O)O)cc1
PECTOLINARIGENIN,COc1ccc(-c2cc(=O)c3c(O)c(OC)c(O)cc3o2)cc1
NEVADENSIN,COc1ccc(-c2cc(=O)c3c(O)c(OC)c(O)c(OC)c3o2)cc1
CATIONIC LIPID,CCCCCCCCCCCCCCCCCCN(CCCCCCCCCCCCCCCCCC)C(=O)C(CCCC/N=C(\S)Nc1ccc(-c2c3ccc(=[N+](C)C)cc-3oc3cc(N(C)C)ccc23)c(C(=O)[O-])c1)NC(=O)CNCCCNCCCCNCCCN
TIOPINAC,O=C(O)Cc1ccc2c(c1)SCc1ccccc1C2=O
ERMANIN,COc1ccc(-c2oc3cc(O)cc(O)c3c(=O)c2OC)cc1
NONIVAMIDE,CCCCCCCCC(=O)NCc1ccc(O)c(OC)c1
NONANOIC ACID BENZYLAMIDE,CCCCCCCCC(=O)NCc1ccccc1
TYRPHOSTIN 47,N#C/C(=C\c1ccc(O)c(O)c1)C(N)=S
CARBAZERAN,CCNC(=O)OC1CCN(c2nncc3cc(OC)c(OC)cc23)CC1
alpha-CYANO-4-HYDROXYCINNAMIC ACID,N#C/C(=C\c1ccc(O)cc1)C(=O)O
TYRPHOSTIN 25,N#CC(C#N)=Cc1cc(O)c(O)c(O)c1
7-ALLYLOXYCOUMARIN,C=CCOc1ccc2ccc(=O)oc2c1
NRB 03731,C[C@]12CC[C@H](O)CC1=CCC1C2CC[C@]2(C)/C(=N/NC(N)=O)CCC12
TYRPHOSTIN 23,N#CC(C#N)=Cc1ccc(O)c(O)c1
2-PHENYL-1H-INDOLE,c1ccc(-c2cc3ccccc3[nH]2)cc1
XAMOTEROL,O=C(NCCNCC(O)COc1ccc(O)cc1)N1CCOCC1
MIGLUSTAT,CCCCN1C[C@H](O)[C@@H](O)[C@H](O)[C@H]1CO
DIETHYLHOMOSPERMINE,CCNCCCCNCCCCNCCCCNCC
TYRPHOSTIN A9,CC(C)(C)c1cc(C=C(C#N)C#N)cc(C(C)(C)C)c1O
OXEPINAC,O=C(O)Cc1ccc2c(c1)OCc1ccccc1C2=O
ABT-724,c1ccc(N2CCN(Cc3nc4ccccc4[nH]3)CC2)nc1
4'-HYDROXY-DICLOFENAC,O=C(O)Cc1ccccc1Nc1c(Cl)cc(O)cc1Cl
MIXIDINE,COc1ccc(CC/N=C2/CCCN2C)cc1OC
DOPEXAMINE,Oc1ccc(CCNCCCCCCNCCc2ccccc2)cc1O
IBOPAMINE,CNCCc1ccc(OC(=O)C(C)C)c(OC(=O)C(C)C)c1
5-HYDROXY-DICLOFENAC,O=C(O)Cc1cc(O)ccc1Nc1c(Cl)cccc1Cl
"4',5-DIHYDROXY-DICLOFENAC",O=C(O)Cc1cc(O)ccc1Nc1c(Cl)cc(O)cc1Cl
3'-HYDROXY-4'-METHOXY-DICLOFENAC,COc1cc(Cl)c(Nc2ccccc2CC(=O)O)c(Cl)c1O
IVOSPEMIN,CCNCC[C@H](O)CNCCCCNC[C@@H](O)CCNCC
DUVOGLUSTAT,OC[C@H]1NC[C@H](O)[C@@H](O)[C@@H]1O
ALOISINE,CCCCc1c(-c2ccc(OC)cc2)[nH]c2nccnc12
DICLOFENAC SODIUM,O=C([O-])Cc1ccccc1Nc1c(Cl)cccc1Cl.[Na+]
(+)-PHYSOSTIGMINE,CNC(=O)Oc1ccc2c(c1)[C@@]1(C)CCN(C)C1N2C
3'-HYDROXY-DICLOFENAC,O=C(O)Cc1ccccc1Nc1c(Cl)ccc(O)c1Cl
HYDROXYHALOPERIDOL,OC(CCCN1CCC(O)(c2ccc(Cl)cc2)CC1)c1ccc(F)cc1
NODULISPORAMIDE,C=C(C)[C@H]1C(=O)c2c3c(cc4c5c(n1c24)[C@@]1(C)C(CC[C@H]2[C@](C)(/C=C/C=C(\C)C(=O)N4CCN(S(C)(=O)=O)CC4)[C@@H](O)CC[C@@]21C)C5)C1=CC(C)(C)OC(C)(C)C1[C@@H]3O
GUANADREL,N=C(N)NCC1COC2(CCCCC2)O1
GUANOXAN,N=C(N)NCC1COc2ccccc2O1
RUBITECAN,CC[C@@]1(O)C(=O)OCc2c1cc1n(c2=O)Cc2cc3c([N+](=O)[O-])cccc3nc2-1
XEMILOFIBAN,C#C[C@H](CC(=O)OCC)NC(=O)CCC(=O)Nc1ccc(C(=N)N)cc1
CASTANOSPERMINE,O[C@H]1[C@H](O)[C@@H](O)CN2CC[C@H](O)[C@H]12
DEOXY ADENOSINEDIPHOSPHATE,Nc1nc(O)c2ncn(C3OC(COP(=O)(O)OP(=O)(O)O)CC3O)c2n1
HYDROXYGUANIDINE,N=C(N)NO
PENTACHLOROPHENOL,Oc1c(Cl)c(Cl)c(Cl)c(Cl)c1Cl
DIHYDROCAPSAICIN,COc1cc(CNC(=O)CCCCCCC(C)C)ccc1O
TAXAGIFINE,C=C1[C@@H](OC(=O)/C=C/c2ccccc2)C[C@H](OC(C)=O)[C@@]2(C)[C@@H](OC(C)=O)[C@H](OC(C)=O)[C@]3(O)[C@@]4(C)CO[C@]3(C)C(=O)C[C@H]4[C@@H](OC(C)=O)[C@H]12
TAXININ M,C=C1[C@@H](O)C[C@H](OC(C)=O)[C@@]2(COC(=O)c3ccccc3)[C@@H](OC(C)=O)[C@H](OC(C)=O)[C@]3(O)[C@@]4(C)CO[C@]3(C)C(=O)C[C@H]4[C@@H](OC(C)=O)[C@H]12
DECINNAMOYLTAXININE J,C=C1[C@@H](O)C[C@H](OC(C)=O)[C@@]2(C)[C@@H](OC(C)=O)[C@H](OC(C)=O)C3=C(C)[C@@H](OC(C)=O)C[C@@H]([C@@H](OC(C)=O)[C@H]12)C3(C)C
PHENYLISOTHIOCYANATE,S=C=Nc1ccccc1
NORKETAMINE,NC1(c2ccccc2Cl)CCCCC1=O
BRADYKININ,N=C(N)NCCC[C@H](NC(=O)[C@H](Cc1ccccc1)NC(=O)[C@@H]1CCCN1C(=O)[C@H](CO)NC(=O)[C@H](Cc1ccccc1)NC(=O)CNC(=O)[C@@H]1CCCN1C(=O)[C@@H]1CCCN1C(=O)[C@@H](N)CCCNC(=N)N)C(=O)O
CALCIFEDIOL ANHYDROUS,C=C1CC[C@H](O)C/C1=C/C=C1\CCC[C@]2(C)[C@@H]([C@H](C)CCCC(C)(C)O)CC[C@@H]12
PHENYLETHYLMALONAMIDE -,CCC(C(N)=O)(C(=O)O)c1ccccc1
CHOLECALCIFEROL,C=C1CC[C@H](O)C/C1=C/C=C1\CCC[C@]2(C)[C@@H]([C@H](C)CCCC(C)C)CC[C@@H]12
TAXCULTIN,CCCC(=O)N[C@@H](c1ccccc1)[C@@H](O)C(=O)O[C@H]1C[C@@]2(O)[C@@H](OC(=O)c3ccccc3)[C@@H]3[C@]4(OC(C)=O)CO[C@@H]4C[C@H](O)[C@@]3(C)C(=O)[C@H](OC(C)=O)C(=C1C)C2(C)C
10-DEACETYLTAXAYUNNANINE A,CCCCCC(=O)N[C@@H](c1ccccc1)[C@@H](O)C(=O)O[C@H]1C[C@@]2(O)[C@@H](OC(=O)c3ccccc3)[C@@H]3[C@]4(OC(C)=O)CO[C@@H]4C[C@H](O)[C@@]3(C)C(=O)[C@H](O)C(=C1C)C2(C)C
Z-PRO-PROLINAL,O=C[C@@H]1CCCN1C(=O)[C@@H]1CCCN1C(=O)OCc1ccccc1
OLVANIL,CCCCCCCC/C=C\CCCCCCCC(=O)NCc1ccc(O)c(OC)c1
RIPISARTAN,CCCc1nc(C)n2[nH]c(=O)nc2c1Cc1ccc(-c2ccccc2-c2nnn[nH]2)cc1
GLYCYL PROLINE,NCC(=O)N1CCC[C@H]1C(=O)O
BUCILLAMINE,CC(C)(S)C(=O)N[C@@H](CS)C(=O)O
CTS-1027,O=C(NO)C1(CS(=O)(=O)c2ccc(Oc3ccc(Cl)cc3)cc2)CCOCC1
LERGOTRILE,CN1C[C@H](CC#N)C[C@@H]2c3cccc4[nH]c(Cl)c(c34)C[C@H]21
DAPSONE,Nc1ccc(S(=O)(=O)c2ccc(N)cc2)cc1
RENTIAPRIL,O=C(O)[C@@H]1CS[C@H](c2ccccc2O)N1C(=O)CCS
PHENYLACETIC ACID,O=C(O)Cc1ccccc1
ANCRIVIROC,CCO/N=C(\c1ccc(Br)cc1)C1CCN(C2(C)CCN(C(=O)c3c(C)cc[n+]([O-])c3C)CC2)CC1
PLATANIC ACID,CC(=O)[C@@H]1CC[C@]2(C(=O)O)CC[C@]3(C)[C@H](CC[C@@H]4[C@@]5(C)CC[C@H](O)C(C)(C)[C@@H]5CC[C@]43C)[C@@H]12
GLYCYCLAMIDE,Cc1ccc(S(=O)(=O)NC(=O)NC2CCCCC2)cc1
BUTITAXEL,CC(=O)O[C@@]12COC1C[C@H](O)[C@@]1(C)C(=O)[C@H](O)C3=C(C)[C@@H](OC(=O)[C@H](O)[C@@H](NC(=O)c4ccccc4)C(C)(C)C)C[C@@](O)([C@@H](OC(=O)c4ccccc4)[C@@H]12)C3(C)C
D-PROLINE,O=C(O)[C@H]1CCCN1
PHTHALIC ACID,O=C(O)c1ccccc1C(=O)O
KUKOAMINE A,O=C(CCc1ccc(O)c(O)c1)NCCCNCCCCNCCCNC(=O)CCc1ccc(O)c(O)c1
VICRIVIROC,COC[C@@H](c1ccc(C(F)(F)F)cc1)N1CCN(C2(C)CCN(C(=O)c3c(C)ncnc3C)CC2)C[C@@H]1C
BENZO[B]ACRONYCINE,COc1cc2c(c3c1c(=O)c1cc4ccccc4cc1n3C)C=CC(C)(C)O2
THREONYLPROLYLSERYLPROLINAMIDE(TPSPNH2),C[C@@H](O)[C@H](N)C(=O)N1CCC[C@H]1C(=O)N[C@@H](CO)C(=O)N1CCC[C@H]1C(N)=O
ACETYLPROLYLTHREONYLPROLYLSERINAMIDE(ACPTPSNH2),CC(=O)N1CCC[C@@H]1C(=O)N[C@H](C(=O)N1CCC[C@@H]1C(=O)N[C@@H](CO)C(N)=O)[C@@H](C)O
ACETYLPROLYLSERYLPROLYLSERINAMIDE(ACPSPSNH2),CC(=O)N1CCC[C@@H]1C(=O)N[C@@H](CO)C(=O)N1CCC[C@@H]1C(=O)N[C@@H](CO)C(N)=O
IMMETHRIDINE,c1cc(Cc2cnc[nH]2)ccn1
PROLYLPROLYLTHREONYLPROLINAMIDE(PPTPNH2),C[C@@H](O)[C@H](NC(=O)[C@@H]1CCCN1C(=O)[C@H]1CCCN1)C(=O)N1CCC[C@H]1C(N)=O
NORCHLORCYCLIZINE,Clc1ccc(C(c2ccccc2)N2CCNCC2)cc1
ACETYLTHREONYLPROLYLSERYLPROLINAMIDE(ACTPSPNH2),CC(=O)N[C@H](C(=O)N1CCC[C@H]1C(=O)N[C@@H](CO)C(=O)N1CCC[C@H]1C(N)=O)[C@@H](C)O
ACETYLPROLYLPROLYLTHREONYLPROLINAMIDE(ACPPTPNH2),CC(=O)N1CCC[C@@H]1C(=O)N1CCC[C@H]1C(=O)N[C@H](C(=O)N1CCC[C@H]1C(N)=O)[C@@H](C)O
PHENYL METHYL BORINIC ACID,CB(O)c1ccccc1
DIPHENYL BORINIC ACID,OB(c1ccccc1)c1ccccc1
AMINOCAPROIC ACID,NCCCCCC(=O)O
NEGAMYCIN,CN(CC(=O)O)NC(=O)C[C@H](N)C[C@@H](O)CN
RETINAL,CC1=C(/C=C/C(C)=C/C=C/C(C)=C/C=O)C(C)(C)CCC1
GANTOFIBAN,CCOC(=O)CN1CCN(C[C@@H]2CN(c3ccc(C(=N)NC(=O)OC)cc3)C(=O)O2)CC1
ESULATIN B,C=C1[C@H](OC(C)=O)CC(=O)C(C)(C)/C=C/[C@@H](C)C(=O)[C@@]2(OC(C)=O)C[C@@](C)(OC(C)=O)[C@H](OC(C)=O)[C@@H]2[C@H]1OC(C)=O
ESULATIN A,C=C1[C@H](OCC(C)C)[C@@H](OC(C)=O)[C@@H](OC(C)=O)C(C)(C)[C@@H]2O[C@H]2[C@@H](C)C(=O)[C@@]2(OC(C)=O)C[C@@](C)(OC(C)=O)[C@H](OC(C)=O)[C@@H]2[C@H]1OC(C)=O
ESULATIN F,C=C1[C@H](OCC(C)C)[C@@H](OC(C)=O)[C@@H](OC(C)=O)C(C)(C)/C=C/[C@@H](C)C(=O)[C@@]2(OC(C)=O)C[C@@](C)(OC(C)=O)[C@H](OC(C)=O)[C@@H]2[C@H]1OC(C)=O
BIPENAMOL,NCc1ccccc1Sc1ccccc1CO
3-AMINOBENZAMIDE,NC(=O)c1cccc(N)c1
DITHIAZANINE IODIDE,CCN1/C(=C/C=C/C=C/c2sc3ccccc3[n+]2CC)Sc2ccccc21.[I-]
PELDESINE,Nc1nc2c(Cc3cccnc3)c[nH]c2c(=O)[nH]1
LY-510929,Cc1oc(-c2cccs2)nc1CCOc1ccc(C[C@](C)(Oc2ccccc2)C(=O)O)cc1
CIANIDANOL,Oc1cc(O)c2c(c1)O[C@H](c1ccc(O)c(O)c1)[C@@H](O)C2
TRYPHOSTIN,N#CC(Cc1ccc(O)c(O)c1)C(=N)S
SIBENADET,O=c1[nH]c2c(O)ccc(CCNCCS(=O)(=O)CCCOCCc3ccccc3)c2s1
PHORBOL MYRISTATE ACETATE,CCCCCCCCCCCCCC(=O)O[C@@H]1[C@@H](C)[C@@]2(O)[C@@H](C=C(CO)C[C@]3(O)C(=O)C(C)=C[C@@H]23)[C@@H]2C(C)(C)[C@]12OC(C)=O
MURISOLIN,CCCCCCCCCCCC[C@@H](O)[C@H]1CC[C@H]([C@H](O)CCCCCCCCCC[C@@H](O)CC2=C[C@H](C)OC2=O)O1
16-HYDROXYRORIDIN A,CC(O)C1/C=C/C=C\C(=O)O[C@@H]2C[C@H]3O[C@@H]4C=C(CO)CC[C@]4(COC(=O)C(O)C(C)CCO1)[C@]2(C)C31CO1
ESULATIN D,C=C1[C@H](OC(C)=O)C[C@@H](OC(C)=O)C(C)(C)/C=C/[C@@H](C)C(=O)[C@@]2(OC(C)=O)C[C@@](C)(OC(C)=O)[C@H](OC(C)=O)[C@@H]2[C@H]1OC(C)=O
N-PHTHALOYLANTHRANILIC ACID,O=C(O)c1ccccc1N1C(=O)c2ccccc2C1=O
(+)-ALPHA-TOCOPHERYL SUCCINATE,Cc1c(C)c2c(c(C)c1OC(=O)CCC(=O)O)CC[C@@](C)(CCC[C@H](C)CCC[C@H](C)CCCC(C)C)O2
AVERMECTIN,CCC(C)[C@H]1O[C@]2(C=C[C@@H]1C)C[C@@H]1C[C@@H](C/C=C(\C)[C@@H](O[C@H]3C[C@H](OC)[C@@H](O[C@H]4C[C@H](OC)[C@@H](O)[C@H](C)O4)[C@H](C)O3)[C@@H](C)/C=C/C=C3\CO[C@@H]4[C@H](O)C(C)=C[C@@H](C(=O)O1)[C@]34O)O2
DALCOTIDINE,CCNC(=O)NCCCOc1cccc(CN2CCCCC2)c1
BACCHARINOL,CC1=C[C@H]2O[C@@H]3C[C@H]4OC(=O)/C=C\C=C\C(C(C)O)OCC(O)C5(C)OC5C(=O)OC[C@@]2(C[C@H]1O)[C@]4(C)C31CO1
MOZAVAPTAN,Cc1ccccc1C(=O)Nc1ccc(C(=O)N2CCCC(N(C)C)c3ccccc32)cc1
SPIRAMIDE,O=C1NCN(c2ccccc2)C12CCN(CCCOc1ccc(F)cc1)CC2
8BETA-HYDROXYRORIDIN A,CC1=C[C@H]2O[C@@H]3C[C@H]4OC(=O)/C=C\C=C\C(C(C)O)OCCC(C)C(O)C(=O)OC[C@@]2(C[C@H]1O)[C@]4(C)C31CO1
"16-HYDROXY-9BETA,10BETA-EPOXYRORIDIN A",CC(O)C1/C=C/C=C\C(=O)O[C@@H]2C[C@H]3O[C@@H]4[C@@H]5O[C@]5(CO)CC[C@]4(COC(=O)C(O)C(C)CCO1)[C@]2(C)C31CO1
"16-HYDROXY-9BETA,10BETA-EPOXYVERRUCARIN A",CC1CCOC(=O)/C=C/C=C\C(=O)O[C@@H]2C[C@H]3O[C@@H]4[C@@H]5O[C@]5(CO)CC[C@]4(COC(=O)C1O)[C@]2(C)C31CO1
SEGLITIDE,CC(C)[C@@H]1NC(=O)[C@H](CCCCN)NC(=O)[C@@H](Cc2c[nH]c3ccccc23)NC(=O)[C@H](Cc2ccc(O)cc2)NC(=O)[C@H](C)N(C)C(=O)[C@H](Cc2ccccc2)NC1=O
SACCHARIN,O=C1NS(=O)(=O)c2ccccc21
DAUNOFORM,COc1cccc2c1C(=O)c1c(O)c3c(c(O)c1C2=O)C[C@@](O)(C(C)=O)C[C@@H]3OC1CC2C(OCN2CN2COC3C(C)OC(O[C@H]4C[C@](O)(C(C)=O)Cc5c(O)c6c(c(O)c54)C(=O)c4c(OC)cccc4C6=O)CC32)C(C)O1
RORIDIN J,CC1=C[C@H]2O[C@@H]3C[C@H]4OC(=O)/C=C\C=C\C5OC(OC5C)C(O)/C(C)=C/C(=O)OC[C@@]2(CC1)[C@]4(C)C31CO1
16-HYDROXYVERRUCARIN A,CC1CCOC(=O)/C=C/C=C\C(=O)O[C@@H]2C[C@H]3O[C@@H]4C=C(CO)CC[C@]4(COC(=O)C1O)[C@]2(C)C31CO1
DEHYDROLEUCODIN,C=C1C(=O)O[C@@H]2[C@H]3C(C)=CC(=O)C3=C(C)CC[C@@H]12
HYMENIN,C=C1C(=O)O[C@@H]2[C@H]1CC[C@H](C)[C@@]1(O)C=CC(=O)[C@@]21C
"8BETA-HYDROXY-9BETA,10BETA-EPOXYRORIDIN A",CC(O)C1/C=C/C=C\C(=O)O[C@@H]2C[C@H]3O[C@@H]4[C@@H]5O[C@]5(C)[C@H](O)C[C@]4(COC(=O)C(O)C(C)CCO1)[C@]2(C)C31CO1
OXYQUINOLINE,Oc1cccc2cccnc12
DU 125530,O=C1c2ccccc2S(=O)(=O)N1CCCCN1CCN(c2cc(Cl)cc3c2OCCO3)CC1
DOXOFORM,COc1cccc2c1C(=O)c1c(O)c3c(c(O)c1C2=O)C[C@@](O)(C(=O)CO)C[C@@H]3OC1CC2C(OCN2CN2COC3C(C)OC(O[C@H]4C[C@](O)(C(=O)CO)Cc5c(O)c6c(c(O)c54)C(=O)c4c(OC)cccc4C6=O)CC32)C(C)O1
QUERCITRIN,C[C@@H]1O[C@@H](Oc2c(-c3ccc(O)c(O)c3)oc3cc(O)cc(O)c3c2=O)[C@H](O)[C@H](O)[C@H]1O
THIOXANTHENE,c1ccc2c(c1)Cc1ccccc1S2
SELENOHOMOCYSTEINE,O=C(O)[C@H](CCS)N=[Se]
TRIIODOPHENOL,Oc1c(I)cc(I)cc1I
GUAIANOLIDE,C=C1C(=O)O[C@@H]2C[C@@H](C)C3CCC(C)=C3[C@@H](O)[C@H]12
PODOPHYLLIC ALDEHYDE,COC(=O)[C@@H]1C(C=O)=Cc2cc3c(cc2[C@H]1c1cc(OC)c(OC)c(OC)c1)OCO3
HOMOCYSTEINE,NC(CCS)C(=O)O
N-DEALKYLATED DERIVATIVE,COc1cc(C(=O)NS(=O)(=O)c2ccccc2C)ccc1Cc1c[nH]c2ccc(NC(=O)OC3CCCC3)cc12
ETONITAZENE,CCOc1ccc(Cc2nc3cc([N+](=O)[O-])ccc3n2CCN(CC)CC)cc1
PICROPODOPHYLLONE,COc1cc([C@@H]2c3cc4c(cc3C(=O)[C@H]3COC(=O)[C@@H]23)OCO4)cc(OC)c1OC
NALTREXONEDIAZONIUM,CN(c1ccc([N+]#N)cc1)C1CCC2(O)C3Cc4ccc(O)c5c4C2(CCN3CC2CC2)C1O5
PFDEDQHTQIAKV,CC[C@H](C)[C@H](NC(=O)[C@H](CCC(N)=O)NC(=O)[C@@H](NC(=O)[C@H](Cc1c[nH]cn1)NC(=O)[C@H](CCC(N)=O)NC(=O)[C@H](CC(=O)O)NC(=O)[C@H](CCC(=O)O)NC(=O)[C@H](CC(=O)O)NC(=O)[C@H](Cc1ccccc1)NC(=O)[C@@H]1CCCN1)[C@@H](C)O)C(=O)N[C@@H](C)C(=O)N[C@@H](CCCCN)C(=O)N[C@H](C(=O)O)C(C)C
DECARBOXYLATED DERIVATIVE,NCC1CCCCC1
OXAMFLATIN,O=C(/C=C/C#Cc1ccc(NS(=O)(=O)c2ccccc2)cc1)NO
BATABULIN,COc1ccc(NS(=O)(=O)c2c(F)c(F)c(F)c(F)c2F)cc1F
4-PHENYL-BUTYLAMINE,NCCCCc1ccccc1
FANANSERIN,O=S1(=O)c2cccc3cccc(c23)N1CCCN1CCN(c2ccc(F)cc2)CC1
THIOCYANIC ACID,N#CS
PHENOXATHIINE,c1ccc2c(c1)Oc1ccccc1S2
STRINOLINE,c1ccc2c(c1)ncc1ncnnc12
LATANOPROST ACID,O=C(O)CCC/C=C\C[C@@H]1[C@@H](CC[C@@H](O)CCc2ccccc2)[C@H](O)C[C@@H]1O
LATANOPROST,CC(C)OC(=O)CCC/C=C\C[C@@H]1[C@@H](CC[C@@H](O)CCc2ccccc2)[C@H](O)C[C@@H]1O
GABOXADOL,Oc1noc2c1CCNC2
MYCOTHIOL BIMANE,CC(=O)N[C@H](CSCc1c(C)c(=O)n2c(=O)c(C)c(C)n12)C(=O)NC1C(OC2C(O)C(O)C(O)C(O)C2O)OC(CO)C(O)C1O
"(R,S)-FIDARESTAT",NC(=O)[C@H]1C[C@]2(NC(=O)NC2=O)c2cc(F)ccc2O1
FIDARESTAT,NC(=O)[C@@H]1C[C@]2(NC(=O)NC2=O)c2cc(F)ccc2O1
ECHIGUANINE A,N=C(N)CCNC(=O)c1c[nH]c2nc(N)nc(O)c12
PSAMMAPLIN A,O=C(NCCSSCCNC(=O)/C(Cc1ccc(O)c(Br)c1)=N/O)/C(Cc1ccc(O)c(Br)c1)=N/O
ATROLACTAMIDE,CC(O)(C(N)=O)c1ccccc1
TIAPRIDE,CCN(CC)CCNC(=O)c1cc(S(C)(=O)=O)ccc1OC
PALMITIC ACID,CCCCCCCCCCCCCCCC(=O)O
FAMIRAPRINIUM,Cc1cc(-c2ccccc2)n[n+](CCCC(=O)O)c1N
BENZO[D]ISOXAZOLE,c1ccc2oncc2c1
IODOALPHIONIC ACID,O=C(O)C(Cc1cc(I)c(O)c(I)c1)c1ccccc1
PARAPROPAMOL,CCC(=O)Nc1ccc(O)cc1
NORMEPERIDINE,CCOC(=O)C1(c2ccccc2)CCNCC1
PHENYL(PHENYLSULFONYL)AMINE,O=S(=O)(Nc1ccccc1)c1ccccc1
TOLNAFTATE,Cc1cccc(N(C)C(=S)Oc2ccc3ccccc3c2)c1
RACEPHENICOL,CS(=O)(=O)c1ccc(C(O)C(CO)NC(=O)C(Cl)Cl)cc1
2-ACETYLAMINOFLUORENE,CC(=O)Nc1ccc2c(c1)Cc1ccccc1-2
L-740093,Cc1cccc(NC(=O)N[C@@H]2N=C(N3CC4CCC(CC4)C3)c3ccccc3N(C)C2=O)c1
TRICHLORMETHIAZIDE,NS(=O)(=O)c1cc2c(cc1Cl)NC(C(Cl)Cl)NS2(=O)=O
4-METHYLESCULETIN,Cc1cc(=O)oc2cc(O)c(O)cc12
NIFURTHIAZOLE,O=CNNc1nc(-c2ccc([N+](=O)[O-])o2)cs1
ORTHOTOLIDINE,Cc1cc(-c2ccc(N)c(C)c2)ccc1N
ACRIDINE ORANGE,CN(C)c1ccc2cc3ccc(N(C)C)cc3nc2c1
CHLORTHALIDONE,NS(=O)(=O)c1cc(C2(O)NC(=O)c3ccccc32)ccc1Cl
2-AMINOANTHRACENE,Nc1ccc2cc3ccccc3cc2c1
ZOLANTIDINE,c1cc(CN2CCCCC2)cc(OCCCNc2nc3ccccc3s2)c1
4-OH-ENCLOMIPHENE,CCN(CC)CCOc1ccc(/C(=C(/Cl)c2ccccc2)c2ccc(O)cc2)cc1
"4,4'-METHYLENEDIANILINE",Nc1ccc(Cc2ccc(N)cc2)cc1
PYRIDOXAL PHOSPHATE ANHYDROUS,Cc1ncc(COP(=O)(O)O)c(C=O)c1O
CEPHALORIDINE,O=C(Cc1cccs1)N[C@@H]1C(=O)N2C(C(=O)[O-])=C(C[n+]3ccccc3)CS[C@H]12
INDOLE-3-ACETIC ACID,O=C(O)Cc1c[nH]c2ccccc12
BOHEMINE,CC(C)n1cnc2c(NCc3ccccc3)nc(NCCCO)nc21
FLUORESCEIN,O=C1OC2(c3ccc(O)cc3Oc3cc(O)ccc32)c2ccccc21
PYRIDOPYRIDAZINONE,O=c1c2cccnc2c(-c2cccc([N+](=O)[O-])c2)nn1Cc1ccncc1
ZARDAVERINE,COc1cc(-c2ccc(=O)[nH]n2)ccc1OC(F)F
PRIMAPERONE,O=C(CCCN1CCCCC1)c1ccc(F)cc1
CAMOSTAT MESILATE,CN(C)C(=O)COC(=O)Cc1ccc(OC(=O)c2ccc(NC(=N)N)cc2)cc1.CS(=O)(=O)O
THIAZOLIDINEDIONE,O=C1CSC(=O)N1
DESCHLOROBENZOYL INDOMETHACIN,COc1ccc2[nH]c(C)c(CC(=O)O)c2c1
KELATORPHAN,C[C@H](NC(=O)[C@@H](CC(=O)NO)Cc1ccccc1)C(=O)O
Geranyl gallate,CC(C)=CCC/C(C)=C/COC(=O)c1cc(O)c(O)c(O)c1
ENAZADREM,Cc1nc(NCCCCCCc2ccccc2)nc(C)c1O
TEPOXALIN,COc1ccc(-n2nc(CCC(=O)N(C)O)cc2-c2ccc(Cl)cc2)cc1
AGOSTEROL A,CC(=O)O[C@@H]1[C@@H]2[C@@H](OC(C)=O)C=C3[C@H]([C@H](O)C[C@]4(C)[C@@H]([C@H](C)[C@H](O)CCC(C)C)CC[C@@H]34)[C@@]2(C)CC[C@@H]1OC(C)=O
DIMETHYLROSOXACIN,CCn1cc(C(=O)O)c(=O)c2ccc(-c3cc(C)nc(C)c3)cc21
ESTER OF PHOSPHOLIPID,CCCCCCCCCCP(=O)(O)OC(COCCCCCCCCCC(=O)OC)COP(=O)([O-])OCC[N+](C)(C)C
RADICICOL,C[C@@H]1C[C@H]2O[C@@H]2/C=C\C=C\C(=O)Cc2c(Cl)c(O)cc(O)c2C(=O)O1
LINETASTINE,CCOC(=O)Oc1ccc(/C=C/C=C/C(=O)NCCN2CCC(OC(c3ccccc3)c3ccccc3)CC2)cc1OC
LENPERONE,O=C(CCCN1CCC(C(=O)c2ccc(F)cc2)CC1)c1ccc(F)cc1
PREGABALIN,CC(C)C[C@H](CN)CC(=O)O
"SODIUM PHOSPHATE, DIBASIC, ANHYDROUS",O=P([O-])([O-])O.[Na+].[Na+]
TREFENTANIL,CCC(=O)N(c1ccccc1F)C1(c2ccccc2)CCN(CCn2nnn(CC)c2=O)CC1
RUTAECARPINE,O=c1c2ccccc2nc2n1CCc1c-2[nH]c2ccccc12
PROTHEOBROMINE,CC(O)Cn1c(=O)c2c(ncn2C)n(C)c1=O
DEHYDROEVODIAMINE,C[n+]1c2n(c(=O)c3ccccc31)CCc1c-2[nH]c2ccccc12
NAPHTHYLCOMBRETASTATIN,COc1cc(/C=C\c2ccc3ccccc3c2)cc(OC)c1OC
LOMIFYLLINE,CC(=O)CCCCn1cnc2c1c(=O)n(C)c(=O)n2C
GLITAZONE,O=C1NC(=O)C(Cc2ccc(O)cc2)S1
CIS-RESVERATROL,Oc1ccc(/C=C\c2cc(O)cc(O)c2)cc1
CHRYSENE,c1ccc2c(c1)ccc1c3ccccc3ccc21
ANDROSTERONE,C[C@]12CC[C@@H](O)C[C@@H]1CC[C@@H]1[C@@H]2CC[C@]2(C)C(=O)CC[C@@H]12
SUCCINOBUCOL,CC(C)(Sc1cc(C(C)(C)C)c(O)c(C(C)(C)C)c1)Sc1cc(C(C)(C)C)c(OC(=O)CCC(=O)O)c(C(C)(C)C)c1
LOSOXANTRONE,O=C1c2c(O)cccc2-c2nn(CCNCCO)c3ccc(NCCNCCO)c1c23
4-AMINO-3- (5-CHLOROTHIEN-2-YL)BUTANOIC ACID,NCC(CC(=O)O)c1ccc(Cl)s1
PHENIBUT,NCC(CC(=O)O)c1ccccc1
PTEROSTILBENE,COc1cc(/C=C/c2ccc(O)cc2)cc(OC)c1
COUMARIN-3-CARBOXYLIC ACID,O=C(O)c1cc2ccccc2oc1=O
CALEBI A,COc1cc(/C=C/C(=O)COC(=O)/C=C/c2ccc(O)c(OC)c2)ccc1O
ETIOCHOLANOLONE,C[C@]12CC[C@@H](O)C[C@H]1CC[C@@H]1[C@@H]2CC[C@]2(C)C(=O)CC[C@@H]12
UNDECYLPRODIGININE,CCCCCCCCCCCC1=N/C(=C\c2[nH]c(-c3ccc[nH]3)cc2OC)C=C1
ANDROSTANEDIOL,C[C@]12CC[C@H](O)C[C@@H]1CC[C@@H]1[C@@H]2CC[C@]2(C)[C@@H](O)CC[C@@H]12
METHANESULFONIC ACID METHYL ESTER,COS(C)(=O)=O
HYDROXYPROGESTERONE,CC(=O)[C@@]1(O)CC[C@H]2[C@@H]3CCC4=CC(=O)CC[C@]4(C)[C@H]3CC[C@@]21C
TRACAZOLATE,CCCCNc1c(C(=O)OCC)c(C)nc2c1cnn2CC
DEMECOLCINE,CN[C@H]1CCc2cc(OC)c(OC)c(OC)c2-c2ccc(OC)c(=O)cc21
DEACETYLCOLCHICINE,COc1cc2c(c(OC)c1OC)-c1ccc(OC)c(=O)cc1[C@@H](N)CC2
CHROMOCARB,O=C(O)c1cc(=O)c2ccccc2o1
(R)-LOVIRIDE,CC(=O)c1ccc(C)cc1N[C@@H](C(N)=O)c1c(Br)cccc1Br
SIMVASTATIN,CCC(C)(C)C(=O)O[C@H]1C[C@@H](C)C=C2C=C[C@H](C)[C@H](CC[C@@H]3C[C@@H](O)CC(=O)O3)[C@H]21
RITODRINE,CC(NCCc1ccc(O)cc1)C(O)c1ccc(O)cc1
METHYSERGIDE,CC[C@@H](CO)NC(=O)[C@@H]1C=C2c3cccc4c3c(cn4C)C[C@H]2N(C)C1
"(R,R)-TRAMADOL",COc1cccc([C@@]2(O)CCCC[C@@H]2CN(C)C)c1
BEVANTOLOL,COc1ccc(CCNCC(O)COc2cccc(C)c2)cc1OC
DEOXYMANNOJIRIMYCIN,OC[C@H]1NC[C@@H](O)[C@@H](O)[C@@H]1O
GABEXATE,CCOC(=O)c1ccc(OC(=O)CCCCCNC(=N)N)cc1
BQ-123,CC(C)C[C@@H]1NC(=O)[C@@H](C(C)C)NC(=O)[C@@H]2CCCN2C(=O)[C@@H](CC(=O)O)NC(=O)[C@@H](Cc2c[nH]c3ccccc23)NC1=O
DEOXYFUCONOJIRIMYCIN,C[C@@H]1NC[C@@H](O)[C@H](O)[C@@H]1O
DIPRAFENONE,CCC(C)(C)NCC(O)COc1ccccc1C(=O)CCc1ccccc1
LICARBAZEPINE,NC(=O)N1c2ccccc2CC(O)c2ccccc21
OXCARBAZEPINE,NC(=O)N1c2ccccc2CC(=O)c2ccccc21
VALSARTAN,CCCCC(=O)N(Cc1ccc(-c2ccccc2-c2nnn[nH]2)cc1)[C@H](C(=O)O)C(C)C
ENCAINIDE,COc1ccc(C(=O)Nc2ccccc2CCC2CCCCN2C)cc1
ETILEFRINE,CCNCC(O)c1cccc(O)c1
MOCLOBEMIDE,O=C(NCCN1CCOCC1)c1ccc(Cl)cc1
SALICYLANILIDE,O=C(Nc1ccccc1)c1ccccc1O
BENZOVESAMICOL,O[C@@H]1Cc2ccccc2C[C@H]1N1CCC(c2ccccc2)CC1
MEDIFOXAMINE,CN(C)CC(Oc1ccccc1)Oc1ccccc1
NEOTETRAZOLIUM CHLORIDE,[Cl-].[Cl-].c1ccc(-c2nn(-c3ccccc3)[n+](-c3ccc(-c4ccc(-[n+]5nc(-c6ccccc6)nn5-c5ccccc5)cc4)cc3)n2)cc1
NABUMETONE,COc1ccc2cc(CCC(C)=O)ccc2c1
LORCAINIDE,CC(C)N1CCC(N(C(=O)Cc2ccccc2)c2ccc(Cl)cc2)CC1
OXAPROZIN,O=C(O)CCc1nc(-c2ccccc2)c(-c2ccccc2)o1
MABUTEROL,CC(C)(C)NCC(O)c1cc(Cl)c(N)c(C(F)(F)F)c1
FORASARTAN,CCCCc1nc(CCCC)n(Cc2ccc(-c3ccccc3-c3nnn[nH]3)nc2)n1
MEPTAZINOL,CCC1(c2cccc(O)c2)CCCCN(C)C1
PROCYCLIDINE,OC(CCN1CCCC1)(c1ccccc1)C1CCCCC1
IODOQUINOL,Oc1c(I)cc(I)c2cccnc12
EPANOLOL,N#Cc1ccccc1OCC(O)CNCCNC(=O)Cc1ccc(O)cc1
BUMETANIDE,CCCCNc1cc(C(=O)O)cc(S(N)(=O)=O)c1Oc1ccccc1
GLIPIZIDE,Cc1cnc(C(=O)NCCc2ccc(S(=O)(=O)NC(=O)NC3CCCCC3)cc2)cn1
LOFEPRAMINE,CN(CCCN1c2ccccc2CCc2ccccc21)CC(=O)c1ccc(Cl)cc1
"4,4-DIANTIPYRYLMETHANE MONOHYDRATE",Cc1c(Cc2c(C)n(C)n(-c3ccccc3)c2=O)c(=O)n(-c2ccccc2)n1C
AMINOQUINURIDE,Cc1cc(N)c2cc(NC(=O)Nc3ccc4nc(C)cc(N)c4c3)ccc2n1
FENFLURAMINE,CCNC(C)Cc1cccc(C(F)(F)F)c1
ENDOMORPHIN-1,NC(=O)[C@H](Cc1ccccc1)NC(=O)[C@H](Cc1c[nH]c2ccccc12)NC(=O)[C@@H]1CCCN1C(=O)[C@@H](N)Cc1ccc(O)cc1
CLOMETHIAZOLE,Cc1ncsc1CCCl
ESLICARBAZEPINE,NC(=O)N1c2ccccc2C[C@H](O)c2ccccc21
ITACONIC ANHYDRIDE,C=C1CC(=O)OC1=O
MORICIZINE,CCOC(=O)Nc1ccc2c(c1)N(C(=O)CCN1CCOCC1)c1ccccc1S2
CIFENLINE,c1ccc(C2(c3ccccc3)CC2C2=NCCN2)cc1
ESLICARBAZEPINE ACETATE,CC(=O)O[C@H]1Cc2ccccc2N(C(N)=O)c2ccccc21
TRIAZIQUONE,O=C1C=C(N2CC2)C(=O)C(N2CC2)=C1N1CC1
CARBOQUONE,COC(COC(N)=O)C1=C(N2CC2)C(=O)C(C)=C(N2CC2)C1=O
DESGLYMIDODRINE,COc1ccc(OC)c(C(O)CN)c1
DODECANOIC ANHYDRIDE,CCCCCCCCCCCC(=O)OC(=O)CCCCCCCCCCC
RIMITEROL,Oc1ccc(C(O)C2CCCCN2)cc1O
BROMFENAC,Nc1c(CC(=O)O)cccc1C(=O)c1ccc(Br)cc1
TIZANIDINE,Clc1ccc2nsnc2c1NC1=NCCN1
CARSATRIN,OC(CSc1ncnc2[nH]cnc12)CN1CCN(C(c2ccc(F)cc2)c2ccc(F)cc2)CC1
RITTEROSTATIN,C[C@@H]1C2(OC3C=C4C5CCC6Cc7nc8c(nc7C[C@]6(C)C5C[C@@H](O)[C@]4(C)C31O)CC1CCC3C4=CC5OC6(CCC(C)(C)O6)[C@@H](C)C5[C@@]4(C)[C@H](O)CC3[C@@]1(C)C8)O[C@](C)(CO)C[C@H]2O
14-EPI-7'-DEOXYRITTERAZINE B,C[C@H]1C2C(C[C@H]3C4CCC5Cc6nc7c(nc6C[C@]5(C)C4C[C@@H](O)[C@]23C)CC2CCC3C4=CC5O[C@]6(CC[C@](C)(O)CO6)[C@@H](C)C5(O)[C@@]4(C)[C@H](O)CC3[C@@]2(C)C7)OC12CCC(C)(C)O2
DIHYDROCEPHALOSTATIN 1,C[C@@H]1C2(OC3C=C4C5CCC6Cc7nc8c(nc7C[C@]6(C)C5C[C@@H](O)[C@]4(C)C31O)CC1CCC3C(CC(=O)[C@]45CO[C@@]6(OC(C)(C)C[C@H]6O)[C@@H](C)C4CCC35)[C@@]1(C)C8)O[C@](C)(CO)C[C@H]2O
DALCETRAPIB,CCC(CC)CC1(C(=O)Nc2ccccc2SC(=O)C(C)C)CCCCC1
MERIBENDAN,CC1CC(=O)NN=C1c1ccc2[nH]c(-c3cc[nH]n3)nc2c1
SIMENDAN,CC1CC(=O)NN=C1c1ccc(NN=C(C#N)C#N)cc1
SANFETRINEM,CO[C@H]1CCC[C@H]2C1=C(C(=O)O)N1C(=O)[C@H]([C@@H](C)O)[C@@H]21
ARENASTATIN A,COc1ccc(C[C@H]2NC(=O)/C=C/C[C@@H]([C@H](C)[C@H]3O[C@@H]3c3ccccc3)OC(=O)[C@H](CC(C)C)OC(=O)CCNC2=O)cc1
MELARSEN OXIDE,Nc1nc(N)nc(Nc2ccc([As]=O)cc2)n1
ZUCAPSAICIN,COc1cc(CNC(=O)CCCC/C=C\C(C)C)ccc1O
RELCOVAPTAN,COc1ccc(S(=O)(=O)N2c3ccc(Cl)cc3[C@](O)(c3ccccc3Cl)[C@@H]2C(=O)N2CCC[C@H]2C(N)=O)cc1OC
VIGABATRIN,C=CC(N)CCC(=O)O
AZACYCLOTRIDECANE,C1CCCCCCNCCCCC1
2-PHENYLQUINOLINE,c1ccc(-c2ccc3ccccc3n2)cc1
OCTADECANOIC ACID AMIDE,CCCCCCCCCCCCCCCCCC(N)=O
2-DESMETHYLCOLCHICIN,COc1cc2c(c(OC)c1O)-c1ccc(OC)c(=O)cc1[C@@H](NC(C)=O)CC2
SPECIOSINE,COc1cc2c(c(OC)c1OC)-c1ccc(OC)c(=O)cc1[C@@H](N(C)Cc1ccccc1O)CC2
3-DESMETHYLCOLCHICIN,COc1c(O)cc2c(c1OC)-c1ccc(OC)c(=O)cc1[C@@H](NC(C)=O)CC2
TETRADECANAMIDE,CCCCCCCCCCCCCC(N)=O
INDAZOLE,c1ccc2[nH]ncc2c1
AMINOMETHYLAMIDE,NCC(N)=O
BENZOTRIAZOLE,c1ccc2[nH]nnc2c1
BENZOTHIOPHENE,c1ccc2sccc2c1
TALLIMUSTINE,Cn1cc(NC(=O)c2cc(NC(=O)c3cc(NC(=O)c4ccc(N(CCCl)CCCl)cc4)cn3C)cn2C)cc1C(=O)NCCC(=N)N
VINCRISTINE,CC[C@]1(O)C[C@H]2CN(CCc3c([nH]c4ccccc34)[C@@](C(=O)OC)(c3cc4c(cc3OC)N(C=O)[C@H]3[C@@](O)(C(=O)OC)[C@H](OC(C)=O)[C@]5(CC)C=CCN6CC[C@]43[C@@H]65)C2)C1
METHYLHONOKIOL,C=CCc1ccc(O)c(-c2ccc(OC)c(CC=C)c2)c1
4'-DEMETHYLDEOXYPODOPHYLLOTOXIN,COc1cc([C@@H]2c3cc4c(cc3C[C@H]3COC(=O)[C@@H]32)OCO4)cc(OC)c1O
ELAROFIBAN,O=C(O)C[C@H](NC(=O)[C@@H]1CCCN(C(=O)CCC2CCNCC2)C1)c1cccnc1
DIHYDROCOUMARIN,O=C1CCc2ccccc2O1
ISOVANILLIC ACID,COc1ccc(C(=O)O)cc1O
AMOXICILLIN,CC1(C)S[C@@H]2[C@H](NC(=O)[C@H](N)c3ccc(O)cc3)C(=O)N2[C@H]1C(=O)O
"PYRIDINE-2,5-DICARBOXYLIC ACID",O=C(O)c1ccc(C(=O)O)nc1
"1,8-NAPHTHALIC ANHYDRIDE",O=C1OC(=O)c2cccc3cccc1c23
TICOLUBANT,O=C(O)/C=C/c1nc(CSc2c(Cl)cccc2Cl)ccc1OCCc1ccccc1
MIXTURE OF DAUNORUBICIN AND PACLITAXEL,CC(=O)O[C@H]1C(=O)[C@@]2(C)C([C@H](OC(=O)c3ccccc3)[C@]3(O)C[C@H](OC(=O)[C@H](O)[C@@H](NC(=O)c4ccccc4)c4ccccc4)C(C)=C1C3(C)C)[C@]1(OC(C)=O)CO[C@@H]1C[C@@H]2O.COc1cccc2c1C(=O)c1c(O)c3c(c(O)c1C2=O)C[C@@](O)(C(C)=O)C[C@@H]3OC1CC(N)C(O)C(C)O1
SPLITOMICIN,O=C1CCc2c(ccc3ccccc23)O1
8-CHLOROTHEOPHYLLINE,Cn1c(=O)c2[nH]c(Cl)nc2n(C)c1=O
TERAMEPROCOL,COc1ccc(C[C@@H](C)[C@@H](C)Cc2ccc(OC)c(OC)c2)cc1OC
BISANTHRACYCLINE (WP631),COc1cccc2c1C(=O)c1c(O)c3c(c(O)c1C2=O)C[C@@](O)(C(C)=O)C[C@@H]3OC1CC(NCc2ccc(CNC3CC(O[C@H]4C[C@](O)(C(C)=O)Cc5c(O)c6c(c(O)c54)C(=O)c4c(OC)cccc4C6=O)OC(C)C3O)cc2)C(O)C(C)O1.Cl.Cl
PAMABROM,Cn1c(=O)c2[nH]c(Br)nc2n(C)c1=O
ETALOCIB,CCCc1c(OCCCOc2cc(O)c(-c3ccc(F)cc3)cc2CC)cccc1Oc1ccccc1C(=O)O
MIDAFOTEL,O=C(O)[C@H]1CN(C/C=C/P(=O)(O)O)CCN1
(S)-2-AMINOADIPIC ACID,N[C@@H](CCCC(=O)O)C(=O)O
ALNIDITAN,c1ccc2c(c1)CC[C@H](CNCCCNC1=NCCCN1)O2
N-OXALYLGLYCINE,O=C(O)CNC(=O)C(=O)O
MOXILUBANT,COc1cc(C(=O)N(C(C)C)C(C)C)ccc1OCCCCCOc1ccc(C(=N)N)cc1
COSTUNOLIDE,C=C1C(=O)O[C@@H]2/C=C(\C)CC/C=C(\C)CC[C@@H]12
SANTAMARIN,C=C1C(=O)O[C@@H]2[C@H]3C(C)=CC[C@@H](O)[C@]3(C)CC[C@@H]12
BETA-EUDESMOL,C=C1CCC[C@]2(C)CC[C@@H](C(C)(C)O)C[C@@H]12
DEHYDROCOSTUSLACTONE,C=C1CC[C@H]2C(=C)CC[C@H]3C(=C)C(=O)O[C@@H]3[C@@H]12
CURACIN A,C=CC[C@@H](CC/C(C)=C/C=C/CC/C=C\[C@@H]1CSC([C@@H]2C[C@@H]2C)=N1)OC
MASOPROCOL,C[C@H](Cc1ccc(O)c(O)c1)[C@@H](C)Cc1ccc(O)c(O)c1
AZUMOLENE SODIUM,O=C1CN(/N=C/c2ncc(-c3ccc(Br)cc3)o2)C(=O)[N-]1.[Na+]
VELIFLAPON,O=C(O)[C@@H](c1ccc(OCc2ccc3ccccc3n2)cc1)C1CCCC1
AZUMOLENE,O=C1CN(/N=C/c2ncc(-c3ccc(Br)cc3)o2)C(=O)N1
QUIFLAPON SODIUM,CC(C)(C)Sc1c(CC(C)(C)C(=O)[O-])n(Cc2ccc(Cl)cc2)c2ccc(OCc3ccc4ccccc4n3)cc12.[Na+]
FINGOLIMOD,CCCCCCCCc1ccc(CCC(N)(CO)CO)cc1
RUBOXISTAURIN,CN(C)C[C@@H]1CCn2cc(c3ccccc32)C2=C(C(=O)NC2=O)c2cn(c3ccccc23)CCO1
NITRAQUAZONE,CCn1c(=O)c2ccccc2n(-c2cccc([N+](=O)[O-])c2)c1=O
MADINDOLINE A,CCCCC1=C(C)C(=O)[C@](C)(CN2c3ccccc3[C@]3(O)CCOC23)C1=O
TERPYRIDINE,c1ccc(-c2cccc(-c3ccccn3)n2)nc1
APTIGANEL,CCc1cccc(N(C)C(=N)Nc2cccc3ccccc23)c1
JORO SPIDER TOXIN 3,NCCCNCCCCNCCC(=O)NCCCCCNC(=O)[C@H](CC(N)=O)NC(=O)Cc1ccc(O)cc1O
THERMINE,NCCCNCCCNCCCN
ALDICARB,CNC(=O)O/N=C/C(C)(C)SC
TETRAMETHYLLUTEOLIN,COc1cc(OC)c2c(=O)cc(-c3ccc(OC)c(OC)c3)oc2c1
DIOSMETIN,COc1ccc(-c2cc(=O)c3c(O)cc(O)cc3o2)cc1O
CDC-801,COc1ccc(C(CC(N)=O)N2C(=O)c3ccccc3C2=O)cc1OC1CCCC1
AVERMECTIN MS,CCC(C)[C@H]1O[C@]2(C=C[C@@H]1C)C[C@@H]1C[C@@H](C/C=C(\C)[C@@H](O[C@H]3C[C@H](OC)[C@@H](O)[C@H](C)O3)[C@@H](C)/C=C/C=C3\CO[C@@H]4[C@H](O)C(C)=C[C@@H](C(=O)O1)[C@]34O)O2
PILOSININE,Cn1cncc1C[C@H]1COC(=O)C1
HYDNOCARPIN,COc1cc([C@H]2Oc3cc(-c4cc(=O)c5c(O)cc(O)cc5o4)ccc3O[C@@H]2CO)ccc1O
5-HYDROXY ROFECOXIB,CS(=O)(=O)c1ccc(C2=C(c3ccccc3)C(=O)OC2O)cc1
METHAMILANE,CC1OCC(CN(C)C)O1
"RS-102,221",COc1cc(OC)c(C(=O)CCCCN2CCC3(CC2)NC(=O)NC3=O)cc1NS(=O)(=O)c1ccc(C(F)(F)F)cc1
PIROLATE,CCOC(=O)c1nc(=O)c2cc3cc(OC)c(OC)cc3nc2[nH]1
2-THIOPHENENECARBOXALDEHYDE,O=Cc1cccs1
OXADIAZOLE,Nc1noc(C2CN3CCC2C3)n1
ALPHA-TERTHIENYL,c1csc(-c2ccc(-c3cccs3)s2)c1
THIOACETATE ESTER,CC(=O)SCCO/N=[N+](\[O-])N(C)C
"3',4'-DIMETHOXYFLAVONE",COc1ccc(-c2cc(=O)c3ccccc3o2)cc1OC
9-METHOXYSTROBILURIN A,CO/C=C(C(=O)OC)\C(C)=C(/C=C/c1ccccc1)OC
SODIUM ETHYL ETHOXYCARBONYLPHOSPHONATE,CCOC(=O)P(=O)([O-])OCC.[Na+]
SODIUM BUTYL METHOXYCARBONYLPHOSPHONATE,CCCCOP(=O)([O-])C(=O)OC.[Na+]
CYCLOHEXYL DIMETHOXYPHOSPHINECARBOXYLATE OXIDE,COP(=O)(OC)C(=O)OC1CCCCC1
ISOPROPYL DIMETHOXYPHOSPHINECARBOXYLATE OXIDE,COP(=O)(OC)C(=O)OC(C)C
BENZYL DIMETHOXYPHOSPHINECARBOXYLATE OXIDE,COP(=O)(OC)C(=O)OCc1ccccc1
PHENYL DIMETHOXYPHOSPHINECARBOXYLATE OXIDE,COP(=O)(OC)C(=O)Oc1ccccc1
SODIUM PHENYL PHENOXYCARBONYLPHOSPHONATE,O=C(Oc1ccccc1)P(=O)([O-])Oc1ccccc1.[Na+]
BUTYL DIMETHOXYPHOSPHINECARBOXYLATE OXIDE,CCCCOC(=O)P(=O)(OC)OC
CYCLOPENTYLMETHYL DIMETHOXYPHOSPHINECARBOXYLATE OXIDE,COP(=O)(OC)C(=O)OCC1CCCC1
AFLATREME,C=CC(C)(C)c1cccc2[nH]c3c(c12)C[C@@H]1CC[C@@]2(O)C4=CC(=O)[C@@H]5O[C@@]4(CC[C@]2(C)[C@@]31C)OC5(C)C
DISODIUM BUTOXYCARBONYLPHOSPHONATE,CCCCOC(=O)P(=O)([O-])[O-].[Na+].[Na+]
SODIUM PHENYL ETHOXYCARBONYLPHOSPHONATE,CCOC(=O)P(=O)([O-])Oc1ccccc1.[Na+]
RS-9-Aminocamptothecin,CCC1(O)C(=O)OCc2c1cc1n(c2=O)Cc2cc3c(N)cccc3nc2-1
DISODIUM PHENOXYCARBONYLPHOSPHONATE,O=C(Oc1ccccc1)P(=O)([O-])[O-].[Na+].[Na+]
DISODIUM (CYCLOPENTYLMETHOXY)CARBONYLPHOSPHONATE,O=C(OCC1CCCC1)P(=O)([O-])[O-].[Na+].[Na+]
DISODIUM (CYCLOHEXYLOXY)CARBONYLPHOSPHONATE,O=C(OC1CCCCC1)P(=O)([O-])[O-].[Na+].[Na+]
DISODIUM (BENZYLOXY)CARBONYLPHOSPHONATE,O=C(OCc1ccccc1)P(=O)([O-])[O-].[Na+].[Na+]
PHENYL DIPHENOXYPHOSPHINECARBOXYLATE OXIDE,O=C(Oc1ccccc1)P(=O)(Oc1ccccc1)Oc1ccccc1
SODIUM METHYL PHENOXYCARBONYLPHOSPHONATE,COP(=O)([O-])C(=O)Oc1ccccc1.[Na+]
SODIUM METHYL (BENZYLOXY)CARBONYLPHOSPHONATE,COP(=O)([O-])C(=O)OCc1ccccc1.[Na+]
METHYL DIBUTOXYPHOSPHINECARBOXYLATE OXIDE,CCCCOP(=O)(OCCCC)C(=O)OC
METHYL DIISOPROPOXYPHOSPHINECARBOXYLATE OXIDE,COC(=O)P(=O)(OC(C)C)OC(C)C
BENZOPHENONE,O=C(c1ccccc1)c1ccccc1
RUPATADINE,Cc1cncc(CN2CCC(=C3c4ccc(Cl)cc4CCc4cccnc43)CC2)c1
DISODIUM ISOPROPOXYCARBONYLPHOSPHONATE,CC(C)OC(=O)P(=O)([O-])[O-].[Na+].[Na+]
DISODIUM METHOXY(OXIDO)PHOSPHINECARBOXYLATE OXIDE,COP(=O)([O-])C(=O)[O-].[Na+].[Na+]
ACETOPHENAZINE,CC(=O)c1ccc2c(c1)N(CCCN1CCN(CCO)CC1)c1ccccc1S2
GLYFOLINE,COc1c(OC)c(OC)c2c(c1O)c(=O)c1ccc(O)c(OC)c1n2C
VANCOMYCIN MIMIC,CCCOc1c2cccc1Cc1cc3cc(c1OCCC)Cc1cccc(c1OCCC)Cc1cc(cc(c1OCCC)C2)C(=O)N[C@@H](C)C(=O)N[C@@H](C)C(=O)NCCNCCNC(=O)[C@H](C)NC(=O)[C@@H](C)NC3=O
DIBUCAINE,CCCCOc1cc(C(=O)NCCN(CC)CC)c2ccccc2n1
TUSOFLOXACINE,NC1CCN(c2nc3c(cc2F)c(=O)c(C(=O)O)cn3-c2ccccc2F)C1
MEPIVACAINE,Cc1cccc(C)c1NC(=O)C1CCCCN1C
DISODIUM ETHOXY(OXIDO)PHOSPHINECARBOXYLATE OXIDE,CCOP(=O)([O-])C(=O)[O-].[Na+].[Na+]
MESORIDAZINE,CN1CCCCC1CCN1c2ccccc2Sc2ccc([S+](C)[O-])cc21
PHENELZINE,NNCCc1ccccc1
DISODIUM OXIDO(PHENOXY)PHOSPHINECARBOXYLATE OXIDE,O=C([O-])P(=O)([O-])Oc1ccccc1.[Na+].[Na+]
"2,4-DIHYDROXYBENZOIC ACID",O=C(O)c1ccc(O)cc1O
HOMOHISTAMINE,NCCCc1c[nH]cn1
DISODIUM ETHOXYCARBONYLPHOSPHONATE,CCOC(=O)P(=O)([O-])[O-].[Na+].[Na+]
GLASPIMOD,NCCCC[C@H](NC(=O)[C@H](CCCC[C@H](NC(=O)[C@H](CC(=O)O)NC(=O)[C@H](CCC(=O)O)NC(=O)[C@@H]1CCC(=O)N1)C(=O)N[C@@H](CCCCN)C(=O)O)NC(=O)[C@H](CC(=O)O)NC(=O)[C@H](CCC(=O)O)NC(=O)[C@@H]1CCC(=O)N1)C(=O)O
AMINOMETHYLBENZOIC ACID,NCc1ccc(C(=O)O)cc1
VALYLTRYPTOPHAN,CC(C)[C@H](N)C(=O)N[C@@H](Cc1c[nH]c2ccccc12)C(=O)O
IMBUTAMINE,NCCCCc1c[nH]cn1
ETHACRIDINE,CCOc1ccc2nc3cc(N)ccc3c(N)c2c1
HYPOCRELLIN A,COc1c2c3c4c(c(OC)c(=O)c5c(O)cc(OC)c(c6c(OC)cc(O)c(c1=O)c63)c54)[C@@H](C(C)=O)[C@@](C)(O)C2
SOMATOSTATIN RECEPTOR LIGAND,C[C@H](N)C(=O)NCC(=O)N[C@@H]1CSSC[C@@H](C(=O)O)NC(=O)[C@H](CO)NC(=O)[C@@H]([C@@H](C)O)NC(=O)[C@H](Cc2ccccc2)NC(=O)[C@@H]([C@@H](C)O)NC(=O)[C@H](CCCCN)NC(=O)[C@H](Cc2c[nH]c3ccccc23)NC(=O)[C@H](Cc2ccccc2)NC(=O)[C@@H](Cc2ccccc2)NC(=O)[C@H](CC(N)=O)NC(=O)[C@@H](CCCCN)NC1=O
VIDARABINE,Nc1ncnc2c1ncn2[C@@H]1O[C@H](CO)[C@@H](O)[C@@H]1O
CIZOLIRTINE,CN(C)CCOC(c1ccccc1)c1ccnn1C
PRASTERONE,C[C@]12CC[C@H](O)CC1=CC[C@@H]1[C@@H]2CC[C@]2(C)C(=O)CC[C@@H]12
NETOGLITAZONE,O=C1NC(=O)C(Cc2ccc3cc(OCc4ccccc4F)ccc3c2)S1
CALANOLIDE E2,CCCC1CC(=O)Oc2c(C(=O)C(C)C(C)O)c(O)c3c(c21)OC(C)(C)C=C3
APLYRONINE A,COCC(C(=O)O[C@@H]1C/C=C/C=C/C(=O)O[C@H]([C@@H](C)[C@@H](O)[C@@H](C)CC[C@@H](OC(=O)C(C)N(C)C)[C@H](C)[C@H](OC(C)=O)[C@H](C)/C=C/N(C)C=O)C/C=C/[C@H](OC)C[C@H](C)C/C=C(\C)[C@@H](OC)CC[C@@H](C)[C@@H](O)[C@@H]1C)N(C)C
APLYRONINE C,CO[C@H]1CC[C@@H](C)[C@@H](O)[C@H](C)[C@H](O)C/C=C/C=C/C(=O)O[C@H]([C@@H](C)[C@@H](O)[C@@H](C)CC[C@@H](OC(=O)C(C)N(C)C)[C@H](C)[C@H](OC(C)=O)[C@H](C)/C=C/N(C)C=O)C/C=C/[C@H](OC)C[C@H](C)C/C=C/1C
ANDROISOXAZOLE,CC12Cc3conc3CC1CCC1C2CCC2(C)C1CC[C@]2(C)O
HYDROXYPREGNENOLONE,CC(=O)[C@@]1(O)CC[C@H]2[C@@H]3CC[C@@H]4C[C@H](O)CC[C@]4(C)[C@H]3CC[C@@]21C
ACETIAMINE,CC(=O)OCC/C(SC(C)=O)=C(/C)N(C=O)Cc1cnc(C)nc1N
ACETAMIDOEUGENOL,C=CCc1ccc(OCC(=O)N(CC)CC)c(OC)c1
DYNORPHIN A (1-11),CC[C@H](C)[C@H](NC(=O)[C@H](CCCNC(=N)N)NC(=O)[C@H](CCCNC(=N)N)NC(=O)[C@H](CC(C)C)NC(=O)[C@H](Cc1ccccc1)NC(=O)CNC(=O)CNC(=O)[C@@H](N)Cc1ccc(O)cc1)C(=O)N[C@@H](CCCNC(=N)N)C(=O)N1CCC[C@H]1C(=O)N[C@@H](CCCCN)C(=O)O
KYNURENIN,COc1ccc(N)c(C(=O)CC(NC(C)=O)C(=O)O)c1
ALLOMETHADIONE,C=CCN1C(=O)OC(C)C1=O
HYDROCORTISONE ACETATE,CC(=O)OCC(=O)[C@@]1(O)CC[C@H]2[C@@H]3CCC4=CC(=O)CC[C@]4(C)[C@H]3[C@@H](O)C[C@@]21C
GAMMA-AMINO-BETA-HYDROXYBUTYRIC ACID,NCC(O)CC(=O)O
CHLORCYCLOGUANIL,CC1(C)N=C(N)N=C(N)N1c1ccc(Cl)c(Cl)c1
HYDROXYPHENSTATIN,COc1ccc(C(=O)c2cc(OC)c(OC)c(OC)c2)c(O)c1O
TRIHEXYPHENIDYL HYDROCHLORIDE,Cl.OC(CCN1CCCCC1)(c1ccccc1)C1CCCCC1
NIDROXYZONE,NC(=O)N(CCO)/N=C/c1ccc([N+](=O)[O-])o1
ARTICAINE,CCCNC(C)C(=O)Nc1c(C)csc1C(=O)OC
AROTINOLOL,CC(C)(C)NCC(O)CSc1nc(-c2ccc(C(N)=O)s2)cs1
ARISTOLOCHIC ACID,COc1cccc2c1cc([N+](=O)[O-])c1c(C(=O)O)cc3c(c12)OCO3
FLUORESONE,CCS(=O)(=O)c1ccc(F)cc1
FELBAMATE,NC(=O)OCC(COC(N)=O)c1ccccc1
ETHOTOIN,CCN1C(=O)NC(c2ccccc2)C1=O
PHETHARBITAL,CCC1(CC)C(=O)NC(=O)N(c2ccccc2)C1=O
PITTSBURGH COMPOUND B UNLABELLED,CNc1ccc(-c2nc3ccc(O)cc3s2)cc1
N-TERT-BUTYL-AMODIAQUINE,CC(C)(C)NCc1cc(Nc2ccnc3cc(Cl)ccc23)ccc1O
ABIKOVIROMYCIN,C/C=C1\C=CC2=NCC[C@H]3OC213
AMOLANONE,CCN(CC)CCC1(c2ccccc2)C(=O)Oc2ccccc21
AMLEXANOX,CC(C)c1ccc2oc3nc(N)c(C(=O)O)cc3c(=O)c2c1
ACECAINIDE,CCN(CC)CCNC(=O)c1ccc(NC(C)=O)cc1
ACECLOFENAC,O=C(O)COC(=O)Cc1ccccc1Nc1c(Cl)cccc1Cl
AMOSCANATE,O=[N+]([O-])c1ccc(Nc2ccc(N=C=S)cc2)cc1
APLYRONINE B,COCC(C(=O)O[C@H]1[C@H](C)[C@H](O)C/C=C/C=C/C(=O)O[C@H]([C@@H](C)[C@@H](O)[C@@H](C)CC[C@@H](OC(=O)C(C)N(C)C)[C@H](C)[C@H](OC(C)=O)[C@H](C)/C=C/N(C)C=O)C/C=C/[C@H](OC)C[C@H](C)C/C=C(\C)[C@@H](OC)CC[C@H]1C)N(C)C
ACETAMINOSALOL,CC(=O)Nc1ccc(OC(=O)c2ccccc2O)cc1
AMPHOTALIDE,Nc1ccc(OCCCCCN2C(=O)c3ccccc3C2=O)cc1
ADRAFINIL,O=C(C[S+]([O-])C(c1ccccc1)c1ccccc1)NO
LOTRIFEN,Clc1ccc(-c2nc3c4ccccc4ccn3n2)cc1
CYCLOPENTAMINE,CNC(C)CC1CCCC1
ACETYLPHENETURIDE,CCC(C(=O)NC(=O)NC(C)=O)c1ccccc1
IPROCLOZIDE,CC(C)NNC(=O)COc1ccc(Cl)cc1
VALPROMIDE,CCCC(CCC)C(N)=O
ALCLOFENAC,C=CCOc1ccc(CC(=O)O)cc1Cl
ALAZOPEPTIN,C=CCNC(CCC(=O)C=[N+]=[N-])C(=O)NC(CCC(=O)C=[N+]=[N-])C(=O)O
IPRONIAZID,CC(C)NNC(=O)c1ccncc1
LIDOFLAZINE,Cc1cccc(C)c1NC(=O)CN1CCN(CCCC(c2ccc(F)cc2)c2ccc(F)cc2)CC1
ALBUTOIN,C=CCN1C(=O)C(CC(C)C)NC1=S
NIMIDANE,Cc1cc(Cl)ccc1N=C1SCS1
HEPTENOPHOS,COP(=O)(OC)OC1=C(Cl)C2C=CCC12
ETHADIONE,CCN1C(=O)OC(C)(C)C1=O
SUCLOFENIDE,NS(=O)(=O)c1ccc(N2C(=O)CC(c3ccccc3)C2=O)c(Cl)c1
HEXAMETHYLOLMELAMINE,OCNc1nc(NCO)nc(NCO)n1
BUPIVACAINE,CCCCN1CCCCC1C(=O)Nc1c(C)cccc1C
BENOMYL,CCCCNC(=O)n1c(NC(=O)OC)nc2ccccc21
CINROMIDE,CCNC(=O)/C=C/c1cccc(Br)c1
ETEROBARB,CCC1(c2ccccc2)C(=O)N(COC)C(=O)N(COC)C1=O
DIMETHADIONE,CC1(C)OC(=O)NC1=O
METHETOIN,CCC1(c2ccccc2)C(=O)NC(=O)N1C
SODIUM NITRITE,O=N[O-].[Na+]
PARAMETHADIONE,CCC1(C)OC(=O)N(C)C1=O
AMINOPENTAMIDE SULFATE,CC(CC(C(N)=O)(c1ccccc1)c1ccccc1)N(C)C
NARCOBARBITAL,C=C(Br)CC1(C(C)C)C(=O)NC(=O)N(C)C1=O
CYCLOHEPTANONE OXIME,ON=C1CCCCCC1
BIPERIDEN,OC(CCN1CCCCC1)(c1ccccc1)C1CC2C=CC1C2
DECIMEMIDE,CCCCCCCCCCOc1c(OC)cc(C(N)=O)cc1OC
N-HYDROXYMETHYLNICOTINAMIDE,O=C(NCO)c1cccnc1
CRYPTOLEPTINE IODIDE,C[n+]1c2ccccc2cc2[nH]c3ccccc3c21.[I-]
HYGRINE,CC(=O)CC1CCCN1C
GLYBUTHIAZOL,CC(C)(C)c1nnc(NS(=O)(=O)c2ccc(N)cc2)s1
TETRANTOIN,O=C1NC(=O)C2(CCc3ccccc3C2)N1
SULTHIAME,NS(=O)(=O)c1ccc(N2CCCCS2(=O)=O)cc1
L-LACTIC ACID,C[C@H](O)C(=O)O
GLUTETHIMIDE,CCC1(c2ccccc2)CCC(=O)NC1=O
FURAZOLIDONE,O=C1OCCN1/N=C/c1ccc([N+](=O)[O-])o1
FLUACIZINE,CCN(CC)CCC(=O)N1c2ccccc2Sc2ccc(C(F)(F)F)cc21
IMPROSULFAN,CS(=O)(=O)OCCCNCCCOS(C)(=O)=O
DIETHADIONE,CCC1(CC)COC(=O)NC1=O
EDROPHONIUM,CC[N+](C)(C)c1cccc(O)c1
ADINAZOLAM,CN(C)Cc1nnc2n1-c1ccc(Cl)cc1C(c1ccccc1)=NC2
DOXENITOIN,O=C1NCNC1(c1ccccc1)c1ccccc1
6-METHOXY-2-NAPHTHYLACETIC ACID,COc1ccc2cc(CC(=O)O)ccc2c1
K-777,CN1CCN(C(=O)N[C@@H](Cc2ccccc2)C(=O)N[C@H](/C=C/S(=O)(=O)c2ccccc2)CCc2ccccc2)CC1
KOPSIDINE B,CCO[C@H]1C[C@@H]2O[C@@H]3[C@]14CC[C@@]1(N(C(=O)OC)c5c(OC)cccc5[C@@]15CCN2[C@@H]45)[C@]3(O)C(=O)OC
KOPSIFLORINE,COC(=O)N1c2ccccc2[C@@]23CCN4CCCC5(CCC12[C@](O)(C(=O)OC)C5)[C@H]43
CRYPTOLEPINE HYDROCHLORIDE,C[n+]1c2ccccc2cc2[n-]c3ccccc3c21.Cl
PLEIOCARPINE,COC(=O)[C@@H]1CC23CCCN4CC[C@@]5(c6ccccc6N(C(=O)OC)C15CC2)[C@@H]43
FELBINAC,O=C(O)Cc1ccc(-c2ccccc2)cc1
D-allothreonine,C[C@@H](O)[C@@H](N)C(=O)O
THAPSIGARGIN,C/C=C(/C)C(=O)O[C@H]1C(C)=C2[C@H]([C@@H]1OC(=O)CCCCCCC)[C@@](C)(OC(C)=O)C[C@H](OC(=O)CCC)[C@@]1(O)[C@H]2OC(=O)[C@@]1(C)O
PAUCIFLORINE A,COC(=O)N1c2c(ccc3c2OCO3)[C@@]23CC(=O)N(CCCC4=CC[C@]12[C@](O)(C(=O)OC)C4)C3=O
FRUTICOSAMINE,COC(=O)N1c2ccccc2[C@@]23[C@@H]4CN5CCC[C@]6(CC[C@]12[C@@H](O)[C@@H]6C4=O)[C@H]53
DIHYDROKOPSINGINE,COC(=O)N1c2c(OC)cccc2[C@@]23CCN4CCC[C@]5(CC[C@]12[C@](O)(C(=O)OC)[C@@H]5O)[C@H]43
DESBROMOARBORESCIDINE A,c1ccc2c3c([nH]c2c1)[C@@H]1CCCCN1CC3
DANUPHYLLINE,COC(=O)N1c2c(ccc3c2OCO3)[C@]23CC(=O)C[C@@]4(CCCN(C=O)[C@@H]42)CCC13C(=O)OC
KOPSINGANOL,COC(=O)N1c2c(OC)cccc2[C@@]23CCN4CC[C@H](O)[C@]5(CC[C@]12[C@](O)(C(=O)OC)[C@@H]5O)[C@H]43
KOPSILONGINE,COC(=O)N1c2c(OC)cccc2[C@@]23CCN4CCCC5(CCC12[C@](O)(C(=O)OC)C5)[C@H]43
KOPSAMINE,COC(=O)N1c2c(ccc3c2OCO3)[C@@]23CCN4CCCC5(CCC12[C@](O)(C(=O)OC)C5)[C@H]43
LAHADININE A,COC(=O)N1c2c(ccc3c2OCO3)[C@@]23CCN4CCCC5(CCC12[C@](O)(C(=O)OC)C5)[C@]43C#N
KOPSININE,COC(=O)[C@@H]1CC23CCCN4CC[C@@]5(c6ccccc6NC15CC2)[C@@H]43
EPINASTINE,NC1=NCC2c3ccccc3Cc3ccccc3N12
CALPEPTIN,CCCC[C@@H](C=O)NC(=O)[C@H](CC(C)C)NC(=O)OCc1ccccc1
HALOFANTRINE,CCCCN(CCCC)CCC(O)c1cc2c(Cl)cc(Cl)cc2c2cc(C(F)(F)F)ccc12
DROPERIDOL,O=C(CCCN1CC=C(n2c(=O)[nH]c3ccccc32)CC1)c1ccc(F)cc1
MIZOLASTINE,CN(c1nccc(=O)[nH]1)C1CCN(c2nc3ccccc3n2Cc2ccc(F)cc2)CC1
PHOSPHONOACETOHYDROXAMATE,O=C(CP(=O)(O)O)NO
EPOTHILONE A,C/C(=C\c1csc(C)n1)[C@@H]1C[C@@H]2O[C@@H]2CCC[C@H](C)[C@H](O)[C@@H](C)C(=O)C(C)(C)[C@@H](O)CC(=O)O1
PATUPILONE,C/C(=C\c1csc(C)n1)[C@@H]1C[C@@H]2O[C@]2(C)CCC[C@H](C)[C@H](O)[C@@H](C)C(=O)C(C)(C)[C@@H](O)CC(=O)O1
HAEMAPORPHYRIN,CC1=C(CCC(=O)O)c2cc3nc(cc4[nH]c(cc5[nH]c(cc1n2)c(C)c5C(C)O)c(C)c4C(C)O)C(C)=C3CCC(=O)O
EPOTHILONE D,C/C1=C/C[C@@H](/C(C)=C/c2csc(C)n2)OC(=O)C[C@H](O)C(C)(C)C(=O)[C@H](C)[C@@H](O)[C@@H](C)CCC1
TERIKALANT,COc1ccc(C2CCN(CC[C@H]3CCOc4ccccc43)CC2)cc1OC
NEU5AC2EN,CC(=O)N[C@H]1[C@H]([C@H](O)[C@H](O)CO)OC(C(=O)O)=C[C@@H]1O
XYLITOL,OC[C@@H](O)[C@H](O)[C@@H](O)CO
SUCCINIC ACID MONOBENZYL ESTER,O=C(O)CCC(=O)OCc1ccccc1
"6,7-O,O-DEMETHYLENEPODOPHYLLOTOXIN",COc1cc([C@@H]2c3cc(O)c(O)cc3[C@H](O)[C@H]3COC(=O)[C@H]23)cc(OC)c1OC
SULFAPHENAZOLE,Nc1ccc(S(=O)(=O)Nc2ccnn2-c2ccccc2)cc1
ALOSETRON,Cc1[nH]cnc1CN1CCc2c(c3ccccc3n2C)C1=O
BUFEXAMAC,CCCCOc1ccc(CC(=O)NO)cc1
TROVAFLOXACIN4,N[C@@H]1[C@H]2CN(c3nc4c(cc3F)c(=O)c(C(=O)O)cn4C3CC3)C[C@@H]12
PROGLUMIDE,CCCN(CCC)C(=O)C(CCC(=O)O)NC(=O)c1ccccc1
NITROANILIDE,O=[N+]([O-])Nc1ccccc1
FENHARMANE,c1ccc(CC2NCCc3c2[nH]c2ccccc32)cc1
ICOPEZIL MALEATE,O=C(O)/C=C\C(=O)O.O=C1Cc2cc3c(CCC4CCN(Cc5ccccc5)CC4)noc3cc2N1
FEMOXETINE,COc1ccc(OC[C@H]2CN(C)CC[C@@H]2c2ccccc2)cc1
AMBRISENTAN,COC(c1ccccc1)(c1ccccc1)[C@H](Oc1nc(C)cc(C)n1)C(=O)O
HEXANESULFONYL FLUORIDE,CCCCCCS(=O)(=O)F
HEXADECANESULFONYL FLUORIDE,CCCCCCCCCCCCCCCCS(=O)(=O)F
6-DIAZO-5-OXO-L-NORLEUCINE,[N-]=[N+]=CC(=O)CC[C@H](N)C(=O)O
PAPAVERINE HYDROCHLORIDE,COc1ccc(Cc2nccc3cc(OC)c(OC)cc23)cc1OC.Cl
ISOQUINOLINE CHLORIDE,Cl.c1ccc2cnccc2c1
TEBANICLINE,Clc1ccc(OC[C@H]2CCN2)cn1
METITEPINE,CSc1ccc2c(c1)C(N1CCN(C)CC1)Cc1ccccc1S2
HOMOEPIBATIDINE,Clc1ccc(C2CC3CCCC2N3)cn1
ARIPIPRAZOLE,O=C1CCc2ccc(OCCCCN3CCN(c4cccc(Cl)c4Cl)CC3)cc2N1
AMOXAPINE,Clc1ccc2c(c1)C(N1CCNCC1)=Nc1ccccc1O2
DISODIUM SALT DISUCCINATE DIESTER OF ASTAXANTHIN,CC1=C(/C=C/C(C)=C/C=C/C(C)=C/C=C/C=C(C)/C=C/C=C(C)/C=C/C2=C(C)C(=O)C(OC(=O)CCC(=O)[O-])CC2(C)C)C(C)(C)CC(OC(=O)CCC(=O)[O-])C1=O.[Na+].[Na+]
DODECANESULFONYL FLUORIDE,CCCCCCCCCCCCS(=O)(=O)F
(PROPYLAMINO)CARBONYLPHOSPHONIC ACID,CCCNC(=O)P(=O)(O)O
(ETHYLAMINO)CARBONYLPHOSPHONIC ACID,CCNC(=O)P(=O)(O)O
THEOBROMINE,Cn1cnc2c1c(=O)[nH]c(=O)n2C
BISPHENOL A,CC(C)(c1ccc(O)cc1)c1ccc(O)cc1
CONGO RED,Nc1c(/N=N/c2ccc(-c3ccc(/N=N/c4cc(S(=O)(=O)[O-])c5ccccc5c4N)cc3)cc2)cc(S(=O)(=O)[O-])c2ccccc12.[Na+].[Na+]
EQUILIN,C[C@]12CC[C@H]3C(=CCc4cc(O)ccc43)[C@@H]1CCC2=O
DISULERGINE,CN1C[C@@H](NS(=O)(=O)N(C)C)C[C@@H]2c3cccc4[nH]cc(c34)C[C@H]21
(CYCLOPENTYLAMINO)CARBONYLPHOSPHONIC ACID,O=C(NC1CCCC1)P(=O)(O)O
(CYCLOBUTYLAMINO)CARBONYLPHOSPHONIC ACID,O=C(NC1CCC1)P(=O)(O)O
(METHYLAMINO)CARBONYLPHOSPHONIC ACID,CNC(=O)P(=O)(O)O
SODIUM HYDROGEN (BUTYLAMINO)CARBONYLPHOSPHONATE,CCCCNC(=O)P(=O)([O-])O.[Na+]
(DIBUTYLAMINO)CARBONYLPHOSPHONIC ACID,CCCCN(CCCC)C(=O)P(=O)(O)O
(CYCLOOCTYLAMINO)CARBONYLPHOSPHONIC ACID,O=C(NC1CCCCCCC1)P(=O)(O)O
(ISOPROPYLAMINO)CARBONYLPHOSPHONIC ACID,CC(C)NC(=O)P(=O)(O)O
(CYCLOHEPTYLAMINO)CARBONYLPHOSPHONIC ACID,O=C(NC1CCCCCC1)P(=O)(O)O
CYCLOHEXYLMETHYLCARBAMOYLPHOSPHONIC ACID,O=C(NCC1CCCCC1)P(=O)(O)O
(CYCLOHEXYLAMINO)CARBONYLPHOSPHONIC ACID,O=C(NC1CCCCC1)P(=O)(O)O
(DIETHYLAMINO)CARBONYLPHOSPHONIC ACID,CCN(CC)C(=O)P(=O)(O)O
(CYCLOPROPYLAMINO)CARBONYLPHOSPHONIC ACID,O=C(NC1CC1)P(=O)(O)O
CAPURAMYCIN,CO[C@H]1[C@@H](O)[C@H](n2ccc(=O)[nH]c2=O)O[C@@H]1[C@@H](O[C@H]1OC(C(=O)N[C@H]2CCCCNC2=O)=C[C@H](O)[C@@H]1O)C(N)=O
DEHYDROIMIDACLOPRID,O=[N+]([O-])Nc1nccn1Cc1ccc(Cl)nc1
LY-294002,O=c1cc(N2CCOCC2)oc2c(-c3ccccc3)cccc12
NICARBAZIN,Cc1cc(C)nc(O)n1.O=C(Nc1ccc([N+](=O)[O-])cc1)Nc1ccc([N+](=O)[O-])cc1
PYRIDOSTIGMINE,CN(C)C(=O)Oc1ccc[n+](C)c1
THIACLOPRID OLEFIN,N#C/N=c1\sccn1Cc1ccc(Cl)nc1
U-0126,N#CC(=C(/N)Sc1ccccc1N)/C(C#N)=C(/N)Sc1ccccc1N
ROBENIDINE,N=C(N/N=C/c1ccc(Cl)cc1)N/N=C/c1ccc(Cl)cc1
ARPRINOCID,Nc1ncnc2c1ncn2Cc1c(F)cccc1Cl
CARBOXYAMIDOTRIAZOLE,NC(=O)c1nnn(Cc2cc(Cl)c(C(=O)c3ccc(Cl)cc3)c(Cl)c2)c1N
5-AZIDOIMIDACLOPRID,[N-]=[N+]=Nc1cc(CN2CCN/C2=N\[N+](=O)[O-])cnc1Cl
7-HYDROXYFLAVANONE,O=C1CC(c2ccccc2)Oc2cc(O)ccc21
BUTYROLACTONE,O=C1CCCO1
8-HYDROXY QUINALDINE,Cc1ccc2cccc(O)c2n1
Dichlon,O=C1C(Cl)=C(Cl)C(=O)c2ccccc21
"3,5-DIHYDROXYBENZOIC ACID",O=C(O)c1cc(O)cc(O)c1
RALOXIFENE HYDROCHLORIDE,Cl.O=C(c1ccc(OCCN2CCCCC2)cc1)c1c(-c2ccc(O)cc2)sc2cc(O)ccc12
IDARUBICIN,CC(=O)[C@]1(O)Cc2c(O)c3c(c(O)c2[C@@H](O[C@H]2C[C@H](N)[C@H](O)[C@H](C)O2)C1)C(=O)c1ccccc1C3=O
GLYPHOSATE,O=C(O)CNCP(=O)(O)O
LB80317,Nc1nc(O)c2ncn(CC3(OCP(=O)(O)O)CC3)c2n1
SB-242235,COc1nccc(-c2c(-c3ccc(F)cc3)ncn2C2CCNCC2)n1
BETA-PELTATIN A,COc1cc([C@@H]2c3cc4c(c(O)c3C[C@H]3COC(=O)[C@@H]32)OCO4)cc(OC)c1OC
WEDELOLACTONE,COc1cc(O)c2c(c1)oc(=O)c1c3cc(O)c(O)cc3oc21
SCRIPTAID,O=C(CCCCCN1C(=O)c2cccc3cccc(c23)C1=O)NO
BESIFOVIR,Nc1ncc2ncn(CC3(OCP(=O)(O)O)CC3)c2n1
ARCYRIAFLAVIN C,O=C1NC(=O)c2c1c1c3ccc(O)cc3[nH]c1c1[nH]c3cc(O)ccc3c21
PICARTAMIDE,CNC(=S)C1(c2ccccn2)CCCS1
TEFLUDAZINE,OCCN1CCN([C@@H]2C[C@@H](c3ccc(F)cc3)c3ccc(C(F)(F)F)cc32)CC1
4-METHOXY ETHYL CINNAMATE,CCOC(=O)/C=C/c1ccc(OC)cc1
BUCINDOLOL,CC(C)(Cc1c[nH]c2ccccc12)NCC(O)COc1ccccc1C#N
COPALIC ACID,C=C1CC[C@@H]2C(C)(C)CCC[C@@]2(C)[C@@H]1CC/C(C)=C/C(=O)O
BETAINE,C[N+](C)(C)CC(=O)O
TOYOCAMYCIN,N#Cc1cn([C@@H]2O[C@H](CO)[C@@H](O)[C@H]2O)c2ncnc(N)c12
4-METHOXYCINNAMIC ACID,COc1ccc(/C=C/C(=O)O)cc1
TIQUINAMIDE,Cc1cnc2c(c1)CCCC2C(N)=S
TONABERSAT,CC(=O)c1ccc2c(c1)[C@H](NC(=O)c1ccc(F)c(Cl)c1)[C@H](O)C(C)(C)O2
IODOTUBERCIDIN,Nc1ncnc2c1c(I)cn2[C@@H]1O[C@H](CO)[C@@H](O)[C@H]1O
BCH-1393,CN(C)c1ncnc2c1ncn2CCCCCOC(=O)N[C@@H](CCCNC(=N)N)C(=O)O
SEMATILIDE,CCN(CC)CCNC(=O)c1ccc(NS(C)(=O)=O)cc1
COUMARINIC ACID METHYL ETHER,COc1ccccc1/C=C/C(=O)O
SANGIVAMYCIN,NC(=O)c1cn([C@@H]2O[C@H](CO)[C@@H](O)[C@H]2O)c2ncnc(N)c12
ETHYL CINNAMATE,CCOC(=O)/C=C/c1ccccc1
CYTIDINE,Nc1ccn([C@@H]2O[C@H](CO)[C@@H](O)[C@H]2O)c(=O)n1
ETHYL (ETHOXYCARBONYL)OXY(METHYLSULFONYL)CARBAMATE,CCOC(=O)ON(C(=O)OCC)S(C)(=O)=O
2'-ETHYNYL-D-CYTIDINE,C#C[C@@]1(O)[C@H](O)[C@@H](CO)O[C@H]1n1ccc(N)nc1=O
8-AMINOQUINOLINE,Nc1cccc2cccnc12
TRESPERIMUS,N=C(N)NCCCCCCNC(=O)COC(=O)NCCCCNCCCN
URIDINE,O=c1ccn([C@@H]2O[C@H](CO)[C@@H](O)[C@H]2O)c(=O)[nH]1
LUCARTAMIDE,CNC(=S)C1(c2cccc(C)n2)CCCS1
DIFLUOROBENZTROPINE,CN1C2CCC1CC(OC(c1ccc(F)cc1)c1ccc(F)cc1)C2
DESVENLAFAXINE,CN(C)CC(c1ccc(O)cc1)C1(O)CCCCC1
N-DESMETHYLVENLAFAXINE,CNCC(c1ccc(OC)cc1)C1(O)CCCCC1
TELINAVIR,CC(C)CN(C[C@@H](O)[C@H](Cc1ccccc1)NC(=O)[C@H](CC(N)=O)NC(=O)c1ccc2ccccc2n1)C(=O)NC(C)(C)C
PIRIDRONIC ACID,O=P(O)(O)C(Cc1ccccn1)P(=O)(O)O
METHYL METHOXY(METHYLSULFONYL)CARBAMATE,COC(=O)N(OC)S(C)(=O)=O
NITROSOBENZENE,O=Nc1ccccc1
METHYL (METHOXYCARBONYL)OXY(METHYLSULFONYL)CARBAMATE,COC(=O)ON(C(=O)OC)S(C)(=O)=O
MINODRONIC ACID,O=P(O)(O)C(O)(Cc1cnc2ccccn12)P(=O)(O)O
LINOPIRDINE,O=C1N(c2ccccc2)c2ccccc2C1(Cc1ccncc1)Cc1ccncc1
DAVASAICIN,COc1cc(CC(=O)NCCCc2ccc(C)c(C)c2)ccc1OCCN
PAULLONE,O=C1Cc2c([nH]c3ccc(Br)cc23)-c2ccccc2N1Cc1ccccc1
PANCRATISTATIN,O=C1N[C@H]2[C@H](O)[C@H](O)[C@@H](O)[C@H](O)[C@@H]2c2cc3c(c(O)c21)OCO3
NARCICLASINE,O=C1N[C@@H]2C(=C[C@H](O)[C@@H](O)[C@H]2O)c2cc3c(c(O)c21)OCO3
4-NITROBENZOIC ACID,O=C(O)c1ccc([N+](=O)[O-])cc1
DIBENZEPINE,CN(C)CCN1C(=O)c2ccccc2Nc2ccccc21
LASOFOXIFENE,Oc1ccc2c(c1)CC[C@H](c1ccccc1)[C@@H]2c1ccc(OCCN2CCCC2)cc1
REGADENOSON ANHYDROUS,CNC(=O)c1cnn(-c2nc(N)c3ncn([C@@H]4O[C@H](CO)[C@@H](O)[C@H]4O)c3n2)c1
PYRROLNITRIN,O=[N+]([O-])c1c(Cl)cccc1-c1c[nH]cc1Cl
EXIFONE,O=C(c1cc(O)c(O)c(O)c1)c1ccc(O)c(O)c1O
CARDOL,CCCCCCCCCCCCCCCc1cc(O)cc(O)c1
rac-VOROZOLE,Cn1nnc2ccc(C(c3ccc(Cl)cc3)n3cncn3)cc21
PLATYPHYLLENONE,O=C(/C=C/CCc1ccc(O)cc1)CCc1ccc(O)cc1
NODULISPORIC ACID A2,C=C(C)[C@H]1C(=O)c2c3c(cc4c5c(n1c24)[C@@]1(C)[C@@H](CC[C@@H]2[C@]1(C)CC[C@]1(O)O[C@H](C(O)C(C)C(=O)O)C[C@@]21C)C5)C1=CC(C)(C)OC(C)(C)[C@H]1[C@@H]3O
AVASIMIBE,CC(C)c1cc(C(C)C)c(CC(=O)NS(=O)(=O)Oc2c(C(C)C)cccc2C(C)C)c(C(C)C)c1
NODULISPORIC ACID A1,C=C(C)[C@H]1C(=O)c2c3c(cc4c5c(n1c24)[C@@]1(C)[C@@H](CC[C@@H]2[C@]1(C)CC[C@]1(O)O[C@H](/C=C(\C)C(=O)O)C[C@@]21C)C5)C1=CC(C)(C)OC(C)(C)[C@H]1[C@@H]3O
HEXAMETHONIUM,C[N+](C)(C)CCCCCC[N+](C)(C)C
GW549390X,c1ccc(Nc2ncc(-c3ccccc3)o2)cc1
MACROCYCLIC TRIPEPTIDE MOTIF,N=C(N)NCCC[C@H]1NC(=O)[C@H]2CCCN2C(=O)[C@H](NC=O)CNC(=O)/C=C\[C@@H](Cc2ccc(O)cc2)NC(=O)[C@H](Cc2ccccc2)NC(=O)C1=O
DELTORPHIN C,CC(C)[C@H](NC(=O)[C@H](CC(=O)O)NC(=O)[C@H](Cc1ccccc1)NC(=O)[C@@H](C)NC(=O)[C@@H](N)Cc1ccc(O)cc1)C(=O)N[C@H](C(=O)NCC(N)=O)C(C)C
ENADOLINE,CN(C(=O)Cc1cccc2occc12)[C@H]1CC[C@@]2(CCCO2)C[C@@H]1N1CCCC1
LEVOMILNACIPRAN,CCN(CC)C(=O)[C@@]1(c2ccccc2)C[C@H]1CN
SINCALIDE,CSCC[C@H](NC(=O)[C@H](Cc1ccc(OS(=O)(=O)O)cc1)NC(=O)[C@@H](N)CC(=O)O)C(=O)NCC(=O)N[C@@H](Cc1c[nH]c2ccccc12)C(=O)N[C@@H](CCSC)C(=O)N[C@@H](CC(=O)O)C(=O)N[C@@H](Cc1ccccc1)C(N)=O
"(E)-3,4-STILBENDIOL",Oc1ccc(/C=C/c2ccccc2)cc1O
PINOSYLVIN,Oc1cc(O)cc(/C=C/c2ccccc2)c1
NALTRIBEN,Oc1ccc2c3c1O[C@H]1c4oc5ccccc5c4C[C@@]4(O)[C@@H](C2)N(CC2CC2)CC[C@]314
ENCIPRAZINE,COc1ccccc1N1CCN(CC(O)COc2cc(OC)c(OC)c(OC)c2)CC1
AN-9,CCCC(=O)OCOC(=O)C(C)(C)C
ATIPRIMOD,CCCC1(CCC)CCC2(CCN(CCCN(CC)CC)C2)CC1
IMIDAPRIL,CCOC(=O)[C@H](CCc1ccccc1)N[C@@H](C)C(=O)N1C(=O)N(C)C[C@H]1C(=O)O
CYCLIC ADENOSINE MONOPHOSPHATE,Nc1ncnc2c1ncn2[C@@H]1O[C@@H]2COP(=O)(O)O[C@H]2[C@H]1O
IMIDAPRILAT,C[C@H](N[C@@H](CCc1ccccc1)C(=O)O)C(=O)N1C(=O)N(C)C[C@H]1C(=O)O
FIPRONIL,N#Cc1nn(-c2c(Cl)cc(C(F)(F)F)cc2Cl)c(N)c1[S+]([O-])C(F)(F)F
VATALANIB,Clc1ccc(Nc2nnc(Cc3ccncc3)c3ccccc23)cc1
TERBUFICIN,CC(C)(C)c1cc(C(C(=O)O)c2cc(C(C)(C)C)c(O)c(C(C)(C)C)c2)cc(C(C)(C)C)c1O
PENTAZOCINE,CC(C)=CCN1CCC2(C)c3cc(O)ccc3CC1C2C
CYLINDROL A,CCC(=O)O[C@H](C[C@@]1(C)[C@H](C)CCC(=O)[C@@H]1C)/C(C)=C/Cc1c(O)cc(C)c(C=O)c1O
PREUSSOMERIN,O=C1C=C[C@]23Oc4ccc(O)c5c4[C@](Oc4cccc1c42)(O3)C1OC1C5=O
TALVIRALINE,COc1ccc2c(c1)N(C(=O)OC(C)C)[C@@H](CSC)C(=S)N2
6-Carboxyfluorescein,O=C(O)c1ccc(C(=O)O)c(-c2c3ccc(=O)cc-3oc3cc(O)ccc23)c1
DIMETHYL PHTHALATE,COC(=O)c1ccccc1C(=O)OC
DICYCLOMINE,CCN(CC)CCOC(=O)C1(C2CCCCC2)CCCCC1
CHAETOMELLIC ACID B,CCCCCCCC/C=C\CCCCCC/C(C(=O)O)=C(\C)C(=O)O
ACTINOPLANIC ACID A,CCC(CC(C)C(=O)O)C(=O)CC/C1=C/C(C)C/C(C)=C/C(C)C(O)C(C)CCC(CCCC/C=C/C(C)CCC(C)OC(=O)CC(CC(=O)O)C(=O)O)OC(=O)CC(C(=O)O)CC(=O)OC1
GW831090X,NS(=O)(=O)c1ccc(Nc2cc(-c3cccc(O)c3)n[nH]2)cc1
GW831091X,NS(=O)(=O)c1ccc(Nc2cc(-c3ccc(O)c(F)c3)n[nH]2)cc1
CHAETOMELLIC ACID A,CCCCCCCCCCCCCC/C(C(=O)O)=C(\C)C(=O)O
DEALKYLATED DIETHYLPROPION,CC(N)C(=O)c1ccccc1
DESMETHYLOLANZAPINE,Cc1cc2c(s1)Nc1ccccc1N=C2N1CCNCC1
KYOTORPHIN,NC(N)=NCCC[C@H](NC(=O)[C@@H](N)Cc1ccc(O)cc1)C(=O)O
HYDROCINNAMOYLGLYCINE,O=C(O)CNC(=O)CCc1ccccc1
CRYPTOPHYCIN 52,COc1ccc(C[C@H]2NC(=O)/C=C/C[C@@H]([C@H](C)[C@H]3O[C@@H]3c3ccccc3)OC(=O)[C@H](CC(C)C)OC(=O)C(C)(C)CNC2=O)cc1Cl
D-ORNITHINE,NCCC[C@@H](N)C(=O)O
RIP,CC(C)[C@H](NC(=O)[C@H](Cc1ccccc1)NC(=O)[C@H](Cc1ccccc1)NC(=O)[C@H](Cc1ccccc1)NC(=O)[C@H](Cc1c[nH]cn1)NC(=O)[C@H](Cc1ccccc1)NC(=O)[C@@H]1CCCN1C(=O)[C@H](Cc1c[nH]cn1)NC(=O)[C@@H]1CCCN1)C(=O)N[C@@H](Cc1ccc(O)cc1)C(=O)N[C@@H](CCCCN)C(=O)O
DIMETHYLNORDIHYDROGUARIERATE ACID,COc1ccc(C[C@@H](C)[C@@H](C)Cc2ccc(OC)c(O)c2)cc1O
MESODIHYDROGUAIARETIC ACID,COc1cc(C[C@@H](C)[C@@H](C)Cc2ccc(O)c(OC)c2)ccc1O
PENICILLIN G SODIUM,CC1(C)S[C@@H]2[C@H](NC(=O)Cc3ccccc3)C(=O)N2[C@H]1C(=O)[O-].[Na+]
BIFENDATE,COC(=O)c1cc(OC)c2c(c1-c1c(C(=O)OC)cc(OC)c3c1OCO3)OCO2
PAFURAMIDINE,CONC(=N)c1ccc(-c2ccc(-c3ccc(C(=N)NOC)cc3)o2)cc1
LEXIPAFANT,CCOC(=O)[C@H](CC(C)C)N(C)S(=O)(=O)c1ccc(Cn2c(C)nc3cnccc32)cc1
DIAMINOPROPANOIC ACID,NC[C@H](N)C(=O)O
LAVENDUSTIN A,O=C(O)c1cc(N(Cc2ccccc2O)Cc2cc(O)ccc2O)ccc1O
LAVENDUSTIN C,O=C(O)c1cc(NCc2cc(O)ccc2O)ccc1O
NUCLEOSIDE TRIPHOSPHATE ANAOGUE,Cc1cn(CC(=O)N(C)CCOP(=O)(O)OP(=O)(O)OP(=O)(O)O)c(=O)[nH]c1=O
7-HYDROXYTACRINE,Nc1c2c(nc3ccccc13)CC(O)CC2
D-HISTIDINE,N[C@H](Cc1c[nH]cn1)C(=O)O
NUCLEOSIDE TRIPHOSPHATE ANAOGUE,CN(CCOP(=O)(O)OP(=O)(O)OP(=O)(O)O)C(=O)Cn1cnc2c(N)ncnc21
EDROPHONIUM CHLORIDE,CC[N+](C)(C)c1cccc(O)c1.[Cl-]
PYRIDOXAL ISONICOTINOYL HYDRAZONE,Cc1ncc(CO)c(/C=N/NC(=O)c2ccncc2)c1O
DORAMAPIMOD,Cc1ccc(-n2nc(C(C)(C)C)cc2NC(=O)Nc2ccc(OCCN3CCOCC3)c3ccccc23)cc1
N-METHYL-MITOMYCIN A,COC1=C(C)C(=O)C2=C(C1=O)[C@@H](COC(N)=O)[C@@]1(OC)[C@@H]3[C@H](CN21)N3C
MITOMYCIN B,COC1=C(C)C(=O)C2=C(C1=O)[C@H](COC(N)=O)[C@@]1(O)[C@@H]3[C@H](CN21)N3C
FELOPRENTAN,COc1ccc(CCOC(c2ccccc2)(c2ccccc2)[C@H](Oc2nc(C)cc(C)n2)C(=O)O)cc1OC
TRENCAM,O=C(NCCN(CCNC(=O)c1cccc(O)c1O)CCNC(=O)c1cccc(O)c1O)c1cccc(O)c1O
EPOTHILONE C,C/C(=C\c1csc(C)n1)[C@@H]1C/C=C\CCC[C@H](C)[C@H](O)[C@@H](C)C(=O)C(C)(C)[C@@H](O)CC(=O)O1
CI-1040,O=C(NOCC1CC1)c1ccc(F)c(F)c1Nc1ccc(I)cc1Cl
EMAKALIM,CC1(C)Oc2ccc(C#N)cc2[C@@H](n2ccccc2=O)[C@@H]1O
PYRIDOXAL,Cc1ncc(CO)c(C=O)c1O
ALOVUDINE,Cc1cn([C@H]2C[C@H](F)[C@@H](CO)O2)c(=O)[nH]c1=O
TRIFLURIDINE,O=c1[nH]c(=O)n([C@H]2C[C@H](O)[C@@H](CO)O2)cc1C(F)(F)F
3-AMINO- 3-DEOXYTHYMIDINE,Cc1cn([C@H]2C[C@H](N)[C@@H](CO)O2)c(=O)[nH]c1=O
DOXIFLURIDINE,C[C@H]1O[C@@H](n2cc(F)c(=O)[nH]c2=O)[C@H](O)[C@@H]1O
EDOXUDINE,CCc1cn([C@H]2C[C@H](O)[C@@H](CO)O2)c(=O)[nH]c1=O
AMPELOPSIN A,Oc1ccc([C@H]2c3c(O)cc(O)cc3[C@H]3c4c(cc(O)cc4[C@@H]2O)O[C@@H]3c2ccc(O)cc2)cc1
ACITRETIN,COc1cc(C)c(/C=C/C(C)=C/C=C/C(C)=C/C(=O)O)c(C)c1C
PHENACYL CHLORIDE,O=C(CCl)c1ccccc1
TETRAHYDROCURCUMIN,COc1cc(CCC(=O)CC(=O)CCc2ccc(O)c(OC)c2)ccc1O
BISDEMETHOXYCURCUMIN,O=C(/C=C/c1ccc(O)cc1)CC(=O)/C=C/c1ccc(O)cc1
SB-216763,Cn1cc(C2=C(c3ccc(Cl)cc3Cl)C(=O)NC2=O)c2ccccc21
DIDEMETHYLCURCUMIN,O=C(/C=C/c1ccc(O)c(O)c1)CC(=O)/C=C/c1ccc(O)c(O)c1
IMINOCTADIENE,N=C(N)NCCCCCCCCNCCCCCCCCNC(=N)N
ARCAINE,N=C(N)NCCCCNC(=N)N
CIDOXEPIN,CN(C)CC/C=C1/c2ccccc2COc2ccccc21
OXYBUTYNIN CHLORIDE,CCN(CC)CC#CCOC(=O)C(O)(c1ccccc1)C1CCCCC1.Cl
DECAMETHONIUM BROMIDE,C[N+](C)(C)CCCCCCCCCC[N+](C)(C)C.[Br-].[Br-]
HEXAMETHONIUM CHLORIDE,C[N+](C)(C)CCCCCC[N+](C)(C)C.[Cl-].[Cl-]
LEPADIN E,CCCCC/C=C/C(=O)O[C@H]1C[C@@H]2[C@H](CCCCC(O)CCC)CCC[C@@H]2N[C@@H]1C
LEPADIN F,CCCCC/C=C/C(=O)O[C@H]1C[C@@H]2[C@H](CCCCC(O)CCC)CCC[C@@H]2N[C@H]1C
DNK333,CN(C(=O)c1cc(C(F)(F)F)cc(C(F)(F)F)c1)[C@@H](/C=C/C(=O)N[C@@H]1CCCCNC1=O)Cc1ccc(Cl)c(Cl)c1
GERMACRENE D,C=C1/C=C/[C@H](C(C)C)CC/C(C)=C/CC1
TOSUFLOXACIN TOSYLATE,Cc1ccc(S(=O)(=O)O)cc1.NC1CCN(c2nc3c(cc2F)c(=O)c(C(=O)O)cn3-c2ccc(F)cc2F)C1
DIMETHYLAMINOETHANOL,CN(C)CCO
GUANIDINOETHYLDISULFIDE,N=C(N)NCCSSCCNC(=N)N
CAFFEIC ACID PHENETHYL ESTER,O=C(/C=C/c1ccc(O)c(O)c1)OCCc1ccccc1
TELITHROMYCIN,CC[C@H]1OC(=O)[C@H](C)C(=O)[C@H](C)[C@@H](O[C@@H]2O[C@H](C)C[C@H](N(C)C)[C@H]2O)[C@](C)(OC)C[C@@H](C)C(=O)[C@H](C)[C@H]2N(CCCCn3cnc(-c4cccnc4)c3)C(=O)O[C@]12C
(S)-IFENPRODIL,C[C@@H]([C@@H](O)c1ccc(O)cc1)N1CCC(Cc2ccccc2)CC1
FLAVOKAWAIN B,COc1cc(O)c(C(=O)/C=C/c2ccccc2)c(OC)c1
DIMETHYLPINOCEMBRIN,COc1cc(OC)c2c(c1)OC(c1ccccc1)CC2=O
RASPBERRYKETONE,CC(=O)CCc1ccc(O)cc1
IDROCILAMIDE,O=C(/C=C/c1ccccc1)NCCO
"2',4'-DIHYDROXYCHALCONE",O=C(/C=C/c1ccccc1)c1ccc(O)cc1O
MONOETHANOLAMINE,NCCO
DEHYDROZINGERONE,COc1cc(/C=C/C(C)=O)ccc1O
BO-653,CCCCCC1(CCCCC)Cc2c(cc(C(C)(C)C)c(O)c2C(C)(C)C)O1
MELITTIN,CC[C@H](C)[C@H](NC(=O)CN)C(=O)NCC(=O)N[C@@H](C)C(=O)N[C@H](C(=O)N[C@@H](CC(C)C)C(=O)N[C@@H](CCCCN)C(=O)N[C@H](C(=O)N[C@@H](CC(C)C)C(=O)N[C@H](C(=O)N[C@H](C(=O)NCC(=O)N[C@@H](CC(C)C)C(=O)N1CCC[C@H]1C(=O)N[C@@H](C)C(=O)N[C@@H](CC(C)C)C(=O)N[C@H](C(=O)N[C@@H](CO)C(=O)N[C@@H](Cc1c[nH]c2ccccc12)C(=O)N[C@H](C(=O)N[C@@H](CCCCN)C(=O)N[C@@H](CCCNC(=N)N)C(=O)N[C@@H](CCCCN)C(=O)N[C@@H](CCCNC(=N)N)C(=O)N[C@@H](CCC(N)=O)C(=O)N[C@@H](CCC(N)=O)C(N)=O)[C@@H](C)CC)[C@@H](C)CC)[C@@H](C)O)[C@@H](C)O)C(C)C)C(C)C
CHLORPROPHAM,CC(C)OC(=O)Nc1cccc(Cl)c1
DASB,CN(C)Cc1ccccc1Sc1ccc(C#N)cc1N
OLEANOLIC_ACID,CC1(C)CC[C@]2(C(=O)O)CC[C@]3(C)C(=CC[C@@H]4[C@@]5(C)CC[C@H](O)C(C)(C)[C@@H]5CC[C@]43C)[C@@H]2C1
4-METHOXY CHALCONE,COc1ccc(/C=C/C(=O)c2ccccc2)cc1
AMENTANTRONE,O=C1c2cccc(O)c2C(=O)c2c(NCCNCCO)ccc(NCCNCCO)c21
GEMOPATRILAT,CC1(C)CCC[C@H](NC(=O)[C@@H](S)Cc2ccccc2)C(=O)N1CC(=O)O
FARGLITAZAR,Cc1oc(-c2ccccc2)nc1CCOc1ccc(C[C@H](Nc2ccccc2C(=O)c2ccccc2)C(=O)O)cc1
GW7845,COC(=O)c1ccccc1N[C@@H](Cc1ccc(OCCc2nc(-c3ccccc3)oc2C)cc1)C(=O)O
CALDIAMIDE,CNC(=O)CN(CCN(CCN(CC(=O)O)CC(=O)NC)CC(=O)O)CC(=O)O
ANISOPIROL,COc1ccccc1N1CCN(CCCC(O)c2ccc(F)cc2)CC1
ALPDEM,CCCN(CCC)C(=O)Cc1c(-c2ccc(Cl)cc2)nc2c(Cl)cc(Cl)cn12
LINGSHUIOL,C=CCCCCCCCCCC/C=C/C(O)C(O)C1OC(C(O)C(O)C(=C)CCC(O)C2CC(O)C(O)C(C(O)C(O)/C=C(\C)CC(O)CC(O)C(O)C(O)C(O)C(O)C(C)CC(O)C(O)CC(C)/C=C/CCC(O)CC(=O)/C=C/CCCCC(O)CO)O2)CC(O)C1O
PRALMORELIN,C[C@H](NC(=O)[C@@H](Cc1ccc2ccccc2c1)NC(=O)[C@@H](C)N)C(=O)N[C@@H](Cc1c[nH]c2ccccc12)C(=O)N[C@H](Cc1ccccc1)C(=O)N[C@@H](CCCCN)C(N)=O
"7-METHYL-8-OXO-5-P-TOLYL-7,8-DIHYDRO-[1,7]NAPHTHYRIDINE-6-CARBOXYLIC ACID (3,5-BIS-TRIFLUOROMETHYL-BENZYL)-METHYL-AMIDE (STRUCTURAL MIX)",Cc1ccc(-c2c(C(=O)N(C)Cc3cc(C(F)(F)F)cc(C(F)(F)F)c3)n(C)c(=O)c3ncccc23)cc1
8-CYCLOPENTYLTHEOPHYLLINE,Cn1c(=O)c2nc(C3CCCC3)[nH]c2n(C)c1=O
2-AMINO-4-NITROPHENOL,Nc1cc([N+](=O)[O-])ccc1O
DEXCLAMOL,CC(C)[C@@]1(O)CCN2C[C@@H]3c4ccccc4CCc4cccc(c43)[C@H]2C1
EXAMORELIN,Cc1[nH]c2ccccc2c1C[C@@H](NC(=O)[C@@H](N)Cc1c[nH]cn1)C(=O)N[C@@H](C)C(=O)N[C@@H](Cc1c[nH]c2ccccc12)C(=O)N[C@H](Cc1ccccc1)C(=O)N[C@@H](CCCCN)C(N)=O
N-DODECYL LYSINE AMIDE,CCCCCCCCCCCCNC(=O)[C@@H](N)CCCCN
CARACASANDIAMIDE,COc1ccc(C2C(c3ccc(OC)c(OC)c3)[C@H](C(=O)NCCCC/N=C(\N)NCC=C(C)C)[C@@H]2C(=O)NCCCC/N=C(\N)NCC=C(C)C)cc1OC
STAMPIDINE,COC(=O)C(C)NP(=O)(OC[C@@H]1C=C[C@H](n2cc(C)c(=O)[nH]c2=O)O1)Oc1ccc(Br)cc1
ALAMIFOVIR,COc1ccc(Sc2nc(N)nc3c2ncn3CCOCP(=O)(OCC(F)(F)F)OCC(F)(F)F)cc1
LYCETAMINE,CCCCCCCCCCCCCCCCNC(=O)[C@@H](N)CCCCN
"2-Methoxy-1,4-naphthoquinone",COC1=CC(=O)c2ccccc2C1=O
RAMENTACEONE,Cc1cc(O)c2c(c1)C(=O)C=CC2=O
4-HYDROXYPROPRANOLOL SULFATE,CC(C)NCC(O)COc1ccc(O)c2ccccc12
"FURO[2,3D]PYRIMIDINE ANTIFOLATE",CN(Cc1coc2nc(N)nc(N)c12)c1ccc(C(=O)N[C@@H](CCC(=O)O)C(=O)O)cc1
NRX195183,CC1(C)CCC(C)(C)c2c1cc(C(=O)Nc1cc(F)c(C(=O)O)c(F)c1)c(O)c2Cl
LAMIFIBAN,N=C(N)c1ccc(C(=O)N[C@@H](Cc2ccc(O)cc2)C(=O)N2CCC(OCC(=O)O)CC2)cc1
ETHYLISOTHIOUREA,CCSC(=N)N
EZETIMIBE,O=C1[C@H](CC[C@H](O)c2ccc(F)cc2)[C@@H](c2ccc(O)cc2)N1c1ccc(F)cc1
HIRSUTINE,CC[C@H]1CN2CCc3c([nH]c4ccccc34)[C@H]2C[C@@H]1/C(=C\OC)C(=O)OC
FENOXAPROP,CC(Oc1ccc(Oc2nc3ccc(Cl)cc3o2)cc1)C(=O)O
EPOPROSTENOL,CCCCC[C@H](O)/C=C/[C@@H]1[C@H]2C/C(=C/CCCC(=O)O)O[C@H]2C[C@H]1O
NIACINAMIDE,NC(=O)c1cccnc1
5-N-ALLYL-ARGININE,C=CC/N=C(/N)NCCC[C@H](N)C(=O)O
THIOCITRULLINE,CSC(=N)NCCC[C@H](N)C(=O)O
DITIOCARB SODIUM,CCN(CC)C(=S)[S-].[Na+]
1400W,CC(=N)NCc1cccc(CN)c1
METALAXYL,COCC(=O)N(c1c(C)cccc1C)C(C)C(=O)OC
AMINEPTINE,O=C(O)CCCCCCNC1c2ccccc2CCc2ccccc21
QUINUPRAMINE,c1ccc2c(c1)CCc1ccccc1N2C1CN2CCC1CC2
ISOFEBRIFUGINE,O=c1c2ccccc2ncn1CC1(O)C[C@@H]2NCCC[C@@H]2O1
PIVALATE,CC(C)(C)C(=O)O
MANGOSTIN,COc1c(O)cc2oc3cc(O)c(CC=C(C)C)c(O)c3c(=O)c2c1CC=C(C)C
SOBETIROME,Cc1cc(OCC(=O)O)cc(C)c1Cc1ccc(O)c(C(C)C)c1
IMIFURAMINE,NC[C@H]1CC[C@H](c2c[nH]cn2)O1
AMINOREX,NC1=NCC(c2ccccc2)O1
TIAZOFURIN,NC(=O)c1csc([C@@H]2O[C@H](CO)[C@@H](O)[C@H]2O)n1
MELITRACEN,CN(C)CCC=C1c2ccccc2C(C)(C)c2ccccc21
SENKTIDE,CSCC[C@H](NC(=O)[C@H](CC(C)C)NC(=O)CNC(=O)[C@H](Cc1ccccc1)N(C)C(=O)[C@H](Cc1ccccc1)NC(=O)[C@H](CC(=O)O)NC(=O)CCC(=O)O)C(N)=O
CHUANGXINMYCIN,C[C@H]1c2c[nH]c3cccc(c23)S[C@H]1C(=O)O
PACLITAXEL C7 TRIDECANOIC ACID ESTER,CCCCCCCCCCCCC(=O)O[C@H]1C[C@H]2OC[C@@]2(OC(C)=O)[C@H]2[C@H](OC(=O)c3ccccc3)[C@]3(O)C[C@H](OC(=O)[C@H](O)[C@@H](NC(=O)c4ccccc4)c4ccccc4)C(C)=C([C@@H](OC(C)=O)C(=O)[C@]12C)C3(C)C
PACLITAXEL C7 VALERIC ACID ESTER,CCCCC(=O)O[C@H]1C[C@H]2OC[C@@]2(OC(C)=O)[C@H]2[C@H](OC(=O)c3ccccc3)[C@]3(O)C[C@H](OC(=O)[C@H](O)[C@@H](NC(=O)c4ccccc4)c4ccccc4)C(C)=C([C@@H](OC(C)=O)C(=O)[C@]12C)C3(C)C
DIHYDROBETULINIC ACID,CC(C)[C@@H]1CC[C@]2(C(=O)O)CC[C@]3(C)C(CCC4[C@@]5(C)CC[C@H](O)C(C)(C)C5CC[C@]43C)C12
PACLITAXEL C7 CYCLOPROPANECARBOXYLIC ACID ESTER,CC(=O)O[C@H]1C(=O)[C@]2(C)[C@@H](OC(=O)C3CC3)C[C@H]3OC[C@@]3(OC(C)=O)[C@H]2[C@H](OC(=O)c2ccccc2)[C@]2(O)C[C@H](OC(=O)[C@H](O)[C@@H](NC(=O)c3ccccc3)c3ccccc3)C(C)=C1C2(C)C
RIMIDUCID,CC[C@H](C(=O)N1CCCC[C@H]1C(=O)O[C@H](CCc1ccc(OC)c(OC)c1)c1cccc(OCC(=O)NCCNC(=O)COc2cccc([C@@H](CCc3ccc(OC)c(OC)c3)OC(=O)[C@@H]3CCCCN3C(=O)[C@@H](CC)c3cc(OC)c(OC)c(OC)c3)c2)c1)c1cc(OC)c(OC)c(OC)c1
MOLVIZARIN,CCCCCCCCCC[C@H](O)[C@H]1CC[C@H]([C@H]2CC[C@H]([C@H](O)CCCCCCCC[C@@H](O)CC3=C[C@H](C)OC3=O)O2)O1
PACLITAXEL C7 CYCLOPENTANECARBOXYLIC ACID ESTER,CC(=O)O[C@H]1C(=O)[C@]2(C)[C@@H](OC(=O)C3CCCC3)C[C@H]3OC[C@@]3(OC(C)=O)[C@H]2[C@H](OC(=O)c2ccccc2)[C@]2(O)C[C@H](OC(=O)[C@H](O)[C@@H](NC(=O)c3ccccc3)c3ccccc3)C(C)=C1C2(C)C
AMPHOTERICIN B ME ESTER,COC(=O)[C@H]1[C@@H]2C[C@@H](O[C@@H]3O[C@H](C)[C@@H](O)[C@H](N)[C@@H]3O)/C=C/C=C/C=C/C=C/C=C/C=C/C=C/[C@H](C)[C@@H](O)[C@@H](C)[C@H](C)OC(=O)C[C@H](O)C[C@H](O)CC[C@@H](O)[C@H](O)C[C@H](O)C[C@](O)(C[C@@H]1O)O2
ANNOMONTACIN,CCCCCCCCCCCC[C@H](O)[C@@H]1CC[C@@H]([C@@H](O)CCCCCCC(O)CCCCC[C@@H](O)CC2=C[C@H](C)OC2=O)O1
ANNONACINONE,CCCCCCCCCCCC[C@@H](O)[C@H]1CC[C@H]([C@H](O)CCCCC(=O)CCCCC[C@@H](O)CC2=C[C@H](C)OC2=O)O1
COROSSOLONE,CCCCCCCCCCCC[C@@H](O)[C@H]1CC[C@@H]([C@@H](O)CCCCC(=O)CCCCCCCC2=C[C@H](C)OC2=O)O1
REL-SOLAMIN,CCCCCCCCCCCC[C@@H](O)[C@H]1CC[C@H]([C@H](O)CCCCCCCCCCCCC2=C[C@H](C)OC2=O)O1
DIMETHYLSPINGOSINE,CCCCCCCCCCCCC/C=C/[C@@H](O)[C@H](CO)N(C)C
ORCINOL,Cc1cc(O)cc(O)c1
PACLITAXEL C7 METHOXYACETIC ACID ESTER,COCC(=O)O[C@H]1C[C@H]2OC[C@@]2(OC(C)=O)[C@H]2[C@H](OC(=O)c3ccccc3)[C@]3(O)C[C@H](OC(=O)[C@H](O)[C@@H](NC(=O)c4ccccc4)c4ccccc4)C(C)=C([C@@H](OC(C)=O)C(=O)[C@]12C)C3(C)C
DIDEOXYIMINOXYLITOL,O[C@H]1[C@H](O)CNC[C@@H]1O
MIGALASTAT,OC[C@H]1NC[C@H](O)[C@@H](O)[C@H]1O
PACLITAXEL C7 CROTONIC ACID ESTER,C/C=C/C(=O)O[C@H]1C[C@H]2OC[C@@]2(OC(C)=O)[C@H]2[C@H](OC(=O)c3ccccc3)[C@]3(O)C[C@H](OC(=O)[C@H](O)[C@@H](NC(=O)c4ccccc4)c4ccccc4)C(C)=C([C@@H](OC(C)=O)C(=O)[C@]12C)C3(C)C
PACLITAXEL C7 TRIMETHYLACETIC ACID ESTER,CC(=O)O[C@H]1C(=O)[C@]2(C)[C@@H](OC(=O)C(C)(C)C)C[C@H]3OC[C@@]3(OC(C)=O)[C@H]2[C@H](OC(=O)c2ccccc2)[C@]2(O)C[C@H](OC(=O)[C@H](O)[C@@H](NC(=O)c3ccccc3)c3ccccc3)C(C)=C1C2(C)C
DINITRO CRESOL,Cc1cc([N+](=O)[O-])cc([N+](=O)[O-])c1O
TRIDECANOATE,CCCCCCCCCCCCC(=O)O
UNDECANOATE,CCCCCCCCCCC(=O)O
HEPTANOATE,CCCCCCC(=O)O
METHYL SALICYLATE,COC(=O)c1ccccc1O
SALICYLADEHYDE,O=Cc1ccccc1O
2-PHENYLPHENOL,Oc1ccccc1-c1ccccc1
MYRISTIC ACID,CCCCCCCCCCCCCC(=O)O
TIRON,O=S(=O)([O-])c1cc(O)c(O)c(S(=O)(=O)[O-])c1.[Na+].[Na+]
POTASSIUM IODIDE,[I-].[K+]
SODIUM AZIDE,[N-]=[N+]=[N-].[Na+]
4-AMINOPHENOL,Nc1ccc(O)cc1
DECANOIC ACID,CCCCCCCCCC(=O)O
NONANOATE,CCCCCCCCC(=O)O
OCTANOIC ACID,CCCCCCCC(=O)O
DODECANOATE,CCCCCCCCCCCC(=O)O
2-CHLOROPHENOL,Oc1ccccc1Cl
PACLITAXEL C7 CYANOACETIC ACID ESTER,CC(=O)O[C@H]1C(=O)[C@]2(C)[C@@H](OC(=O)CC#N)C[C@H]3OC[C@@]3(OC(C)=O)[C@H]2[C@H](OC(=O)c2ccccc2)[C@]2(O)C[C@H](OC(=O)[C@H](O)[C@@H](NC(=O)c3ccccc3)c3ccccc3)C(C)=C1C2(C)C
PACLITAXEL C7 ACETOXYACETIC ACID ESTER,CC(=O)OCC(=O)O[C@H]1C[C@H]2OC[C@@]2(OC(C)=O)[C@H]2[C@H](OC(=O)c3ccccc3)[C@]3(O)C[C@H](OC(=O)[C@H](O)[C@@H](NC(=O)c4ccccc4)c4ccccc4)C(C)=C([C@@H](OC(C)=O)C(=O)[C@]12C)C3(C)C
METHYLPARABEN,COC(=O)c1ccc(O)cc1
PACLITAXEL C7 METHYLTHIOACETIC ACID ESTER,CSCC(=O)O[C@H]1C[C@H]2OC[C@@]2(OC(C)=O)[C@H]2[C@H](OC(=O)c3ccccc3)[C@]3(O)C[C@H](OC(=O)[C@H](O)[C@@H](NC(=O)c4ccccc4)c4ccccc4)C(C)=C([C@@H](OC(C)=O)C(=O)[C@]12C)C3(C)C
TRICLOFENOL,Oc1cc(Cl)c(Cl)cc1Cl
"2,4-DICHLOROPHENOL",Oc1ccc(Cl)cc1Cl
PRAVASTATIN,CC[C@H](C)C(=O)O[C@H]1C[C@H](O)C=C2C=C[C@H](C)[C@H](CC[C@@H](O)C[C@@H](O)CC(=O)O)[C@H]21
TRINITROPHENOL,O=[N+]([O-])c1cc([N+](=O)[O-])c(O)c([N+](=O)[O-])c1
p-HYDROXYCINNAMALDEHYDE,O=C/C=C/c1ccc(O)cc1
FAGOMINE,OC[C@H]1NCC[C@@H](O)[C@@H]1O
HYDROXYCHAVICOL,C=CCc1ccc(O)c(O)c1
SITAFLOXACIN ANHYDROUS,N[C@@H]1CN(c2c(F)cc3c(=O)c(C(=O)O)cn([C@@H]4C[C@@H]4F)c3c2Cl)CC12CC2
1'-ACETOXYCHAVICOL ACETATE,C=C[C@H](OC(C)=O)c1ccc(OC(C)=O)cc1
EUGENYL ACETATE,C=CCc1ccc(OC(C)=O)c(OC)c1
METHYLEUGENOL,C=CCc1ccc(OC)c(OC)c1
CHAVICOL,C=CCc1ccc(O)cc1
3-HYDROXY-4-ACETYLAMINOBENZOIC ACID,CC(=O)Nc1ccc(C(=O)O)cc1O
ANTHRACENE40,CN(C)CCNC1CC2c3ccccc3C1c1ccccc12
ACETRYPTINE,CC(=O)c1ccc2[nH]cc(CCN)c2c1
TRANILAST,COc1ccc(/C=C/C(=O)Nc2ccccc2C(=O)O)cc1OC
SINAPINATE,COc1cc(/C=C/C(=O)O)cc(OC)c1O
"O,O'-DIMETHYLCAFFEIC ACID",COc1ccc(/C=C/C(=O)O)cc1OC
ENRASENTAN,CCCOc1ccc2c(c1)[C@@H](c1ccc(OC)cc1OCCO)[C@H](C(=O)O)[C@H]2c1ccc2c(c1)OCO2
TRIOXIFENE,COc1ccc(C2=C(C(=O)c3ccc(OCCN4CCCC4)cc3)c3ccccc3CC2)cc1
NODULARIN,C/C=C1/C(=O)N[C@@H](C(=O)O)[C@H](C)C(=O)N[C@@H](CCCNC(=N)N)C(=O)N[C@@H](/C=C/C(C)=C/[C@H](C)[C@H](Cc2ccccc2)OC)[C@H](C)C(=O)N[C@@H](C(=O)O)CCC(=O)N1C
METATEROL,CC(C)NCC(O)c1cccc(O)c1
SYRINGOL,COc1cccc(OC)c1O
DETERENOL,CC(C)NCC(O)c1ccc(O)cc1
CEFAMANDOLE,Cn1nnnc1SCC1=C(C(=O)O)N2C(=O)[C@@H](NC(=O)[C@H](O)c3ccccc3)[C@H]2SC1
HYDROXYLATED DERIVATIVE,NS(=O)(=O)c1ccc(-c2c(-c3ccccc3)noc2CO)cc1
TORSEMIDE,Cc1cccc(Nc2ccncc2S(=O)(=O)NC(=O)NC(C)C)c1
ARTHROBACTIN,CC(=O)N(O)CCCCCNC(=O)CC(O)(CC(=O)NCCCCCN(O)C(C)=O)C(=O)O
CACOSPONGIONOLIDE B,C=C1CCC[C@H]2[C@](C)(CCC3=CCC(C4=CC(=O)OC4O)OC3)[C@H](C)CC[C@]12C
SCHIZOKINEN,CC(=O)N(O)CCCNC(=O)CC(O)(CC(=O)NCCCN(O)C(C)=O)C(=O)O
FLUOROCARAZOLOL,CC(CF)NCC(O)COc1cccc2[nH]c3ccccc3c12
CARAZOLOL,CC(C)NCC(O)COc1cccc2[nH]c3ccccc3c12
DHPA,NC1=NC(CCCO)N(CCCO)C2N=CNC12
ENTEROBACTIN,O=C(N[C@H]1COC(=O)[C@@H](NC(=O)c2cccc(O)c2O)COC(=O)[C@@H](NC(=O)c2cccc(O)c2O)COC1=O)c1cccc(O)c1O
TEPRALOXYDIM,CC/C(=N\OC/C=C/Cl)C1=C(O)CC(C2CCOCC2)CC1=O
CLETHODIM,CCSC(C)CC1CC(=O)C(/C(CC)=N/OC/C=C/Cl)=C(O)C1
ALLOXYDIM,C=CCO/N=C(\CCC)C1=C(O)C(C(=O)OC)C(C)(C)CC1=O
SETHOXYDIM,CCC/C(=N\OCC)C1=C(O)CC(CC(C)SCC)CC1=O
GALEGINE,CC(C)=CCN=C(N)N
CYPRODIME,COc1cccc2c1[C@]13CCN(CC4CC4)[C@H](C2)[C@]1(OC)CCC(=O)C3
ALTINICLINE,C#Cc1cncc([C@@H]2CCCN2C)c1
GALACTOCEREBROSIDE,CCCCCCCCCCCCC/C=C\C(O)C(CO)NC(=O)O[C@@H]1O[C@H](CO)[C@H](O)[C@H](O)[C@H]1O
CETIEDIL,O=C(OCCN1CCCCCC1)C(c1ccsc1)C1CCCCC1
(R)-EDELFOSINE,CCCCCCCCCCCCCCCCCCOC[C@H](COP(=O)([O-])OCC[N+](C)(C)C)OC
(-)-ROLIPRAM,COc1ccc([C@@H]2CNC(=O)C2)cc1OC1CCCC1
CHLOROLITHIUM,[Cl-].[Li+]
LEVOCARNITINE,C[N+](C)(C)C[C@H](O)CC(=O)[O-]
DEXELVUCITABINE,Nc1nc(=O)n([C@H]2C=C[C@@H](CO)O2)cc1F
PULMATIN,Cc1cc(O)c2c(c1)C(=O)c1cccc(O[C@@H]3O[C@H](CO)[C@@H](O)[C@H](O)[C@H]3O)c1C2=O
CHRYSOPHANEIN,Cc1cc(O[C@@H]2O[C@H](CO)[C@@H](O)[C@H](O)[C@H]2O)c2c(c1)C(=O)c1cccc(O)c1C2=O
QUAZINONE,C[C@@H]1C(=O)NC2=Nc3cccc(Cl)c3CN21
RHAPONTIN,COc1ccc(/C=C/c2cc(O)cc(O[C@@H]3O[C@H](CO)[C@@H](O)[C@H](O)[C@H]3O)c2)cc1O
S-ROLIPRAM,COc1ccc([C@H]2CNC(=O)C2)cc1OC1CCCC1
CORTICOSTERONE,C[C@]12C[C@H](O)[C@H]3[C@@H](CCC4=CC(=O)CC[C@@]43C)[C@@H]1CC[C@@H]2C(=O)CO
DECYLAMINE,CCCCCCCCCCN
DIHYDRORESVERATROL,Oc1ccc(CCc2cc(O)cc(O)c2)cc1
ABT-546,CCCCN(CCCC)C(=O)CN1C[C@H](c2cc(OC)c3c(c2)OCO3)[C@@H](C(=O)O)[C@@H]1CC(C)(C)CCC
DIHYDRODIGITOXIN,C[C@H]1O[C@@H](O[C@H]2[C@@H](O)C[C@H](O[C@H]3[C@@H](O)C[C@H](O[C@H]4CC[C@@]5(C)[C@H](CC[C@@H]6[C@@H]5CC[C@]5(C)[C@H](C7COC(=O)C7)CC[C@]65O)C4)O[C@@H]3C)O[C@@H]2C)C[C@H](O)[C@@H]1O
GIMATECAN,CC[C@@]1(O)C(=O)OCc2c1cc1n(c2=O)Cc2c-1nc1ccccc1c2/C=N/OC(C)(C)C
DIHYDRODIGOXIGENIN,C[C@]12CC[C@H](O)C[C@H]1CC[C@@H]1[C@@H]2C[C@@H](O)[C@]2(C)[C@@H]([C@@H]3COC(=O)C3)CC[C@]12O
CLAZOSENTAN,COc1ccccc1Oc1c(NS(=O)(=O)c2ccc(C)cn2)nc(-c2ccnc(-c3nnn[nH]3)c2)nc1OCCO
THEVETIN B,CO[C@H]1C(O)[C@H](O[C@H]2CC[C@@]3(C)[C@H](CC[C@@H]4[C@@H]3CC[C@]3(C)[C@@H](C5=CC(=O)OC5)CC[C@]43O)C2)O[C@@H](C)[C@@H]1O[C@@H]1O[C@H](CO[C@@H]2O[C@H](CO)[C@@H](O)[C@H](O)[C@H]2O)[C@@H](O)[C@H](O)[C@H]1O
GITOXIN,C[C@H]1O[C@@H](O[C@H]2[C@@H](O)C[C@H](O[C@H]3[C@@H](O)C[C@H](O[C@H]4CC[C@@]5(C)[C@H](CC[C@@H]6[C@@H]5CC[C@]5(C)[C@@H](C7=CC(=O)OC7)[C@@H](O)C[C@]65O)C4)O[C@@H]3C)O[C@@H]2C)C[C@H](O)[C@@H]1O
DODECYLAMINE,CCCCCCCCCCCCN
TETRADECYLAMINE,CCCCCCCCCCCCCCN
ICOSYLAMINE,CCCCCCCCCCCCCCCCCCCCN
PREDNISOLONE ACETATE,CC(=O)OCC(=O)[C@@]1(O)CC[C@H]2[C@@H]3CCC4=CC(=O)C=C[C@]4(C)[C@H]3[C@@H](O)C[C@@]21C
DIGOXIGENIN,C[C@]12CC[C@H](O)C[C@H]1CC[C@@H]1[C@@H]2C[C@@H](O)[C@]2(C)[C@@H](C3=CC(=O)OC3)CC[C@]12O
MERIDINE,O=C1c2nccc(O)c2-c2nc3ccccc3c3ccnc1c23
ROCICLOVIR,CC(C)OCC(COC(C)C)OCn1cnc2cnc(N)nc21
CLEBOPRIDE,COc1cc(N)c(Cl)cc1C(=O)NC1CCN(Cc2ccccc2)CC1
CAPROMORELIN,CN1N=C2CCN(C(=O)[C@@H](COCc3ccccc3)NC(=O)C(C)(C)N)C[C@@]2(Cc2ccccc2)C1=O
CHLORCORTOLONE,C[C@@H]1CC2C3C[C@H](Cl)C4=CC(=O)C=CC4(C)C3C(O)CC2(C)C1C(=O)CO
2-MERCAPTOBENZOTHIAZOLE,Sc1nc2ccccc2s1
STROPHANTHIDIN,C[C@]12CC[C@H]3[C@@H](CC[C@]4(O)C[C@@H](O)CC[C@]34C=O)[C@@]1(O)CC[C@@H]2C1=CC(=O)OC1
CHOLESTEROL,CC(C)CCC[C@@H](C)[C@H]1CC[C@H]2[C@@H]3CC=C4C[C@@H](O)CC[C@]4(C)[C@H]3CC[C@]12C
CHLORMADINONE ACETATE,CC(=O)O[C@]1(C(C)=O)CC[C@H]2[C@@H]3C=C(Cl)C4=CC(=O)CC[C@]4(C)[C@H]3CC[C@@]21C
DARBUFELONE MESYLATE,CC(C)(C)c1cc(/C=C2\SC(=N)NC2=O)cc(C(C)(C)C)c1O.CS(=O)(=O)O
CORONARIN E,C=C1CC[C@H]2C(C)(C)CCC[C@]2(C)[C@H]1/C=C/c1ccoc1
NOLATREXED,Cc1ccc2nc(N)[nH]c(=O)c2c1Sc1ccncc1
"6,6'-METHOXYGOSSYPOL",COc1c(O)c(C=O)c2c(O)c(-c3c(C)cc4c(C(C)C)c(OC)c(O)c(C=O)c4c3O)c(C)cc2c1C(C)C
ISOPROPYL DODECYLFLUOROPHOSPHONATE,CCCCCCCCCCCCP(=O)(F)OC(C)C
METHOXYARACHIDONOYL FLUOROPHOSPHONATE,CCCCC/C=C\C/C=C\C/C=C\C/C=C\CCCCP(=O)(F)OC
TEDISAMIL,C1CCC2(C1)C1CN(CC3CC3)CC2CN(CC2CC2)C1
SUBEROHYDROXAMIC ACID,O=C(CCCCCCC(=O)NO)NO
DIMETHOXYAROMATHECIN,COc1cc2cc3n(c(=O)c2cc1OC)Cc1cc2ccccc2nc1-3
ISOCORYDINE METHIODIDE,COc1ccc2c(c1OC)-c1c(OC)c(OC)cc3c1[C@H](C2)[N+](C)(C)CC3.[I-]
TANESPIMYCIN,C=CCNC1=C2C[C@@H](C)C[C@H](OC)[C@H](O)[C@@H](C)/C=C(\C)[C@H](OC(N)=O)[C@@H](OC)/C=C\C=C(/C)C(=O)NC(=CC1=O)C2=O
ROSETTACIN,O=c1c2ccccc2cc2n1Cc1cc3ccccc3nc1-2
METHYL DODECYLPHOSPHONOFLUORIDOATE,CCCCCCCCCCCCP(=O)(F)OC
BENZISOTHIAZOLE-3-YL-PIPERAZINE,c1ccc2c(N3CCNCC3)nsc2c1
BITP-SULFONE,[O-][s+]1nc(N2CCNCC2)c2ccccc21
BENZISOTHIAZOLE-3YL-PIPERAZINE SULFOXIDE,O=S1(=O)N=C(N2CCNCC2)c2ccccc21
PINADOLINE,O=C(CCCCCl)NNC(=O)N1Cc2ccccc2Oc2ccc(Cl)cc21
ZM-241385,Nc1nc(NCCc2ccc(O)cc2)nc2nc(-c3ccco3)nn12
SODIUM SELENATE,O=[Se](=O)([O-])[O-].[Na+].[Na+]
SELENOCYSTEINE,N[C@@H](C[SeH])C(=O)O
SELENOMETHIONINE,C[Se]CC[C@H](N)C(=O)O
RAC-THIOLACTOMYCIN,C=C/C(C)=C/C1(C)SC(O)=C(C)C1=O
8-MERCAPTO-OCTANOIC ACID PHENYLAMIDE,O=C(CCCCCCCS)Nc1ccccc1
VERAGUENSIN,COc1ccc([C@H]2O[C@@H](c3ccc(OC)c(OC)c3)[C@H](C)[C@H]2C)cc1OC
SCOPARONE,COc1cc2ccc(=O)oc2cc1OC
HALICHONDRIN B,C=C1C[C@@H]2CC[C@@]34C[C@H]5O[C@H]6[C@@H](O3)[C@H]3O[C@H](CC[C@@H]3O[C@H]6[C@H]5O4)CC(=O)O[C@@H]3[C@@H](C)[C@@H]4O[C@@H]5C[C@]6(C[C@@H]7O[C@]8(C[C@H](C)[C@@H]9O[C@H]([C@@H](O)C[C@@H](O)CO)C[C@@H]9O8)C[C@H](C)[C@@H]7O6)O[C@@H]5C[C@@H]4O[C@H]3C[C@H]3O[C@@H](CC[C@@H]1O2)C[C@@H](C)C3=C
SGS-742,CCCCP(=O)(O)CCCN
ADIPIC ACID,O=C(O)CCCCC(=O)O
PACIDAMYCIN,C[C@H](NC(=O)N[C@@H](Cc1c[nH]c2ccccc12)C(=O)O)C(=O)N[C@H](C(=O)NC[C@H]1C[C@@H](O)[C@H](n2ccc(=O)[nH]c2=O)O1)[C@H](C)N(C)C(=O)[C@@H](N)Cc1ccc(O)cc1
SODIUM SELENITE,O=[Se]([O-])[O-].[Na+].[Na+]
FORMALDOXIME,C=NO
LEUCETTAMINE A,Cn1c(N)nc(Cc2ccc3c(c2)OCO3)c1Cc1ccc2c(c1)OCO2
SUPLATAST TOSILATE,CCOCC(O)COc1ccc(NC(=O)CC[S+](C)C)cc1.Cc1ccc(S(=O)(=O)[O-])cc1
GW-274150,CC(=N)NCCSCC[C@H](N)C(=O)O
AMIGLUMIDE,CCCCCN(CCCCC)C(=O)[C@@H](CCC(=O)O)NC(=O)c1ccc2ccccc2c1
MEDROXALOL,CC(CCc1ccc2c(c1)OCO2)NCC(O)c1ccc(O)c(C(N)=O)c1
NYLIDRIN,CC(CCc1ccccc1)NC(C)C(O)c1ccc(O)cc1
PARAXANTHINE,Cn1c(=O)[nH]c2ncn(C)c2c1=O
7-METHYLXANTHINE,Cn1cnc2[nH]c(=O)[nH]c(=O)c21
TRIPITRAMINE,CN(CCCCCCCCN(C)CCCCCCN(CC(=O)N1c2ccccc2C(=O)Nc2cccnc21)CC(=O)N1c2ccccc2C(=O)Nc2cccnc21)CCCCCCNCC(=O)N1c2ccccc2C(=O)Nc2cccnc21
BORTEZOMIB,CC(C)C[C@H](NC(=O)[C@H](Cc1ccccc1)NC(=O)c1cnccn1)B(O)O
REVEROMYCIN A,CCCC[C@@]1(OC(=O)CCC(=O)O)CC[C@]2(CC[C@H](C)[C@@H](C/C=C(C)/C=C/[C@H](O)[C@@H](C)/C=C/C(=O)O)O2)O[C@H]1/C=C/C(C)=C/C(=O)O
REVEROMYCIN B,CCCC[C@]1([C@H](/C=C/C(C)=C/C(=O)O)OC(=O)CCC(=O)O)CC[C@]2(CC[C@H](C)[C@@H](C/C=C(C)/C=C/[C@H](O)[C@@H](C)/C=C/C(=O)O)O2)O1
PINACIDIL ANHYDROUS,CC(N/C(=N\C#N)Nc1ccncc1)C(C)(C)C
BETA-NAPHTOIC ACID,O=C(O)c1ccc2ccccc2c1
NAPHTHOIC ACID,O=C(O)c1cccc2ccccc12
ACETYLALKANNIN,CC(=O)O[C@@H](CC=C(C)C)C1=CC(=O)c2c(O)ccc(O)c2C1=O
ACEDOBEN,CC(=O)Nc1ccc(C(=O)O)cc1
MOMETASONE FUROATE,C[C@@H]1C[C@H]2[C@@H]3CCC4=CC(=O)C=C[C@]4(C)[C@@]3(Cl)[C@@H](O)C[C@]2(C)[C@@]1(OC(=O)c1ccco1)C(=O)CCl
NORETHINDRONE,C#C[C@]1(O)CC[C@H]2[C@@H]3CCC4=CC(=O)CC[C@@H]4[C@H]3CC[C@@]21C
"2,3,5-TRIIODOBENZOIC ACID",O=C(O)c1cc(I)cc(I)c1I
BROUSSOCHALCONE A,CC(C)=CCc1cc(C(=O)/C=C/c2ccc(O)c(O)c2)c(O)cc1O
TOLUIC ACID,Cc1ccccc1C(=O)O
ATAZANAVIR,COC(=O)N[C@H](C(=O)N[C@@H](Cc1ccccc1)[C@@H](O)CN(Cc1ccc(-c2ccccn2)cc1)NC(=O)[C@@H](NC(=O)OC)C(C)(C)C)C(C)(C)C
FASIDOTRIL,CC(=O)SC[C@@H](Cc1ccc2c(c1)OCO2)C(=O)N[C@@H](C)C(=O)OCc1ccccc1
LAMININ,CC[C@H](C)[C@H](NC(=O)[C@H](N)Cc1ccc(O)cc1)C(=O)NCC(=O)N[C@@H](CO)C(=O)N[C@@H](CCCN=C(N)N)C(=O)O
PENICILLIDE,COc1c([C@@H](O)CC(C)C)ccc2c1C(=O)OCc1cc(C)cc(O)c1O2
NEBRAMINE,NC1CC(O)C(CNC(=O)OCc2ccccc2)OC1OC1C(N)CC(N)C(O)C1O
EFEGATRAN SULFATE,CN[C@H](Cc1ccccc1)C(=O)N1CCC[C@H]1C(=O)N[C@H](C=O)CCCNC(=N)N.O=S(=O)(O)O
INDOLAPRIL,CCOC(=O)[C@H](CCc1ccccc1)N[C@@H](C)C(=O)N1[C@H](C(=O)O)C[C@@H]2CCCC[C@@H]21
CIPEMASTAT,CN1C(=O)N(C[C@H](C(=O)NO)[C@@H](CC2CCCC2)C(=O)N2CCCCC2)C(=O)C1(C)C
TANOMASTAT,O=C(C[C@H](CSc1ccccc1)C(=O)O)c1ccc(-c2ccc(Cl)cc2)cc1
ZOFENOPRIL,C[C@H](CSC(=O)c1ccccc1)C(=O)N1C[C@@H](Sc2ccccc2)C[C@H]1C(=O)O
MOEXIPRIL,CCOC(=O)[C@H](CCc1ccccc1)N[C@@H](C)C(=O)N1Cc2cc(OC)c(OC)cc2C[C@H]1C(=O)O
SEPIMOSTAT,N=C(N)c1ccc2cc(OC(=O)c3ccc(NC4=NCCN4)cc3)ccc2c1
ZANKIREN,CC(C)C[C@H](O)[C@H](O)[C@H](CC1CCCCC1)NC(=O)[C@H](Cc1cscn1)NC(=O)[C@H](Cc1ccccc1)CS(=O)(=O)N1CCN(C)CC1
NAPSAGATRAN ANHYDROUS,N=C(N)N1CCC[C@@H](CNC(=O)C[C@H](NS(=O)(=O)c2ccc3ccccc3c2)C(=O)N(CC(=O)O)C2CC2)C1
ARGATROBAN,CC1CNc2c(cccc2S(=O)(=O)N[C@@H](CCCNC(=N)N)C(=O)N2CC[C@@H](C)C[C@@H]2C(=O)O)C1
NEUROTENSIN,CC[C@H](C)[C@H](NC(=O)[C@H](Cc1ccc(O)cc1)NC(=O)[C@@H]1CCCN1C(=O)[C@H](CCCNC(=N)N)NC(=O)[C@H](CCCNC(=N)N)NC(=O)[C@@H]1CCCN1C(=O)[C@H](CCCCN)NC(=O)[C@H](CC(N)=O)NC(=O)[C@H](CCC(=O)O)NC(=O)[C@H](Cc1ccc(O)cc1)NC(=O)[C@H](CC(C)C)NC(=O)[C@@H]1CCC(=O)N1)C(=O)N[C@@H](CC(C)C)C(=O)O
IQM-95333,CC(C)(C)OC(=O)N[C@@H](Cc1c[nH]c2ccccc12)C(=O)N[C@@H]1CCCN2C(=O)N(Cc3ccccc3)C(=O)C[C@@H]12
INOGATRAN,N=C(N)NCCCNC(=O)[C@@H]1CCCCN1C(=O)[C@@H](CC1CCCCC1)NCC(=O)O
TOKARAMIDE A,CC(C)[C@H](NC(=O)c1ccc(O)cc1)C(=O)N[C@H](C(=O)N[C@H](C=O)CCCN=C(N)N)C(C)C
NETAZEPIDE,CNc1cccc(NC(=O)N[C@@H]2N=C(c3ccccn3)c3ccccc3N(CC(=O)C(C)(C)C)C2=O)c1
FASIDOTRILAT,C[C@H](NC(=O)[C@@H](CSC(=O)O)Cc1ccc2c(c1)OCO2)C(=O)OCc1ccccc1
SPECTINOMYCIN,CN[C@@H]1[C@H](O)[C@H](NC)[C@H]2O[C@@]3(O)C(=O)C[C@@H](C)O[C@H]3O[C@@H]2[C@H]1O
RAMIPRIL,CCOC(=O)[C@H](CCc1ccccc1)N[C@@H](C)C(=O)N1[C@H](C(=O)O)C[C@@H]2CCC[C@@H]21
LISINOPRIL,NCCCC[C@H](N[C@@H](CCc1ccccc1)C(=O)O)C(=O)N1CCC[C@H]1C(=O)O.O.O
TAXININE A,C=C1[C@@H](O)CC[C@@]2(C)[C@@H](OC(C)=O)[C@H](OC(C)=O)C3=C(C)C(=O)C[C@@H]([C@@H](OC(C)=O)[C@H]12)C3(C)C
"(S,R)-IFENPRODIL",C[C@H]([C@@H](O)c1ccc(O)cc1)N1CCC(Cc2ccccc2)CC1
AMBROSIN,C=C1C(=O)O[C@@H]2[C@H]1CC[C@H](C)[C@@H]1C=CC(=O)[C@@]21C
ISOPROPYLAMINE,CC(C)N
CHLOROETHYLCLONIDINE,CN(CCCl)Cc1cc(Cl)c(NC2=NCCN2)c(Cl)c1
FLOXACRINE,O=C1CC(c2ccc(C(F)(F)F)cc2)Cc2c1c(=O)c1cc(Cl)ccc1n2O
ISOFURANODIENE,C/C1=C\Cc2c(C)coc2C/C(C)=C/CC1
ESTRADIOL METHYL ETHER,COc1ccc2c(c1)CC[C@@H]1[C@@H]2CC[C@]2(C)[C@@H](O)CC[C@@H]12
DANIQUIDONE,Nc1ccc2c(c1)CN1C(=O)c3ccccc3C1=N2
AMINOSALICYLIC ACID,Nc1ccc(C(=O)O)c(O)c1
DINITROPHENYLENE,O=[N+]([O-])c1cccc([N+](=O)[O-])c1
METHYLPHENYLSULFOXIDE,C[S+]([O-])c1ccccc1
ABANOQUIL,COc1cc2c(cc1OC)CN(c1cc(N)c3cc(OC)c(OC)cc3n1)CC2
TESTOSTERONE PROPIONATE,CCC(=O)O[C@H]1CC[C@H]2[C@@H]3CCC4=CC(=O)CC[C@]4(C)[C@H]3CC[C@]12C
METHYLPHENYLSULFONE,CS(=O)(=O)c1ccccc1
FLUOROMETHANE,CF
CHLOROMETHANE,CCl
FORMIC ACID,O=CO
TETRACHLOROETHYLENE,ClC(Cl)=C(Cl)Cl
PROPENE,C=CC
N-NITROSODIMETHYLAMINE,CN(C)N=O
ETHYLENE,C=C
TRIFLUOROETHANOL,OCC(F)(F)F
CARBIMIDE,N=C=N
CONGO RED FREE ACID,Nc1c(/N=N/c2ccc(-c3ccc(/N=N/c4cc(S(=O)(=O)O)c5ccccc5c4N)cc3)cc2)cc(S(=O)(=O)O)c2ccccc12
ROSMARINIC ACID,O=C(/C=C/c1ccc(O)c(O)c1)O[C@H](Cc1ccc(O)c(O)c1)C(=O)O
DAZEPINIL,CC1=Nc2ccccc2CC(c2ccccc2)N1C
PRUCALOPRIDE,COCCCN1CCC(NC(=O)c2cc(Cl)c(N)c3c2OCC3)CC1
CONGOCIDINE,Cl.Cl.Cn1cc(NC(=O)c2cc(NC(=O)CNC(=N)N)cn2C)cc1C(=O)NCCC(=N)N
BENZENETHIOL,Sc1ccccc1
TRICHLORETHANOL,OCC(Cl)(Cl)Cl
TRIFLUOROACETAMIDE,NC(=O)C(F)(F)F
ETHYNE,C#C
DESLORATADINE,Clc1ccc2c(c1)CCc1cccnc1C2=C1CCNCC1
IODOMETHANE,CI
IODOBENZENE,Ic1ccccc1
SULBACTAM PIVOXIL,CC(C)(C)C(=O)OCOC(=O)[C@@H]1N2C(=O)C[C@H]2S(=O)(=O)C1(C)C
DIMETHYLAMILORIDE,CN(C)c1nc(C(=O)N=C(N)N)c(N)nc1Cl
AROYLGUANIDINE,N/C(=N/C(=O)c1cc(Cl)c([N+](=O)[O-])cc1N)NCc1cccc2ccccc12
PROPYNE,C#CC
3-CHLOROANILINE,Nc1cccc(Cl)c1
DIETHYL SULFIDE,CCSCC
THIOGLYCOLIC ACID,O=C(O)CS
CRAMBESCIDIN 800 TRIHYDROCHLORIDE,CC[C@H]1C=CCC[C@@]2(C[C@@H]3CC[C@@H]4[C@H](C(=O)OCCCCCCCCCCCCCCCC(=O)N(CCCN)C[C@@H](O)CCN)[C@]5(CCC[C@@H](C)O5)NC(=N2)N34)O1.Cl.Cl.Cl
METHOXYMETHANE,COC
2-ETHOXYETHANOL,CCOCCO
DICHLOROTETRAFLUOROETHANE,FC(F)(Cl)C(F)(F)Cl
EPTIFIBATIDE,N=C(N)NCCCC[C@@H]1NC(=O)CCSSC[C@@H](C(N)=O)NC(=O)[C@@H]2CCCN2C(=O)[C@H](Cc2c[nH]c3ccccc23)NC(=O)[C@H](CC(=O)O)NC(=O)CNC1=O
CIMICOXIB,COc1ccc(-c2c(Cl)ncn2-c2ccc(S(N)(=O)=O)cc2)cc1F
TIPLASININ,O=C(O)C(=O)c1cn(Cc2ccccc2)c2ccc(-c3ccc(OC(F)(F)F)cc3)cc12
LYSOPHOSPHATIDIC ACID,CCCCCCCC/C=C\CCCCCCCC(=O)OC[C@@H](O)COP(=O)(O)O
CGS-21680,CCNC(=O)[C@H]1O[C@@H](n2cnc3c(N)nc(NCCc4ccc(CCC(=O)O)cc4)nc32)[C@H](O)[C@@H]1O
MANIFAXINE,C[C@@H]1CO[C@@](O)(c2cc(F)cc(F)c2)[C@H](C)N1
METRIFUDIL,Cc1ccccc1CNc1ncnc2c1ncn2[C@@H]1O[C@H](CO)[C@@H](O)[C@H]1O
CALYSTEGINE,NC1C2CCC1(O)C(O)C(O)C2
PANEPOXYDONE,CC(C)=C[C@H](O)C1=C[C@@H](O)[C@@H]2O[C@@H]2C1=O
DEQUALINIUM,Cc1cc(N)c2ccccc2[n+]1CCCCCCCCCC[n+]1c(C)cc(N)c2ccccc21
(S)-PIA,C[C@@H](Cc1ccccc1)Nc1ncnc2c1ncn2[C@@H]1O[C@H](CO)[C@@H](O)[C@H]1O
ACANTHOL,C=C[C@@]1(C)CC=C2C(CCC3[C@](C)(CO)CCC[C@@]23C)C1
PHOSPHOHYDANTOCIDIN,O=C1NC(=O)[C@@]2(N1)O[C@H](COP(=O)(O)O)[C@@H](O)[C@H]2O
GAVESTINEL SODIUM,O=C(/C=C/c1c(C(=O)[O-])[nH]c2cc(Cl)cc(Cl)c12)Nc1ccccc1.[Na+]
ALEPLASININ,Cc1cccc(-c2ccc3c(c2)c(C(=O)C(=O)O)cn3Cc2ccc(C(C)(C)C)cc2)c1
FOLITIXORIN,Nc1nc(=O)c2c([nH]1)NCC1CN(c3ccc(C(=O)N[C@@H](CCC(=O)O)C(=O)O)cc3)CN21
MIMIC A,COc1cccc(C(=O)O[C@H]2C=CC(=O)N3C[C@@H](OC(=O)[C@H](O)[C@H](C=C(C)C)NC(=O)OC(C)(C)C)C[C@H]23)c1
OCTIMIBATE,O=C(O)CCCCCCCOc1nc(-c2ccccc2)c(-c2ccccc2)n1-c1ccccc1
TEMPOL HYDROXYLAMINE,CC1(C)CC(O)CC(C)(C)N1O
N-PHENYLBENZAMIDE,O=C(Nc1ccccc1)c1ccccc1
DULOXETINE,CNCC[C@H](Oc1cccc2ccccc12)c1cccs1
TRIPHENYLMETHANOL,OC(c1ccccc1)(c1ccccc1)c1ccccc1
AMIPIZONE,CC(Cl)C(=O)Nc1ccc(C2=NNC(=O)CC2C)cc1
2-CHLOROPHENYL-BISPHENYLMETHANE(MAJOR),Clc1ccccc1C(c1ccccc1)c1ccccc1
PEMOLINE,NC1=NC(=O)C(c2ccccc2)O1
SPIRADOLINE,CN(C(=O)Cc1ccc(Cl)c(Cl)c1)C1CCC2(CCCO2)CC1N1CCCC1
TISOPURINE,Sc1ncnc2[nH]ncc12
TETRABENAZINE,COc1cc2c(cc1OC)C1CC(=O)C(CC(C)C)CN1CC2
HADACIDIN,O=CN(O)CC(=O)O
PENTYLENETETRAZOL,C1CCc2nnnn2CC1
NEOCRYPTOLEPINE,Cn1c2nc3ccccc3c-2cc2ccccc21
CRYPTOLEPINE,C[n+]1c2ccccc2cc2[n-]c3ccccc3c21
METHIONINE METHYL ESTER HYDROCHLORIDE,COC(=O)[C@@H](N)CCSC.Cl
5-IODOISATIN,O=C1Nc2ccc(I)cc2C1=O
5-FLUOROISATIN,O=C1Nc2ccc(F)cc2C1=O
PRIZIDILOL,CC(C)(C)NCC(O)COc1ccccc1-c1ccc(NN)nn1
BENZOIC ACID OCTYL ESTER,CCCCCCCCOC(=O)c1ccccc1
"OCTYL 3,4-DIHYDROXYBENZOATE",CCCCCCCCOC(=O)c1ccc(O)c(O)c1
IRCINOL A,OC1=C[C@@]2(O)CC/C=C\CCCCN3CC[C@@H]1[C@]1(C[C@@H]4/C=C\CCCCN4[C@H]12)C3
ZONAMPANEL,O=C(O)Cn1c(=O)c(=O)[nH]c2cc([N+](=O)[O-])c(-n3ccnc3)cc21
TRICIRIBINE,CN1N=C(N)c2cn([C@@H]3O[C@H](CO)[C@@H](O)[C@H]3O)c3ncnc1c23
NEFLAMAPIMOD,O=c1ncn2nc(Sc3ccc(F)cc3F)ccc2c1-c1c(Cl)cccc1Cl
IRCINAL,O=CC1=C[C@@]2(O)CC/C=C\CCCCN3CC[C@@H]1[C@]1(C[C@@H]4/C=C\CCCCN4[C@H]12)C3
BANOXANTRONE,C[N+](C)([O-])CCNc1ccc(NCC[N+](C)(C)[O-])c2c1C(=O)c1c(O)ccc(O)c1C2=O
CONCANAMYCIN,C/C=C/[C@H]1O[C@@](O)([C@@H](C)[C@H](O)[C@H](C)[C@H]2OC(=O)/C(OC)=C/C(C)=C/[C@@H](C)[C@@H](O)[C@@H](CC)[C@@H](O)[C@H](C)C/C(C)=C/C=C/[C@@H]2OC)C[C@@H](O)[C@@H]1C
"12,28-OXA-8-HYDROXY-MANZAMINE A",Oc1cccc2c3cc[nH]c(C4=C[C@]56CC/C=C\CCCCN7CC[C@@H]4[C@]4(C[C@@H]8/C=C\CCC[C@@H](O5)N8[C@H]46)C7)c-3nc12
MANZAMINE,O[C@]12C=C(c3[nH]ccc4c5ccccc5nc3-4)[C@@H]3CCN(CCCC/C=C\CC1)C[C@@]31C[C@@H]3/C=C\CCCCN3[C@H]12
O-DEMETHYLATED ADAPALENE,O=C(O)c1ccc2cc(-c3ccc(O)c(C45CC6CC(CC(C6)C4)C5)c3)ccc2c1
PYRAZOLOACRIDINE,COc1ccc2c(c1)-c1nn(CCCN(C)C)c3ccc([N+](=O)[O-])c(c13)N2
ADAROTENE,O=C(O)/C=C/c1ccc(-c2ccc(O)c(C34CC5CC(CC(C5)C3)C4)c2)cc1
IB-MECA,CNC(=O)[C@H]1O[C@@H](n2cnc3c(NCc4cccc(I)c4)ncnc32)[C@H](O)[C@@H]1O
M-MPEP,COc1cccc(C#Cc2cccc(C)n2)c1
PHENYL ISATIN,O=C1C(=O)N(c2ccccc2)c2ccccc21
"12,28-OXAMANZAMINE A",C1=C(c2[nH]ccc3c4ccccc4nc2-3)[C@@H]2CCN3CCCC/C=C\CC[C@]14O[C@@H]1CCC/C=C\[C@H]5C[C@@]2(C3)[C@H]4N51
ISATIN,O=C1Nc2ccccc2C1=O
5-NITROISATIN,O=C1Nc2ccc([N+](=O)[O-])cc2C1=O
HYDROGEN PEROXIDE,OO
BEPAFANT,Cc1nnc2n1-c1sc3c(c1C(c1ccccc1Cl)=NC2)CC(C(=O)N1CCOCC1)C3
GR-55562,CN(C)CCCc1cc(C(=O)Nc2ccc(-c3ccncc3)cc2)ccc1O
CETYLPYRIDINIUM BROMIDE,CCCCCCCCCCCCCCCC[n+]1ccccc1.[Br-]
L-21649,c1cc(-c2cnn3cc(-c4ccc(OCCN5CCCCC5)cc4)cnc23)cs1
CHLORMEQUAT CHLORIDE,C[N+](C)(C)CCCl.[Cl-]
SPIROHYDANTOIN,O=C1NC(=O)[C@]2(C[C@H](CO)[C@@H](O)[C@H](O)[C@H]2O)N1
4-HYDROXYTRIMETHOPRIM,COc1cc(Cc2cnc(N)nc2N)cc(OC)c1O
DIETHANOLAMINE,OCCNCCO
PHENAZINE,c1ccc2nc3ccccc3nc2c1
ISONICOTINIC ACID BUTYL ESTER,CCCCOC(=O)c1ccncc1
ISONICOTINIC ACID PENTYL ESTER,CCCCCOC(=O)c1ccncc1
ISONICOTINIC ACID HEPTYL ESTER,CCCCCCCOC(=O)c1ccncc1
PIPERIC ACID,O=C(O)/C=C/C=C/c1ccc2c(c1)OCO2
GLYCINEBETAINE,C[N+](C)(C)CC(=O)[O-]
ISONICOTINIC ACID OCTADECYL ESTER,CCCCCCCCCCCCCCCCCCOC(=O)c1ccncc1
DIETHYLAMINOETHANOL,CCN(CC)CCO
ETHYL HYDROGEN HEPTYLPHOSPHONATE,CCCCCCCP(=O)(O)OCC
ILEPCIMIDE,O=C(/C=C/c1ccc2c(c1)OCO2)N1CCCCC1
MAXACALCITOL,C=C1/C(=C\C=C2/CCC[C@]3(C)[C@@H]([C@H](C)OCCC(C)(C)O)CC[C@@H]23)C[C@@H](O)C[C@@H]1O
ETHYL HYDROGEN BUTYLPHOSPHONATE,CCCCP(=O)(O)OCC
ETHYL HYDROGEN HEXYLPHOSPHONATE,CCCCCCP(=O)(O)OCC
HEXAMETHONIUM BROMIDE,C[N+](C)(C)CCCCCC[N+](C)(C)C.[Br-].[Br-]
MIRISTALKONIUM CHLORIDE,CCCCCCCCCCCCCC[N+](C)(C)Cc1ccccc1.[Cl-]
CINNAMIC ALCOHOL,OC/C=C/c1ccccc1
ACETYLCHOLINE CHLORIDE,CC(=O)OCC[N+](C)(C)C.[Cl-]
ETHYL HYDROGEN NONYLPHOSPHONATE,CCCCCCCCCP(=O)(O)OCC
TLGIVCPIC,CC[C@H](C)[C@H](NC(=O)CNC(=O)[C@H](CC(C)C)NC(=O)[C@@H](N)[C@@H](C)O)C(=O)N[C@H](C(=O)N[C@@H](CS)C(=O)N1CCC[C@H]1C(=O)N[C@H](C(=O)N[C@@H](CS)C(=O)O)[C@@H](C)CC)C(C)C
THIOSALICYLIC ACID,O=C(O)c1ccccc1S
ZOLMITRIPTAN,CN(C)CCc1c[nH]c2ccc(C[C@H]3COC(=O)N3)cc12
ADITEREN,COc1cc(Cc2cnc(N)nc2N)cc(OC)c1N
ERGONOVINE,C[C@@H](CO)NC(=O)[C@@H]1C=C2c3cccc4[nH]cc(c34)C[C@H]2N(C)C1
GIGILTVIL,CC[C@H](C)[C@H](NC(=O)CN)C(=O)NCC(=O)N[C@H](C(=O)N[C@@H](CC(C)C)C(=O)N[C@H](C(=O)N[C@H](C(=O)N[C@H](C(=O)N[C@@H](CC(C)C)C(=O)O)[C@@H](C)CC)C(C)C)[C@@H](C)O)[C@@H](C)CC
OVEMOTIDE,CC(C)C[C@H](NC(=O)[C@@H](N)Cc1ccc(O)cc1)C(=O)N[C@@H](CCC(=O)O)C(=O)N1CCC[C@H]1C(=O)NCC(=O)N1CCC[C@H]1C(=O)N[C@H](C(=O)N[C@H](C(=O)N[C@H](C(=O)O)C(C)C)[C@@H](C)O)C(C)C
TRIMETHYL-OCTADECYL-AMMONIUM CHLORIDE,CCCCCCCCCCCCCCCCCC[N+](C)(C)C.[Cl-]
TRIBUTYRIN,CCCC(=O)OCC(COC(=O)CCC)OC(=O)CCC
TETRYLAMMONIUM BROMIDE,CC[N+](CC)(CC)CC.[Br-]
TETRAHYDROPIPERINE,O=C(CCCCc1ccc2c(c1)OCO2)N1CCCCC1
LIGNESFAL,CC[C@H](C)[C@H](NC(=O)[C@@H](N)CC(C)C)C(=O)NCC(=O)N[C@@H](CC(N)=O)C(=O)N[C@@H](CCC(=O)O)C(=O)N[C@@H](CO)C(=O)N[C@@H](Cc1ccccc1)C(=O)N[C@@H](C)C(=O)N[C@@H](CC(C)C)C(=O)O
GLACHQLCA,CC(C)C[C@H](NC(=O)CN)C(=O)N[C@@H](C)C(=O)N[C@@H](CS)C(=O)N[C@@H](Cc1c[nH]cn1)C(=O)N[C@@H](CCC(N)=O)C(=O)N[C@@H](CC(C)C)C(=O)N[C@@H](CS)C(=O)N[C@@H](C)C(=O)O
KIFGSLAFL,CC[C@H](C)[C@H](NC(=O)[C@@H](N)CCCCN)C(=O)N[C@@H](Cc1ccccc1)C(=O)NCC(=O)N[C@@H](CO)C(=O)N[C@@H](CC(C)C)C(=O)N[C@@H](C)C(=O)N[C@@H](Cc1ccccc1)C(=O)N[C@@H](CC(C)C)C(=O)O
2-METHYL HEPTYL ISONICOTINATE,CCCCCC(C)COC(=O)c1ccncc1
ISONICOTINIC ACID OCTYL ESTER,CCCCCCCCOC(=O)c1ccncc1
ISONICOTINIC ACID HEXYL ESTER,CCCCCCOC(=O)c1ccncc1
DEANOL,CC(C)(N)CO
ACYLFULVENE,CC1=CC2=C(C)C3(CC3)[C@@](C)(O)C(=O)C2=C1
VERATRIC ACID,COc1ccc(C(=O)O)cc1OC
TETOMILAST,CCOc1ccc(-c2nc(-c3cccc(C(=O)O)n3)cs2)cc1OCC
VANILLIC ACID,COc1cc(C(=O)O)ccc1O
IROFULVEN,CC1=C(CO)C2=C(C)C3(CC3)[C@@](C)(O)C(=O)C2=C1
LEXACALCITOL,C=C1/C(=C\C=C2/CCC[C@]3(C)[C@@H]([C@@H](C)OCCCC(O)(CC)CC)CC[C@@H]23)C[C@@H](O)C[C@@H]1O
ENDOMORPHIN 2,NC(=O)[C@H](Cc1ccccc1)NC(=O)[C@H](Cc1ccccc1)NC(=O)[C@@H]1CCCN1C(=O)[C@@H](N)Cc1ccc(O)cc1
(PENTAFLUOROPHENYL)SULFONYLSULFAMIC ACID,O=S(=O)(O)NS(=O)(=O)c1c(F)c(F)c(F)c(F)c1F
DISOMOTIDE,CC[C@H](C)[C@H](N)C(=O)N[C@@H](CCSC)C(=O)N[C@@H](CC(=O)O)C(=O)N[C@@H](CCC(N)=O)C(=O)N[C@H](C(=O)N1CCC[C@H]1C(=O)N[C@@H](Cc1ccccc1)C(=O)N[C@@H](CO)C(=O)N[C@H](C(=O)O)C(C)C)C(C)C
ALMPLYACI,CC[C@H](C)[C@H](NC(=O)[C@H](CS)NC(=O)[C@H](C)NC(=O)[C@H](Cc1ccc(O)cc1)NC(=O)[C@H](CC(C)C)NC(=O)[C@@H]1CCCN1C(=O)[C@H](CCSC)NC(=O)[C@H](CC(C)C)NC(=O)[C@H](C)N)C(=O)O
GAMMA-TOCOTRIENOL,CC(C)=CCC/C(C)=C/CC/C(C)=C/CC[C@]1(C)CCc2cc(O)c(C)c(C)c2O1
NOJIRIMYCIN,OC[C@H]1NC(O)[C@H](O)[C@@H](O)[C@@H]1O
TETRAGASTRIN,CSCC[C@H](NC(=O)[C@@H](N)Cc1c[nH]c2ccccc12)C(=O)N[C@@H](CC(=O)O)C(=O)N[C@@H](Cc1ccccc1)C(N)=O
TOCOTRIENOL,CC(C)=CCC/C(C)=C/CC/C(C)=C/CCC1(C)CCc2cc(O)ccc2O1
ALPHA-TOCOTRIENOL,CC(C)=CCC/C(C)=C/CC/C(C)=C/CC[C@]1(C)CCc2c(C)c(O)c(C)c(C)c2O1
DELTA-TOCOTRIENOL,CC(C)=CCC/C(C)=C/CC/C(C)=C/CC[C@]1(C)CCc2cc(O)cc(C)c2O1
FLAZALONE,CN1CCC(O)(c2ccc(F)cc2)C(C(=O)c2ccc(F)cc2)C1
TOBORINONE,COc1ccc(CNCC(O)COc2ccc3[nH]c(=O)ccc3c2)cc1OC
DIMESITYL DISULFIDE,Cc1cc(C)c(SSc2c(C)cc(C)cc2C)c(C)c1
CYCLOHEXIMIDE,C[C@@H]1C[C@@H]([C@H](O)CC2CC(=O)NC(=O)C2)C(=O)[C@@H](C)C1
THIRAM,CN(C)C(=S)SSC(=S)N(C)C
5-NITRO-2-FUROIC ACID,O=C(O)c1ccc([N+](=O)[O-])o1
BIS(DIBENZYLAMINETHIOCARBONYL)DISULFIDE,S=C(SSC(=S)N(Cc1ccccc1)Cc1ccccc1)N(Cc1ccccc1)Cc1ccccc1
DIMETHYLAMINE,CNC
PALMITOYL GABA,CCCCCCCCCCCCCCCC(=O)NCCCC(=O)O
METHANANDAMIDE,CCCCC/C=C\C/C=C\C/C=C\C/C=C\CCCC(=O)N[C@H](C)CO
DIBENZYL DISULFIDE,c1ccc(CSSCc2ccccc2)cc1
DISULFONE,O=S(=O)(c1ccccc1)S(=O)(=O)c1ccccc1
"DISULFOXIDIE BIS(3,3 CHLORO BENZENE)",[O-][S+](c1ccc(Cl)cc1)[S+]([O-])c1ccc(Cl)cc1
(S)-WILLARDIINE,N[C@@H](Cn1ccc(=O)[nH]c1=O)C(=O)O
IMIDODIPHOSPHATE TETRAMETHYL ESTER,CCOP(=O)(NP(=O)(OCC)OCC)OCC
BIS[({[(METHYLAMINO)CARBONOTHIOYL]DITHIO}CARBONOTHIOYL)AMINO]METHANE,C/N=C(\S)SS/C(S)=N/C/N=C(\S)SS/C(S)=N/C
DIXANTHOGEN,CCOC(=S)SSC(=S)OCC
DOMOATE,C=C(O)C1NCC(/C(C)=C/C=C/[C@@H](C)C(=C)O)C1C(=C)O
BIS(PIPERIDINYLTHIOCARBONYL)DISULFIDE,S=C(SSC(=S)N1CCCCC1)N1CCCCC1
PHOSPHORIC ACID,O=P(O)(O)O
GLIOTOXIN,CN1C(=O)[C@]23CC4=CC=C[C@H](O)[C@H]4N2C(=O)[C@@]1(CO)SS3
TOLFENAMIC ACID,Cc1c(Cl)cccc1Nc1ccccc1C(=O)O
CASSAINE,C[C@H]1/C(=C/C(=O)OCCN(C)C)CCC2C1C(=O)CC1C(C)(C)[C@@H](O)CC[C@]21C
ALPHA-HYDROXY-MIDAZOLAM,OCc1ncc2n1-c1ccc(Cl)cc1C(c1ccccc1F)=NC2
ANDOLAST,O=C(Nc1ccc(-c2nnn[nH]2)cc1)c1ccc(-c2nnn[nH]2)cc1
FOSRAVUCONAZOLE,C[C@@H](c1nc(-c2ccc(C#N)cc2)cs1)[C@@](Cn1cncn1)(OCOP(=O)(O)O)c1ccc(F)cc1F
DIETHYLAMINE,CCNCC
PHOSPHORAMIDIC ACID,NP(=O)(O)O
DIAMIDOPHOSPHATE,NP(N)(=O)O
E637,CCc1occc(=O)c1O
SULFHYDRYL BORON HYDRIDE,N/C(S)=N\NS(=O)(=O)c1ccccc1
ATORVASTATIN LACTONE,CC(C)c1c(C(=O)Nc2ccccc2)c(-c2ccccc2)c(-c2ccc(F)cc2)n1CC[C@@H]1C[C@@H](O)CC(=O)O1
A-192621,CCCOc1ccc([C@H]2[C@H](C(=O)O)[C@@H](c3ccc4c(c3)OCO4)CN2CC(=O)Nc2c(CC)cccc2CC)cc1
CADAVERINE TARTRATE,O=C(O)C(O)C(O)C(=O)O
TRANS-ASARONE,C/C=C/c1cc(OC)c(OC)cc1OC
VIBRIOBACTIN,CC1OC(c2cccc(O)c2O)=NC1C(=O)NCCCN(CCCNC(=O)c1cccc(O)c1O)C(=O)C1N=C(c2cccc(O)c2O)OC1C
SPERMEXATOL,CN(O)C(=O)CCC(=O)N(CCCCNC(=O)c1cccc(O)c1O)CCCNC(=O)c1cccc(O)c1O
DEOXYARTEMISININ,C[C@@H]1CC[C@H]2[C@@H](C)C(=O)O[C@@H]3O[C@@]4(C)CC[C@@H]1[C@]32O4
[N-ME LEU5] DIDEMNIN B,CC[C@H](C)[C@H]1NC(=O)[C@@H](NC(=O)[C@@H](CC(C)C)N(C)C(=O)C2CCCN2C(=O)[C@H](C)O)[C@@H](C)OC(=O)[C@H](CC(C)C)N(C)C(=O)[C@@H]2CCCN2C(=O)[C@H](CC(C)C)NC(=O)[C@@H](C)C(=O)[C@H](C(C)C)OC(=O)C[C@@H]1O
M-FLUOROBENZYLGUANIDINE,N=C(N)NCc1cccc(F)c1
TROPOLONE,O=c1cccccc1O
LMP-744,COc1cc2c3c(n(CCCNCCO)c(=O)c2cc1OC)-c1cc2c(cc1C3=O)OCO2
PHYSOSTIGMINE SALICYLATE,CNC(=O)Oc1ccc2c(c1)[C@]1(C)CCN(C)[C@@H]1N2C.O=C(O)c1ccccc1O
GANSTIGMINE,CCc1ccccc1NC(=O)Oc1ccc2c(c1)[C@]1(C)CCN(C)O[C@@H]1N2C
EMATE,C[C@]12CC[C@@H]3c4ccc(OS(N)(=O)=O)cc4CC[C@H]3[C@@H]1CCC2=O
URSOLIC ACID,C[C@H]1[C@H](C)CC[C@]2(C(=O)O)CC[C@]3(C)C(=CC[C@@H]4[C@@]5(C)CC[C@H](O)C(C)(C)[C@@H]5CC[C@]43C)[C@H]12
METHSERGIDE,CCC(CC)NC(=O)[C@@H]1C=C2c3cccc4c3c(cn4C)C[C@H]2N(C)C1
7-DEAZAXANTHINE,O=c1[nH]c(=O)c2cc[nH]c2[nH]1
DEQUALINIUM CHLORIDE,Cc1cc(N)c2ccccc2[n+]1CCCCCCCCCC[n+]1c(C)cc(N)c2ccccc21.[Cl-].[Cl-]
LESCOL,CC(C)n1c(/C=C/[C@@H](O)C[C@@H](O)CC(=O)[O-])c(-c2ccc(F)cc2)c2ccccc21.[Na+]
ESERIDINE,CNC(=O)Oc1ccc2c(c1)[C@]1(C)CCN(C)O[C@@H]1N2C
1-NAPHTHOL,Oc1cccc2ccccc12
METHYL PHOSPHONATE,CP(=O)(O)O
CAMPTOTHECIN-20-O-PROPIONATE,CCC(=O)O[C@]1(CC)C(=O)OCc2c1cc1n(c2=O)Cc2cc3ccccc3nc2-1
ALLITRIDIN,C=CCSSSCC=C
LOBELINE,CN1[C@@H](CC(=O)c2ccccc2)CCC[C@H]1C[C@H](O)c1ccccc1
AJOENE,C=CCSS/C=C/C[S+]([O-])CC=C
QUINDECAMINE,Cc1cc(NCCCCCCCCCCNc2cc(C)nc3ccccc23)c2ccccc2n1
AKUAMMIGINE,COC(=O)C1=CO[C@@H](C)[C@@H]2CN3CCc4c([nH]c5ccccc45)[C@H]3C[C@H]12
8R-hydroxylobelane,CN1[C@H](CCc2ccccc2)CCC[C@@H]1C[C@@H](O)c1ccccc1
2-ARACHIDONOYLGLYCEROL,CCCCC/C=C\C/C=C\C/C=C\C/C=C\CCCC(=O)OC(CO)CO
LOBELANE,CN1[C@@H](CCc2ccccc2)CCC[C@H]1CCc1ccccc1
LIDADRONIC ACID,CN(C)CCC(N)(P(=O)(O)O)P(=O)(O)O
ZINVIROXIME,CC(C)S(=O)(=O)n1c(N)nc2ccc(/C(=N\O)c3ccccc3)cc21
(Z)-Ajoene,C=CCSS/C=C\C[S+]([O-])CC=C
DECAMETHONIUM,C[N+](C)(C)CCCCCCCCCC[N+](C)(C)C
HEXAMETHONIUM HYDROXIDE,C[N+](C)(C)CCCCCC[N+](C)(C)C.[OH-].[OH-]
BENZOIC ACID HYDRAZIDE,NNC(=O)c1ccccc1
ENDIXAPRINE,OC1CCN(c2ccc(-c3ccc(Cl)cc3Cl)nn2)CC1
LODAXAPRINE,OC1CCN(c2ccc(-c3ccccc3Cl)nn2)CC1
METHIOTHEPINE,CSc1ccc2c(c1)C(CCN)=CC2
TUBOCURARINE,COc1cc2c3cc1Oc1cc(ccc1O)C[C@@H]1c4c(cc(OC)c(O)c4Oc4ccc(cc4)C[C@@H]3N(C)CC2)CC[N+]1(C)C
DIMINAZEN ACETURATE,CC(=O)NCC(=O)O.N=C(N)c1ccc(/N=N/Nc2ccc(C(=N)N)cc2)cc1
LIFARIZINE,Cc1ccc(-c2nc(CN3CCN(C(c4ccccc4)c4ccccc4)CC3)c(C)[nH]2)cc1
NICOTINIC ACID HYDRAZIDE,NNC(=O)c1cccnc1
SULFAGUANIDINE,N=C(N)NS(=O)(=O)c1ccc(N)cc1
SULFAMETHIZOLE,Cc1nnc(NS(=O)(=O)c2ccc(N)cc2)s1
ASCIDIDEMIN,O=C1c2cccnc2-c2nccc3c2c1nc1ccccc13
(S)-BICALUTAMIDE,C[C@@](O)(CS(=O)(=O)c1ccc(F)cc1)C(=O)Nc1ccc(C#N)c(C(F)(F)F)c1
ACRIDONE,O=c1c2ccccc2[nH]c2ccccc12
HYDANTOIN,O=C1CNC(=O)N1
ACETOTHIOLUTAMIDE,CC(=O)Nc1ccc(SC[C@](C)(O)C(=O)Nc2ccc(C#N)c(C(F)(F)F)c2)cc1
"5,6,7,8-TETRAHYDROISOQUINOLINE",c1cc2c(cn1)CCCC2
ANTHRACENE,c1ccc2cc3ccccc3cc2c1
SODIUM BISULFITE ADDUCT,CN(C)C(=O)/C=C/C1=CN2C(=O)c3cc4c(cc3NC(S(=O)(=O)[O-])[C@@H]2C1)OCO4.[Na+]
PYRAZINE CARBOXYLIC ACID HYDRAZIDE,NNC(=O)c1cnccn1
EMODIN ANTHRONE,Cc1cc(O)c2c(c1)Cc1cc(O)cc(O)c1C2=O
CENSAVUDINE,C#C[C@@]1(CO)C=C[C@H](n2cc(C)c(=O)[nH]c2=O)O1
TUAMINOHEPTANE,CCCCCC(C)N
AZAMETHONIUM BROMIDE,CC[N+](C)(C)CCN(C)CC[N+](C)(C)CC.[Br-].[Br-]
"2,2'-DIHYDROXYBENZPHENONE",O=C(c1ccccc1O)c1ccccc1O
TANDUTINIB,COc1cc2c(N3CCN(C(=O)Nc4ccc(OC(C)C)cc4)CC3)ncnc2cc1OCCCN1CCCCC1
ANTHRONE,O=C1c2ccccc2Cc2ccccc21
BENZOCLIDINE,O=C(OC1CN2CCC1CC2)c1ccccc1
CHLORTHENOXAZINE,O=C1NC(CCCl)Oc2ccccc21
BENZOYLENUREA,O=c1[nH]c(=O)c2ccccc2[nH]1
PHTHALAZINONE,Oc1nncc2ccccc12
METHANESULFONIC ACID ETHYL ESTER,CCOS(C)(=O)=O
4-NITROQUINOLINE-1-OXIDE,O=[N+]([O-])c1cc[n+]([O-])c2ccccc12
THIAZOLIDINONE,O=C1CNCS1
DIKETOPIPERAZINE,O=C1CNC(=O)CN1
CARBAMIC ACID,NC(=O)O
HARUNGANOL B,CC(C)=CCc1c(C)c(CC=C(C)C)c2c(c1O)C(=O)c1c(O)cc(O)c(CC=C(C)C)c1C2
XANTHOTOXOL,O=c1ccc2cc3ccoc3c(O)c2o1
XANTHOSTIGMINE,CNC(=O)Oc1cccc(CN(C)CCCOc2ccc3c(=O)c4ccccc4oc3c2)c1
N-(HEPTAMETHYLENEIMINO)METHYLENEBISPHOSPHONIC ACID,O=P(O)(O)C(N1CCCCCCC1)P(=O)(O)O
C-1311,CCN(CC)CCNc1ccc2ncn3c4ccc(O)cc4c(=O)c1c23
DIPLAMINE,CSC1=C(CCNC(C)=O)c2nc3ccccc3c3ccnc(c23)C1=O
IVM AGLYCONE,CC[C@H](C)[C@H]1O[C@]2(CC[C@@H]1C)C[C@@H]1C[C@@H](C/C=C(\C)[C@@H](O)[C@@H](C)/C=C/C=C3\CO[C@@H]4[C@H](O)C(C)=C[C@@H](C(=O)O1)[C@]34O)O2
DIAZAANTHRAQUINONE,Cc1cc(=O)n(C)c2c1C(=O)c1c(C)cc(=O)n(C)c1C2=O
KUANONIAMINE D,CC(=O)NCCc1c2c3c(ccnc3c3ncsc13)-c1ccccc1N2
SHERMILAMINE B,CC(=O)NCCc1c2c(c3nccc4c3c1Nc1ccccc1-4)NC(=O)CS2
EILATIN,c1ccc2c(c1)nc1c3nc4ccccc4c4ccnc(c5nccc2c51)c43
PLEVITREXED,C#CCN(Cc1cc2c(O)nc(C)nc2cc1C)c1ccc(C(=O)N[C@@H](CCc2nnn[nH]2)C(=O)O)c(F)c1
DADLE,CC(C)C[C@@H](NC(=O)[C@H](Cc1ccccc1)NC(=O)CNC(=O)[C@@H](C)NC(=O)[C@@H](N)Cc1ccc(O)cc1)C(=O)O
LEUCOCIANIDOL,Oc1cc(O)c2c(c1)OC(c1ccc(O)c(O)c1)C(O)C2O
SUMANIROLE,CN[C@@H]1Cc2cccc3[nH]c(=O)n(c23)C1
PROPYLPYRAZOLETRIOL,CCCc1c(-c2ccc(O)cc2)nn(-c2ccc(O)cc2)c1-c1ccc(O)cc1
PHORBOL,CC1=C[C@H]2[C@@]3(O)[C@H](C)[C@@H](O)[C@]4(O)[C@H]([C@@H]3C=C(CO)C[C@]2(O)C1=O)C4(C)C
PHENIRAMINE,CN(C)CCC(c1ccccc1)c1ccccn1
AZIMILIDE,CN1CCN(CCCCN2C(=O)CN(/N=C/c3ccc(-c4ccc(Cl)cc4)o3)C2=O)CC1
BUTETHAMINE,CC(C)CNCCOC(=O)c1ccc(N)cc1
PRILOCAINE,CCCNC(C)C(=O)Nc1ccccc1C
TETRAETHYLAMMONIUM CHLORIDE,CC[N+](CC)(CC)CC.[Cl-]
MAGAININ I,CC[C@H](C)[C@H](NC(=O)CN)C(=O)NCC(=O)N[C@@H](CCCCN)C(=O)N[C@@H](Cc1ccccc1)C(=O)N[C@@H](CC(C)C)C(=O)N[C@@H](Cc1cnc[nH]1)C(=O)N[C@@H](CO)C(=O)N[C@@H](C)C(=O)NCC(=O)N[C@@H](CCCCN)C(=O)N[C@@H](Cc1ccccc1)C(=O)NCC(=O)N[C@@H](CCCCN)C(=O)N[C@@H](C)C(=O)N[C@@H](Cc1ccccc1)C(=O)N[C@H](C(=O)NCC(=O)N[C@@H](CCC(=O)O)C(=O)N[C@H](C(=O)N[C@@H](CCSC)C(=O)N[C@@H](CCCCN)C(=O)N[C@@H](CO)C(=O)O)[C@@H](C)CC)C(C)C
PROPOXYCAINE,CCCOc1cc(N)ccc1C(=O)OCCN(CC)CC
PROPARACAINE,CCCOc1ccc(C(=O)OCCN(CC)CC)cc1N
PANIPENEM,CC(=N)N1CC[C@H](SC2=C(C(=O)O)N3C(=O)[C@H]([C@@H](C)O)[C@H]3C2)C1
OXETHAZAINE,CN(C(=O)CN(CCO)CC(=O)N(C)C(C)(C)Cc1ccccc1)C(C)(C)Cc1ccccc1
CYCLOMETHYCAINE,CC1CCCCN1CCCOC(=O)c1ccc(OC2CCCCC2)cc1
PARETHOXYCAINE,CCOc1ccc(C(=O)OCCN(CC)CC)cc1
HEXYLCAINE,CC(CNC1CCCCC1)OC(=O)c1ccccc1
PRAMOXINE,CCCCOc1ccc(OCCCN2CCOCC2)cc1
ZOLAMINE,COc1ccc(CN(CCN(C)C)c2nccs2)cc1
PIPEROCAINE,CC1CCCCN1CCCOC(=O)c1ccccc1
MEPRYLCAINE,CCCNC(C)(C)COC(=O)c1ccccc1
DITRAN,CCN1CCCC(OC(=O)C(O)(c2ccccc2)C2CCCC2)C1
SULFOXIDE METABOLITE,[O-][S+]1c2ccccc2N=C(N2CCN(CCOCCO)CC2)c2ccccc21
FLUPERAMIDE,CN(C)C(=O)C(CCN1CCC(O)(c2ccc(Cl)c(C(F)(F)F)c2)CC1)(c1ccccc1)c1ccccc1
CARCAINIUM CHLORIDE,C[N+](C)(CC(=O)Nc1ccccc1)CC(=O)Nc1ccccc1.[Cl-]
TIAPAMIL,COc1ccc(CCN(C)CCCC2(c3ccc(OC)c(OC)c3)S(=O)(=O)CCCS2(=O)=O)cc1OC
DILAZEP,COc1cc(C(=O)OCCCN2CCCN(CCCOC(=O)c3cc(OC)c(OC)c(OC)c3)CC2)cc(OC)c1OC
PROLONIUM IODIDE,C[N+](C)(C)CC(O)C[N+](C)(C)C.[I-].[I-]
DIMETHISOQUIN,CCCCc1cc2ccccc2c(OCCN(C)C)n1
DIPERODON,O=C(Nc1ccccc1)OCC(CN1CCCCC1)OC(=O)Nc1ccccc1
PHENACAINE,CCOc1ccc(/N=C(\C)Nc2ccc(OCC)cc2)cc1
BENOXINATE,CCCCOc1cc(C(=O)OCCN(CC)CC)ccc1N
BUTACAINE,CCCCN(CCCC)CCCOC(=O)c1ccc(N)cc1
NIFENALOL,CC(C)NCC(O)c1ccc([N+](=O)[O-])cc1
PERLAPINE,CN1CCN(C2=Nc3ccccc3Cc3ccccc32)CC1
DP[TYR(ME)2]AVP,CN1C(=O)CC(C)(C)SSC[C@H](C(=O)N2CCC[C@H]2C(=O)N[C@@H](CCCN=C(N)N)C(=O)NCC(N)=O)NC(=O)[C@@H](CC(N)=O)NC(=O)[C@H](CCC(N)=O)NC(=O)[C@@H](Cc2ccccc2)NC(=O)[C@@H]1Cc1ccc(O)cc1
HEXOBENDINE,COc1cc(C(=O)OCCCN(C)CCN(C)CCCOC(=O)c2cc(OC)c(OC)c(OC)c2)cc(OC)c1OC
POZANICLINE,Cc1ncccc1OC[C@@H]1CCCN1
THIOTHIXENE,CN1CCN(CC/C=C2/c3ccccc3Sc3ccc(S(=O)(=O)N(C)C)cc32)CC1
IPRINDOLE,CN(C)CCCn1c2c(c3ccccc31)CCCCCC2
BUTAMBEN,CCCCOC(=O)c1ccc(N)cc1
INDIRUBIN-3-MONOXIME,O=Nc1c(-c2c(O)[nH]c3ccccc23)[nH]c2ccccc12
"3,4,2',4',6'-PENTAHYDROXYCHALCONE",O=C(/C=C/c1ccc(O)c(O)c1)c1c(O)cc(O)cc1O
AZACYCLONOL,OC(c1ccccc1)(c1ccccc1)C1CCNCC1
DIHYDROCINNAMALDEHYDE,O=CCCc1ccccc1
"4,2',4',6'-TETRAHYDROXYCHALCONE",O=C(/C=C/c1ccc(O)cc1)c1c(O)cc(O)cc1O
GALLOCATECHIN,Oc1cc(O)c2c(c1)O[C@H](c1cc(O)c(O)c(O)c1)[C@@H](O)C2
BUTEIN,O=C(/C=C/c1ccc(O)c(O)c1)c1ccc(O)cc1O
ISOLIQUIRITIGENIN,O=C(/C=C/c1ccc(O)cc1)c1ccc(O)cc1O
"2',4',6-TRIHYDROXYCHALCONE",O=C(/C=C/c1ccccc1)c1c(O)cc(O)cc1O
CALYTHROPSIN,COc1ccc(C(=O)/C=C/c2ccc(O)c(O)c2)c(O)c1
(+)-EPICATECHIN,Oc1cc(O)c2c(c1)O[C@@H](c1ccc(O)c(O)c1)[C@@H](O)C2
CIPROFLOXACIN HYDROCHLORIDE,Cl.O=C(O)c1cn(C2CC2)c2cc(N3CCNCC3)c(F)cc2c1=O
(-)-CATECHINGALLATE,O=C(O[C@@H]1Cc2c(O)cc(O)cc2O[C@H]1c1ccc(O)c(O)c1)c1cc(O)c(O)c(O)c1
AZAPERONE,O=C(CCCN1CCN(c2ccccn2)CC1)c1ccc(F)cc1
NEOTHRAMYCIN,COc1cc2c(cc1O)N=C[C@@H]1CC=C(O)N1C2=O
NEUROPEPTIDE Y(NPY),CC[C@H](C)[C@H](NC(=O)[C@H](Cc1ccc(O)cc1)NC(=O)[C@H](Cc1c[nH]cn1)NC(=O)[C@H](CCCN=C(N)N)NC(=O)[C@H](CC(C)C)NC(=O)[C@H](C)NC(=O)[C@H](CO)NC(=O)[C@H](Cc1ccc(O)cc1)NC(=O)[C@H](Cc1ccc(O)cc1)NC(=O)[C@H](CCCN=C(N)N)NC(=O)[C@H](C)NC(=O)[C@H](CC(C)C)NC(=O)[C@H](CC(=O)O)NC(=O)[C@H](CCC(=O)O)NC(=O)[C@H](C)NC(=O)[C@@H]1CCCN1C(=O)[C@H](C)NC(=O)[C@H](CC(=O)O)NC(=O)[C@H](CCC(=O)O)NC(=O)CNC(=O)[C@@H]1CCCN1C(=O)[C@H](CC(N)=O)NC(=O)[C@H](CC(=O)O)NC(=O)[C@@H]1CCCN1C(=O)[C@H](CCCCN)NC(=O)[C@H](CO)NC(=O)[C@@H]1CCCN1C(=O)[C@@H](N)Cc1ccc(O)cc1)C(=O)N[C@@H](CC(N)=O)C(=O)N[C@@H](CC(C)C)C(=O)N[C@H](C(=O)N[C@H](C(=O)N[C@@H](CCCN=C(N)N)C(=O)N[C@@H](CCC(N)=O)C(=O)N[C@@H](CCCN=C(N)N)C(=O)N[C@@H](Cc1ccc(O)cc1)C(=O)O)[C@@H](C)O)[C@@H](C)CC
TEBUQUINE,CC(C)(C)NCc1cc(Nc2ccnc3cc(Cl)ccc23)cc(-c2ccc(Cl)cc2)c1O
FLOUROTEBUQUINE,CC(C)(C)NCc1cc(Nc2ccnc3cc(Cl)ccc23)cc(-c2ccc(Cl)cc2)c1F
FRENTIZOLE,COc1ccc2nc(NC(=O)Nc3ccccc3)sc2c1
ISONICOTINIC ACID,O=C(O)c1ccncc1
HELENALIN,C=C1C(=O)O[C@@H]2C[C@@H](C)[C@@H]3C=CC(=O)[C@@]3(C)[C@@H](O)[C@H]12
NEUROKININ A,CSCC[C@H](NC(=O)[C@H](CC(C)C)NC(=O)CNC(=O)[C@@H](NC(=O)[C@H](Cc1ccccc1)NC(=O)[C@H](CO)NC(=O)[C@H](CC(=O)O)NC(=O)[C@@H](NC(=O)[C@H](CCCCN)NC(=O)[C@@H](N)Cc1c[nH]cn1)[C@@H](C)O)C(C)C)C(N)=O
TETRAHYDROHARMAN,CC1NCCc2c1[nH]c1ccccc21
HARMALOL,CC1=NCCc2c1[nH]c1cc(O)ccc21
HARMALINE,COc1ccc2c3c([nH]c2c1)C(C)=NCC3
IOCANLIDIC ACID,O=C(O)CCCCCCCCCCCCCCc1ccc(I)cc1
IODOFILTIC ACID,CC(CCCCCCCCCCCCc1ccc(I)cc1)CC(=O)O
NORARISTEROMYCIN,Nc1ncnc2c1ncn2[C@@H]1C[C@H](O)[C@@H](O)[C@H]1O
JNJ-7777120,CN1CCN(C(=O)c2cc3cc(Cl)ccc3[nH]2)CC1
AR-67,CC[C@@]1(O)C(=O)OCc2c1cc1n(c2=O)Cc2c-1nc1ccc(O)cc1c2[Si](C)(C)C(C)(C)C
JNJ-5207852,c1cc(OCCCN2CCCCC2)ccc1CN1CCCCC1
DIMETHYLCURCUMIN,COc1ccc(/C=C/C(=O)/C=C(O)/C=C/c2ccc(OC)c(OC)c2)cc1OC
TAXUSPINE A,C=C1[C@@H](OC(=O)/C=C/c2ccccc2)C[C@H](OC(C)=O)[C@]2(C)[C@@H]1C[C@]1(C(C)(C)O)C[C@H](OC(C)=O)C(C)=C1[C@@H](OC(=O)c1ccccc1)[C@@H]2OC(C)=O
TAXUSPINE B,CC(=O)O[C@H]1C[C@H]2[C@@H](OC(C)=O)/C=C3\C[C@](C)(C(=O)[C@H](O)C(=C1C)C2(C)C)[C@@H](OC(C)=O)C[C@@H]3OC(=O)/C=C/c1ccccc1
"7-(3,5-BIS-TRIFLUOROMETHYL-BENZYL)-5-P-TOLYL-8,9,10,11-TETRAHYDRO-7H-1,7,11A-TRIAZA-CYCLOOCTA[B]NAPHTHALENE-6,12-DIONE (ATROPISOMERIC MIX)",Cc1ccc(-c2c3n(c(=O)c4ncccc24)CCCCN(Cc2cc(C(F)(F)F)cc(C(F)(F)F)c2)C3=O)cc1
TAXUSPINE J,C=C1[C@@H](OC(=O)/C=C/c2ccccc2)C[C@H](OC(C)=O)[C@]2(C)[C@@H]1C[C@]1(C(C)(C)O)C[C@H](OC(C)=O)C(C)=C1[C@@H](OC(C)=O)[C@@H]2OC(C)=O
TAXUSPINE T,C=C1[C@@H](OC(=O)/C=C/c2ccccc2)C[C@H](OC(C)=O)[C@@]2(COC(C)=O)[C@@H](OC(C)=O)[C@H](O)[C@]3(O)[C@@]4(C)CO[C@]3(C)C(=O)C[C@H]4[C@@H](OC(C)=O)[C@H]12
TAXUSPINE S,C=C1[C@@H](OC(=O)/C=C/c2ccccc2)C[C@H](OC(C)=O)[C@@]2(CO)[C@@H](OC(C)=O)[C@H](OC(C)=O)[C@]3(O)[C@@]4(C)CO[C@]3(C)C(=O)C[C@H]4[C@@H](OC(C)=O)[C@H]12
TAXCHININ A,C=C1[C@@H](O)C[C@H](OC(C)=O)[C@@]2(C)[C@@H](OC(C)=O)[C@H](OC(=O)c3ccccc3)C3=C(C)[C@@H](O)C[C@@]3(C(C)(C)O)[C@@H](OC(C)=O)[C@H]12
TAXCHININ B,CC(=O)O[C@H]1C[C@H]2OC[C@@]2(OC(C)=O)[C@H]2[C@H](OC(C)=O)[C@]3(C(C)(C)O)C[C@H](OC(=O)/C=C/c4ccccc4)C(C)=C3[C@@H](OC(=O)c3ccccc3)[C@H](OC(C)=O)[C@]12C
HYDROXYLATED COMPLETELY DELAKYLATED DIETHYLPROPION,CC(N)C(=O)c1ccc(O)cc1
"HEPTYL 3,4-DIHYDROXYBENZOATE",CCCCCCCOC(=O)c1ccc(O)c(O)c1
NELFINAVIR MESYLATE,CS(=O)(=O)O.Cc1c(O)cccc1C(=O)N[C@@H](CSc1ccccc1)[C@H](O)CN1C[C@H]2CCCC[C@H]2C[C@H]1C(=O)NC(C)(C)C
"NONYL 3,4-DIHYDROXYBENZOATE",CCCCCCCCCOC(=O)c1ccc(O)c(O)c1
"HEXYL 3,4-DIHYDROXYBENZOATE",CCCCCCOC(=O)c1ccc(O)c(O)c1
"7-(3,5-BIS-TRIFLUOROMETHYL-BENZYL)-9-METHYL-5-P-TOLYL-8,9,10,11-TETRAHYDRO-7H-1,7,11A-TRIAZA-CYCLOOCTA[B]NAPHTHALENE-6,12-DIONE (ATROPISOMERIC MIX)",Cc1ccc(-c2c3n(c(=O)c4ncccc24)CC[C@H](C)CN(Cc2cc(C(F)(F)F)cc(C(F)(F)F)c2)C3=O)cc1
ETHOPROPAZINE,CCN(CC)C(C)CN1c2ccccc2Sc2ccccc21
DEHYDROCAPTOPRIL,O=C(/C=C\S)C1CC[C@@H](C(=O)O)C1
BIPHENYLINE,CC(Oc1ccccc1-c1ccccc1)C1=NCCN1
TETRAMETHYLENE SULFOXIDE,[O-][S+]1CCCC1
BUDIPINE,CC(C)(C)N1CCC(c2ccccc2)(c2ccccc2)CC1
PIPERTRAMINE AMIDE,COc1ccccc1CN1CCC(C2CCN(C(=O)CCCCCCC(=O)N3CCC(C4CCN(Cc5ccccc5OC)CC4)CC3)CC2)CC1
CINOXACIN,CCn1nc(C(=O)O)c(=O)c2cc3c(cc21)OCO3
MILOXACIN,COn1cc(C(=O)O)c(=O)c2cc3c(cc21)OCO3
ARECAIDINE PROPARGYL ESTER,C#CCOC(=O)C1=CCCN(C)C1
PYRAXININE,N=C(N)Nc1cccnc1
INDOLYLYLMALEIMIDE 2,O=C1NC(=O)C2=C1c1cn(c3ccccc13)CCOCCOCCOCCn1cc2c2ccccc21
ETHYL [(DIETHYLAMINO)CARBONYL]OXY(PHENYLSULFONYL)CARBAMATE,CCOC(=O)N(OC(=O)N(CC)CC)S(=O)(=O)c1ccccc1
INDOLYLYLMALEIMIDE 1,O=C1NC(=O)C2=C1c1cn(c3ccccc13)CCOCCOCCOCCn1cc2c2cccnc21
PIPERTRAMINE,COc1ccccc1CN1CCC(C2CCN(CCCCCCCCN3CCC(C4CCN(Cc5ccccc5OC)CC4)CC3)CC2)CC1
TAZOMELINE,CCCCCCSc1nsnc1C1=CCCN(C)C1
TEREPHTHALAMIC ACID,NC(=O)c1ccc(C(=O)O)cc1
1-Aminocyclopropane carboxylic acid,NC1(C(=O)O)CC1
BILOBALIDE,CC(C)(C)[C@]1(O)CC2OC(=O)CC23C(=O)OC2OC(=O)[C@H](O)C231
1-AMINOCYCLOBUTANE CARBOXYLIC ACID,NC1(C(=O)O)CCC1
ATPGAMMAS,Nc1ncnc2c1ncn2[C@@H]1O[C@H](COP(=O)(O)OP(=O)(O)OP(O)(O)=S)[C@@H](O)[C@H]1O
URIDINE TRIPHOSPHATE,O=c1ccn([C@@H]2O[C@H](COP(=O)(O)OP(=O)(O)OP(=O)(O)O)[C@@H](O)[C@H]2O)c(=O)[nH]1
ETHYLPHENSERINE,CCc1ccccc1NC(=O)Oc1ccc2c(c1)[C@]1(C)CCN(C)[C@@H]1N2C
LOMEGUATRIB,Nc1nc(OCc2cc(Br)cs2)c2[nH]cnc2n1
"6,7-DICHLORO-3-HYDROXY-2-QUINOXALINECARBOXYLIC ACID",O=C(O)c1nc2cc(Cl)c(Cl)cc2nc1O
CINFLUMIDE,O=C(/C=C/c1cccc(F)c1)NC1CC1
FR-173657,CC(=O)Nc1ccc(/C=C/C(=O)NCC(=O)N(C)c2ccc(Cl)c(COc3cccc4ccc(C)nc34)c2Cl)cn1
URIDINE_DIPHOSPHATE,O=c1ccn([C@@H]2O[C@H](COP(=O)(O)OP(=O)(O)O)[C@@H](O)[C@H]2O)c(=O)[nH]1
CLEISTOPHOLINE,Cc1ccnc2c1C(=O)c1ccccc1C2=O
SAMPANGINE,O=C1c2ccccc2-c2nccc3ccnc1c23
FORMESTANE,C[C@]12CCC(=O)C(O)=C1CC[C@@H]1[C@@H]2CC[C@]2(C)C(=O)CC[C@@H]12
TOLSERINE,Cc1ccccc1NC(=O)Oc1ccc2c(c1)[C@]1(C)CCN(C)[C@@H]1N2C
4-ISOPROPYLPHENSERINE,CC(C)c1ccc(NC(=O)Oc2ccc3c(c2)[C@]2(C)CCN(C)[C@@H]2N3C)cc1
CANGRELOR,CSCCNc1nc(SCCC(F)(F)F)nc2c1ncn2[C@@H]1O[C@H](COP(=O)(O)OP(=O)(O)C(Cl)(Cl)P(=O)(O)O)[C@@H](O)[C@H]1O
TRIACETOXYANTHRENE,CC(=O)Oc1cccc2cc3cccc(OC(C)=O)c3c(OC(C)=O)c12
OXIDOPAMINE,NCCc1cc(O)c(O)cc1O
5-HYDROXYPRIMAQUINE,COc1cc(NC(C)CCCN)c2ncccc2c1O
5-HYDROXYDESMETHYLPRIMAQUINE,CC(CCCN)Nc1cc(O)c(O)c2cccnc12
"5,6-DIHYDROXY-8-AMINOQUINOLINE",Nc1cc(O)c(O)c2cccnc12
ALVAMELINE,CCn1nnc(C2=CCCN(C)C2)n1
ACID BLUE 129,Cc1cc(C)c(Nc2cc(S(=O)(=O)[O-])c(N)c3c2C(=O)c2ccccc2C3=O)c(C)c1.[Na+]
BENZOSAMPANGINE,O=C1c2ccccc2-c2nccc3c2c1nc1ccccc13
UNIBLUE A,C=CS(=O)(=O)c1cccc(Nc2cc(S(=O)(=O)[O-])c(N)c3c2C(=O)c2ccccc2C3=O)c1.[Na+]
DIADENOSINE TETRAPHOSPHATE,Nc1ncnc2c1ncn2[C@@H]1O[C@H](COP(=O)(O)OP(=O)(O)OP(=O)(O)OP(=O)(O)OC[C@H]2O[C@@H](n3cnc4c(N)ncnc43)[C@H](O)[C@@H]2O)[C@@H](O)[C@H]1O
DIPHOSPHOMETHYLPHOSPHONIC ACID ADENOSYL ESTER,Nc1ncnc2c1ncn2[C@@H]1O[C@H](COP(=O)(O)CP(=O)(O)OP(=O)(O)O)[C@@H](O)[C@H]1O
PHOSPHOMETHYLPHOSPHONIC ACID ADENYLATE ESTER,Nc1ncnc2c1ncn2[C@@H]1O[C@H](COP(=O)(O)OP(=O)(O)CP(=O)(O)O)[C@@H](O)[C@H]1O
AS-602868,COc1cccc2nc(-c3cccs3)nc(NN3C(=O)C=C(C)C3=O)c12
CIBACRON BLUE 3GA,Nc1c(S(=O)(=O)[O-])cc(Nc2ccc(Nc3nc(Cl)nc(Nc4ccccc4S(=O)(=O)[O-])n3)c(S(=O)(=O)[O-])c2)c2c1C(=O)c1ccccc1C2=O.[Na+].[Na+].[Na+]
BUTANTRONE,CCCC(=O)C1c2cccc(O)c2C(=O)c2c(O)cccc21
(S)-ROSCOVITINE,CC[C@@H](CO)Nc1nc(NCc2ccccc2)c2ncn(C(C)C)c2n1
ANDROSTANDIOL,C[C@]12CC[C@@H](O)C[C@@H]1CC[C@@H]1[C@@H]2CC[C@]2(C)[C@@H](O)CC[C@@H]12
CARBENICILLIN,CC1(C)S[C@@H]2[C@H](NC(=O)C(C(=O)O)c3ccccc3)C(=O)N2[C@H]1C(=O)O
ASCOFURANONE,C/C(=C\Cc1c(O)c(Cl)c(C)c(C=O)c1O)CC/C=C(\C)[C@@H]1CC(=O)C(C)(C)O1
ASCOCHLORIN,CC(/C=C/[C@@]1(C)[C@H](C)CCC(=O)[C@@H]1C)=C\Cc1c(O)c(Cl)c(C)c(C=O)c1O
RANIRESTAT,O=C1C[C@@]2(C(=O)N1)C(=O)N(Cc1ccc(Br)cc1F)C(=O)c1cccn12
CLIDANAC,O=C(O)C1CCc2cc(C3CCCCC3)c(Cl)cc21
BENOXAPROFEN,CC(C(=O)O)c1ccc2oc(-c3ccc(Cl)cc3)nc2c1
PHENYLEPHRINE,CNC[C@H](O)c1cccc(O)c1
OCTAAMINOACRIDINE,Nc1c2c(nc3c1CCCC3)CCCC2
SILICRISTIN A,COc1cc([C@@H]2Oc3c(O)cc([C@H]4Oc5cc(O)cc(O)c5C(=O)[C@@H]4O)cc3[C@H]2CO)ccc1O
IPIDACRINE,Nc1c2c(nc3c1CCC3)CCCC2
"4-FLUORO-2',4',6'-TRIHYDROXYCHALCONE",O=C(/C=C/c1ccc(F)cc1)c1c(O)cc(O)cc1O
"4-CHLORO-2',4',6'-TRIHYDROXYCHALCONE",O=C(/C=C/c1ccc(Cl)cc1)c1c(O)cc(O)cc1O
"4-BROMO-2',4',6'-TRIHYDROXYCHALCONE",O=C(/C=C/c1ccc(Br)cc1)c1c(O)cc(O)cc1O
"4-METHOXYL-2',4',6'-TRIHYDROXYCHALCONE",COc1ccc(/C=C/C(=O)c2c(O)cc(O)cc2O)cc1
AZAKENPAULLONE,O=C1Cc2c([nH]c3ccc(Br)cc23)-c2ncccc2N1
DIMETHYLPHENYLPIPERAZINIUM,C[N+]1(C)CCN(c2ccccc2)CC1
NOCODOZOLE,COC(=O)Nc1nc2ccc(C(=O)c3cccs3)cc2n1C
BIOCHANIN,COc1ccc(-c2coc3cc(O)cc(O)c3c2=O)cc1
HYDROXYSEMICARBAZIDE,NNC(=O)NO
(PHENYLSULFINYL)BENZENE,[O-][S+](c1ccccc1)c1ccccc1
HYDROXY PIROXICAM METABOLITE,CN1C(C(=O)Nc2ccc(O)cn2)=C(O)c2ccccc2S1(=O)=O
TIFENAZOXIDE,CC1(NC2=NS(=O)(=O)c3sc(Cl)cc3N2)CC1
PYROXAMINE,CN1CCC(OC(c2ccccc2)c2ccc(Cl)cc2)C1
POSIZOLID,O=C([C@@H](O)CO)N1CC=C(c2c(F)cc(N3C[C@H](COc4ccon4)OC3=O)cc2F)CC1
DIHYDROETORPHINE,CCC[C@H](C)C1C[C@@]23C=C[C@]1(OC)[C@@H]1Oc4cccc5c4[C@@]12CCN(C)[C@@H]3C5
BENZYL CAFFEATE,O=C(/C=C/c1ccc(O)c(O)c1)OCc1ccccc1
RIVANICLINE,CNCC/C=C/c1cccnc1
TAS-109,N#C[C@H]1[C@H](O)[C@@H](CO)O[C@H]1n1ccc(N)nc1=O
DISPROCYNIUM24,CC(C)N1/C(=C\c2cc[n+](C(C)C)c3ccccc23)C=Cc2ccccc21
DEXANABINOL,CCCCCCC(C)(C)c1cc(O)c2c(c1)OC(C)(C)[C@H]1CC=C(CO)C[C@H]21
6-METHYLFLAVONE,Cc1ccc2oc(-c3ccccc3)cc(=O)c2c1
GTS-21,COc1ccc(/C=C2\CCCN=C2c2cccnc2)c(OC)c1
TAZOFELONE,CC(C)(C)c1cc(CC2SCNC2=O)cc(C(C)(C)C)c1O
DIMIRACETAM,O=C1CN2C(=O)CCC2N1
BERNINAMYCIN,C=C(NC(=O)C(=C)NC(=O)c1ccc2c(n1)-c1coc(n1)C(=C)NC(=O)C(=C)NC(=O)c1nc(oc1C)C(=C)NC(=O)C(C(C)(C)O)NC(=O)C(=C)NC(=O)c1nc(oc1C)/C(=C/C)NC(=O)C(C(C)O)NC(=O)c1csc-2n1)C(N)=O
ICLAPRIM,COc1cc(Cc2cnc(N)nc2N)c2c(c1OC)OC(C1CC1)C=C2
(R)-RAMELTEON,CCC(=O)NCC[C@H]1CCc2ccc3c(c21)CCO3
RAMELTEON,CCC(=O)NCC[C@@H]1CCc2ccc3c(c21)CCO3
TRIMELAMOL,CN(CO)c1nc(N(C)CO)nc(N(C)CO)n1
ETHANE,CC
PROPANE,CCC
HEXADECANE,CCCCCCCCCCCCCCCC
CETEFLOXACIN,C[C@H]1[C@H](N)CN1c1cc2c(cc1F)c(=O)c(C(=O)O)cn2-c1ccc(F)cc1F
BUTANE,CCCC
HEPTANE,CCCCCCC
RABEPRAZOLE,COCCCOc1ccnc(C[S+]([O-])c2nc3ccccc3[nH]2)c1C
EDOTECARIN,O=C1c2c(c3c4ccc(O)cc4n([C@@H]4O[C@H](CO)[C@@H](O)[C@H](O)[C@H]4O)c3c3[nH]c4cc(O)ccc4c23)C(=O)N1NC(CO)CO
UNDECANE,CCCCCCCCCCC
DECANE,CCCCCCCCCC
OCTANE,CCCCCCCC
NONANE,CCCCCCCCC
ISOXAZOLECARBOXYLIC ACID,COC(=O)c1c(O)cccc1OC/C=C/c1cccc(-c2cc(C(=O)O)no2)c1
TINIDAZOLE,CCS(=O)(=O)CCn1c([N+](=O)[O-])cnc1C
"7-METHYL-8-OXO-5-P-TOLYL-7,8-DIHYDRO-[1,7]NAPHTHYRIDINE-6-CARBOXYLIC ACID (S)-[(S)-1-(3,5-BIS-TRIFLUOROMETHYL-PHENYL)-ETHYL]-METHYL-AMIDE (ENANTIOMERIC MIX)",Cc1ccc(-c2c(C(=O)N(C)[C@@H](C)c3cc(C(F)(F)F)cc(C(F)(F)F)c3)n(C)c(=O)c3ncccc23)cc1
"7-METHYL-8-OXO-5-P-TOLYL-7,8-DIHYDRO-[1,7]NAPHTHYRIDINE-6-CARBOXYLIC ACID (S)-[(R)-1-(3,5-BIS-TRIFLUOROMETHYL-PHENYL)-ETHYL]-METHYL-AMIDE (ENANTIOMERIC MIX)",Cc1ccc(-c2c(C(=O)N(C)[C@H](C)c3cc(C(F)(F)F)cc(C(F)(F)F)c3)n(C)c(=O)c3ncccc23)cc1
AZANIDAZOLE,Cn1c([N+](=O)[O-])cnc1/C=C/c1ccnc(N)n1
MYGGF,CSCC[C@H](N)C(=O)N[C@@H](Cc1ccc(O)cc1)C(=O)NCC(=O)NCC(=O)N[C@@H](Cc1ccccc1)C(=O)O
TETRADECANE,CCCCCCCCCCCCCC
TRIDECANE,CCCCCCCCCCCCC
CARNIDAZOLE,COC(=S)NCCn1c([N+](=O)[O-])cnc1C
IPRONIDAZOLE,CC(C)c1ncc([N+](=O)[O-])n1C
DIARYLPROPIONITRILE,N#CC(Cc1ccc(O)cc1)c1ccc(O)cc1
BENZALDEHYDE OXIME,O/N=C/c1ccccc1
TIACRILAST,CSc1ccc2ncn(/C=C/C(=O)O)c(=O)c2c1
FLUORO[HYDROXY(PHENYL)PHOSPHORYL]METHYL(PHENYL)PHOSPHINIC ACID,CC[C@H](C)[C@H](NC(=O)[C@H](CC(C)C)NC(=O)[C@H](CCCN=C(N)N)NC(=O)[C@@H](N)CCCN=C(N)N)C(=O)N[C@@H](CCC(=O)O)C(=O)N[C@@H](CC(=O)O)C(=O)N[C@@H](C)C(=O)N[C@@H](CCC(=O)O)C(=O)N[C@@H](Cc1ccc(O)cc1)C(=O)N[C@@H](C)C(=O)N[C@@H](C)C(=O)N[C@@H](CCCN=C(N)N)C(=O)NCC(=O)O
GLYCYRIN,COc1cc2oc(=O)c(-c3ccc(O)cc3O)cc2c(OC)c1CC=C(C)C
GLYCYROL,COc1c(CC=C(C)C)c(O)cc2oc(=O)c3c4ccc(O)cc4oc3c12
AFALANINE,CC(=O)NC(Cc1ccccc1)C(=O)O
TRAPIDIL,CCN(CC)c1cc(C)nc2ncnn12
BENZAMIDOXIME,N/C(=N\O)c1ccccc1
CYCLOHEXANONE OXIME,ON=C1CCCCC1
HEPTANAL OXIME,CCCCCC/C=N/O
ACTIONIN,CCCCCC(CC(O)NO)C(O)NC(C(C)C)C(O)N1CCCC1CO
SULCONAZOLE,Clc1ccc(CSC(Cn2ccnc2)c2ccc(Cl)cc2Cl)cc1
DIHYDROCAFFEIC ACID,O=C(O)CCc1ccc(O)c(O)c1
SABCOMELINE,CO/N=C(\C#N)[C@H]1CN2CCC1CC2
ZOPICLONE,CN1CCN(C(=O)OC2c3nccnc3C(=O)N2c2ccc(Cl)cn2)CC1
THIOCTIC ACID,O=C(O)CCCC[C@@H]1CCSS1
TNF-ALPHA,CC(C)C[C@H](NC(=O)[C@H](CCCN=C(N)N)NC(=O)[C@H](CC(=O)O)NC(=O)CNC(=O)[C@@H](N)CCCCN)C(=O)N[C@@H](CO)C(=O)O
O-CHLOROACETYLCARBAMOYLFUMAGILLOL,CO[C@@H]1[C@H](OC(=O)NC(=O)CCl)CC[C@]2(CO2)[C@H]1[C@@]1(C)O[C@@H]1CC=C(C)C
EPRISTERIDE,CC(C)(C)NC(=O)[C@H]1CC[C@H]2[C@@H]3CC=C4C=C(C(=O)O)CC[C@]4(C)[C@H]3CC[C@]12C
RORIDIN M,CC1=C[C@H]2O[C@@H]3[C@H](O)[C@H]4OC(=O)/C=C\C=C\[C@@H]5O[C@H](C/C(C)=C/C(=O)OC[C@@]2(CC1)[C@]4(C)[C@]31CO1)O[C@H]5C
ISOALANTOLACTONE,C=C1C(=O)O[C@@H]2C[C@@]3(C)CCCC(=C)[C@@H]3C[C@H]12
HELENINE,C=C1C(=O)O[C@@H]2C[C@@]3(C)CCC[C@H](C)C3=C[C@H]12
13`-ACETYLTRICHOVERRIN B,CC(=O)OC(C)[C@@H](O)/C=C/C=C\C(=O)O[C@@H]1CC2O[C@@H]3C=C(C)CC[C@]3(COC(=O)/C=C(\C)CCO)[C@]1(C)[C@]21CO1
ANTIMYCIN A3,CCCC[C@H]1C(=O)O[C@H](C)[C@H](NC(=O)c2cccc(NC=O)c2O)C(=O)O[C@@H](C)[C@@H]1OC(=O)CC(C)C
6-METHOXYFLAVONE,COc1ccc2oc(-c3ccccc3)cc(=O)c2c1
6-HYDROXYFLAVONE,O=c1cc(-c2ccccc2)oc2ccc(O)cc12
RORIDIN L,CC1=C[C@H]2O[C@@H]3[C@H](O)[C@H]4OC(=O)/C=C\C=C\[C@H]([C@H](C)O)OCC/C(C)=C/C(=O)OC[C@@]2(CC1)[C@]4(C)[C@]31CO1
PENICILLIN G POTASSIUM,CC1(C)S[C@@H]2[C@H](NC(=O)Cc3ccccc3)C(=O)N2[C@H]1C(=O)[O-].[K+]
TRICHOVERRIN B,CC1=C[C@H]2OC3C[C@@H](OC(=O)/C=C\C=C\[C@H](O)[C@@H](C)O)[C@](C)([C@@]2(COC(=O)/C=C(\C)CCO)CC1)[C@]31CO1
VERRUCARRIN M,CC1=C[C@H]2O[C@@H]3[C@H](O)[C@H]4OC(=O)/C=C\C=C\C(=O)OCC/C(C)=C/C(=O)OC[C@@]2(CC1)[C@]4(C)[C@]31CO1
VERRUCARIN A,CC1=C[C@H]2O[C@@H]3C[C@H]4OC(=O)/C=C\C=C\C(=O)OCC[C@@H](C)[C@H](O)C(=O)OC[C@@]2(CC1)[C@]4(C)[C@]31CO1
TRICHOVERRIN A,CC1=C[C@H]2OC3C[C@@H](OC(=O)/C=C\C=C\[C@H](O)[C@H](C)O)[C@](C)([C@@]2(COC(=O)/C=C(\C)CCO)CC1)[C@]31CO1
EPIRORIDIN E,CC1=C[C@H]2O[C@@H]3C[C@H]4OC(=O)/C=C\C=C\[C@H]([C@H](C)O)OCC/C(C)=C/C(=O)OC[C@@]2(CC1)[C@]4(C)[C@]31CO1
"(6'R,13'S) ISORORIDIN A",CC1=C[C@H]2O[C@@H]3C[C@H]4OC(=O)/C=C\C=C\[C@H]([C@H](C)O)OCC[C@@H](C)[C@H](O)C(=O)OC[C@@]2(CC1)[C@]4(C)[C@]31CO1
RORIDIN A,CC1=C[C@H]2O[C@@H]3C[C@H]4OC(=O)/C=C\C=C\[C@H]([C@@H](C)O)OCC[C@@H](C)[C@H](O)C(=O)OC[C@@]2(CC1)[C@]4(C)[C@]31CO1
CX516,O=C(c1ccc2nccnc2c1)N1CCCCC1
ANGUIDIN,CC(=O)OC[C@]12CCC(C)=C[C@H]1O[C@@H]1[C@H](O)[C@@H](OC(C)=O)[C@@]2(C)[C@]12CO2
HEXADECANOIC ACID METHYL ESTER,CCCCCCCCCCCCCCCC(=O)OC
DISODIUM CARBOXYMETHYLPHOSPHONATE,O=C(O)CP(=O)([O-])[O-].[Na+].[Na+]
MAACKIAIN,Oc1ccc2c(c1)OC[C@H]1c3cc4c(cc3O[C@@H]21)OCO4
ACRIVASTINE,Cc1ccc(/C(=C\CN2CCCC2)c2cccc(/C=C/C(=O)O)n2)cc1
HEXADECANOIC ACID BENZYL ESTER,CCCCCCCCCCCCCCCC(=O)OCc1ccccc1
HEXADECYLPROPIONATE,CCCCCCCCCCCCCCCCOC(=O)CC
ACETIC ACID HEXADECYL ESTER,CCCCCCCCCCCCCCCCOC(C)=O
N-ACETYL PENICILLAMINE,CC(=O)NC(C(=O)O)C(C)(C)S
(+)-CC-1065,COc1c(O)c2c(c3cc(C(=O)N4CCc5c4c(O)c(OC)c4[nH]c(C(=O)N6C[C@H]7C[C@@]78C6=CC(=O)c6[nH]cc(C)c68)cc54)[nH]c13)CCN2C(N)=O
EPIPACHYSAMINE D,C[C@@H]([C@H]1CC[C@H]2[C@@H]3CC[C@H]4C[C@@H](NC(=O)c5ccccc5)CC[C@]4(C)[C@H]3CC[C@]12C)N(C)C
ISOPROPYL PALMITATE,CCCCCCCCCCCCCCCC(=O)OC(C)C
HEXADECANOIC ACID ALLYL ESTER,C=CCOC(=O)CCCCCCCCCCCCCCC
CYCLOHEXYL PALMITATE,CCCCCCCCCCCCCCCC(=O)OC1CCCCC1
BIRIPERONE,O=C(CCCN1CCN2Cc3[nH]c4ccccc4c3CC2C1)c1ccc(F)cc1
TOLVAPTAN,Cc1ccccc1C(=O)Nc1ccc(C(=O)N2CCCC(O)c3cc(Cl)ccc32)c(C)c1
POLYCHLORINATED BIPHENYL 126,Clc1ccc(-c2cc(Cl)c(Cl)c(Cl)c2)cc1Cl
"(1R,2S)-PHENYLPROPANOLAMINE",C[C@H](N)[C@H](O)c1ccccc1
AMINODIMETHOXYQUINAZOLINYLPIPERAZINE,COc1cc2nc(N3CCNCC3)nc(N)c2cc1OC
SALIGCINNAMIDE,C[C@@H]([C@H]1CC[C@H]2[C@@H]3CC[C@H]4C[C@@H](N(C)C(=O)/C=C/c5ccccc5)CC[C@]4(C)[C@H]3CC[C@]12C)N(C)C
ICOFUNGIPEN,C=C1C[C@H](N)[C@H](C(=O)O)C1
AMIPERONE,CN(C)C(=O)C1(c2ccc(Cl)cc2)CCN(CCCC(=O)c2ccc(F)cc2)CC1
NORMORPHINE,Oc1ccc2c3c1O[C@H]1[C@@H](O)C=C[C@H]4[C@@H](C2)NCC[C@@]341
CI-1007,C1=C(c2ccccc2)CCN(C[C@@H]2CCC=C(c3ccccc3)C2)C1
OXYPHENBUTAZONE ANHYDROUS,CCCCC1C(=O)N(c2ccccc2)N(c2ccc(O)cc2)C1=O
VEDACLIDINE,CCCCSc1nsnc1C1CN2CCC1CC2
ACEPERONE,CC(=O)NCC1(c2ccccc2)CCN(CCCC(=O)c2ccc(F)cc2)CC1
DANSYLGLYCINE,CN(C)c1cccc2c(S(=O)(=O)NCC(=O)O)cccc12
OSELTAMIVIR,CCOC(=O)C1=C[C@@H](OC(CC)CC)[C@H](NC(C)=O)[C@@H](N)C1
LAMIVUDINE TRIPHOSPHATE,Nc1ccn([C@@H]2CS[C@H](COP(=O)(O)OP(=O)(O)OP(=O)(O)O)O2)c(=O)n1
EMTRICITABINE 5'-TRIPHOSPHATE,Nc1nc(=O)n([C@@H]2CS[C@H](COP(=O)(O)OP(=O)(O)OP(=O)(O)O)O2)cc1F
PERAMIVIR ANHYDROUS,CCC(CC)[C@H](NC(C)=O)[C@@H]1[C@H](O)[C@@H](C(=O)O)C[C@H]1NC(=N)N
HALOMON,C=C(Cl)[C@](Cl)(CBr)CC[C@@H](Br)C(C)(C)Cl
BROCRINAT,O=C(O)COc1ccc2c(-c3ccccc3F)noc2c1Br
TAXIFOLIN,O=C1c2c(O)cc(O)cc2OC(c2ccc(O)c(O)c2)C1O
IBUFENAC,CC(C)Cc1ccc(CC(=O)O)cc1
MEGAZOL,Cn1c([N+](=O)[O-])cnc1-c1nnc(N)s1
FUROXAN,N#Cc1c(-c2ccccc2)no[n+]1[O-]
OXYBUTYNIN,CCN(CC)CC#CCOC(=O)C(O)(c1ccccc1)C1CCCCC1
CYCLOTHEONAMIDE A,N=C(N)NCCC[C@@H]1NC(=O)[C@@H]2CCCN2C(=O)[C@@H](NC=O)CNC(=O)/C=C/[C@H](Cc2ccc(O)cc2)NC(=O)[C@@H](Cc2ccccc2)NC(=O)C1=O
IRSOGLADINE,Nc1nc(N)nc(-c2cc(Cl)ccc2Cl)n1
ERTAPENEM SODIUM,C[C@@H](O)[C@H]1C(=O)N2C(C(=O)[O-])=C(S[C@@H]3CN[C@H](C(=O)Nc4cccc(C(=O)O)c4)C3)[C@H](C)[C@H]12.[Na+]
DIZOCILPINE MALEATE,C[C@]12N[C@H](Cc3ccccc31)c1ccccc12.O=C(O)/C=C\C(=O)O
BENZOGUANAMINE,Nc1nc(N)nc(-c2ccccc2)n1
QATVGDVNTDRPGLLDLK,CC(C)C[C@H](NC(=O)CNC(=O)[C@@H]1CCCN1C(=O)[C@H](CCCN=C(N)N)NC(=O)[C@H](CC(=O)O)NC(=O)[C@@H](NC(=O)[C@H](CC(N)=O)NC(=O)[C@@H](NC(=O)[C@H](CC(=O)O)NC(=O)CNC(=O)[C@@H](NC(=O)[C@@H](NC(=O)[C@H](C)NC(=O)[C@@H](N)CCC(N)=O)[C@@H](C)O)C(C)C)C(C)C)[C@@H](C)O)C(=O)N[C@@H](CC(C)C)C(=O)N[C@@H](CC(=O)O)C(=O)N[C@@H](CC(C)C)C(=O)N[C@@H](CCCCN)C(=O)O
NUPHAROLUTINE,C[C@@H]1CC[C@@H](c2ccoc2)N2C[C@](C)(O)CC[C@@H]12
(-)-7-EPI-DEOXYNUPHARIDINE,C[C@@H]1CC[C@H]2[C@H](C)CC[C@@H](c3ccoc3)N2C1
CPCCOET,CCOC(=O)[C@]12CC1/C(=N\O)c1ccccc1O2
NIMUSTINE,Cc1ncc(CNC(=O)N(CCCl)N=O)c(N)n1
"4,4'-DIMETHOXYCHALCONE",COc1ccc(/C=C/C(=O)c2ccc(OC)cc2)cc1
6-HYDROXYTHIONUPHLUTINE B,C[C@@H]1CC[C@@H](c2ccoc2)N2C[C@@]3(CC[C@@H]12)CS[C@]1(CC[C@H]2[C@H](C)CC[C@@H](c4ccoc4)N2[C@@H]1O)C3
TEBAQUINE,CCN(CC)Cc1cc(Nc2ccnc3cc(Cl)ccc23)cc(-c2ccc(Cl)cc2)c1O
SENAZODAN,O=C1CCC(c2ccc(Nc3ccncc3)cc2)=NN1
CARISOPRODOL,CCCC(C)(COC(N)=O)COC(=O)NC(C)C
NK-611,COc1cc([C@@H]2c3cc4c(cc3C(OC3OC5COC(C)OC5C(O)C3N)C3COC(=O)[C@@H]32)OCO4)cc(OC)c1O
DEFEROXAMINE MESYLATE,CC(=O)N(O)CCCCCNC(=O)CCC(=O)N(O)CCCCCNC(=O)CCC(=O)N(O)CCCCCN.CS(=O)(=O)O
DESETHYL AMODIAQUINE,CCNCc1cc(Nc2ccnc3cc(Cl)ccc23)ccc1O
THIOBINUPHARIDINE,C[C@@H]1CC[C@@H](c2ccoc2)N2C[C@@]3(CC[C@@H]12)CS[C@@]1(CC[C@H]2[C@H](C)CC[C@@H](c4ccoc4)N2C1)C3
NEOTHIOBINUPHARIDINE,C[C@@H]1CC[C@@H](c2ccoc2)N2C[C@]3(CC[C@@H]12)CS[C@]1(CC[C@H]2[C@H](C)CC[C@@H](c4ccoc4)N2C1)C3
DESETHYLCHLOROQUINE,CCNCCCC(C)Nc1ccnc2cc(Cl)ccc12
LISINOPRIL ANHYDROUS,NCCCC[C@H](N[C@@H](CCc1ccccc1)C(=O)O)C(=O)N1CCC[C@H]1C(=O)O
(R)-DULOXETINE,CNCC[C@@H](Oc1cccc2ccccc12)c1cccs1
AZELAIC ACID,O=C(O)CCCCCCCC(=O)O
UTIBAPRIL,CCOC(=O)[C@H](CCc1ccccc1)N[C@@H](C)C(=O)N1N=C(C(C)(C)C)S[C@H]1C(=O)O
SCHERING C,CCO/N=C(/c1ccc(Br)cc1)C1CCN(C2(C)CCN(C(=O)c3c(C)cc[n+]([O-])c3C)CC2)CC1
(R)-PIA,C[C@H](Cc1ccccc1)Nc1ncnc2c1ncn2[C@@H]1O[C@H](CO)[C@@H](O)[C@H]1O
BENZYL BENZOATE,O=C(OCc1ccccc1)c1ccccc1
PROPANTHELINE BROMIDE,CC(C)[N+](C)(CCOC(=O)C1c2ccccc2Oc2ccccc21)C(C)C.[Br-]
PREGNENOLONE SULFATE,CC(=O)C1CCC2C3CC=C4CC(OS(=O)(=O)O)CCC4(C)C3CCC12C
TRIPELENNAMINE,CN(C)CCN(Cc1ccccc1)c1ccccn1
PHENAZOPYRIDINE,Nc1ccc(/N=N/c2ccccc2)c(N)n1
KETOPROFEN SODIUM,CC(C(=O)[O-])c1cccc(C(=O)c2ccccc2)c1.[Na+]
UTIBAPRILAT,C[C@H](N[C@@H](CCc1ccccc1)C(=O)O)C(=O)N1N=C(C(C)(C)C)S[C@H]1C(=O)O
APIDAECIN,CC[C@H](C)[C@H](NC(=O)[C@H](Cc1ccc(O)cc1)NC(=O)[C@@H](NC(=O)[C@@H]1CCCN1C(=O)[C@H](CCCNC(=N)N)NC(=O)[C@H](CC(N)=O)NC(=O)[C@H](CC(N)=O)NC(=O)CN)C(C)C)C(=O)N1CCC[C@H]1C(=O)N[C@@H](CCC(N)=O)C(=O)N1CCC[C@H]1C(=O)N[C@@H](CCCNC(=N)N)C(=O)N1CCC[C@H]1C(=O)N1CCC[C@H]1C(=O)N[C@@H](Cc1cnc[nH]1)C(=O)N1CCC[C@H]1C(=O)N[C@@H](CCCNC(=N)N)C(=O)N[C@@H](CC(C)C)C(=O)O
ADOCIAQUINONE A,C[C@@]12CCCc3coc(c31)C(=O)c1cc3c(cc12)C(=O)C1=NCCS(=O)(=O)C1=C3O
"7,8-DIHYDROCALANOLIDE B",CCCc1cc(=O)oc2c3c(c4c(c12)OC(C)(C)CC4)O[C@@H](C)[C@H](C)[C@@H]3O
LINOLEOYL DOPAMINE,CC/C=C\C/C=C\C/C=C\CCCCCCCC(=O)NCCc1ccc(O)c(O)c1
KASSININ,CSCC[C@H](NC(=O)[C@H](CC(C)C)NC(=O)CNC(=O)[C@@H](NC(=O)[C@H](Cc1ccccc1)NC(=O)[C@H](CCC(=O)O)NC(=O)[C@H](CC(=O)O)NC(=O)[C@H](CO)NC(=O)[C@H](CCCCN)NC(=O)[C@@H]1CCCN1C(=O)[C@@H](NC(=O)[C@@H](N)CC(=O)O)C(C)C)C(C)C)C(N)=O
BENZOIC ACID CARBAMOYLMETHYL ESTER,NC(=O)COC(=O)c1ccccc1
MYOSEVERIN,COc1ccc(CNc2nc(NCc3ccc(OC)cc3)c3ncn(C(C)C)c3n2)cc1
ISOBERGAPTENE,COc1cc2occc2c2oc(=O)ccc12
BENZOIC ACID DIALLYLCARBAMOYLMETHYL ESTER,C=CCN(CC=C)C(=O)COC(=O)c1ccccc1
BENZOIC ACID DIBUTYLCARBAMOYLMETHYL ESTER,CCCCN(CCCC)C(=O)COC(=O)c1ccccc1
BENZOIC ACID DIPROPYLCARBAMOYLMETHYL ESTER,CCCN(CCC)C(=O)COC(=O)c1ccccc1
SAVIPRAZOLE,[O-][S+](Cc1cc(OCC(F)(F)C(F)(F)C(F)(F)F)ccn1)c1nc2cscc2[nH]1
FENOPROFEN SODIUM,CC(C(=O)[O-])c1cccc(Oc2ccccc2)c1.[Na+]
DROSOCIN,CC[C@H](C)[C@H](NC(=O)[C@@H]1CCCN1C(=O)[C@H](CCCNC(=N)N)NC(=O)[C@@H]1CCCN1C(=O)[C@H](Cc1cnc[nH]1)NC(=O)[C@H](CO)NC(=O)[C@@H](NC(=O)[C@@H]1CCCN1C(=O)[C@H](CCCNC(=N)N)NC(=O)[C@@H]1CCCN1C(=O)[C@H](CO)NC(=O)[C@H](Cc1ccc(O)cc1)NC(=O)[C@@H]1CCCN1C(=O)[C@H](CCCNC(=N)N)NC(=O)[C@@H]1CCCN1C(=O)[C@H](CCCCN)NC(=O)CN)[C@@H](C)O)C(=O)N[C@@H](CCCNC(=N)N)C(=O)N[C@H](C(=O)O)C(C)C
UNIFIRAM,O=C1CCC2CN(S(=O)(=O)c3ccc(F)cc3)CCN12
ARACHIDONOYL DOPAMINE,CCCCC/C=C\C/C=C\C/C=C\C/C=C\CCCC(=O)NCCc1ccc(O)c(O)c1
CYCLOFENIL,CC(=O)Oc1ccc(C(=C2CCCCC2)c2ccc(OC(C)=O)cc2)cc1
LICOAGROCHACONE A,C=CC(C)(C)c1cc(/C=C/C(=O)c2ccc(O)cc2)c(OC)cc1O
BENZOIC ACID DIETHYLCARBAMOYLMETHYL ESTER,CCN(CC)C(=O)COC(=O)c1ccccc1
BENZOIC ACID DIMETHYLCARBAMOYLMETHYL ESTER,CN(C)C(=O)COC(=O)c1ccccc1
ECHINATIN,COc1cc(O)ccc1/C=C/C(=O)c1ccc(O)cc1
CICUTOXIN,CCC[C@@H](O)/C=C/C=C/C=C/C#CC#CCCCO
TMPYP4 CHLORIDE,C[n+]1ccc(-c2c3nc(c(-c4cc[n+](C)cc4)c4ccc([nH]4)c(-c4cc[n+](C)cc4)c4nc(c(-c5cc[n+](C)cc5)c5ccc2[nH]5)C=C4)C=C3)cc1.[Cl-].[Cl-].[Cl-].[Cl-]
BENZOIC ACID PROPYLCARBAMOYLMETHYL ESTER,CCCNC(=O)COC(=O)c1ccccc1
BENZOIC ACID ETHYLCARBAMOYLMETHYL ESTER,CCNC(=O)COC(=O)c1ccccc1
TETRAPHENYLPORPHYRIN,C1=Cc2nc1c(-c1ccccc1)c1nc(c(-c3ccccc3)c3ccc([nH]3)c(-c3ccccc3)c3ccc([nH]3)c2-c2ccccc2)C=C1
BENZOIC ACID METHYLCARBAMOYLMETHYL ESTER,CNC(=O)COC(=O)c1ccccc1
NORTADALAFIL,O=C1NCC(=O)N2[C@H](c3ccc4c(c3)OCO4)c3[nH]c4ccccc4c3C[C@H]12
APTAZAPINE,CN1CCN2c3ccccc3Cn3cccc3C2C1
PENTISOMIDE,CC(C)CC(CCN(C(C)C)C(C)C)(C(N)=O)c1ccccn1
SULFACARBAMIDE,NC(=O)NS(=O)(=O)c1ccc(N)cc1
SULFABENZAMIDE,Nc1ccc(S(=O)(=O)NC(=O)c2ccccc2)cc1
ISOPIMPINELLIN,COc1c2ccoc2c(OC)c2oc(=O)ccc12
"3,4-DIHYDROXY-5-NITROBENZALDEHYDE",O=Cc1cc(O)c(O)c([N+](=O)[O-])c1
CYPROTERONE,CC(=O)[C@@]1(O)CC[C@H]2[C@@H]3C=C(Cl)C4=CC(=O)[C@@H]5C[C@@H]5[C@]4(C)[C@H]3CC[C@@]21C
M(DANSYLAMIDOPHENYL)BORONIC ACID,CN(C)c1cccc2c(S(=O)(=O)Nc3cccc(B(O)O)c3)cccc12
TOLYL BORONIC ACID,Cc1ccc(B(O)O)cc1
"1,5-Anhydrosorbitol",OC[C@H]1OC[C@H](O)[C@@H](O)[C@@H]1O
VILDAGLIPTIN,N#C[C@@H]1CCCN1C(=O)CNC12CC3CC(CC(O)(C3)C1)C2
PTEROIC ACID,Nc1nc(O)c2nc(CNc3ccc(C(=O)O)cc3)cnc2n1
DACINOSTAT,O=C(/C=C/c1ccc(CN(CCO)CCc2c[nH]c3ccccc23)cc1)NO
BRUCEINE B,COC(=O)[C@@]12OC[C@]34[C@H]([C@@H](O)[C@@H]1O)[C@@]1(C)CC(=O)C(O)=C(C)[C@@H]1C[C@H]3OC(=O)[C@H](OC(C)=O)[C@@H]24
ISOPROPYLHYDROXYLAMINE,CC(C)NO
BRUCEOLIDE,COC(=O)[C@@]12OC[C@]34[C@H]([C@@H](O)[C@@H]1O)[C@@]1(C)CC(=O)C(O)=C(C)[C@@H]1C[C@H]3OC(=O)[C@H](O)[C@@H]24
ETORPHINE,CCC[C@@](C)(O)[C@H]1C[C@@]23C=C[C@]1(OC)[C@@H]1Oc4c(O)ccc5c4[C@@]12CCN(C)[C@@H]3C5
IMOCITRELVIR,C#CC[C@@H](C(=O)N[C@H](/C=C/C(=O)OCC)C[C@@H]1CCNC1=O)n1cccc(NC(=O)c2cc(C)on2)c1=O
LAPAQUISTAT ACETATE,COc1cccc([C@H]2O[C@H](CC(=O)N3CCC(CC(=O)O)CC3)C(=O)N(CC(C)(C)COC(C)=O)c3ccc(Cl)cc32)c1OC
7-Methylthiomethylpaclitaxel,CSCO[C@H]1C[C@H]2OC[C@@]2(OC(C)=O)C2[C@H](OCc3ccccc3)[C@]3(O)CC(OC(=O)[C@H](O)[C@@H](NC(=O)c4ccccc4)c4ccccc4)C(C)=C([C@@H](OC(C)=O)C(=O)[C@@]21C)C3(C)C
TRIMETHAPHAN CAMSYLATE,CC1(C)C2CCC1(CS(=O)(=O)[O-])C(=O)C2.O=C1N(Cc2ccccc2)C2C[S+]3CCCC3C2N1Cc1ccccc1
3-EPI-BETULIN,C=C(C)[C@@H]1CC[C@]2(CO)CC[C@]3(C)[C@H](CC[C@@H]4[C@@]5(C)CC[C@@H](O)C(C)(C)[C@@H]5CC[C@]43C)[C@@H]12
BETULIN DIACETATE,C=C(C)[C@@H]1CC[C@]2(COC(C)=O)CC[C@]3(C)[C@H](CC[C@@H]4[C@@]5(C)CC[C@H](OC(C)=O)C(C)(C)[C@@H]5CC[C@]43C)[C@@H]12
CYPROTERONE ACETATE,CC(=O)O[C@]1(C(C)=O)CC[C@H]2[C@@H]3C=C(Cl)C4=CC(=O)[C@@H]5C[C@@H]5[C@]4(C)[C@H]3CC[C@@]21C
30-HYDROXY-BETULIN,C=C(CO)[C@@H]1CC[C@]2(CO)CC[C@]3(C)[C@H](CC[C@@H]4[C@@]5(C)CC[C@H](O)C(C)(C)[C@@H]5CC[C@]43C)[C@@H]12
LAFLUNIMUS,Cc1cc(NC(=O)/C(C#N)=C(\O)C2CC2)ccc1C(F)(F)F
MONO-N-ACETYL DAPSONE,CC(=O)Nc1ccc(S(=O)(=O)c2ccc(N)cc2)cc1
4-AMINO-4'-HYDROXAMINE-DIPHENYLSULPHONE,Nc1ccc(S(=O)(=O)c2ccc(NO)cc2)cc1
FLUORIDE ION F-18,[18F-]
STILBAMIDINE,N=C(N)c1ccc(/C=C/c2ccc(C(=N)N)cc2)cc1
1-METHYLXANTHINE,Cn1c(=O)[nH]c2[nH]cnc2c1=O
HUPRINE Y,CC1=CC2Cc3nc4cc(Cl)ccc4c(N)c3C(C1)C2
GANIRELIX,CC/N=C(\NCC)NCCCC[C@H](NC(=O)[C@H](CC(C)C)NC(=O)[C@@H](CCCCN/C(=N/CC)NCC)NC(=O)[C@H](Cc1ccc(O)cc1)NC(=O)[C@H](CO)NC(=O)[C@@H](Cc1cccnc1)NC(=O)[C@@H](Cc1ccc(Cl)cc1)NC(=O)[C@@H](Cc1ccc2ccccc2c1)NC(C)=O)C(=O)N1CCC[C@H]1C(=O)N[C@H](C)C(N)=O
PICEID,OC[C@H]1O[C@@H](Oc2cc(O)cc(/C=C/c3ccc(O)cc3)c2)[C@H](O)[C@@H](O)[C@@H]1O
D-LACTIC ACID,C[C@@H](O)C(=O)O
DIETHYLTRYPTAMINE,CCN(CC)CCc1c[nH]c2ccccc12
PRAZARELIX,CC(=O)N[C@H](Cc1ccc2ccccc2c1)C(=O)N[C@H](Cc1ccc(Cl)cc1)C(=O)N[C@H](Cc1cccnc1)C(=O)N[C@@H](CO)C(=O)N[C@@H](Cc1ccc(Nc2n[nH]c(N)n2)cc1)C(=O)N[C@H](Cc1ccc(Nc2n[nH]c(N)n2)cc1)C(=O)N[C@@H](CC(C)C)C(=O)N[C@@H](CCCCNC(C)C)C(=O)N1CCC[C@H]1C(=O)N[C@H](C)C(N)=O
NAFTOPIDIL,COc1ccccc1N1CCN(CC(O)COc2cccc3ccccc23)CC1
DEGARELIX,CC(=O)N[C@H](Cc1ccc2ccccc2c1)C(=O)N[C@H](Cc1ccc(Cl)cc1)C(=O)N[C@H](Cc1cccnc1)C(=O)N[C@@H](CO)C(=O)N[C@@H](Cc1ccc(NC(=O)[C@@H]2CC(=O)NC(=O)N2)cc1)C(=O)N[C@H](Cc1ccc(NC(N)=O)cc1)C(=O)N[C@@H](CC(C)C)C(=O)N[C@@H](CCCCNC(C)C)C(=O)N1CCC[C@H]1C(=O)N[C@H](C)C(N)=O
ABARELIX,CC(=O)N[C@H](Cc1ccc2ccccc2c1)C(=O)N[C@H](Cc1ccc(Cl)cc1)C(=O)N[C@H](Cc1cccnc1)C(=O)N[C@@H](CO)C(=O)N(C)[C@@H](Cc1ccc(O)cc1)C(=O)N[C@H](CC(N)=O)C(=O)N[C@@H](CC(C)C)C(=O)N[C@@H](CCCCNC(C)C)C(=O)N1CCC[C@H]1C(=O)N[C@H](C)C(N)=O
ACYLINE,CC(=O)Nc1ccc(C[C@H](NC(=O)[C@H](CO)NC(=O)[C@@H](Cc2cccnc2)NC(=O)[C@@H](Cc2ccc(Cl)cc2)NC(=O)[C@@H](Cc2ccc3ccccc3c2)NC(C)=O)C(=O)N[C@H](Cc2ccc(NC(C)=O)cc2)C(=O)N[C@@H](CC(C)C)C(=O)N[C@@H](CCCCNC(C)C)C(=O)N2CCC[C@H]2C(=O)N[C@H](C)C(N)=O)cc1
ANDROSTENOL,C[C@]12CC[C@@H](O)C[C@@H]1CC[C@@H]1[C@@H]2CC[C@]2(C)C=CC[C@@H]12
MOROIDIN,CC(C)C[C@@H]1NC(=O)[C@@H](NC(=O)[C@@H]2CCC(=O)N2)[C@@H](C(C)C)c2ccc3c4c([nH]c3c2)-n2cnc(c2)C[C@@H](C(=O)O)NC(=O)CNC(=O)[C@H](CCCN=C(N)N)NC(=O)[C@H](C4)NC(=O)[C@H](C(C)C)NC1=O
FORMALDEHYDE,C=O
ULIFLOXACIN,CC1Sc2c(C(=O)O)c(=O)c3cc(F)c(N4CCNCC4)cc3n21
HUMAN CORTICOTROPIN RELEASING FACTOR,CC[C@H](C)[C@H](NC(=O)[C@@H](NC(=O)[C@H](CCC(=O)O)NC(=O)[C@H](CCSC)NC(=O)[C@H](CC(C)C)NC(=O)[C@H](CCCCN)NC(=O)[C@H](CCCN=C(N)N)NC(=O)[C@H](CC(N)=O)NC(=O)[C@H](CO)NC(=O)[C@H](Cc1c[nH]cn1)NC(=O)[C@H](C)NC(=O)[C@H](CCC(N)=O)NC(=O)[C@H](CCC(N)=O)NC(=O)[C@H](C)NC(=O)[C@H](CC(C)C)NC(=O)[C@H](CCC(N)=O)NC(=O)[C@H](CCC(=O)O)NC(=O)[C@H](C)NC(=O)[C@H](CCCN=C(N)N)NC(=O)[C@H](C)NC(=O)[C@H](CCSC)NC(=O)[C@H](CCC(=O)O)NC(=O)[C@H](CC(C)C)NC(=O)[C@@H](NC(=O)[C@H](CCC(=O)O)NC(=O)[C@H](CCCN=C(N)N)NC(=O)[C@H](CC(C)C)NC(=O)[C@H](CC(C)C)NC(=O)[C@H](Cc1c[nH]cn1)NC(=O)[C@H](Cc1ccccc1)NC(=O)[C@@H](NC(=O)[C@H](CC(C)C)NC(=O)[C@H](CC(=O)O)NC(=O)[C@H](CC(C)C)NC(=O)[C@H](CO)NC(=O)[C@@H](NC(=O)[C@@H]1CCCN1C(=O)[C@@H]1CCCN1C(=O)[C@H](CCC(=O)O)NC(=O)[C@H](CCC(=O)O)NC(=O)[C@@H](N)CO)[C@@H](C)CC)[C@@H](C)O)C(C)C)[C@@H](C)CC)C(=O)O
CGC-11047,CCNCCCNC/C=C\CNCCCNCC
ISOFLURANE,FC(F)OC(Cl)C(F)(F)F
PRULIFLOXACIN,Cc1oc(=O)oc1CN1CCN(c2cc3c(cc2F)c(=O)c(C(=O)O)c2n3C(C)S2)CC1
DIHYDROACRONYCINE,COc1cc2c(c3c1c(=O)c1ccccc1n3C)CCC(C)(C)O2
TEFLURANE,FC(Br)C(F)(F)F
NITROGEN,N#N
FLUROXENE,C=COCC(F)(F)F
PROCYSTEINE,O=C1N[C@H](C(=O)O)CS1
ANISOMYCIN,COc1ccc(C[C@H]2NC[C@H](O)[C@H]2OC(C)=O)cc1
ENFLURANE,FC(F)OC(F)(F)C(F)Cl
COLCHICEINE,COc1cc2c(c(OC)c1OC)-c1ccc(=O)c(O)cc1[C@@H](NC(C)=O)CC2
CARBAMAZEPINE EPOXIDE,NC(=O)N1c2ccccc2C2OC2c2ccccc21
PIBOSEROD,CCCCN1CCC(CNC(=O)c2c3n(c4ccccc24)CCCO3)CC1
ICOTIDINE,COc1cccnc1CCCCNc1nc(=O)c(Cc2ccc(C)nc2)c[nH]1
7-BENZYLOXYCOUMARIN,O=c1ccc2ccc(OCc3ccccc3)cc2o1
rolliniastatin-1,CCCCCCCCCC[C@H](O)[C@H]1CC[C@@H]([C@@H]2CC[C@H]([C@H](O)CCCCCCCCCC[C@@H](O)CC3=C[C@H](C)OC3=O)O2)O1
RNORDEPRENYL,C#CCN[C@H](C)Cc1ccccc1
ANISPERIMUS,C[C@@H](N)CCNCCCCNC(=O)OCC(=O)NCCCCCCNC(=N)N
METOCURINE,COc1ccc2cc1Oc1cc3c(cc1OC)CC[N+](C)(C)[C@H]3Cc1ccc(cc1)Oc1c(OC)c(OC)cc3c1[C@@H](C2)[N+](C)(C)CC3
ANTHRAROBIN,Oc1ccc2c(O)c3ccccc3cc2c1O
TUBACIN,O=C(CCCCCCC(=O)Nc1ccc([C@H]2O[C@@H](CSc3nc(-c4ccccc4)c(-c4ccccc4)o3)C[C@@H](c3ccc(CO)cc3)O2)cc1)NO
PHOSPHINOTHRICIN,CP(=O)(O)CC[C@H](N)C(=O)O
BULLANIN,CCCCCCCCCC[C@H](O)[C@H]1CC[C@H]([C@H]2CC[C@H]([C@H](O)CCCCCCCCCCCCC3=C[C@H](C)OC3=O)O2)O1
HETEROCODEINE,CO[C@H]1C=C[C@H]2[C@H]3Cc4ccc(O)c5c4[C@@]2(CCN3C)[C@H]1O5
ALPHA-HYDROXYTRIMETHOPRIM,COc1cc(C(O)c2cnc(N)nc2N)cc(OC)c1OC
GUANACONE,CCCCCCCCCC[C@H](O)[C@H]1CC[C@H]([C@H]2CC[C@H]([C@H](O)CCCCC(=O)CCCCCCCC3=C[C@H](C)OC3=O)O2)O1
GLIOTOXIN/CYSTEINE,CN1C(=O)[C@]23CC4=CC=C[C@H](O)[C@H]4N2C(=O)[C@@]1(CO)SS3.N[C@@H](CS)C(=O)O
GLIOTOXIN/GLUTATHIONE,CN1C(=O)[C@]23CC4=CC=C[C@H](O)[C@H]4N2C(=O)[C@@]1(CO)SS3.NC(CCC(=O)NC(CS)C(=O)NCC(=O)O)C(=O)O
GLUTATHIONE/CYSTEINE,NC(CCC(=O)NC(CS)C(=O)NCC(=O)O)C(=O)O.N[C@@H](CS)C(=O)O
CIPAMFYLLINE,Nc1nc2c([nH]1)c(=O)n(CC1CC1)c(=O)n2CC1CC1
AMINOTHIAZOLE,Nc1nccs1
BROMCRESOL GREEN,Cc1c(C2(c3cc(Br)c(O)c(Br)c3C)OS(=O)(=O)c3ccccc32)cc(Br)c(O)c1Br
HOMOBUTEIN,COc1cc(/C=C/C(=O)c2ccc(O)cc2O)ccc1O
IODOHYDRIN PYROPHOSPHATE,CC(O)(CI)CCOP(=O)(O)OP(=O)(O)O
BROMOHYDRIN PYROPHOSPHATE,CC(O)(CBr)CCOP(=O)(O)OP(=O)(O)O
NILE RED,CCN(CC)c1ccc2nc3c4ccccc4c(=O)cc-3oc2c1
CITRIC ACID,O=C(O)CC(O)(CC(=O)O)C(=O)O
CONDELPHINE,CCN1C[C@]2(COC)CC[C@H](O)[C@@]34C5C[C@@H]6[C@@H](OC)C[C@](O)(C(CC23)C14)C5[C@H]6OC(C)=O
PHOSPHORIC ACID MONOMETHYL ESTER,COP(=O)(O)O
HEXETIDINE,CCCCC(CC)CN1CN(CC(CC)CCCC)CC(C)(N)C1
"4,4'-DIHYDROXYCHALCONE",O=C(/C=C/c1ccc(O)cc1)c1ccc(O)cc1
MEDORINONE,Cc1nccc2[nH]c(=O)ccc12
PHOSPHORYLISOPROPANE,CC(C)OP(=O)(O)O
PROPYL PHOSPHATE,CCCOP(=O)(O)O
TYROCIDINE A,CC(C)C[C@@H]1NC(=O)[C@H](CCCN)NC(=O)[C@H](C(C)C)NC(=O)[C@H](Cc2ccc(O)cc2)NC(=O)[C@H](CCC(N)=O)NC(=O)[C@H](CC(N)=O)NC(=O)[C@@H](Cc2ccccc2)NC(=O)[C@H](Cc2ccccc2)NC(=O)[C@@H]2CCCN2C(=O)[C@@H](Cc2ccccc2)NC1=O
INULINE,CCN1C[C@]2(COC(=O)c3ccccc3N)CC[C@H](OC)[C@]34C5C[C@@H]6[C@@H](OC)C[C@@](O)(C5[C@H]6OC)[C@@](O)(C13)[C@@H](OC)C24
IODOHYDRIN TRIPHOSPHATE,CC(O)(CI)CCOP(=O)(O)OP(=O)(O)OP(=O)(O)O
DIAZOLASALOCID,CC[C@@H](C(=O)[C@@H](C)[C@@H](O)[C@H](C)CCc1c([N+]#N)cc(C)c(O)c1C(=O)O)[C@H]1O[C@](CC)([C@H]2CC[C@](O)(CC)[C@H](C)O2)C[C@@H]1C
SALBOSTATIN,OCC1=CC(NC2COC(CO)C(O)C2O)C(O)C(O)C1O
NORDIDEMNIN,COc1ccc(C[C@H]2C(=O)O[C@H](C)[C@H](NC(=O)[C@@H](CC(C)C)N(C)C(=O)C3CCCN3C(=O)[C@@H](C)O)C(=O)NC(C(C)C)[C@H](O)CC(=O)O[C@@H](C(C)C)C(=O)[C@H](C)C(=O)N[C@@H](CC(C)C)C(=O)N3CCC[C@H]3C(=O)N2C)cc1
CHLORALIN,O=[N+]([O-])c1cc(C(F)(F)F)cc([N+](=O)[O-])c1Cl
ALLYL PYROPHOSPHATE,C=CCOP(=O)(O)OP(=O)(O)O
CHLOROHYDRIN PYROPHOSPHATE,CC(O)(CCl)CCOP(=O)(O)OP(=O)(O)O
CHLOROLASALOCID,CC[C@@H](C(=O)[C@@H](C)[C@@H](O)[C@H](C)CCc1c(Cl)cc(C)c(O)c1C(=O)O)[C@H]1O[C@](CC)([C@H]2CC[C@](O)(CC)[C@H](C)O2)C[C@@H]1C
BROMOLASALOCID,CC[C@@H](C(=O)[C@@H](C)[C@@H](O)[C@H](C)CCc1c(Br)cc(C)c(O)c1C(=O)O)[C@H]1O[C@](CC)([C@H]2CC[C@](O)(CC)[C@H](C)O2)C[C@@H]1C
LOTRAFIBAN,CN1Cc2cc(C(=O)N3CCC(C4CCNCC4)CC3)ccc2N[C@@H](CC(=O)O)C1=O
BROMOHYDRIN TRIPHOSPHATE,CC(O)(CBr)CCOP(=O)(O)OP(=O)(O)OP(=O)(O)O
FLUROFAMIDE,NP(N)(=O)NC(=O)c1ccc(F)cc1
TIMONACIC,O=C(O)C1CSCN1
ISOPENTENYL PHOSPHATE,C=C(C)CCOP(=O)(O)O
ISOPENTENYLPYROPHOSPHATE,C=C(C)CCOP(=O)(O)OP(=O)(O)O
LASALOCID,CC[C@@H](C(=O)[C@@H](C)[C@@H](O)[C@H](C)CCc1ccc(C)c(O)c1C(=O)O)[C@H]1O[C@](CC)([C@H]2CC[C@](O)(CC)[C@H](C)O2)C[C@@H]1C
CROTYL PYROPHOSPHATE,C/C=C\COP(=O)(O)OP(=O)(O)O
DIMETHYLALLYL DIPHOSPHATE,CC(C)=CCOP(=O)(O)OP(=O)(O)O
CARBACYCLIN,CCCCC[C@H](O)/C=C/[C@@H]1[C@H]2C/C(=C\CCCC(=O)O)C[C@H]2C[C@H]1O
LASALOCID METHYLETHER,CC[C@@H](C(=O)[C@@H](C)[C@@H](O)[C@H](C)CCc1ccc(C)c(Oc2c(C)ccc(CC[C@@H](C)[C@H](O)[C@H](C)C(=O)[C@H](CC)[C@H]3O[C@](CC)([C@H]4CC[C@](O)(CC)[C@H](C)O4)C[C@@H]3C)c2C(=O)O)c1C(=O)O)[C@H]1O[C@](CC)([C@H]2CC[C@](O)(CC)[C@H](C)O2)C[C@@H]1C
5-BROMOURACIL,O=c1[nH]cc(Br)c(=O)[nH]1
IODOLASALOCID,CC[C@@H](C(=O)[C@@H](C)[C@@H](O)[C@H](C)CCc1c(I)cc(C)c(O)c1C(=O)O)[C@H]1O[C@](CC)([C@H]2CC[C@](O)(CC)[C@H](C)O2)C[C@@H]1C
OXICONAZOLE,Clc1ccc(CO/N=C(\Cn2ccnc2)c2ccc(Cl)cc2Cl)c(Cl)c1
TRICYCLAZOLE,Cc1cccc2sc3nncn3c12
PYROQUILON,O=C1CCc2cccc3c2N1CC3
CARPROPAMIDE,CC[C@@]1(C(=O)N[C@H](C)c2ccc(Cl)cc2)[C@@H](C)C1(Cl)Cl
FLOSULIDE,CS(=O)(=O)Nc1cc2c(cc1Oc1ccc(F)cc1F)C(=O)CC2
AMINOLASALOCID,CC[C@@H](C(=O)[C@@H](C)[C@@H](O)[C@H](C)CCc1c(N)cc(C)c(O)c1C(=O)O)[C@H]1O[C@](CC)([C@H]2CC[C@](O)(CC)[C@H](C)O2)C[C@@H]1C
GSK-369796,CC(C)(C)NCc1ccc(Nc2ccnc3cc(Cl)ccc23)cc1O
SALMETEROL,OCc1cc(C(O)CNCCCCCCOCCCCc2ccccc2)ccc1O
ESATENOLOL,CC(C)NC[C@H](O)COc1ccc(CC(N)=O)cc1
3-FORMYLINDOLE,O=Cc1c[nH]c2ccccc12
8-METHOXYFLAVONE,COc1cccc2c(=O)cc(-c3ccccc3)oc12
2-PHENYL-1H-INDOLE-3-CARBALDEHYDE,O=Cc1c(-c2ccccc2)[nH]c2ccccc12
7-METHYLFLAVONE,Cc1ccc2c(=O)cc(-c3ccccc3)oc2c1
CF1743,CCCCCc1ccc(-c2cc3cn([C@H]4C[C@H](O)[C@@H](CO)O4)c(=O)nc3o2)cc1
FLURADOLINE,CNCCSC1=Cc2ccccc2Oc2ccc(F)cc21
PIPRAMADOL,CC(C(=O)N(C)C1CCCCC1)C1(O)CCN(CCc2ccccc2Cl)CC1
ISOQUINE,CCN(CC)Cc1ccc(Nc2ccnc3cc(Cl)ccc23)cc1O
(S)-METOPROLOL,COCCc1ccc(OC[C@@H](O)CNC(C)C)cc1
"4,5,6,7-TETRACHLOROPHTHALIDE",O=C1OCc2c(Cl)c(Cl)c(Cl)c(Cl)c21
DESETHYL ISOQUINE,CCNCc1ccc(Nc2ccnc3cc(Cl)ccc23)cc1O
OXYTOCIN DIMER,CC[C@@H](C)[C@H]1NC(=O)[C@H](Cc2ccc(O)cc2)NC(=O)[C@@H](N)CSSC[C@@H](C(=O)N2CCC[C@@H]2C(=O)N[C@@H](CC(C)C)C(=O)NCC(N)=O)NC(=O)[C@H](CC(N)=O)NC(=O)[C@@H](CCC(N)=O)NC(=O)[C@H]([C@@H](C)CC)NC(=O)[C@@H](Cc2ccc(O)cc2)NC(=O)[C@H](N)CSSC[C@H](C(=O)N2CCC[C@H]2C(=O)N[C@H](CC(C)C)C(=O)NCC(N)=O)NC(=O)[C@@H](CC(N)=O)NC(=O)[C@H](CCC(N)=O)NC1=O
5-HYDROXY PROPAFENONE,CCCNCC(O)COc1ccc(O)cc1C(=O)CCc1ccccc1
"(R,S)-INDATRALINE",CN[C@@H]1C[C@@H](c2ccc(Cl)c(Cl)c2)c2ccccc21
PIPRADIMADOL,CN(C(=O)C(C)(C)C1(O)CCN(CCc2ccccc2Cl)CC1)C1CCCCC1
AMIDEPHRINE MESYLATE,CNCC(O)c1cccc(NS(C)(=O)=O)c1
LONAPRISAN,CC(=O)c1ccc([C@H]2C[C@@]3(C)[C@@H](CC[C@@]3(O)C(F)(F)C(F)(F)F)[C@@H]3CCC4=CC(=O)CCC4=C32)cc1
ADAPALENE,COc1ccc(-c2ccc3cc(C(=O)O)ccc3c2)cc1C12CC3CC(CC(C3)C1)C2
MOFAROTENE,C/C(=C\c1ccc(OCCN2CCOCC2)cc1)c1ccc2c(c1)C(C)(C)CCC2(C)C
PIVOXAZEPAM,CC(C)(C)C(=O)OC1N=C(c2ccccc2)c2cc(Cl)ccc2NC1=O
GLAFENINE,O=C(OCC(O)CO)c1ccccc1Nc1ccnc2cc(Cl)ccc12
(NORTH)-METHANOCARBATHYMIDINE,Cc1cn([C@H]2C[C@H](O)[C@]3(CO)C[C@H]23)c(=O)[nH]c1=O
TETRAHYDROZOLINE,c1ccc2c(c1)CCCC2C1=NCCN1
INDANIDINE,Cn1cc2c(NC3=NCCN3)cccc2n1
LERIGLITAZONE,CC(O)c1ccc(CCOc2ccc(CC3SC(=O)NC3=O)cc2)nc1
MITOGLITAZONE,CCc1ccc(C(=O)COc2ccc(CC3SC(=O)NC3=O)cc2)nc1
AZEPEXOLE,CCN1CCc2nc(N)oc2CC1
ENTRY 68 A,CCc1nc(Cc2[nH]cnc2C)c(CC)s1
"J-113,397",CCn1c(=O)n([C@@H]2CCN(CC3CCCCCCC3)C[C@H]2CO)c2ccccc21
PSAMMAPLIN E,NC(=O)C(=O)NCCSSCCNC(=O)/C(Cc1ccc(O)c(Br)c1)=N/O
PSAMMAPLIN D,COC(=O)NCCSSCCNC(=O)/C(Cc1ccc(O)c(Br)c1)=N/O
IMEXON,N=C1NC(=O)N2CC12
FR-135313,C/C=C1\NC(=O)[C@@H](CS)NC(=O)[C@@H](C(C)C)NC(=O)C[C@@H](/C=C/CCS)OC(=O)[C@H](C(C)C)NC1=O
ROMIDEPSIN,C/C=C1\NC(=O)[C@H]2CSSCC/C=C/[C@H](CC(=O)N[C@H](C(C)C)C(=O)N2)OC(=O)[C@H](C(C)C)NC1=O
OXALIC ACID,O=C(O)C(=O)O
PENTOLINIUM,C[N+]1(CCCCC[N+]2(C)CCCC2)CCCC1
TRAMIPROSATE,NCCCS(=O)(=O)O
LY-518674,Cc1ccc(Cn2nc(CCCc3ccc(OC(C)(C)C(=O)O)cc3)nc2O)cc1
THIELOCIN B3,COc1c(C)c(OC(=O)c2c(C)c(C)c(OC(=O)c3c(C)cc(O)c(Cc4c(C)c(C(=O)Oc5c(C)c(C)c(C(=O)Oc6c(C)c(C)c(C(=O)O)c(OC)c6C)c(OC)c5C)c(O)c(C)c4O)c3O)c(C)c2OC)c(C)c(C)c1C(=O)O
YOHIMBIC ACID,O=C(O)[C@@H]1[C@H]2C[C@H]3c4[nH]c5ccccc5c4CCN3C[C@@H]2CC[C@@H]1O
DIAZENIUMDIOLATE,CCCCCCCCCCCCNCCCCCCN(CCCCCCCCCCCC)/[N+]([O-])=N/O
TETRAMETHYLKAEMPFEROL,COc1ccc(-c2oc3cc(OC)cc(OC)c3c(=O)c2OC)cc1
CIRSIMARITIN,COc1cc2oc(-c3ccc(O)cc3)cc(=O)c2c(O)c1OC
PHOSPHORYLETHANOLAMINE,NCCOP(=O)(O)O
GUAISTEINE,COc1ccccc1OCC1SCCN1C(=O)CSC(C)=O
THIELOCIN A1,COc1c(C)c(OC(=O)c2c(C)c(C)c(OC(=O)C3=C(C)[C@@](C)(O)C4(O)Oc5c(C)c(OC)c(C(=O)Oc6c(C)c(C)c(C(=O)O)c(OC)c6C)c(C)c5C[C@@]4(C)C3=O)c(C)c2OC)c(C)c(C)c1C(=O)O
JUSTICIDIN B,COc1cc2cc3c(c(-c4ccc5c(c4)OCO5)c2cc1OC)C(=O)CO3
MEGLITINIDE,COc1ccc(Cl)cc1C(=O)NCCc1ccc(C(=O)O)cc1
MOGUISTEINE,CCOC(=O)CC(=O)N1CCSC1COc1ccccc1OC
THIOURACIL,O=c1cc[nH]c(=S)[nH]1
VARESPLADIB,CCc1c(C(=O)C(N)=O)c2c(OCC(=O)O)cccc2n1Cc1ccccc1
CPP-115 FREE BASE,N[C@H]1C[C@@H](C(=O)O)CC1=C(F)F
REPAGLINIDE,CCOc1cc(CC(=O)N[C@@H](CC(C)C)c2ccccc2N2CCCCC2)ccc1C(=O)O
(R)-MEXILETINE,Cc1cccc(C)c1OC[C@@H](C)N
(S)-MEXILETINE,Cc1cccc(C)c1OC[C@H](C)N
DROPROPIZINE,OCC(O)CN1CCN(c2ccccc2)CC1
7-AMINOCLONAZEPAM,Nc1ccc2c(c1)C(c1ccccc1Cl)=NCC(=O)N2
3-HYDROXYCOUMARIN,O=c1oc2ccccc2cc1O
3-ACETYLCOUMARIN,CC(=O)c1cc2ccccc2oc1=O
TROXACITABINE,Nc1ccn([C@@H]2CO[C@H](CO)O2)c(=O)n1
MOTRAZEPAM,COCN1C(=O)CN=C(c2ccccc2)c2cc([N+](=O)[O-])ccc21
PHOMACTIN,C/C1=C\CC[C@@]2(C)O[C@@H]2C(=O)[C@@H]2CC[C@@H](C)[C@](C)(CC1)[C@H]2C=O
METHYL P-HYDROXYCINNAMATE,COC(=O)/C=C/c1ccc(O)cc1
NILUTAMIDE,CC1(C)NC(=O)N(c2ccc([N+](=O)[O-])c(C(F)(F)F)c2)C1=O
7-AMINO-FLUNITRAZEPAM,CN1C(=O)CN=C(c2ccccc2F)c2cc(N)ccc21
7-AMINO-NITRAZEPAM,Nc1ccc2c(c1)C(c1ccccc1)=NCC(=O)N2
PERGOLIDE MESYLATE,CCCN1C[C@H](CSC)C[C@@H]2c3cccc4[nH]cc(c34)C[C@H]21.CS(=O)(=O)O
DIMOXAMINE,CC[C@@H](N)Cc1cc(OC)c(C)cc1OC
N-(3-PYRIDYLMETHYL)PYRROLIDINE,c1cncc(CN2CCCC2)c1
DESMETHYLSELEGILINE,C#CCNC(C)Cc1ccccc1
METHYL SINAPATE,COC(=O)/C=C/c1cc(OC)c(O)c(OC)c1
N-{2-[4-(3-AMINO-PYRIDIN-2-YL)-PIPERAZINE-1-CARBONYL]-1H-INDOL-5-YL}-METHANESULFONAMIDE,CS(=O)(=O)Nc1ccc2[nH]c(C(=O)N3CCN(c4ncccc4N)CC3)cc2c1
N-ALLYLCINNAMAMIDE,C=CCNC(=O)/C=C/c1ccccc1
NARATRIPTAN,CNS(=O)(=O)CCc1ccc2[nH]cc(C3CCN(C)CC3)c2c1
ALDISIN,O=C1CCNC(=O)c2[nH]ccc21
FROVATRIPTAN,CN[C@@H]1CCc2[nH]c3ccc(C(N)=O)cc3c2C1
CEP-7055,CC(C)OCc1ccc2c(c1)c1c3c(c4c(c1n2CCCOC(=O)CN(C)C)Cc1ccccc1-4)C(=O)NC3
VERAPAMIL HYDROCHLORIDE,COc1ccc(CCN(C)CCCC(C#N)(c2ccc(OC)c(OC)c2)C(C)C)cc1OC.Cl
PHENOBARBITAL SODIUM,CCC1(c2ccccc2)C(=O)N=C([O-])NC1=O.[Na+]
CEP-5214,CC(C)OCc1ccc2c(c1)c1c3c(c4c(c1n2CCCO)Cc1ccccc1-4)C(=O)NC3
VARACIN,COc1cc(CCN)c2c(c1OC)SSSSS2
SULBENTINE,S=C1SCN(Cc2ccccc2)CN1Cc1ccccc1
p-Xyloquinone,CC1=CC(=O)C(C)=CC1=O
BAZINAPRINE,N#Cc1cc(-c2ccccc2)nnc1NCCN1CCOCC1
MOXIRAPRINE,Cc1cc(-c2ccc(O)cc2)nnc1NCCN1CCOCC1
IMIQUIMOD,CC(C)Cn1cnc2c(N)nc3ccccc3c21
FENOCTIMINE,CCCCCCCC/N=C/N1CCC(C(c2ccccc2)c2ccccc2)CC1
AZIMEXON,CC(C)(N1CC1C#N)N1CC1C(N)=O
ACONITIC ACID,O=C(O)/C=C(\CC(=O)O)C(=O)O
4-NITROGLUTETHIMIDE,CCC1(c2ccc([N+](=O)[O-])cc2)CCC(=O)NC1=O
DUROQUINONE,CC1=C(C)C(=O)C(C)=C(C)C1=O
LINOLEOYLETHANOLAMIDE,CCCCC/C=C\C/C=C\CCCCCCCC(=O)NCCO
"3,4-DIHYDROXYPHENYLACETIC ACID",O=C(O)Cc1ccc(O)c(O)c1
PHENETHYLISOTHIOCYANATE,S=C=NCCc1ccccc1
ITACONATE,C=C(CC(=O)O)C(=O)O
Cresoquinone,CC1=CC(=O)C=CC1=O
ABAPERIDONE,O=c1c(CO)coc2cc(OCCCN3CCC(c4noc5cc(F)ccc45)CC3)ccc12
P-HYDROXYGLUTETHIMIDE,CCC1(c2ccc(O)cc2)CCC(=O)NC1=O
SULFAMIC ACID CYCLOHEXYL ESTER,NS(=O)(=O)OC1CCCCC1
SULFAMIC ACID CYCLOPENTYL ESTER,NS(=O)(=O)OC1CCCC1
CINCHOPHEN,O=C(O)c1cc(-c2ccccc2)nc2ccccc12
OXAGRELATE,CCOC(=O)c1c(C)cc2c(CO)n[nH]c(=O)c2c1C
BUFROLIN,CCCCc1cc2c(=O)cc(C(=O)O)[nH]c2c2c(=O)cc(C(=O)O)[nH]c12
LEVETIRACETAM,CC[C@@H](C(N)=O)N1CCCC1=O
ETAZOLATE,CCOC(=O)c1cnc2c(cnn2CC)c1NN=C(C)C
DECYL SULFAMATE,CCCCCCCCCCOS(N)(=O)=O
HEXANETHIOL,CCCCCCS
SULFAMIC ACID HEXADECYL ESTER,CCCCCCCCCCCCCCCCOS(N)(=O)=O
NORTOPIXANTRONE,CNCCNc1ccc2c3c(nn2CCNCCO)-c2cnccc2C(=O)c13
SULFAMIC ACID PHENETHYL ESTER,NS(=O)(=O)OCCc1ccccc1
TOPIXANTRONE,CN(C)CCNc1ccc2c3c(nn2CCNCCO)-c2cnccc2C(=O)c13
SULFAMIC ACID OCTADECYL ESTER,CCCCCCCCCCCCCCCCCCOS(N)(=O)=O
SULFAMIC ACID TETRADECYL ESTER,CCCCCCCCCCCCCCOS(N)(=O)=O
SULFAMIC ACID DODECYL ESTER,CCCCCCCCCCCCOS(N)(=O)=O
SULFAMIC ACID UNDECYL ESTER,CCCCCCCCCCCOS(N)(=O)=O
SULFAMIC ACID BENZYL ESTER,NS(=O)(=O)OCc1ccccc1
4-NONYLPHENOL,CCCCCCCCCc1ccc(O)cc1
LEVITIRACETAM,CC[C@H](C(N)=O)N1CCCC1=O
SULFAMIC ACID ISOPROPYL ESTER,CC(C)OS(N)(=O)=O
SULFAMIC ACID ETHYL ESTER,CCOS(N)(=O)=O
R-FLUOXETINE,CNCC[C@@H](Oc1ccc(C(F)(F)F)cc1)c1ccccc1
SULFAMIC ACID METHYL ESTER,COS(N)(=O)=O
SULFAMIC ACID BUTYL ESTER,CCCCOS(N)(=O)=O
SULFAMIC ACID PROPYL ESTER,CCCOS(N)(=O)=O
DAUNOMYCINONE,COc1cccc2c1C(=O)c1c(O)c3c(c(O)c1C2=O)C[C@@](O)(C(C)=O)C[C@@H]3O
TASULDINE,c1cnc(SCc2cccnc2)nc1
SULFAMIC ACID PENTYL ESTER,CCCCCOS(N)(=O)=O
NAPHTHALEN-1-YL-METHANOL,OCc1cccc2ccccc12
INDOLE-3-CARBINOL,OCc1c[nH]c2ccccc12
BENZO[J]ACEANTHRYLENE,C1=Cc2c3ccc4ccccc4c3cc3cccc1c23
EFLUMAST,CC(=O)c1cc(F)cc(NC(=O)c2nnn[nH]2)c1O
STEGANACIN,COc1cc2c(c(OC)c1OC)-c1cc3c(cc1[C@@H](OC(C)=O)C1COC(=O)[C@H]1C2)OCO3
ESTER OF PHOSPHOLIPID,CCCCCCCCCC(=O)OCC(COP(=O)([O-])OCC[N+](C)(C)C)OC(=O)CCCCCCC
AMBROXOL,Nc1c(Br)cc(Br)cc1CN[C@H]1CC[C@H](O)CC1
NORFENEFRINE,NCC(O)c1cccc(O)c1
PARANITROBENZYL ALCOHOL,O=[N+]([O-])c1ccc(CO)cc1
HALOPROGIN,Clc1cc(Cl)c(OCC#CI)cc1Cl
KEMPTIDE,CC(C)C[C@H](NC(=O)[C@H](CO)NC(=O)[C@H](C)NC(=O)[C@H](CCCNC(=N)N)NC(=O)[C@H](CCCNC(=N)N)NC(=O)[C@@H](N)CC(C)C)C(=O)NCC(=O)O
MEVINOLIN,CC[C@H](C)C(=O)O[C@H]1C[C@@H](C)C=C2C=C[C@H](C)[C@H](CCCC[C@@H](O)CC(=O)[O-])[C@H]21.[Na+]
3-EPI-PARAHERQUAMIDE A,CN1C(=O)[C@]23CC4C1(CN2CC[C@@]3(C)O)CC1(C(=O)Nc2c1ccc1c2OC=CC(C)(C)O1)C4(C)C
OSANETANT,CC(=O)N(C)C1(c2ccccc2)CCN(CCC[C@]2(c3ccc(Cl)c(Cl)c3)CCCN(C(=O)c3ccccc3)C2)CC1
PIMETHIXENE,CN1CCC(=C2c3ccccc3Sc3ccccc32)CC1
ACANTHOIC ACID,C=C[C@@]1(C)CC=C2C(CCC3[C@](C)(C(=O)O)CCC[C@@]23C)C1
SIALIC ACID,CC(=O)N[C@H]1[C@H]([C@@H](O)[C@@H](O)CO)O[C@@](O)(C(=O)O)C[C@@H]1O
NIRIDAZOLE,O=C1NCCN1c1ncc([N+](=O)[O-])s1
COMPACTIN SODIUM,CC[C@H](C)C(=O)O[C@H]1CCC=C2C=C[C@H](C)[C@H](CCCC[C@@H](O)CC(=O)[O-])[C@H]21.[Na+]
T-2 TOXIN,CC(=O)OC[C@]12C[C@H](OC(=O)CC(C)C)C(C)=C[C@H]1O[C@@H]1[C@H](O)[C@@H](OC(C)=O)[C@@]2(C)[C@]12CO2
ACETYL T2 TOXIN,CC(=O)OC[C@]12C[C@H](OC(=O)CC(C)C)C(C)=C[C@H]1O[C@@H]1[C@H](OC(C)=O)[C@@H](OC(C)=O)[C@@]2(C)[C@]12CO2
ETHYL HYDROXYCARBAMATE,CCOC(=O)NO
N- (9-FLUORENYLMETHOXYCARBONYL)-L-LEUCINE,CC(C)C[C@@H](NC(=O)OCC1c2ccccc2-c2ccccc21)C(=O)O
MILAMELINE,CO/N=C/C1=CCCN(C)C1
PENBUTOLOL,CC(C)(C)NC[C@H](O)COc1ccccc1C1CCCC1
ANTRAFENINE,O=C(OCCN1CCN(c2cccc(C(F)(F)F)c2)CC1)c1ccccc1Nc1ccnc2cc(C(F)(F)F)ccc12
BUCLOSAMIDE,CCCCNC(=O)c1ccc(Cl)cc1O
BROMOCHLOROSALICYLANILIDE,O=C(Nc1ccc(Cl)cc1)c1cc(Br)ccc1O
BECLOBRATE,CCOC(=O)C(C)(CC)Oc1ccc(Cc2ccc(Cl)cc2)cc1
PAFENOLOL,CC(C)NCC(O)COc1ccc(CCNC(=O)NC(C)C)cc1
NEOSOLANIOL,CC(=O)OC[C@]12C[C@H](O)C(C)=C[C@H]1O[C@@H]1[C@H](O)[C@@H](OC(C)=O)[C@@]2(C)[C@]12CO2
MERCAPTOPROPIONIC ACID,O=C(O)CCS
HT-2 TOXIN,CC(=O)OC[C@]12C[C@H](OC(=O)CC(C)C)C(C)=C[C@H]1O[C@@H]1[C@H](O)[C@@H](O)[C@@]2(C)[C@]12CO2
METIPRANOLOL,CC(=O)Oc1c(C)cc(OCC(O)CNC(C)C)c(C)c1C
EXTACET,CSCC[C@H](NC(=O)[C@H](Cc1ccccc1)NC(=O)[C@H](CCCN=C(N)N)NC(C)=O)C(=O)N[C@@H](Cc1c[nH]c2ccccc12)C(=O)N[C@@H](CCSC)C(=O)N[C@@H](CCCN=C(N)N)C(=O)N[C@@H](CCCN=C(N)N)C(=O)N[C@@H](C)C(=O)N[C@@H](CCCN=C(N)N)C(=O)N1CCC[C@H]1C(=O)N[C@@H](CCCCN)C(N)=O
ROLODINE,Cc1nc(NCc2ccccc2)c2cc[nH]c2n1
AMOSULALOL,COc1ccccc1OCCNCC(O)c1ccc(C)c(S(N)(=O)=O)c1
NADOXOLOL,N/C(CC(O)COc1cccc2ccccc12)=N/O
CLOFAZIMINE,CC(C)/N=c1\cc2n(-c3ccc(Cl)cc3)c3ccccc3nc-2cc1Nc1ccc(Cl)cc1
XIBENOLOL,Cc1cccc(OCC(O)CNC(C)(C)C)c1C
SULFINALOL,COc1ccc(CCC(C)NCC(O)c2ccc(O)c([S+](C)[O-])c2)cc1
BETA CAROTENE,CC1=C(/C=C/C(C)=C/C=C/C(C)=C/C=C/C=C(C)/C=C/C=C(C)/C=C/C2=C(C)CCCC2(C)C)C(C)(C)CCC1
BOPINDOLOL,Cc1cc2c(OCC(CNC(C)(C)C)OC(=O)c3ccccc3)cccc2[nH]1
TALINOLOL,CC(C)(C)NCC(O)COc1ccc(NC(=O)NC2CCCCC2)cc1
INDENOLOL,CC(C)NCC(O)COc1cccc2c1C=CC2
BUTIDRINE,CCC(C)NCC(O)c1ccc2c(c1)CCCC2
DERMOSTATIN,CC(C)C1OC(=O)/C=C/C=C/C=C/C=C/C=C/C=C/CC(O)C(C)C(O)CC(O)CC(O)CC(O)CC(O)CC(O)CC(O)CC(O)/C=C/C1C
QUINIDINE,C=C[C@H]1CN2CC[C@H]1C[C@@H]2[C@@H](O)c1ccnc2ccc(OC)cc12
MOPROLOL,COc1ccccc1OCC(O)CNC(C)C
Spongistatin-2,C=C/C=C/[C@@H](O)C(C)C(=C)C[C@H]1O[C@@H]2[C@H](C)[C@@H](OC(=O)C[C@H]3C[C@H](OC(C)=O)C[C@@]4(C[C@@](C)(O)C[C@H](CC(=C)[C@@H](C)[C@H](OC(C)=O)[C@H](C)C(=O)C[C@@H]5C[C@H](OC)C[C@@]6(C[C@@H](O)C[C@H](/C=C\CCC[C@H]7O[C@](O)(C[C@H](O)[C@H]7C)[C@H]2O)C6)O5)O4)O3)[C@@H]1O
BUTOCONAZOLE,Clc1ccc(CCC(Cn2ccnc2)Sc2c(Cl)cccc2Cl)cc1
CEFOTIAM,CN(C)CCn1nnnc1SCC1=C(C(=O)O)N2C(=O)[C@@H](NC(=O)Cc3csc(N)n3)[C@H]2SC1
PICROSTEGANE,COc1cc2c(c(OC)c1OC)-c1cc3c(cc1C[C@H]1COC(=O)[C@H]1C2)OCO3
SALSALATE,O=C(Oc1ccccc1C(=O)O)c1ccccc1O
ACEDAPSONE,CC(=O)Nc1ccc(S(=O)(=O)c2ccc(NC(C)=O)cc2)cc1
FENOPROFEN,CC(C(=O)O)c1cccc(Oc2ccccc2)c1
NIPRADILOL,CC(C)NCC(O)COc1cccc2c1OCC(O[N+](=O)[O-])C2
ACIPIMOX,Cc1cnc(C(=O)O)c[n+]1[O-]
Spongistatin-1,C=C(Cl)/C=C/[C@@H](O)C(C)C(=C)C[C@H]1O[C@@H]2[C@H](C)[C@@H](OC(=O)C[C@H]3C[C@H](OC(C)=O)C[C@@]4(C[C@@](C)(O)C[C@H](CC(=C)[C@@H](C)[C@H](OC(C)=O)[C@H](C)C(=O)C[C@@H]5C[C@H](OC)C[C@@]6(C[C@@H](O)C[C@H](/C=C\CCC[C@H]7O[C@](O)(C[C@H](O)[C@H]7C)[C@H]2O)C6)O5)O4)O3)[C@@H]1O
RONIFIBRATE,CC(C)(Oc1ccc(Cl)cc1)C(=O)OCCCOC(=O)c1cccnc1
BEFUNOLOL,CC(=O)c1cc2cccc(OCC(O)CNC(C)C)c2o1
(-)-STEGANACIN,COc1cc2c(c(OC)c1OC)-c1cc3c(cc1[C@H](OC(C)=O)[C@H]1COC(=O)[C@@H]1C2)OCO3
BUTOFILOLOL,CCCC(=O)c1cc(F)ccc1OCC(O)CNC(C)(C)C
CLORANOLOL,CC(C)(C)NCC(O)COc1cc(Cl)ccc1Cl
CISBURSERAN,COc1cc(CC2COCC2Cc2ccc3c(c2)OCO3)cc(OC)c1OC
BUFETOLOL,CC(C)(C)NCC(O)COc1ccccc1OCC1CCCO1
CETAMOLOL,CNC(=O)COc1ccccc1OCC(O)CNC(C)(C)C
BUCUMOLOL,Cc1ccc(OCC(O)CNC(C)(C)C)c2oc(=O)ccc12
BIS(THIOSALICYL)HYDRAZIDE,O=C(NNC(=O)c1ccccc1S)c1ccccc1S
CANTHIN-6-ONE,O=c1ccc2nccc3c4ccccc4n1c23
BIRICODAR,COc1cc(C(=O)C(=O)N2CCCC[C@H]2C(=O)OC(CCCc2cccnc2)CCCc2cccnc2)cc(OC)c1OC
RAMIFENAZONE,Cc1c(NC(C)C)c(=O)n(-c2ccccc2)n1C
PIRIFIBRATE,CC(C)(Oc1ccc(Cl)cc1)C(=O)OCc1cccc(CO)n1
STEGANE,COc1cc2c(c(OC)c1OC)-c1cc3c(cc1C[C@H]1COC(=O)[C@@H]1C2)OCO3
NORVERAPAMIL,COc1ccc(CCNCCCC(C#N)(c2ccc(OC)c(OC)c2)C(C)C)cc1OC
THIOCORNIGERINE,COc1c2c(cc3c1-c1ccc(SC)c(=O)cc1[C@@H](NC(C)=O)CC3)OCO2
KETOCONAZOLE,CC(=O)N1CCN(c2ccc(OCC3COC(Cn4ccnc4)(c4ccc(Cl)cc4Cl)O3)cc2)CC1
ETOFIBRATE,CC(C)(Oc1ccc(Cl)cc1)C(=O)OCCOC(=O)c1cccnc1
HEPTANOIC ACID CHLOROMETHYL ESTER,CCCCCCC(=O)OCCl
ENILCONAZOLE,C=CCOC(Cn1ccnc1)c1ccc(Cl)cc1Cl
QUININE,C=C[C@H]1CN2CC[C@H]1C[C@H]2[C@H](O)c1ccnc2ccc(OC)cc12
DIAMTHAZOLE DIHYDROCHLORIDE,CCN(CC)CCOc1ccc2nc(N(C)C)sc2c1.Cl.Cl
CHLORMIDAZOLE,Cc1nc2ccccc2n1Cc1ccc(Cl)cc1
CHLORDANTOIN,CCCCC(CC)C1NC(=O)N(SC(Cl)(Cl)Cl)C1=O
ARECOLON,CCC(=O)C1=CCCN(C)C1
LAV12,CCCCOC(=O)c1cc2c([nH]c3ccccc32)c(-c2ccc3c(n2)C(=O)C(NC(=O)CCC)=CC3=O)n1
CC-1065,COc1c(O)c2c(c3cc(C(=O)N4CCc5c4c(O)c(OC)c4[nH]c(C(=O)N6CC7CC78C6=CC(=O)c6[nH]cc(C)c68)cc54)[nH]c13)CCN2C(N)=O
PHENYLACETOHYDROXAMIC ACID,O=C(Cc1ccccc1)NO
HYDROXYSTILBAMIDINE,N=C(N)c1ccc(/C=C/c2ccc(C(=N)N)cc2O)cc1
CHROMOMYCIN,COC1C(O)CC(OC2CC(Oc3cc4cc5c(c(O)c4c(O)c3C)C(=O)[C@@H](OC3CC(OC4CC(OC6CC(C)(O)C(OC(C)=O)C(C)O6)C(O)C(C)O4)C(O)C(C)O3)[C@H]([C@H](OC)C(=O)[C@@H](O)[C@@H](C)O)C5)OC(C)C2OC(C)=O)OC1C
GLYCINEXYLIDIDE,Cc1cccc(C)c1NC(=O)CN
MONODEUTERATED PROPOFOL,[2H]c1cc(C(C)C)c(O)c(C(C)C)c1
4-NITROTOLUENE,Cc1ccc([N+](=O)[O-])cc1
DNQX,O=[N+]([O-])c1cc2nc(O)c(O)nc2cc1[N+](=O)[O-]
TRIDEUTERATED PROPOFOL,[2H]c1c([2H])c(C(C)C)c(O)c(C(C)C)c1[2H]
FIJIANOLIDE B,C=C1C[C@H](C)C[C@@H]2CC=C[C@@H](C/C=C\C(=O)O[C@H]([C@@H](O)/C=C/[C@@H]3CC(C)=CCO3)C[C@@H]3O[C@H]3[C@@H](O)C1)O2
SCRIPENETRIOL,CC1=C[C@H]2OC3[C@H](O)[C@@H](O)[C@@](C)(C34CO4)[C@@]2(CO)CC1
2-(AMINOMETHYL)PHENOL,NCc1ccccc1O
ARSANILIC ACID,Nc1ccc([As](=O)(O)O)cc1
CYCLOMETHYLTRYPTOPHAN,O=C(O)[C@@H]1Cc2c([nH]c3ccccc23)CN1
ROTIGOTINE,CCCN(CCc1cccs1)[C@H]1CCc2c(O)cccc2C1
ERYTHRO-HYDROBUPROPION,CC(NC(C)(C)C)C(O)c1cccc(Cl)c1
PYRIBENZAMINE,c1ccc(CN(CCN2CC2)c2ccccn2)cc1
PIRETANIDE,NS(=O)(=O)c1cc(C(=O)O)cc(N2CCCC2)c1Oc1ccccc1
ANTAZOLINE,c1ccc(CN(CC2=NCCN2)c2ccccc2)cc1
ANTERGAN,CN(C)CCN(Cc1ccccc1)c1ccccc1
PROPIDIUM,CC[N+](C)(CC)CCC[n+]1c(-c2ccccc2)c2cc(N)ccc2c2ccc(N)cc21.[I-].[I-]
ECHINOCHROME A,CCC1=C(O)C(=O)c2c(O)c(O)c(O)c(O)c2C1=O
CANNABICHROMENE,CCCCCc1cc(O)c2c(c1)OC(C)(CCC=C(C)C)C=C2
ORMELOXIFENE,COc1ccc2c(c1)OC(C)(C)C(c1ccccc1)C2c1ccc(OCCN2CCCC2)cc1
CANNABICYCLOL,CCCCCc1cc(O)c2c(c1)OC1(C)CCC3C1C2C3(C)C
PICLOZOTAN,O=C1c2ccccc2OC=C(Cl)N1CCCCN1CC=C(c2ccccn2)CC1
PAREITROPONE,COc1cc2ccnc3c2c(c1OC)-c1ccc(=O)ccc1-3
GRANDIRUBRINE,COc1c(OC)c2c3c(nccc3c1OC)-c1cc(O)c(=O)ccc1-2
IMERUBRINE,COc1c(OC)c2c3c(nccc3c1OC)-c1cc(O)ccc1-2
TAGORIZINE,Cc1ccc(/C=C/C(=O)NCCCCN2CCN(C(c3ccccc3)c3ccccc3)CC2)cn1
"ICOSAHYDRODIBENZO[B,K][1,4,7,10,13,16]HEXAOXACYCLOOCTADECINE",C1CCC2OCCOCCOC3CCCCC3OCCOCCOC2C1
WHILE OLIVETOL,CCCCCc1cc(O)cc(O)c1
TULOPAFANT,O=C(c1ccccc1)c1cccc(NC(=O)c2ccn3c2CS[C@@H]3c2cccnc2)c1
TARIQUIDAR,COc1cc2c(cc1OC)CN(CCc1ccc(NC(=O)c3cc(OC)c(OC)cc3NC(=O)c3cnc4ccccc4c3)cc1)CC2
APOCIDEINE,COc1ccc2c(c1O)-c1cccc3c1[C@@H](C2)N(C)CC3
QUINELORANE,CCCN1CCC[C@@H]2Cc3nc(N)ncc3C[C@H]21
(S)-BULBOCAPNINE,COc1ccc2c(c1O)-c1c3c(cc4c1[C@H](C2)N(C)CC4)OCO3
ASOBAMAST,CCOCCOC(=O)C(=O)Nc1nc(-c2cc(C)no2)cs1
CERAMIDE,CCCCCCCCCCCCCCC[C@@H](O)[C@H](CO)NC(C)=O
PUUPEHENONE,CC1(C)CCC[C@]2(C)[C@H]3C=C4C=C(O)C(=O)C=C4O[C@@]3(C)CC[C@@H]12
ILIMAQUINONE,C=C1CCC[C@H]2[C@](C)(CC3=C(O)C(=O)C=C(OC)C3=O)[C@@H](C)CC[C@]12C
CHOLOROPUUPEHENONE,CC1(C)CCC[C@]2(C)C3C=C4C(=CC(=O)C(O)=C4Cl)OC3CC[C@@]12C
OSTHENOL,CC(C)=CCc1c(O)ccc2ccc(=O)oc12
NORDENTATIN,C=CC(C)(C)c1c2c(c(O)c3ccc(=O)oc13)C=CC(C)(C)O2
SPONGIADIOL,C[C@]12CC(=O)[C@@H](O)[C@](C)(CO)[C@@H]1CC[C@@]1(C)c3cocc3CC[C@H]21
TOMOXIPROLE,COc1ccc(-c2nc3c4ccccc4ccc3n2C(C)C)cc1
UMBELLIPRENIN,CC(C)=CCC/C(C)=C/CC/C(C)=C/COc1ccc2ccc(=O)oc2c1
N-MONODEISOPROPYL DISOPYRAMIDE,CC(C)NCCC(C(N)=O)(c1ccccc1)c1ccccn1
CLAUSARIN,C=CC(C)(C)c1cc2c(O)c3c(c(C(C)(C)C=C)c2oc1=O)OC(C)(C)C=C3
BINFLOXACIN,CCn1cc(C(=O)O)c(=O)c2cc(F)c(N3CCN4CCC3CC4)cc21
THYMOPENTIN,CC(C)[C@H](NC(=O)[C@H](CC(=O)O)NC(=O)[C@H](CCCCN)NC(=O)[C@@H](N)CCCN=C(N)N)C(=O)N[C@@H](Cc1ccc(O)cc1)C(=O)O
DANOFLOXACIN,CN1C[C@@H]2C[C@H]1CN2c1cc2c(cc1F)c(=O)c(C(=O)O)cn2C1CC1
FOMEPIZOLE,Cc1cn[nH]c1
MONOFLUOROACETAMIDE,NC(=O)CF
ISOBUTYRAMIDE,CC(C)C(N)=O
TRIGONELLINE,C[n+]1cccc(C(=O)[O-])c1
PIVALAMIDE,CC(C)(C)C(N)=O
ACRYLAMIDE,C=CC(N)=O
PROADIFEN HYDROCHLORIDE,CCCC(C(=O)OCCN(CC)CC)(c1ccccc1)c1ccccc1.Cl
HERACLENINPRANGENIN,CC1(C)OC1COc1c2occc2cc2ccc(=O)oc12
DIHYDROXY-COHIBIN A,CCCCCCCCCCCC[C@H](O)[C@@H](O)CC[C@@H](O)[C@H](O)CCCCCCCCCCCCC1=C[C@H](C)OC1=O
7-PRENYLOXYCOUMARIN,CC(C)=CCOc1ccc2ccc(=O)oc2c1
DIMEDAZOL,Cc1cc2nc[nH]c2cc1C
ACTINOMYCITIN,Cc1c2oc3c(C)ccc(C(=O)N[C@@H]4C(=O)N[C@H](C(C)C)C(=O)N5CCC[C@@H]5C(=O)NCC(=O)N[C@@H](C(C)C)C(=O)O[C@@H]4C)c3nc-2c(C(=O)N[C@H]2C(=O)N[C@@H](C(C)C)C(=O)N3CCC[C@H]3C(=O)NCC(=O)N[C@H](C(C)C)C(=O)O[C@H]2C)c(N)c1=O
"1,1-DICHLOROETHENE",C=C(Cl)Cl
"1,2,3-TRICHLOROPROPANE",ClCC(Cl)CCl
BROFAROMINE,COc1cc(Br)c2oc(C3CCNCC3)cc2c1
DUROHYDROQUINONE,Cc1c(C)c(O)c(C)c(C)c1O
HEXACHLOROETHANE,ClC(Cl)(Cl)C(Cl)(Cl)Cl
ORTHO-PHTHALALDEHYDE,O=Cc1ccccc1C=O
PENTACHLOROETHANE,ClC(Cl)C(Cl)(Cl)Cl
MOSEDIPIMOD,CCCCC/C=C\C/C=C\CCCCCCCC(=O)OC(COC(C)=O)COC(=O)CCCCCCCCCCCCCCC
PROCATEROL,CCC(NC(C)C)C(O)c1ccc(O)c2[nH]c(=O)ccc12
Antide,CC(=O)N[C@H](Cc1ccc2ccccc2c1)C(=O)N[C@H](Cc1ccc(Cl)cc1)C(=O)N[C@H](Cc1cccnc1)C(=O)N[C@@H](CO)C(=O)N[C@@H](CCCCNC(=O)c1cccnc1)C(=O)N[C@H](CCCCNC(=O)c1cccnc1)C(=O)N[C@@H](CC(C)C)C(=O)N[C@@H](CCCCNC(C)C)C(=O)N1CCC[C@@H]1C(=O)N[C@H](C)C(N)=O
OXITRIPTAN,N[C@@H](Cc1c[nH]c2ccc(O)cc12)C(=O)O
TRICHLOROMONOFLUOROMETHANE,FC(Cl)(Cl)Cl
"1,3-DICHLOROPROPENE",Cl/C=C/CCl
DIBROMOCHLOROMETHANE,ClC(Br)Br
BROMOFORM,BrC(Br)Br
1-BROMOBUTANE,CCCCBr
BROMOETHANE,CCBr
BROMODICHLOROMETHANE,ClC(Cl)Br
MAGNOSALIN,COc1cc(OC)c([C@@H]2[C@H](C)[C@@H](C)[C@H]2c2cc(OC)c(OC)cc2OC)cc1OC
TAZIFYLLINE,Cn1c(=O)c2c(ncn2CC(O)CN2CCN(CCCSc3ccccc3)CC2)n(C)c1=O
ISOSORBIDE MONONITRATE,O=[N+]([O-])O[C@@H]1CO[C@H]2[C@@H]1OC[C@@H]2O
LISURIDE,CCN(CC)C(=O)N[C@H]1C=C2c3cccc4[nH]cc(c34)C[C@H]2N(C)C1
TETRAHYDROPAPAVERINE,COc1ccc(CC2NCCc3cc(OC)c(OC)cc32)cc1OC
REVERSETRIIODOTHYRONINE,NC(Cc1ccc(Oc2cc(I)c(O)c(I)c2)c(I)c1)C(=O)O
AZD-4769,O=C(O)CSC(CCCc1ccccc1)c1ccc(OCc2ccc3ccccc3n2)cc1
RAC-IBIPINABANT,CN/C(=N\S(=O)(=O)c1ccc(Cl)cc1)N1CC(c2ccccc2)C(c2ccc(Cl)cc2)=N1
AVERMECTIN B1A,CCC(C)C1O[C@]2(C=C[C@@H]1C)C[C@@H]1CC(C/C=C(\C)[C@@H](OC3C[C@H](OC)[C@@H](OC4C[C@H](OC)[C@@H](O)[C@H](C)O4)[C@H](C)O3)[C@@H](C)/C=C/C=C3\COC4[C@H](O)C(C)=CC(C(=O)O1)[C@]34O)O2
CICAPROST,CCC#CC[C@H](C)[C@H](O)C#C[C@@H]1[C@H]2C/C(=C/COCC(=O)O)C[C@H]2C[C@H]1O
4-HYDROXY-ALPRAZOLAM,Cc1nnc2n1-c1ccc(Cl)cc1C(c1ccccc1)=NC2O
APOCYNIN,COc1cc(C(C)=O)ccc1O
NICOTINOYLALANINENAL,NC(CC(=O)c1cccnc1)C(=O)O
(ortho-nitrobenzoyl)alanine,NC(CC(=O)c1ccccc1[N+](=O)[O-])C(=O)O
AUTONOM NAME:,CCCCCCCC/C=C/CCCCCCCC(=O)O[C@@H](CO)COC(C)=O
TIOPRONIN,CC(S)C(=O)NCC(=O)O
PAPAVEROLINE,Oc1ccc(Cc2nccc3cc(O)c(O)cc23)cc1O
ELISARTAN,CCCCc1nc(Cl)c(C(=O)OC(C)OC(=O)OCC)n1Cc1ccc(-c2ccccc2-c2nn[nH]n2)cc1
CARPROFEN,CC(C(=O)O)c1ccc2c(c1)[nH]c1ccc(Cl)cc12
PARATHION,CCOP(=S)(OCC)Oc1ccc([N+](=O)[O-])cc1
METHYL PARATHIONE,COP(=S)(OC)Oc1ccc([N+](=O)[O-])cc1
FENITROXON,COP(=O)(OC)Oc1ccc([N+](=O)[O-])c(C)c1
FENITROTHION,COP(=S)(OC)Oc1ccc([N+](=O)[O-])c(C)c1
FONAZINE,CC(CN1c2ccccc2Sc2ccc(S(=O)(=O)N(C)C)cc21)N(C)C
AMESERGIDE,CC(C)n1cc2c3c(cccc31)[C@H]1C[C@@H](C(=O)NC3CCCCC3)CN(C)[C@@H]1C2
CARBOXYMETHOXYLAMINE,NOCC(=O)O
AVERMECTIN B2A,CC[C@H](C)[C@H]1O[C@]2(CC(O)[C@@H]1C)C[C@@H]1C[C@@H](C/C=C(\C)[C@@H](OC3CC(OC)C(OC4CC(OC)C(O)C(C)O4)C(C)O3)[C@@H](C)/C=C/C=C3\CO[C@@H]4[C@H](O)C(C)=C[C@@H](C(=O)O1)[C@]34O)O2
TERT-BUTYL HYDROPEROXIDE,CC(C)(C)OO
DIDESMETHYLIMIPRAMINE,NCCCN1c2ccccc2CCc2ccccc21
DICAPTHON,COP(=S)(OC)Oc1ccc([N+](=O)[O-])cc1Cl
CHLORTHION,COP(=S)(OC)Oc1ccc([N+](=O)[O-])c(Cl)c1
4-KETOIFOSFAMIDE,O=C1CCOP(=O)(NCCCl)N1CCCl
ARACHIDONOYL GLYCINE,CCCCC/C=C\C/C=C\C/C=C\C/C=C\CCCC(=O)NCC(=O)O
SKF95299,c1ccc(NCCCOc2cccc(CN3CCCCC3)c2)cc1
ALANYL-dl-PHENYLALANINE,CC(N)C(=O)NC(Cc1ccccc1)C(=O)O
MIRFENTANIL,O=C(c1ccco1)N(c1cnccn1)C1CCN(CCc2ccccc2)CC1
MOXISYLYTE,CC(=O)Oc1cc(C(C)C)c(OCCN(C)C)cc1C
NALOXAZONE,C=CCN1CC[C@]23c4c5ccc(O)c4O[C@H]2/C(=N\N)CC[C@@]3(O)[C@H]1C5
IMILOXAN,CCn1ccnc1CC1COc2ccccc2O1
METHOPTERINE,CN(Cc1cnc2[nH]c(N)nc(=O)c2n1)c1ccc(C(=O)N[C@@H](CCC(=O)O)C(=O)O)cc1
PROCARBAZINE,CNNCc1ccc(C(=O)NC(C)C)cc1
ESMETHADONE,CCC(=O)C(C[C@H](C)N(C)C)(c1ccccc1)c1ccccc1
N-BENZYLPROPARGYLAMINE,C#CCNCc1ccccc1
CATHARININE,CCC(=O)C[C@@H]1CN(C=O)CCc2c([nH]c3ccccc23)[C@@](C(=O)OC)(c2cc3c(cc2OC)N(C)[C@H]2[C@](O)(C(=O)OC)[C@H](OC(C)=O)[C@]4(CC)C=CCN5CC[C@]32[C@@H]54)C1
NALTREXAZONE,N/N=C1/CC[C@@]2(O)[C@H]3Cc4ccc(O)c5c4[C@@]2(CCN3CC2CC2)[C@H]1O5
CHAMAECIN,CC(C)c1ccc(C=O)c(O)c1
ANISALDEHYDE,COc1ccc(C=O)cc1
CUMINALDEHYDE,CC(C)c1ccc(C=O)cc1
TOMELUKAST,CCCc1c(OCCCCc2nnn[nH]2)ccc(C(C)=O)c1O
PROFADOL,CCCC1(c2cccc(O)c2)CCN(C)C1
LAHERRADURIN,CCCCCCCCCC[C@H](O)[C@H]1CC[C@H]([C@H]2CC[C@H]([C@H](O)CCCCCCCCCCCCC3C(=O)O[C@@H](C)[C@@H]3O)O2)O1
OXYMORPHAZONE,CN1CC[C@]23c4c5ccc(O)c4O[C@H]2/C(=N\N)CC[C@@]3(O)[C@H]1C5
DARUNAVIR,CC(C)CN(C[C@@H](O)[C@H](Cc1ccccc1)NC(=O)O[C@H]1CO[C@H]2OCC[C@H]21)S(=O)(=O)c1ccc(N)cc1
RIPAZEPAM,CCn1nc(C)c2c1C(c1ccccc1)=NCC(=O)N2
FOSARILATE,CCOP(=O)(CCCCCCOc1ccc(OC)cc1Cl)OCC
PRAMIRACETAM,CC(C)N(CCNC(=O)CN1CCCC1=O)C(C)C
ARAGUSTEROL A,C[C@@H]1C[C@H]1[C@H](C)C[C@@H](O)[C@@]1([C@H]2CC[C@H]3[C@@H]4CC[C@H]5CC(=O)CC[C@]5(C)[C@H]4C[C@@H](O)[C@]23C)CO1
5-EPIARAGUSTEROL A,C[C@@H]1C[C@H]1[C@H](C)C[C@@H](O)[C@@]1([C@H]2CC[C@H]3[C@@H]4CC[C@@H]5CC(=O)CC[C@]5(C)[C@H]4C[C@@H](O)[C@]23C)CO1
"EMTRICITABINE, (+/-)-",Nc1nc(=O)n(C2CSC(CO)O2)cc1F
TOLCAPONE,Cc1ccc(C(=O)c2cc(O)c(O)c([N+](=O)[O-])c2)cc1
METHYLHYDRAZINE,CNN
"EPIGALLOCATECHIN 3,5-DIGALLATE",O=C(Oc1cc(O)cc2c1C[C@@H](OC(=O)c1cc(O)c(O)c(O)c1)[C@@H](c1cc(O)c(O)c(O)c1)O2)c1cc(O)c(O)c(O)c1
NORMETHADONE,CCC(=O)C(CCN(C)C)(c1ccccc1)c1ccccc1
NEBICAPONE,O=C(Cc1ccccc1)c1cc(O)c(O)c([N+](=O)[O-])c1
3-HYDROXYBENZYLHYDRAZINE DIHYDROCHLORIDE,NNCc1cccc(O)c1
LEVOMETHADONE,CCC(=O)C(C[C@@H](C)N(C)C)(c1ccccc1)c1ccccc1
ALPHAMETHADOL,CC[C@@H](O)C(C[C@@H](C)N(C)C)(c1ccccc1)c1ccccc1
"2',2'-BISEPIGALLOCATECHIN MONOGALLATE",O=C(O[C@@H]1Cc2c(O)cc(O)cc2O[C@@H]1c1cc(O)c(O)c(O)c1-c1c([C@H]2Oc3cc(O)cc(O)c3C[C@H]2O)cc(O)c(O)c1O)c1cc(O)c(O)c(O)c1
THEASINENSIN A,O=C(O[C@@H]1Cc2c(O)cc(O)cc2O[C@@H]1c1cc(O)c(O)c(O)c1-c1c([C@H]2Oc3cc(O)cc(O)c3C[C@H]2OC(=O)c2cc(O)c(O)c(O)c2)cc(O)c(O)c1O)c1cc(O)c(O)c(O)c1
BETAMETHADOL,CC[C@H](O)C(C[C@@H](C)N(C)C)(c1ccccc1)c1ccccc1
THEAFLAVIN,O=c1c(O)cc([C@H]2Oc3cc(O)cc(O)c3C[C@H]2O)cc2c([C@H]3Oc4cc(O)cc(O)c4C[C@H]3O)cc(O)c(O)c12
"EPIAFZELECHIN (2R,3R)(-)",Oc1ccc([C@H]2Oc3cc(O)cc(O)c3C[C@H]2O)cc1
AMAROLIDE,C[C@@H]1C[C@H](O)C(=O)[C@]2(C)[C@H]3[C@H](O)C(=O)[C@H](C)[C@@H]4CC(=O)O[C@H](C[C@@H]12)[C@]34C
AILANTHONE,C=C1[C@@H](O)[C@]2(O)OC[C@]34[C@H]2[C@@]2(C)[C@H](O)C(=O)C=C(C)[C@@H]2C[C@H]3OC(=O)C[C@@H]14
AXITIROME,CCOC(=O)C(=O)Nc1cc(C)c(Oc2ccc(O)c(C(O)c3ccc(F)cc3)c2)c(C)c1
THEAFLAVIN DIGALLATE,O=C(O[C@@H]1Cc2c(O)cc(O)cc2O[C@@H]1c1cc(O)c(=O)c2c(O)c(O)cc([C@H]3Oc4cc(O)cc(O)c4C[C@H]3OC(=O)c3cc(O)c(O)c(O)c3)c2c1)c1cc(O)c(O)c(O)c1
SHINJUDILACTONE,CC1=CC(=O)[C@@H](O)[C@]2(C)[C@H]3[C@@]4(O)C(=O)OC[C@@]35[C@@H](C[C@@H]12)OC(=O)C[C@H]5[C@H]4C
AILANTINOL A,COC(=O)C(C)[C@@H]1CC(=O)O[C@@H]2C[C@H]3C(C)=CC(=O)[C@@H](O)[C@]3(C)[C@H]3C(=O)OC[C@]321
SHINJULACTONE A,C=C1[C@H](O)[C@]2(O)OC[C@]34[C@H]2[C@@]2(C)[C@H](O)[C@@H](O)C=C(C)[C@@H]2C[C@H]3OC(=O)C[C@@H]14
CHONDRILLIN,CCCCCCCCCCCCCCCC[C@@]1(OC)C=C[C@@H](CC(=O)OC)OO1
DELEQUAMINE,COc1ccc2c(c1)CCN1C[C@H]3CCCN(S(C)(=O)=O)[C@H]3C[C@@H]21
YADAIFTNSYRKVLGQLSAR CYCLO (ELLK) DIMSR,CC[C@@H](C)[C@@H](NC(=O)[C@@H](CC(=O)O)NC(=O)[C@H]1CCCCNC(=O)CC[C@H](NC(=O)[C@H](CCCN=C(N)N)NC(=O)[C@H](C)NC(=O)[C@H](CO)NC(=O)[C@H](CC(C)C)NC(=O)[C@H](CCC(N)=O)NC(=O)CNC(=O)[C@H](CC(C)C)NC(=O)[C@@H](NC(=O)[C@H](CCCCN)NC(=O)[C@H](CCCN=C(N)N)NC(=O)[C@H](Cc2ccc(O)cc2)NC(=O)[C@H](CO)NC(=O)[C@H](CC(N)=O)NC(=O)[C@@H](NC(=O)[C@H](Cc2ccccc2)NC(=O)[C@@H](NC(=O)[C@H](C)NC(=O)[C@H](CC(=O)O)NC(=O)[C@H](C)NC(=O)[C@@H](N)Cc2ccc(O)cc2)[C@@H](C)CC)[C@@H](C)O)C(C)C)C(=O)N[C@@H](CC(C)C)C(=O)N[C@H](CC(C)C)C(=O)N1)C(=O)N[C@H](CCSC)C(=O)N[C@H](CO)C(=O)N[C@H](CCCN=C(N)N)C(N)=O
ANHYDRORYANODINE,CC1=C(C(C)C)[C@@H](OC(=O)c2ccc[nH]2)[C@@]2(O)[C@@]3(C)CC(=O)O[C@@]4([C@H](O)[C@@H](C)CC[C@]34O)[C@@]12O
PILSICAINIDE,Cc1cccc(C)c1NC(=O)CC12CCCN1CCC2
MYOSMINE,c1cncc(C2=NCCC2)c1
"2-Bromo-1,4-naphthoquinone",O=C1C=C(Br)C(=O)c2ccccc21
MAXIKDIOL,C=C[C@]1(C)C=C2CC[C@@]3(O)C(C)(C)CC[C@H](O)[C@]3(C)C2CC1
BENORILATE,CC(=O)Nc1ccc(OC(=O)c2ccccc2OC(C)=O)cc1
DIPLOSALSALATE,CC(=O)Oc1ccccc1C(=O)Oc1ccccc1C(=O)O
PHENYLASPIRINATE,CC(=O)Oc1ccccc1C(=O)Oc1ccccc1
YADAIFTNSYRKVLG CYCLO (ELSK) RKLLQDIMSR,CC[C@H](C)[C@H](NC(=O)[C@H](C)NC(=O)[C@H](CC(=O)O)NC(=O)[C@H](C)NC(=O)[C@@H](N)Cc1ccc(O)cc1)C(=O)N[C@@H](Cc1ccccc1)C(=O)N[C@H](C(=O)N[C@@H](CC(N)=O)C(=O)N[C@@H](CO)C(=O)N[C@@H](Cc1ccc(O)cc1)C(=O)N[C@@H](CCCN=C(N)N)C(=O)N[C@@H](CCCCN)C(=O)N[C@H](C(=O)N[C@@H](CC(C)C)C(=O)NCC(=O)N[C@H]1CCC(=O)NCCCC[C@H](C(=O)N[C@@H](CCCN=C(N)N)C(=O)N[C@@H](CCCCN)C(=O)N[C@@H](CC(C)C)C(=O)N[C@@H](CC(C)C)C(=O)N[C@@H](CCC(N)=O)C(=O)N[C@@H](CC(=O)O)C(=O)N[C@H](C(=O)N[C@@H](CCSC)C(=O)N[C@@H](CO)C(=O)N[C@@H](CCCN=C(N)N)C(N)=O)[C@@H](C)CC)NC(=O)[C@@H](CO)NC(=O)[C@H](CC(C)C)NC1=O)C(C)C)[C@@H](C)O
YADAIFTNSYRKVLGQ CYCLO (ESAK) KLLQDIMSR,CC[C@H](C)[C@H](NC(=O)[C@H](C)NC(=O)[C@H](CC(=O)O)NC(=O)[C@H](C)NC(=O)[C@@H](N)Cc1ccc(O)cc1)C(=O)N[C@@H](Cc1ccccc1)C(=O)N[C@H](C(=O)N[C@@H](CC(N)=O)C(=O)N[C@@H](CO)C(=O)N[C@@H](Cc1ccc(O)cc1)C(=O)N[C@@H](CCCN=C(N)N)C(=O)N[C@@H](CCCCN)C(=O)N[C@H](C(=O)N[C@@H](CC(C)C)C(=O)NCC(=O)N[C@@H](CCC(N)=O)C(=O)N[C@@H]1CCC(=O)NCCCC[C@@H](C(=O)N[C@H](CCCCN)C(=O)N[C@@H](CC(C)C)C(=O)N[C@@H](CC(C)C)C(=O)N[C@@H](CCC(N)=O)C(=O)N[C@@H](CC(=O)O)C(=O)N[C@H](C(=O)N[C@@H](CCSC)C(=O)N[C@@H](CO)C(=O)N[C@@H](CCCN=C(N)N)C(N)=O)[C@@H](C)CC)NC(=O)[C@H](C)NC(=O)[C@@H](CO)NC1=O)C(C)C)[C@@H](C)O
SULFURIC ACID DIETHYL ESTER,CCOS(=O)(=O)OCC
INDORENATE,COC(=O)C(CN)c1c[nH]c2ccc(OC)cc12
PHENYLALANINE AMIDE,NC(=O)[C@@H](N)Cc1ccccc1
4-VINYLPHENOL,C=Cc1ccc(O)cc1
SULFURIC ACID DIMETHYL ESTER,COS(=O)(=O)OC
LUSAPERIDONE,Cc1nc2ccccn2c(=O)c1CCN1CCc2oc3ccccc3c2C1
PENTAGASTRIN,CSCC[C@H](NC(=O)[C@H](Cc1c[nH]c2ccccc12)NC(=O)CCNC(=O)OC(C)(C)C)C(=O)N[C@@H](CC(=O)O)C(=O)N[C@@H](Cc1ccccc1)C(N)=O
MORPHINE 3-GLUCURONIDE,CN1CC[C@]23c4c5ccc(O[C@@H]6O[C@H](C(=O)O)[C@@H](O)[C@H](O)[C@H]6O)c4O[C@H]2[C@@H](O)C=C[C@H]3[C@H]1C5
ORNITHINE SULFONAMIDE,Cc1ccc(S(=O)(=O)N[C@@H](CCCNC(=O)OCc2ccccc2)C(=O)O)cc1
BREMAZOCINE,CCC12CCN(CC3(O)CC3)C(Cc3ccc(O)cc31)C2(C)C
MORPHINE GLUCURONIDE,CN1CC[C@]23c4c5ccc(O)c4O[C@H]2[C@@H](O[C@@H]2O[C@H](C(=O)O)[C@@H](O)[C@H](O)[C@H]2O)C=C[C@H]3[C@H]1C5
3-O-METHYLQUERCETIN,COc1c(-c2ccc(O)c(O)c2)oc2cc(O)cc(O)c2c1=O
DICYCLOHEXYLCARBODIIMIDE,C(=NC1CCCCC1)=NC1CCCCC1
E968,OC[C@@H](O)[C@@H](O)CO
NORMETANEPHRINE HYDROCHLORIDE,COc1ccc(C(O)CN)cc1O
PENDULETIN,COc1cc2oc(-c3ccc(O)cc3)c(OC)c(=O)c2c(O)c1OC
"3,6-DIMETHOXY KAEMPFEROL",COc1c(O)cc2oc(-c3ccc(O)cc3)c(OC)c(=O)c2c1O
PACHYPODOL,COc1cc(O)c2c(=O)c(OC)c(-c3ccc(O)c(OC)c3)oc2c1
(ETHENYLSULFONYL)BENZENE,C=CS(=O)(=O)c1ccccc1
SANTIN,COc1ccc(-c2oc3cc(O)c(OC)c(O)c3c(=O)c2OC)cc1
KUMATAKENIN,COc1cc(O)c2c(=O)c(OC)c(-c3ccc(O)cc3)oc2c1
ISOKAEMPFERIDE,COc1c(-c2ccc(O)cc2)oc2cc(O)cc(O)c2c1=O
ZUCLOMIPHENE,CCN(CC)CCOc1ccc(/C(=C(\Cl)c2ccccc2)c2ccccc2)cc1
PYROXAMIDE,O=C(CCCCCCC(=O)Nc1cccnc1)NO
IPRIFLAVONE,CC(C)Oc1ccc2c(=O)c(-c3ccccc3)coc2c1
BENZO[B]TRIPHENYLENE,c1ccc2cc3c4ccccc4c4ccccc4c3cc2c1
CYCLOPENTA[CD]PYRENE,C1=Cc2cc3cccc4ccc5ccc1c2c5c43
TECHTOCHRYSIN,COc1cc(O)c2c(=O)cc(-c3ccccc3)oc2c1
MONOISONITROSOACETONE,CC(=O)/C=N/O
FLUORANTHENE,c1ccc2c(c1)-c1cccc3cccc-2c13
BMS-214662,N#Cc1ccc2c(c1)CN(S(=O)(=O)c1cccs1)[C@H](Cc1ccccc1)CN2Cc1c[nH]cn1
N-NITROSODIETHYLAMINE,CCN(CC)N=O
CLENTIAZEM,COc1ccc([C@@H]2Sc3cc(Cl)ccc3N(CCN(C)C)C(=O)[C@@H]2OC(C)=O)cc1
N-ETHYL-N-(2-HYDROXYETHYL)NITROSAMINE,CCN(CCO)N=O
ETHYL [METHYL(NITROSO)AMINO]ACETATE,CCOC(=O)CN(C)N=O
N-NITROSOMORPHOLINE,O=NN1CCOCC1
"N,N'-DINITROSOPIPERAZINE",O=NN1CCN(N=O)CC1
N-MONONITROSOPIPERAZINE,O=NN1CCNCC1
ROMAZARIT,Cc1nc(-c2ccc(Cl)cc2)oc1COC(C)(C)C(=O)O
APICIDIN,CCC(=O)CCCCC[C@@H]1NC(=O)[C@H]2CCCCN2C(=O)[C@H]([C@@H](C)CC)NC(=O)[C@H](Cc2cn(OC)c3ccccc23)NC1=O
CLOBUZARIT,CC(C)(OCc1ccc(-c2ccc(Cl)cc2)cc1)C(=O)O
N-NITROSODOETHANOLAMINE,O=NN(CCO)CCO
SPIROTRAMINE,CN(CCCCCCCCN(C)CCCCCCN1CCC2(CC1)OC(=O)C(c1ccccc1)(c1ccccc1)O2)CCCCCCN1CCC2(CC1)OC(=O)C(c1ccccc1)(c1ccccc1)O2
ARBORININE,COc1cc2c(c(O)c1OC)c(=O)c1ccccc1n2C
PEMOLINE DIONE,O=C1NC(=O)C(c2ccccc2)O1
ZOCAINONE,CCN(CC)CCOc1ccccc1O/C(=C/c1ccccc1)C(C)=O
BUNAPROLAST,CCCCc1cc(OC)c2ccccc2c1OC(C)=O
CHROMONAR,CCOC(=O)COc1ccc2c(C)c(CCN(CC)CC)c(=O)oc2c1
HYDROGEN (TRIMETHYLAMMONIO)METHYLPHOSPHONATE,C[N+](C)(C)CP(=O)([O-])O
APIGENIN DIMETHYLETHER,COc1ccc(-c2cc(=O)c3c(O)cc(OC)cc3o2)cc1
SORAFENIB,CNC(=O)c1cc(Oc2ccc(NC(=O)Nc3ccc(Cl)c(C(F)(F)F)c3)cc2)ccn1
2-NITROFLUORENE,O=[N+]([O-])c1ccc2c(c1)Cc1ccccc1-2
2-NITROBENZALDEHYDE,O=Cc1ccccc1[N+](=O)[O-]
2-NITROANISOLE,COc1ccccc1[N+](=O)[O-]
1-NITROPYRENE,O=[N+]([O-])c1ccc2ccc3cccc4ccc1c2c34
4-CHLORO-2-NITROANILINE,Nc1ccc(Cl)cc1[N+](=O)[O-]
TRICHLORFON,COP(=O)(OC)C(O)C(Cl)(Cl)Cl
POLMACOXIB,CC1(C)OC(c2ccc(S(N)(=O)=O)cc2)=C(c2cccc(F)c2)C1=O
LAROMUSTINE,CNC(=O)N(N(CCCl)S(C)(=O)=O)S(C)(=O)=O
ETHYL NITROSOUREA,CCN(N=O)C(N)=O
ZONIPORIDE,N=C(N)NC(=O)c1cnn(-c2cccc3ncccc23)c1C1CC1
DICHLORVOS,COP(=O)(OC)OC=C(Cl)Cl
"4,4'-THIODIANILINE",Nc1ccc(Sc2ccc(N)cc2)cc1
ATIPAMEZOLE,CCC1(c2c[nH]cn2)Cc2ccccc2C1
NAPAMEZOLE,C1=C(CC2=NCCN2)CCc2ccccc21
DEPYRROLO ERGONOVINE,C[C@@H](CO)NC(=O)C1C=C2c3ccccc3CC[C@H]2N(C)C1
PSORALEN,O=c1ccc2cc3ccoc3cc2o1
AXAMOZIDE,O=c1[nH]c2cc(Cl)ccc2n1C1CCN(CC2COc3ccccc3O2)CC1
ADIPHENINE,CCN(CC)CCOC(=O)C(c1ccccc1)c1ccccc1
DEOXYURIDINE,O=c1ccn([C@H]2C[C@H](O)[C@@H](CO)O2)c(=O)[nH]1
BROVINCAMINE,CC[C@]12CCCN3CCc4c(n(c5cc(Br)ccc45)[C@@](O)(C(=O)OC)C1)[C@@H]32
CEVIMELINE,CC1OC2(CS1)CN1CCC2CC1
METRIBOLONE,C[C@]1(O)CC[C@H]2[C@@H]3CCC4=CC(=O)CCC4=C3C=C[C@@]21C
PIXANTRONE,NCCNc1ccc(NCCN)c2c1C(=O)c1ccncc1C2=O
SARCNU,CN(CC(N)=O)C(=O)N(CCCl)N=O
CANDOXATRILAT,COCCOC[C@H](CC1(C(=O)N[C@H]2CC[C@@H](C(=O)O)CC2)CCCC1)C(=O)O
SULFAMIDE,NS(N)(=O)=O
IBAFLOXACIN,Cc1c(F)cc2c(=O)c(C(=O)O)cn3c2c1CCC3C
(ACYLARYLOXY)ACETIC ACID,Cc1c(OCC(=O)O)cc2c(c1Cl)C(=O)C1(CCCC1)C2=O
PHENYLSULFAMIDE,NS(=O)(=O)Nc1ccccc1
OSI-7904,Cc1nc2ccc3ccc(CNc4ccc5c(c4)CN([C@@H](CCC(=O)O)C(=O)O)C5=O)cc3c2c(=O)[nH]1
NITECAPONE,CC(=O)C(=Cc1cc(O)c(O)c([N+](=O)[O-])c1)C(C)=O
"3,5-DINITROCATECHOL (OR-486)",O=[N+]([O-])c1cc(O)c(O)c([N+](=O)[O-])c1
NITISINONE,O=C1CCCC(=O)C1C(=O)c1ccc(C(F)(F)F)cc1[N+](=O)[O-]
DIPHENYLUREA,O=C(Nc1ccccc1)Nc1ccccc1
PHENYLUREA,NC(=O)Nc1ccccc1
PHENFORMIN,N=C(N)NC(=N)NCCc1ccccc1
MIRAZIRIDINE A,CC[C@H](NC(=O)C[C@H](O)[C@H](CC(C)C)NC(=O)[C@H](CC(C)C)NC(=O)[C@@H]1N[C@H]1C(=O)O)C(=O)N[C@H](/C=C/C(=O)O)CCCN=C(N)N
DEBRISOQUIN,N=C(N)N1CCc2ccccc2C1
AMIFAMPRIDINE,Nc1ccncc1N
DEHYDROXYMETHYLEPOXYQUINOMICIN,O=C(NC1=CC(=O)[C@H]2O[C@H]2[C@H]1O)c1ccccc1O
LOMITAPIDE,O=C(NC1CCN(CCCCC2(C(=O)NCC(F)(F)F)c3ccccc3-c3ccccc32)CC1)c1ccccc1-c1ccc(C(F)(F)F)cc1
ANTAQ,O=c1[nH]c2ccccc2c(=O)n1-c1c2ccccc2cc2ccccc12
DAMPAQ,CCc1cc(NS(=O)(=O)c2ccc3c(N(C)C)cccc3c2)cc(CC)c1-n1c(=O)c2ccccc2n(C)c1=O
ENILURACIL,C#Cc1c[nH]c(=O)[nH]c1=O
ETHYLTRIPHENYLPHOSPHONIUM BROMIDE,CC[P+](c1ccccc1)(c1ccccc1)c1ccccc1.[Br-]
ECHIGUANINE B,NCCCNC(=O)c1c[nH]c2nc(N)nc(O)c12
N-BENZYLMETHYLAMINE,CNCc1ccccc1
VARDENAFIL HYDROCHLORIDE,CCCc1nc(C)c2c(O)nc(-c3cc(S(=O)(=O)N4CCN(CC)CC4)ccc3OCC)nn12.Cl
DRIGAQSGLGCNSFRY,CC[C@H](C)[C@H](NC(=O)[C@H](CCCN=C(N)N)NC(=O)[C@@H](N)CC(=O)O)C(=O)NCC(=O)N[C@@H](C)C(=O)N[C@@H](CCC(N)=O)C(=O)N[C@@H](CO)C(=O)NCC(=O)N[C@@H](CC(C)C)C(=O)NCC(=O)N[C@@H](CS)C(=O)N[C@@H](CC(N)=O)C(=O)N[C@@H](CO)C(=O)N[C@@H](Cc1ccccc1)C(=O)N[C@@H](CCCN=C(N)N)C(=O)N[C@@H](Cc1ccc(O)cc1)C(=O)O
EUFLAVINE,C[n+]1c2cc(N)ccc2cc2ccc(N)cc21.[Cl-]
STACHYDRINE HCL,C[N+]1(C)CCC[C@H]1C(=O)[O-].Cl
N-DESETHYL BRINZOLAMIDE,COCCCN1C[C@H](N)c2cc(S(N)(=O)=O)sc2S1(=O)=O
CARNITINE,C[N+](C)(C)CC(O)CC(=O)[O-]
TOYOCAMYCIN AGLYCONE,N#Cc1c[nH]c2ncnc(N)c12
DEMOXYTOCIN,CC[C@H](C)[C@@H]1NC(=O)[C@H](Cc2ccc(O)cc2)NC(=O)CCSSC[C@H](C(=O)N2CCC[C@H]2C(=O)N[C@@H](CC(C)C)C(=O)NCC(N)=O)NC(=O)[C@H](CC(N)=O)NC(=O)[C@H](CCC(N)=O)NC1=O
CHRYSIN DIACETATE,CC(=O)Oc1cc(OC(C)=O)c2c(=O)cc(-c3ccccc3)oc2c1
TIFLUADOM,CN1c2ccccc2C(c2ccccc2F)=NCC1CNC(=O)c1ccsc1
"1,4-BUTANEDIOL",OCCCCO
METHOXYFLURANE,COC(F)(F)C(Cl)Cl
OXYTOCIN TRISULFIDE,CC[C@H](C)[C@@H]1NC(=O)[C@H](Cc2ccc(O)cc2)NC(=O)CCSSSC[C@@H](C(=O)N2CCC[C@H]2C(=O)N[C@@H](CC(C)C)C(=O)NCC(N)=O)NC(=O)[C@H](CC(N)=O)NC(=O)[C@H](CCC(N)=O)NC1=O
BENDAZOL,c1ccc(Cc2nc3ccccc3[nH]2)cc1
FURAN-2(5H)-ONE,O=C1C=CCO1
DEAMINOOXYTOCIN TRISULFIDE,CC[C@H](C)[C@@H]1NC(=O)[C@H](Cc2ccc(O)cc2)NC(=O)CCSSSC[C@H](C(=O)N2CCC[C@H]2C(=O)N[C@@H](CC(C)C)C(=O)NCC(N)=O)NC(=O)[C@H](CC(N)=O)NC(=O)[C@H](CCC(N)=O)NC1=O
GRIDRIG,CC[C@H](C)[C@H](NC(=O)[C@H](CCCN=C(N)N)NC(=O)[C@H](CC(=O)O)NC(=O)[C@@H](NC(=O)[C@H](CCCN=C(N)N)NC(=O)CNC(C)=O)[C@@H](C)CC)C(=O)NCC(N)=O
22(R)-HYDROXYCHOLESTEROL,CC(C)CC[C@@H](O)[C@@H](C)[C@H]1CC[C@H]2[C@@H]3CC=C4C[C@@H](O)CC[C@]4(C)[C@H]3CC[C@]12C
DIISOCYANOADOCIANE,[C-]#[N+][C@]1(C)[C@H](C)C[C@@H]2C[C@H](C)[C@H]3CC[C@](C)([N+]#[C-])[C@H]4CC[C@H]1[C@@H]2[C@H]34
EUPAFOLIN,COc1c(O)cc2oc(-c3ccc(O)c(O)c3)cc(=O)c2c1O
PHENOSAFRANINE,Nc1ccc2nc3ccc(N)cc3[n+](-c3ccccc3)c2c1
ROBINETIN,O=c1c(O)c(-c2cc(O)c(O)c(O)c2)oc2cc(O)ccc12
ASPARTAME,COC(=O)[C@H](Cc1ccccc1)NC(=O)[C@@H](N)CC(=O)O
ACETALDEHYDE,CC=O
GERANYLGERANOIC ACID,CC(C)=CCC/C(C)=C/CC/C(C)=C/CC/C(C)=C/C(=O)O
METHADYL ACETATE,CCC(OC(C)=O)C(CC(C)N(C)C)(c1ccccc1)c1ccccc1
METHYLGLYOXAL,CC(=O)C=O
OXYBATE,O=C(O)CCCO
CYCLOPROPANECARBOXYLIC ACID AMIDE,NC(=O)C1CC1
NONANOAMIDE,CCCCCCCCC(N)=O
METHOXYACETAMIDE,COCC(N)=O
"1-[4-CARBOXYPROPYL]-3,7-DIMETHYLXANTHINE",Cn1cnc2c1c(=O)n(CCCC(=O)O)c(=O)n2C
HEPTAFLUOROBUTYRAMIDE,NC(=O)C(F)(F)C(F)(F)C(F)(F)F
N-(2-HYDROXYETHYL)STEARAMIDE,CCCCCCCCCCCCCCCCCC(=O)NCCO
2-Oxoisohexanoate,CC(C)CC(=O)C(=O)O
ISOVALERAMIDE,CC(C)CC(N)=O
ETHOHEPTAZINE,CCOC(=O)C1(c2ccccc2)CCCN(C)CC1
DIALLYL SULFIDE,C=CCSCC=C
"24(S),25-EPOXYCHOLESTEROL",C[C@H](CC[C@@H]1OC1(C)C)[C@H]1CC[C@H]2[C@@H]3CC=C4C[C@@H](O)CC[C@]4(C)[C@H]3CC[C@]12C
ETHYL PYRUVATE,CCOC(=O)C(C)=O
OCTAETHYLPURPURIN,CCOC(=O)C1=Cc2c3nc(cc4nc(cc5[nH]c(cc6[nH]c2c(CC)c6CC)c(CC)c5CC)C(CC)=C4CC)C(CC)C13CC
ETIOPURPURIN,CCOC(=O)C1=Cc2c3nc(cc4nc(cc5[nH]c(cc6[nH]c2c(C)c6CC)c(C)c5CC)C(C)=C4CC)C(C)C13CC
DIALLYLDISULFIDE,C=CCSSCC=C
ETHANE DIMETHANE SULFONATE,CS(=O)(=O)OCCOS(C)(=O)=O
DEHYDROASCORBIC ACID,O=C1OC(C(O)CO)C(=O)C1=O
DIMEPHEPTANOL,CCC(O)C(CC(C)N(C)C)(c1ccccc1)c1ccccc1
(R)-MICONAZOLE,Clc1ccc(CO[C@@H](Cn2ccnc2)c2ccc(Cl)cc2Cl)c(Cl)c1
CYCLOHEXANE CARBOXAMIDE,NC(=O)C1CCCCC1
PHYSODIC ACID,CCCCCC(=O)Cc1cc(O)cc2c1C(=O)Oc1cc(O)c(C(=O)O)c(CCCCC)c1O2
CYLCLOQUINE,CCN(CC)Cc1cc(Nc2ccnc3cc(Cl)ccc23)cc(CN(CC)CC)c1O
NORZIMELIDINE,CNC/C=C(\c1ccc(Br)cc1)c1cccnc1
ALAFOSALIN,CC(N)C(=O)NCCP(=O)(O)O
2-(AMINOCARBONYL)OXYBENZOIC ACID METHYL ESTER,COC(=O)c1ccccc1OC(N)=O
OMEPRAZOLE SULFONE,COc1ccc2[nH]c(S(=O)(=O)Cc3ncc(C)c(OC)c3C)nc2c1
DELERGOTRILE,CN1C[C@@H](CC#N)C[C@@H]2c3cccc4[nH]cc(c34)C[C@H]21
EMOPAMIL,CC(C)C(C#N)(CCCN(C)CCc1ccccc1)c1ccccc1
(+)-SECOISOLARICIRESINOL,COc1cc(C[C@@H](CO)[C@H](CO)Cc2ccc(O)c(OC)c2)ccc1O
LUTEIN,CC1=C[C@H](O)CC(C)(C)[C@H]1/C=C/C(C)=C/C=C/C(C)=C/C=C/C=C(C)/C=C/C=C(C)/C=C/C1=C(C)C[C@@H](O)CC1(C)C
PROSTRATIN,CC(=O)O[C@@]12C[C@@H](C)[C@@]3(O)[C@@H](C=C(CO)C[C@]4(O)C(=O)C(C)=C[C@@H]34)[C@@H]1C2(C)C
ATRANORIN,COC(=O)c1c(C)cc(OC(=O)c2c(C)cc(O)c(C=O)c2O)c(C)c1O
2-Oxoisovalerate,CC(C)C(=O)C(=O)O
FUMARPROTOCETRARIC ACID,Cc1cc(O)c(C=O)c2c1C(=O)Oc1c(COC(=O)/C=C/C(=O)O)c(O)c(C(=O)O)c(C)c1O2
GUANETHIDINE MONOSULFATE,N=C(N)NCCN1CCCCCCC1.O=S(=O)(O)O
CARBAMIC ACID PHENYL ESTER,NC(=O)Oc1ccccc1
SLAZINIC ACID,Cc1cc(O)c(C=O)c2c1C(=O)Oc1c(CO)c(O)c3c(c1O2)C(O)OC3=O
DIFFRACTAIC ACID,COc1cc(C)c(C(=O)Oc2cc(C)c(C(=O)O)c(O)c2C)c(OC)c1C
BUMEPIDIL,Cc1nc2ncnn2c2c1CCN2C(C)(C)C
FALCARINOL,C=C[C@H](O)C#CC#CC/C=C\CCCCCCC
MONATEPIL,O=C(CCCN1CCN(c2ccc(F)cc2)CC1)NC1c2ccccc2CSc2ccccc21
ARCTIGENIN,COc1cc(C[C@H]2C(=O)OC[C@@H]2Cc2ccc(OC)c(OC)c2)ccc1O
DOQUALAST,O=C(O)c1ccc2nc3ccccn3c(=O)c2c1
"2,4-DICHLOROPHENOXYACETIC ACID",O=C(O)COc1ccc(Cl)cc1Cl
DIGALLIC ACID,O=C(O)c1cc(O)c(O)c(OC(=O)c2cc(O)c(O)c(O)c2)c1
STICTIC ACID,COc1cc(C)c2c(c1C=O)Oc1c(c(C)c(O)c3c1C(O)OC3=O)OC2=O
SUCCINIC ACID DIETHYL ESTER,CCOC(=O)CCC(=O)OCC
MALONIC ACID DIETHYL ESTER,CCOC(=O)CC(=O)OCC
PSOROMIC ACID,COc1cc(C(=O)O)c2c(c1C)OC(=O)c1c(C)cc(O)c(C=O)c1O2
BRETAZENIL,CC(C)(C)OC(=O)c1ncn2c1[C@@H]1CCCN1C(=O)c1c(Br)cccc1-2
E324,CCOc1ccc2c(c1)C(C)=CC(C)(C)N2
THIOCOLCHICONE,COc1cc2c(c(OC)c1OC)-c1ccc(SC)c(=O)cc1C(=O)CC2
GW442130X,COc1ccccc1-c1cc(/C=C2\C(=O)Nc3ncc(Br)cc32)cc(Br)c1O
DARIFENACIN,NC(=O)C(c1ccccc1)(c1ccccc1)[C@@H]1CCN(CCc2ccc3c(c2)CCO3)C1
ZOMETAPINE,Cc1nn(C)c2c1C(c1cccc(Cl)c1)=NCCN2
ACESULFAME,CC1=CC(=O)NS(=O)(=O)O1
KETONALTREXONE,O=C1c2ccc(O)c3c2C24CCN(CC5CC5)C1[C@]2(O)CCC(=O)[C@@H]4O3
MATAIRESINOL,COc1cc(C[C@H]2COC(=O)[C@@H]2Cc2ccc(O)c(OC)c2)ccc1O
(+)-USNIC ACID,CC(=O)C1=C(O)C=C2Oc3c(C(C)=O)c(O)c(C)c(O)c3[C@@]2(C)C1=O
PRANOPROFEN,CC(C(=O)O)c1ccc2c(c1)Cc1cccnc1O2
ORLISTAT,CCCCCCCCCCC[C@@H](C[C@@H]1OC(=O)[C@H]1CCCCCC)OC(=O)[C@H](CC(C)C)NC=O
SODIUM FLUOROACETATE,O=C([O-])CF.[Na+]
SULFLURAMID,CCNS(=O)(=O)C(F)(F)C(F)(F)C(F)(F)C(F)(F)C(F)(F)C(F)(F)C(F)(F)C(F)(F)F
DANITRACEN,CN1CCC(=C2c3ccccc3C(O)c3ccccc32)CC1
ISOFLAVONE,O=c1c(-c2ccccc2)coc2ccccc12
UNTENONE A,CCCCCCCCCCCCCCCC[C@]1(O)C=CC(=O)[C@H]1C(=O)OC
PAMOIC ACID,O=C(O)c1cc2ccccc2c(Cc2c(O)c(C(=O)O)cc3ccccc23)c1O
TRETOQUINOL,COc1cc(C[C@@H]2NCCc3cc(O)c(O)cc32)cc(OC)c1OC
TAXUSIN,C=C1[C@@H](OC(C)=O)CC[C@]2(C)[C@@H]1C[C@@H]1C[C@H](OC(C)=O)C(C)=C([C@@H](OC(C)=O)[C@@H]2OC(C)=O)C1(C)C
BROMOPYRUVATE,O=C(O)C(=O)CBr
CHROMOTROPATE,O=S(=O)([O-])c1cc(O)c2c(O)cc(S(=O)(=O)[O-])cc2c1.[Na+].[Na+]
KETOXYMORPHONE,CN1CCC23c4c5ccc(O)c4O[C@H]2C(=O)CC[C@@]3(O)C1C5=O
ATLIPROFEN,CC(C(=O)O)c1ccc(-c2ccsc2)cc1
PSOROSPERMIN,COc1cc2c(c3oc4c(O)cccc4c(=O)c13)C[C@H]([C@@]1(C)CO1)O2
"[1,4']Bipiperidinyl",C1CCN(C2CCNCC2)CC1
SODIUM DIPICOLINATE,O=C([O-])c1cccc(C(=O)O)n1.[Na+]
E129,COc1cc(S(=O)(=O)[O-])c(C)cc1N=Nc1c(O)ccc2cc(S(=O)(=O)[O-])ccc12.[Na+].[Na+]
AMICARBALIDE,N=C(N)c1cccc(NC(=O)Nc2cccc(C(=N)N)c2)c1
E126,O=S(=O)([O-])c1cc(S(=O)(=O)[O-])c2c(N=Nc3c(O)cc(S(=O)(=O)[O-])c4ccccc34)c(O)c(S(=O)(=O)[O-])cc2c1.[Na+].[Na+].[Na+].[Na+]
Alizarin Red S,O=C1c2ccccc2C(=O)c2c1cc(S(=O)(=O)[O-])c(O)c2O.[Na+]
SILVER NITRATE,O=[N+]([O-])[O-].[Ag+]
RHODAMINE123,COC(=O)c1ccccc1-c1c2ccc(=N)cc-2oc2cc(N)ccc12.Cl
FARNESIFEROL C,C/C(=C\COc1ccc2ccc(=O)oc2c1)CC[C@@H]1C(C)(C)[C@H]2CC[C@]1(C)O2
3-O-METHYL-ALPHA-METHYLDOPAMINE,COc1cc(CC(C)N)ccc1O
CEPHALOSATIN,C[C@@H]1[C@]2(O[C@H]3C=C4C5CC[C@@]6(C)Cc7nc8c(nc7C[C@]6(C)[C@@]5(C)C[C@@H](O)[C@]4(C)[C@]31O)C[C@]1(C)CCC3C4=CC[C@@H]5[C@H](C)[C@@]6(OC[C@]45C(=O)C[C@@H]3[C@@]1(C)C8)OC(C)(C)C[C@H]6O)O[C@](C)(CO)C[C@H]2O
DIMETHYLCARBATE,CN(C)C(=O)O
ANABAENOPEPTIN B,CC(C)[C@@H]1NC(=O)[C@H](NC(=O)N[C@@H](CCCNC(=N)N)C(=O)O)CCCCNC(=O)[C@H](Cc2ccccc2)NC(=O)[C@H](C)N(C)C(=O)[C@H](CCc2ccc(O)cc2)NC1=O
ANABAENOPEPTIN F,CC[C@H](C)[C@@H]1NC(=O)[C@H](NC(=O)N[C@@H](CCCNC(=N)N)C(=O)O)CCCCNC(=O)[C@H](Cc2ccccc2)NC(=O)[C@H](C)N(C)C(=O)[C@H](CCc2ccc(O)cc2)NC1=O
21 METHOD A,O=C(CP(=O)([O-])[O-])NC1(P(=O)([O-])[O-])CCCC1.[Na+].[Na+].[Na+].[Na+]
18 METHOD A,CCCC(NC(=O)CP(=O)([O-])[O-])P(=O)([O-])[O-].[Na+].[Na+].[Na+].[Na+]
BOSENTAN SODIUM,COc1ccccc1Oc1c([N-]S(=O)(=O)c2ccc(C(C)(C)C)cc2)nc(-c2ncccn2)nc1OCCO.[Na+]
CODEINE MONOHYDRATE,COc1ccc2c3c1O[C@H]1[C@@H](O)C=C[C@H]4[C@@H](C2)N(C)CC[C@@]341.O
ICLAPRIM METHIODIDE,COC(=O)C12C[N+](C)(C)CC(C(=O)OC)(C1=O)C(c1ccccn1)N(C)C2c1ccccn1.[I-]
RILPIVIRINE,Cc1cc(/C=C/C#N)cc(C)c1Nc1ccnc(Nc2ccc(C#N)cc2)n1
VAPITADINE,NC(=O)c1cnc2n1CCc1ccccc1C21CCNCC1
FANCHININ,COc1ccc2cc1Oc1ccc(cc1)C[C@H]1c3cc(c(OC)cc3CCN1C)Oc1c(OC)c(OC)cc3c1[C@H](C2)N(C)CC3
NAGILACTONE,CC(C)c1oc(=O)cc2c1C(O)C1OC(=O)C3(C)C(O)C4OC4C2(C)C13
NITIDINE,COc1cc2c[n+](C)c3c4cc5c(cc4ccc3c2cc1OC)OCO5
CYCLEANINE,COc1c2cc3c(c1OC)CCN(C)[C@@H]3Cc1ccc(cc1)Oc1cc3c(c(OC)c1OC)CCN(C)[C@@H]3Cc1ccc(cc1)O2
CHELIDONINE (+),CN1Cc2c(ccc3c2OCO3)C2C(O)Cc3cc4c(cc3C21)OCO4
PRAMICONAZOLE,CC(C)N1CCN(c2ccc(N3CCN(c4ccc(OC[C@H]5OC[C@](Cn6cncn6)(c6ccc(F)cc6F)O5)cc4)CC3)cc2)C1=O
ELATERICIN,CC(C)(O)/C=C/C(=O)[C@](C)(O)[C@@H]1C2CC(=O)[C@@]3(C)[C@@H]4C[C@H](O)C(=O)C(C)(C)C4=CC[C@H]3[C@]2(C)C[C@H]1O
MENISPERINE,COc1ccc2c(c1O)-c1c(OC)c(OC)cc3c1C(C2)[N+](C)(C)CC3
METHIMEPIP,CN1CCC(Cc2c[nH]cn2)CC1
AMARIN,CC(=O)OC(C)(C)/C=C/C(=O)C(C)(O)C1C(O)CC2(C)C3CC=C4C(C[C@@H](O)C(=O)C4(C)C)C3(C)C(=O)CC12C
VALACYCLOVIR,CC(C)[C@H](N)C(=O)OCCOCn1cnc2c(=O)nc(N)[nH]c21
OHARRINGTONINE,COC(=O)C(O)C(O)(CCC(C)C)C(=O)OC1C(OC)=CC23CCCN2CCc2cc4c(cc2C13)OCO4
EBURICOIC ACID,C=C(CC[C@@H](C(=O)O)[C@H]1CC[C@@]2(C)C3=C(CC[C@]12C)[C@@]1(C)CC[C@H](O)C(C)(C)[C@@H]1CC3)C(C)C
COPTISINE,c1c2c(cc3c1OCO3)-c1cc3ccc4c(c3c[n+]1CC2)OCO4
BIS(8)-HUPERZINE B,CC1=CC2Cc3[nH]c(=O)ccc3[C@@]3(C1)[C@@H]2CCCN3C(=O)CN(C)CCN(C)CC(=O)N1CCC[C@@H]2C3C=C(C)C[C@]21c1ccc(=O)[nH]c1C3
BIS(9)-HUPERZINE B,CC1=CC2Cc3[nH]c(=O)ccc3[C@@]3(C1)[C@@H]2CCCN3C(=O)CN(C)CCCN(C)CC(=O)N1CCC[C@@H]2C3C=C(C)C[C@]21c1ccc(=O)[nH]c1C3
GLYCYLSARCOSINE,CN(CC(=O)O)C(=O)CN
BIS(12)-HUPERZINE B,CC1=CC2Cc3[nH]c(=O)ccc3[C@@]3(C1)[C@@H]2CCCN3C(=O)CN(C)CCCCCCN(C)CC(=O)N1CCC[C@@H]2C3C=C(C)C[C@]21c1ccc(=O)[nH]c1C3
BIS(16)-HUPERZINE B,CC1=CC2Cc3[nH]c(=O)ccc3[C@@]3(C1)[C@@H]2CCCN3C(=O)CCN(C)CCCCCCCCN(C)CCC(=O)N1CCC[C@@H]2C3C=C(C)C[C@]21c1ccc(=O)[nH]c1C3
BIS(18)-HUPERZINE B,CC1=CC2Cc3[nH]c(=O)ccc3[C@@]3(C1)[C@@H]2CCCN3C(=O)CCN(C)CCCCCCCCCCN(C)CCC(=O)N1CCC[C@@H]2C3C=C(C)C[C@]21c1ccc(=O)[nH]c1C3
BIS(20)-HUPERZINE B,CC1=CC2Cc3[nH]c(=O)ccc3[C@@]3(C1)[C@@H]2CCCN3C(=O)CCN(C)CCCCCCCCCCCCN(C)CCC(=O)N1CCC[C@@H]2C3C=C(C)C[C@]21c1ccc(=O)[nH]c1C3
HELIOXANTHIN,O=C1OCc2c1cc1ccc3c(c1c2-c1ccc2c(c1)OCO2)OCO3
UNIVERSAL LIGAND,CCCC[C@H](NC(=O)[C@H](Cc1ccccc1)NC(=O)[C@H](Cc1c[nH]cn1)NC(=O)[C@H](C)NC(=O)[C@@H](NC(=O)[C@H](C)NC(=O)[C@H](Cc1c[nH]c2ccccc12)NC(=O)[C@H](CCC(N)=O)NC(=O)[C@@H](N)Cc1ccc(O)cc1)C(C)C)C(N)=O
TETRABROMOBENZOTRIAZOLE,Brc1c(Br)c(Br)c2[nH]nnc2c1Br
SPARSENTAN,CCCCC1=NC2(CCCC2)C(=O)N1Cc1ccc(-c2ccccc2S(=O)(=O)Nc2noc(C)c2C)c(COCC)c1
TRIMER I,NC(=O)CN(CCC(c1ccccc1)c1ccccc1)C(=O)CN(CCC(c1ccccc1)c1ccccc1)C(=O)CNCC1CCCO1
PNU-282987,O=C(N[C@H]1CN2CCC1CC2)c1ccc(Cl)cc1
MIBOLERONE,C[C@@H]1CC2=CC(=O)CC[C@@H]2[C@H]2CC[C@@]3(C)[C@@H](CC[C@]3(C)O)[C@@H]21
GW631581B,COc1cc(Nc2ncc(-c3ccccc3)o2)cc(OC)c1
GW627512B,COc1cc(Nc2ncc(-c3ccccc3)o2)cc(OC)c1OC
GW572401X,CCN(CC)S(=O)(=O)c1ccc(OC)c(Nc2ncc(-c3ccccc3)o2)c1
GW622055X,CCS(=O)(=O)c1ccc(OC)c(Nc2ncc(-c3ccccc3Cl)o2)c1
GW580509X,CCS(=O)(=O)c1ccc(OC)c(Nc2ncc(-c3cccc(OC)c3)o2)c1
GW621970X,CCS(=O)(=O)c1ccc(OC)c(Nc2ncc(-c3cccc(F)c3)o2)c1
BIS(BUTYRYLOXYMETHYL) SUCCINATE,CCCC(=O)OCOC(=O)CCC(=O)OCOC(=O)CCC
BIS(PIVALOYLOXYMETHYL) SUCCINATE,CC(C)(C)C(=O)OCOC(=O)CCC(=O)OCOC(=O)C(C)(C)C
HKI-357,CCOc1cc2ncc(C#N)c(Nc3ccc(OCc4cccc(F)c4)c(Cl)c3)c2cc1NC(=O)/C=C/CN(C)C
NERATINIB,CCOc1cc2ncc(C#N)c(Nc3ccc(OCc4ccccn4)c(Cl)c3)c2cc1NC(=O)/C=C/CN(C)C
TILUDRONIC ACID,O=P(O)(O)C(Sc1ccc(Cl)cc1)P(=O)(O)O
"[2,3'']Bipyridinyl",c1ccc(-c2cccnc2)nc1
HUMAN UROCORTIN 2,CC[C@H](C)[C@H](N)C(=O)N[C@H](C(=O)N[C@@H](CC(C)C)C(=O)N[C@@H](CO)C(=O)N[C@@H](CC(C)C)C(=O)N[C@@H](CC(=O)O)C(=O)N[C@H](C(=O)N1CCC[C@H]1C(=O)N[C@H](C(=O)NCC(=O)N[C@@H](CC(C)C)C(=O)N[C@@H](CC(C)C)C(=O)N[C@@H](CCC(N)=O)C(=O)N[C@H](C(=O)N[C@@H](CC(C)C)C(=O)N[C@@H](CC(C)C)C(=O)N[C@@H](CCC(=O)O)C(=O)N[C@@H](CCC(N)=O)C(=O)N[C@@H](C)C(=O)N[C@@H](CCCN=C(N)N)C(=O)N[C@@H](C)C(=O)N[C@@H](CCCN=C(N)N)C(=O)N[C@@H](C)C(=O)N[C@@H](C)C(=O)N[C@@H](CCCN=C(N)N)C(=O)N[C@@H](CCC(=O)O)C(=O)N[C@@H](CCC(N)=O)C(=O)N[C@@H](C)C(=O)N[C@H](C(=O)N[C@H](C(=O)N[C@@H](CC(N)=O)C(=O)N[C@@H](C)C(=O)N[C@@H](CCCN=C(N)N)C(=O)N[C@H](C(=O)N[C@@H](CC(C)C)C(=O)N[C@@H](C)C(=O)N[C@@H](CCCN=C(N)N)C(=O)N[C@H](C(=O)O)C(C)C)[C@@H](C)CC)[C@@H](C)O)[C@@H](C)O)[C@@H](C)CC)[C@@H](C)CC)C(C)C)C(C)C
SAUVAGINE,CC[C@H](C)[C@H](NC(=O)[C@@H](NC(=O)[C@H](CC(=O)O)NC(=O)[C@H](CC(C)C)NC(=O)[C@H](CC(C)C)NC(=O)[C@H](CC(C)C)NC(=O)[C@H](CCCN=C(N)N)NC(=O)[C@H](CC(N)=O)NC(=O)[C@H](CC(N)=O)NC(=O)[C@H](C)NC(=O)[C@H](C)NC(=O)[C@H](CCC(N)=O)NC(=O)[C@H](CCC(N)=O)NC(=O)[C@H](CCCCN)NC(=O)[C@H](CCC(=O)O)NC(=O)[C@H](CCCCN)NC(=O)[C@H](CCC(=O)O)NC(=O)[C@H](CCC(N)=O)NC(=O)[C@H](CCCCN)NC(=O)[C@H](CCC(=O)O)NC(=O)[C@@H](NC(=O)[C@H](CCC(=O)O)NC(=O)[C@@H](NC(=O)[C@H](CCSC)NC(=O)[C@H](CCCCN)NC(=O)[C@H](CCCN=C(N)N)NC(=O)[C@H](CC(C)C)NC(=O)[C@H](CC(C)C)NC(=O)[C@H](CCC(=O)O)NC(=O)[C@H](CC(C)C)NC(=O)[C@H](CO)NC(=O)[C@H](CC(C)C)NC(=O)[C@H](CC(=O)O)NC(=O)[C@@H](NC(=O)[C@H](CO)NC(=O)[C@@H](NC(=O)[C@@H]1CCCN1C(=O)[C@@H]1CCCN1C(=O)CNC(=O)[C@@H]1CCC(=O)N1)[C@@H](C)CC)[C@@H](C)CC)[C@@H](C)CC)[C@@H](C)CC)[C@@H](C)O)C(=O)O
PYRIPYROPENE A,CC(=O)OCC1(C)C(OC(C)=O)CCC2(C)C3C(=O)C4=C(O)OC(c5cccnc5)C=C4OC3(C)C(OC(C)=O)=CC12
CL387626,NC(=O)CN(CC(N)=O)S(=O)(=O)c1cccc(Nc2nc(Nc3cccc(S(=O)(=O)N(CC(N)=O)CC(N)=O)c3)nc(Nc3ccc(-c4ccc(Nc5nc(Nc6cccc(S(=O)(=O)N(CC(N)=O)CC(N)=O)c6)nc(Nc6cccc(S(=O)(=O)N(CC(N)=O)CC(N)=O)c6)n5)cc4S(=O)(=O)O)c(S(=O)(=O)O)c3)n2)c1
CORRELOID,C=C1C[C@@]2(O)C3CC[C@]4(C)C([C@H](OC(C)=O)[C@H](OC(C)=O)[C@@]5([C@@H](C)OC(C)=O)COC(=O)C=CC45)[C@@]3(C)[C@H](OC(C)=O)[C@H](OC(C)=O)[C@@]2(C)C2(C(=O)OC)O[C@H]12
BLONANSERIN,CCN1CCN(c2cc(-c3ccc(F)cc3)c3c(n2)CCCCCC3)CC1
ONYCHINE,Cc1ccnc2c1C(=O)c1ccccc1-2
BISARYLMALEIMIDE 2,O=C1NC(=O)C(c2cncc3ccoc23)=C1c1cn2c3c(cccc13)CN(C(=O)N1CCOCC1)CC2
ANETHOLTRITHION,COc1ccc(-c2cc(=S)ss2)cc1
OLTIPRAZ,Cc1c(-c2cnccn2)ssc1=S
BISARYLMALEIMIDE 1,O=C1NC(=O)C(c2cnc3cccnn23)=C1c1cn2c3c(cccc13)CN(C(=O)N1CCCCC1)CC2
DITHIOLETHIONE,S=c1ccss1
OTERACIL,O=C(O)c1nc(=O)[nH]c(=O)[nH]1
LORCASERIN,C[C@H]1CNCCc2ccc(Cl)cc21
(DIPHENYLMETHYLIDENE)AMINO BENZOATE,O=C(ON=C(c1ccccc1)c1ccccc1)c1ccccc1
THIOUREIDO SULFONAMIDE,NCCCN1CCN(CCCN/N=C(\S)Nc2ccc(S(N)(=O)=O)cc2)CC1
PEPTIDE T,C[C@H](N)C(=O)N[C@@H](CO)C(=O)N[C@H](C(=O)N[C@H](C(=O)N[C@H](C(=O)N[C@@H](CC(N)=O)C(=O)N[C@@H](Cc1ccc(O)cc1)C(=O)N[C@H](C(=O)O)[C@@H](C)O)[C@@H](C)O)[C@@H](C)O)[C@@H](C)O
CARBACYCLINE,CCCCC[C@H](O)C/C=C/[C@@H]1C[C@@H](O)[C@H]2C/C(=C/CCCC(=O)O)C[C@H]21
JASPAQUINOL,CC1=C(CC/C(C)=C/CC/C(C)=C/Cc2cc(O)ccc2O)C(C)(C)CCC1
THIOUREIDO SULFONAMIDE,NS(=O)(=O)c1ccc(CC/N=C(\S)NNCCN2CCNCC2)cc1
JASPIC ACID,CC(C)=CCC[C@@]1(C)CCC[C@]2(C)[C@@H](Cc3cc(C(=O)O)ccc3O)C(C)=CC[C@@H]12
THIOUREIDO SULFONAMIDE,NCCCN1CCN(CCCN/N=C(\S)NCCc2ccc(S(N)(=O)=O)cc2)CC1
ITPP SODIUM SALT,O=P1([O-])OC2C3OP(=O)([O-])OP(=O)([O-])OC3C3OP(=O)([O-])OP(=O)([O-])OC3C2OP(=O)([O-])O1.[Na+].[Na+].[Na+].[Na+].[Na+].[Na+]
ITPP PIPERAZINIUM,C1CNCCN1.C1CNCCN1.C1CNCCN1.C1CNCCN1.C1CNCCN1.C1CNCCN1.O=P1(O)OC2C3OP(=O)(O)OP(=O)(O)OC3C3OP(=O)(O)OP(=O)(O)OC3C2OP(=O)(O)O1
CYCLOCREATINE,NC1=NCCN1CC(=O)O
RAMATROBAN,O=C(O)CCn1c2c(c3ccccc31)C[C@H](NS(=O)(=O)c1ccc(F)cc1)CC2
PHENYLPHOSPHONIC ACID,O=P(O)(O)c1ccccc1
MEDRONIC ACID,O=P(O)(O)CP(=O)(O)O
AMINOCARBONYL DIHYDROGEN PHOSPHATE,NC(=O)OP(=O)(O)O
DEPROTECTED COGENER OF M6G,COC1[C@H](NC(=O)CC2OC(CO)C(O)C(O)C2O)C=C[C@H]2[C@H]3Cc4ccc(O)cc4[C@@]12CCN3C
SALUBRINAL,O=C(/C=C/c1ccccc1)NC(NC(=S)Nc1cccc2cccnc12)C(Cl)(Cl)Cl
SULFORAMATE,CS/C(S)=N/CCCC[S+](C)[O-]
ESREBOXETINE,CCOc1ccccc1O[C@@H](c1ccccc1)[C@@H]1CNCCO1
DOCONEXENT,CC/C=C\C/C=C\C/C=C\C/C=C\C/C=C\C/C=C\CCC(=O)O
DEMETHOXYCURCUMIN,COc1cc(/C=C/C(O)=C/C(=O)/C=C/c2ccc(O)cc2)ccc1O
CURCUMIN PYRAZOLE,COc1cc(/C=C/c2cc(/C=C/c3ccc(O)c(OC)c3)[nH]n2)ccc1O
CHLORPHENAMINE MALEATE,CN(C)CCC(c1ccc(Cl)cc1)c1ccccn1.O=C(O)/C=C/C(=O)O
[3H]PGD2,CCCCC[C@H](O)/C=C/[C@H]1C(=O)C[C@H](O)[C@@H]1C/C=C/CCCC(=O)O
TYROPEPTIN A,CC(C)CC(=O)N[C@@H](Cc1ccc(O)cc1)C(=O)N[C@H](C(=O)NC(C=O)Cc1ccc(O)cc1)C(C)C
"(S,R)-MEFLOQUINE",O[C@@H](c1cc(C(F)(F)F)nc2c(C(F)(F)F)cccc12)[C@H]1CCCCN1
NITRIC ACID,O=[N+]([O-])O
SODIUM BICARBONATE,O=C([O-])O.[Na+]
SODIUM FORMATE,O=C[O-].[Na+]
SODIUM ACETATE,CC(=O)[O-].[Na+]
E350,O=C([O-])CC(O)C(=O)[O-].[Na+].[Na+]
SODIUM CITRATE,O=C([O-])CC(O)(CC(=O)[O-])C(=O)[O-].[Na+].[Na+].[Na+]
SODIUM OXALATE,O=C([O-])C(=O)[O-].[Na+].[Na+]
SODIUM BENZOATE,O=C([O-])c1ccccc1.[Na+]
DISODIUM MALONATE,O=C([O-])CC(=O)[O-].[Na+].[Na+]
PYRUVATE SODIUM,CC(=O)C(=O)[O-].[Na+]
SODIUM LACTATE,CC(O)C(=O)[O-].[Na+]
TERREULACTONE A,COc1ccc(-c2cc3c(c(=O)o2)C[C@@]2(O)[C@@]4(C)C(=O)[C@@]5(OC)C(=O)O[C@]4(CC[C@@]2(C)O3)C5(C)C)cc1
MAURITIANIN,CC1O[C@@H](OC[C@H]2O[C@@H](Oc3c(-c4ccc(O)cc4)oc4cc(O)cc(O)c4c3=O)C(O[C@@H]3O[C@H](C)[C@H](O)C(O)C3O)C(O)[C@H]2O)C(O)[C@@H](O)[C@H]1O
SYRINGARESINOL,COc1cc([C@H]2OC[C@H]3[C@@H]2CO[C@@H]3c2cc(OC)c(O)c(OC)c2)cc(OC)c1O
MAGNOLOL,C=CCc1ccc(O)c(-c2cc(CC=C)ccc2O)c1
FULVESTRANT,C[C@]12CC[C@@H]3c4ccc(O)cc4C[C@@H](CCCCCCCCC[S+]([O-])CCCC(F)(F)C(F)(F)F)[C@H]3[C@@H]1CC[C@@H]2O
ISOMAGNOLOL,C=CCc1ccc(Oc2cc(CC=C)ccc2O)cc1
1-(4-{4-[4-(2-ISOPROPYL-PHENYLSULFANYL)-3-TRIFLUOROMETHYL-PHENYL]-OXAZOL-2-YL}-PIPERAZIN-1-YL)-ETHANONE (STRUCTURAL MIX),CC(=O)N1CCN(c2nc(-c3ccc(Sc4ccccc4C(C)C)c(C(F)(F)F)c3)co2)CC1
ERTAPENEM,C[C@@H](O)[C@H]1C(=O)N2C(C(=O)O)=C(S[C@@H]3CN[C@H](C(=O)Nc4cccc(C(=O)O)c4)C3)[C@H](C)[C@H]12
SULFABENZ,Nc1ccc(S(=O)(=O)Nc2ccccc2)cc1
OROXYLIN A,COc1c(O)cc2oc(-c3ccccc3)cc(=O)c2c1O
BAICALEIN TRIMETHYL ETHER,COc1cc2oc(-c3ccccc3)cc(=O)c2c(OC)c1OC
NAVEGLITAZAR,CO[C@@H](Cc1ccc(OCCCOc2ccc(Oc3ccccc3)cc2)cc1)C(=O)O
AMPICILLIN,CC1(C)S[C@@H]2[C@H](NC(=O)[C@H](N)c3ccccc3)C(=O)N2[C@H]1C(=O)O
CIRRHOPETALANTHRIN,COc1cc(O)c(-c2c(O)cc(OC)c3c2ccc2cc(O)ccc23)c2c1-c1ccc(O)cc1CC2
CIRRHOPETALANTHIN,COc1cc(O)c(-c2c(O)cc(OC)c3c2ccc2cc(O)ccc23)c2ccc3cc(O)ccc3c12
GVNACSSLF,CC(C)C[C@H](NC(=O)[C@H](CO)NC(=O)[C@H](CO)NC(=O)[C@H](CS)NC(=O)[C@H](C)NC(=O)[C@H](CC(N)=O)NC(=O)[C@@H](NC(=O)CN)C(C)C)C(=O)N[C@@H](Cc1ccccc1)C(=O)O
YSTCYFIM,CC[C@H](C)[C@H](NC(=O)[C@H](Cc1ccccc1)NC(=O)[C@H](Cc1ccc(O)cc1)NC(=O)[C@H](CS)NC(=O)[C@@H](NC(=O)[C@H](CO)NC(=O)[C@@H](N)Cc1ccc(O)cc1)[C@@H](C)O)C(=O)N[C@@H](CCSC)C(=O)O
TALTOBULIN,CN[C@H](C(=O)N[C@H](C(=O)N(C)[C@H](/C=C(\C)C(=O)O)C(C)C)C(C)(C)C)C(C)(C)c1ccccc1
GALLAMINE,CC[N+](CC)(CC)CCOc1cccc(OCC[N+](CC)(CC)CC)c1OCC[N+](CC)(CC)CC
ATRACURIUM,COc1ccc(CC2c3cc(OC)c(OC)cc3CC[N+]2(C)CCC(=O)OCCCCCOC(=O)CC[N+]2(C)CCc3cc(OC)c(OC)cc3C2Cc2ccc(OC)c(OC)c2)cc1OC
PANCURONIUM,CC(=O)O[C@H]1C[C@@H]2CC[C@@H]3[C@H](CC[C@@]4(C)[C@H]3C[C@H]([N+]3(C)CCCCC3)[C@@H]4OC(C)=O)[C@@]2(C)C[C@@H]1[N+]1(C)CCCCC1
PHENYL CINNAMATE,O=C(/C=C/c1ccccc1)Oc1ccccc1
GW819230X,Cc1ccc(-c2cc3c(NC(=O)C4CC4)ncnc3o2)cc1
RADIPRODIL,O=C(Nc1ccc2nc(O)oc2c1)C(=O)N1CCC(Cc2ccc(F)cc2)CC1
GW786460X,Cc1cccc(-c2n[nH]cc2-c2ccc3ncccc3n2)n1
BENZYL CINNAMATE,O=C(/C=C/c1ccccc1)OCc1ccccc1
GW693481X,Nc1nc(-c2ccccn2)c(-c2ccc3ncccc3n2)s1
GW785804X,Nc1nc(-c2ccc(F)cc2)c(-c2ccc3ncccc3n2)s1
CORONARIDINE,CC[C@H]1C[C@@H]2CN3CCc4c([nH]c5ccccc45)[C@](C(=O)OC)(C2)[C@H]13
BIS(4-CARBAMIMIDOYLPHENYL)TEREPHTHALATE,N=C(N)c1ccc(OC(=O)c2ccc(C(=O)Oc3ccc(C(=N)N)cc3)cc2)cc1
ISOVOACANGINE,CC[C@H]1C[C@@H]2CN3CCc4c([nH]c5cc(OC)ccc45)[C@](C(=O)OC)(C2)[C@H]13
CORONARIDINE HYDROXYINDOLENINE,CC[C@H]1C[C@@H]2CN3CC[C@]4(O)C(=Nc5ccccc54)[C@](C(=O)OC)(C2)[C@H]13
AL-12182,CC(C)OC(=O)CCC/C=C\CC[C@H]1[C@@H](O)CO[C@@H]1/C=C/[C@@H](O)COc1cccc(Cl)c1
VOACANGINE,CC[C@H]1C[C@@H]2CN3CCc4c([nH]c5ccc(OC)cc45)[C@](C(=O)OC)(C2)[C@H]13
MANSONONE E,CC1=C2OCC(C)c3ccc(C)c(c32)C(=O)C1=O
ISOVOACRISTINE,COC(=O)[C@@]12C[C@@H]3C[C@H]([C@H](C)O)[C@@H]1N(CCc1c2[nH]c2cc(OC)ccc12)C3
EPOLACTAENE,C/C=C(\C=C(C)\C=C\CC/C=C(\C)C(=O)[C@]12O[C@H]1C(C)(O)NC2=O)C(=O)OC
HYMENIALDISINE,NC1=NC(=O)/C(=C2\CCNC(=O)c3[nH]c(Br)cc32)N1
CYNOOXIDE ANION,C#[N+][O-]
CYANIDE,C#N
FLUORIDE ION,[F-]
ARFORMOTEROL,COc1ccc(C[C@@H](C)NC[C@H](O)c2ccc(O)c(NC=O)c2)cc1
PYRIDOXINE,Cc1ncc(CO)c(CO)c1O
ANDROGRAPHOLIDE,C=C1CC[C@@H]2[C@](C)(CO)[C@H](O)CC[C@@]2(C)[C@@H]1C/C=C1/C(=O)OC[C@H]1O
DEOXYANDROGRAPHOLIDE,C=C1CC[C@@H]2[C@](C)(CO)[C@H](O)CC[C@@]2(C)[C@@H]1CCC1=CCOC1=O
DRONEDARONE,CCCCc1oc2ccc(NS(C)(=O)=O)cc2c1C(=O)c1ccc(OCCCN(CCCC)CCCC)cc1
N-DEPROPYL-PROPAPHENONE,NCC(O)COc1ccccc1C(=O)CCc1ccccc1
AROXYBUTYNIN,CCN(CC)CC#CCOC(=O)[C@](O)(c1ccccc1)C1CCCCC1
ESTRONE ACETATE,CC(=O)Oc1ccc2c(c1)CCC1C2CC[C@]2(C)C(=O)CCC12
NIFEKALANT,Cn1c(NCCN(CCO)CCCc2ccc([N+](=O)[O-])cc2)cc(=O)n(C)c1=O
FORMIC ACID PHENYL ESTER,O=COc1ccccc1
TERODILINE,CC(CC(c1ccccc1)c1ccccc1)NC(C)(C)C
PI-CLONIDINE,Clc1cc(I)cc(Cl)c1N=C1NCCN1
ALMOKALANT,CCC[S+]([O-])CCCN(CC)CC(O)COc1ccc(C#N)cc1
ALLICIN,C=CCS[S+]([O-])CC=C
ISONIPECOTAMIDE,O=C(O)CC(NC(=O)C1CCN(C(=O)CCCNC2=NCCN2)CC1)c1cccnc1
PHENOXYARSONOUS ACID,O[As](O)Oc1ccccc1
GW-406381,CCOc1ccc(-c2nn3ncccc3c2-c2ccc(S(C)(=O)=O)cc2)cc1
HEMIASTERLIN,CN[C@H](C(=O)N[C@H](C(=O)N(C)[C@H](/C=C(\C)C(=O)O)C(C)C)C(C)(C)C)C(C)(C)c1cn(C)c2ccccc12
VALPROPYLHYDROXAMIC ACID,CCCC(CCC)C(=O)NO
4-EN-METABOLITE,C=CCC(CCC)C(=O)O
SNAP-7941,COCC1=C(C(=O)OC)[C@H](c2ccc(F)c(F)c2)N(C(=O)NCCCN2CCC(c3cccc(NC(C)=O)c3)CC2)C(=O)N1
PHENOXYMETHYLPHOSPHONATE,O=P(O)(O)COc1ccccc1
"SODIUM PHOSPHATE, MONOBASIC",O=P([O-])(O)O.[Na+]
CARBAMOYL PHOSPHATE; DI SODIUM,NC(=O)OP(=O)([O-])[O-].[Na+].[Na+]
"SODIUM PHOSPHATE, TRIBASIC",O=P([O-])([O-])[O-].[Na+].[Na+].[Na+]
XANTHONE,O=c1c2ccccc2oc2ccccc12
GENTIAKOCHIANIN,COc1cc(O)c2c(=O)c3c(O)c(O)ccc3oc2c1
PHENYLARSONIC ACID,O=[As](O)(O)c1ccccc1
"3,5-O-DIMETHYLPINOSYLVIN",COc1cc(/C=C/c2ccccc2)cc(OC)c1
PINOSYLVIN METHYL ETHER,COc1cc(O)cc(/C=C/c2ccccc2)c1
MACHILIN D,C/C=C/c1ccc(O[C@@H](C)[C@@H](O)c2ccc(O)c(OC)c2)c(OC)c1
SODIUM CARBONATE,O=C([O-])[O-].[Na+].[Na+]
DESMETHYL MYXOPYRONIN B,CCCC/C(C)=C/C=C(\C)C(=O)c1c(O)cc(CCC/C=C/NC(=O)OC)oc1=O
LY-2090314,O=C1NC(=O)C(c2cnc3ccccn23)=C1c1cn2c3c(cc(F)cc13)CN(C(=O)N1CCCCC1)CC2
DEMETHYLBELLIDIFOLIN,O=c1c2c(O)cc(O)cc2oc2c(O)ccc(O)c12
BELLIDIFOLIN,COc1cc(O)c2c(=O)c3c(O)ccc(O)c3oc2c1
SPONGIADIOXIN C,Oc1cc(Br)cc2c1Oc1cc(Br)cc(Br)c1O2
SPONGIADIOXIN A,Oc1cc(Br)c(Br)c2c1Oc1cc(Br)cc(Br)c1O2
GW-328267,CCn1nnc([C@H]2O[C@@H](n3cnc4c(N)nc(N[C@H](CO)Cc5ccccc5)nc43)[C@H](O)[C@@H]2O)n1
ERTIPROTAFIB,Cc1cc(-c2c3ccccc3c(Br)c3sc(C)c(C)c23)cc(C)c1O[C@H](Cc1ccccc1)C(=O)O
PHENYLTOLOXAMINE,CN(C)CCOc1ccccc1Cc1ccccc1
CHLOROHALOPERIDOL,O=C(CCCN1CCC(O)(c2ccc(Cl)cc2)CC1)c1ccc(Cl)cc1
PLOGLITAZONE,CCc1ccc(CCOc2ccc(CC3SC(=O)NC3=O)cc2)cc1
MURAGLITAZAR,COc1ccc(OC(=O)N(CC(=O)O)Cc2ccc(OCCc3nc(-c4ccccc4)oc3C)cc2)cc1
BASTADIN 7,O=C1N/C=C/c2ccc(c(Br)c2)Oc2cc(cc(Br)c2O)CCNC(=O)/C(=N/O)Cc2ccc(c(Br)c2)Oc2cc(cc(Br)c2O)C/C1=N\O
ETOLOXAMINE,CCN(CC)CCOc1ccccc1Cc1ccccc1
"2,2,3,3-TETRAMETHYLCYCLOPROPANECARBONYLUREA",CC1(C)C(C(=O)NC(N)=O)C1(C)C
BRILLIANT GREEN HYDROCHLORIDE,CN(C)c1ccc(C(=C2C=CC(=[N+](C)C)C=C2)c2ccccc2)cc1.[Cl-]
FRAMYCETIN,NC[C@@H]1O[C@H](O[C@H]2[C@@H](O)[C@H](O[C@@H]3[C@@H](O)[C@H](N)C[C@H](N)[C@H]3O[C@H]3O[C@H](CN)[C@@H](O)[C@H](O)[C@H]3N)O[C@@H]2CO)[C@H](N)[C@@H](O)[C@@H]1O
FURFURAL,O=Cc1ccco1
AES-103,O=Cc1ccc(CO)o1
GW780159X,Nc1nc(-c2cccc(Cl)c2)c(-c2ccc3ncccc3n2)s1
GW806290X,c1cnn2ncc(-c3ccnc(Nc4ccc5c(c4)OCCO5)n3)c2c1
"(S,R)-FIDARESTAT",NC(=O)[C@@H]1C[C@@]2(NC(=O)NC2=O)c2cc(F)ccc2O1
GW828525X,FC(F)(F)c1ccc(-c2nn3ncccc3c2-c2ccnc(Nc3ccc4c(c3)OCCO4)n2)cc1
GW810372X,COc1ccc2c(-c3ccnc(Nc4cccc(OC(F)(F)F)c4)n3)cnn2n1
PYRAZOLOPYRIDAZINE 2,COc1ccc(Nc2nccc(-c3cnn4ncccc34)n2)cc1OC
GW828529X,Fc1ccc(Nc2nccc(-c3c(-c4ccc(C(F)(F)F)cc4)nn4ncccc34)n2)cc1F
GW805758X,CC(C)c1ccc(Nc2nccc(-c3cnn4ncccc34)n2)cc1
GW807982X,CCOc1ccc2c(-c3ccnc(Nc4cc(OC)cc(C(F)(F)F)c4)n3)cnn2n1
GW829906X,Cc1ccc2c(-c3ccnc(Nc4cccc(C(F)(F)F)c4)n3)c(-c3ccccc3)nn2n1
IMIDOCARB,O=C(Nc1cccc(C2=NCCN2)c1)Nc1cccc(C2=NCCN2)c1
GW833373X,Cc1ccc2c(-c3ccnc(Nc4ccccc4)n3)c(-c3ccc(F)cc3)nn2n1
GW801372X,COc1cc(Nc2nccc(-c3cnn4ncccc34)n2)cc(OC)c1
VILAZODONE,N#Cc1ccc2[nH]cc(CCCCN3CCN(c4ccc5oc(C(N)=O)cc5c4)CC3)c2c1
GW811761X,CCOc1ccc2c(-c3ccnc(Nc4cccc(C(F)(F)F)c4)n3)cnn2n1
URB-597,NC(=O)c1cccc(-c2cccc(OC(=O)NC3CCCCC3)c2)c1
GW819077X,FC(F)(F)c1cccc(Nc2nccc(-c3cnn4nc(-c5ccccc5)ccc34)n2)c1
GW827396X,COc1ccc(-c2nn3ncccc3c2-c2ccnc(Nc3ccc(F)c(F)c3)n2)cc1
GW827102X,FC(F)(F)c1cccc(-c2nn3ncccc3c2-c2ccnc(Nc3ccc4c(c3)OCCO4)n2)c1
CALOTHRIXIN A,O=C1c2c[n+]([O-])c3ccccc3c2C(=O)c2[nH]c3ccccc3c21
GW827106X,COc1ccc(-c2nn3ncccc3c2-c2ccnc(Nc3ccc4c(c3)OCCO4)n2)cc1
CALOTHRIXIN B,O=C1c2[nH]c3ccccc3c2C(=O)c2cnc3ccccc3c21
GW827099X,Fc1ccc(-c2nn3ncccc3c2-c2ccnc(Nc3ccc4c(c3)OCCO4)n2)cc1
GW829055X,Clc1ccc(-c2nn3ncccc3c2-c2ccnc(Nc3ccccc3)n2)cc1
GW832467X,Cc1ccc2c(-c3ccnc(Nc4ccc5c(c4)OCCO5)n3)c(-c3ccc(C(F)(F)F)cc3)nn2n1
GW827105X,COc1ccc(-c2nn3ncccc3c2-c2ccnc(Nc3cccc(C(F)(F)F)c3)n2)cc1
BENZOCARBAZOLEDIONE,O=C1c2ccccc2C(=O)c2c1[nH]c1ccccc21
PYRAZOLOPYRIDAZINE 1,COc1cccc(Nc2nccc(-c3cnn4ncccc34)n2)c1
BUDESONIDE,CCCC1O[C@@H]2C[C@H]3[C@@H]4CCC5=CC(=O)C=C[C@]5(C)[C@H]4[C@@H](O)C[C@]3(C)[C@]2(C(=O)CO)O1
GW829115X,COc1ccc(-c2nn3ncccc3c2-c2ccnc(Nc3ccc(Cl)c(C(F)(F)F)c3)n2)cc1
TERNIDAZOLE,Cc1ncc([N+](=O)[O-])n1CCCO
PRINABEREL,C=Cc1cc(O)cc2nc(-c3ccc(O)c(F)c3)oc12
ICOPEZIL,O=C1Cc2cc3c(CCC4CCN(Cc5ccccc5)CC4)noc3cc2N1
APLIDINE,CC[C@H](C)[C@H]1NC(=O)[C@@H](NC(=O)[C@@H](CC(C)C)N(C)C(=O)[C@@H]2CCCN2CC(C)=O)[C@@H](C)OC(=O)[C@H](Cc2ccc(OC)cc2)N(C)C(=O)[C@@H]2CCCN2C(=O)[C@H](CC(C)C)NC(=O)[C@@H](C)C(=O)[C@H](C(C)C)OC(=O)C[C@@H]1O
TAMANDARIN A,CC[C@H](C)C1NC(=O)[C@H](NC(=O)[C@H](CC(C)C)N(C)C(=O)C2CCCN2C(=O)C(C)O)[C@H](C)OC(=O)[C@@H](Cc2ccc(O)cc2)N(C)C(=O)[C@H]2CCCN2C(=O)[C@@H](CC(C)C)NC(=O)[C@@H](C(C)C)OC(=O)C[C@H]1O
PENTAMIDINE ISETHIONATE,N=C(N)c1ccc(OCCCCCOc2ccc(C(=N)N)cc2)cc1.O=S(=O)(O)CCO.O=S(=O)(O)CCO
CYCLO(PROLYLGLYCYL),O=C1NCC(=O)N2CCC[C@@H]12
CORALYNE,COc1cc2cc3c4cc(OC)c(OC)cc4cc[n+]3c(C)c2cc1OC.[Cl-]
DEHYDROTAMANDARIN A,CC[C@H](C)C1NC(=O)[C@H](NC(=O)[C@H](CC(C)C)N(C)C(=O)C2CCCN2C(=O)C(C)=O)[C@H](C)OC(=O)[C@@H](Cc2ccc(O)cc2)N(C)C(=O)[C@H]2CCCN2C(=O)[C@@H](CC(C)C)NC(=O)[C@@H](C(C)C)OC(=O)C[C@H]1O
ACODAZOLE,CC(=O)N(C)c1ccc(Nc2cc(C)nc3ccc4nc[nH]c4c23)cc1
GW806742X,CN(c1ccc(NC(=O)Nc2ccc(OC(F)(F)F)cc2)cc1)c1ccnc(Nc2cccc(S(N)(=O)=O)c2)n1
CRYPTOTANSHINONE,C[C@H]1COC2=C1C(=O)C(=O)c1c2ccc2c1CCCC2(C)C
GW785404X,CCn1c(-c2nonc2N)nc2ccc(F)cc21
ACEMETACIN,COc1ccc2c(c1)c(CC(=O)OCC(=O)O)c(C)n2C(=O)c1ccc(Cl)cc1
TANSHINONE I,Cc1coc2c1C(=O)C(=O)c1c-2ccc2c(C)cccc12
TANSHINONE IIA,Cc1coc2c1C(=O)C(=O)c1c-2ccc2c1CCCC2(C)C
TETRADECYLTHIOACETIC ACID,CCCCCCCCCCCCCCSCC(=O)O
PIRPROFEN,CC(C(=O)O)c1ccc(N2CC=CC2)c(Cl)c1
METRONIDAZOLE XANTHATE,Cc1ncc([N+](=O)[O-])n1CCOC(=S)[S-].[Na+]
GW549034X,CCn1c(-c2nonc2N)nc2ccccc21
DEXTROBUPIVACAINE,CCCCN1CCCC[C@@H]1C(=O)Nc1c(C)cccc1C
CHLORZOXAZONE,O=c1[nH]c2cc(Cl)ccc2o1
TESSARIC ACID METHYL ESTER,C=C(C(=O)OC)[C@@H]1CCC2=CC(=O)C[C@H](C)[C@@]2(C)C1
GW809897X,CN(c1ccc(NC(=O)Nc2c(Cl)cccc2Cl)cc1)c1ccnc(Nc2cccc(CS(C)(=O)=O)c2)n1
TESSARIC ACID,C=C(C(=O)O)[C@@H]1CCC2=CC(=O)C[C@H](C)[C@@]2(C)C1
PHOSPHORIC ACID MONODODECYL ESTER,CCCCCCCCCCCCOP(=O)(O)O
PHOSPHORIC ACID MONOTETRADECYL ESTER,CCCCCCCCCCCCCCOP(=O)(O)O
OLEOYL,CCCCCCCC/C=C/CCCCCCCC(=O)OCC(O)COP(=O)(O)O
THIOPHOSPHORIC ACID DECYL ESTER,CCCCCCCCCCOP(O)(O)=S
THIOPHOSPHORIC ACID DODECYL ESTER,CCCCCCCCCCCCOP(O)(O)=S
ETHOXYCOUMARIN,CCOc1ccc2ccc(=O)oc2c1
OCHNAFLAVONE,O=c1cc(-c2ccc(Oc3cc(-c4cc(=O)c5c(O)cc(O)cc5o4)ccc3O)cc2)oc2cc(O)cc(O)c12
REVERSINE,c1nc2c(NC3CCCCC3)nc(Nc3ccc(N4CCOCC4)cc3)nc2[nH]1
BUNAZOSIN,CCCC(=O)N1CCCN(c2nc(N)c3cc(OC)c(OC)cc3n2)CC1
ENTRY A,COc1ccc(S(=O)(=O)N(C[C@@H](O)[C@H](Cc2ccccc2)NC(=O)OC(C)(C)C)OC(C)C)cc1
SENECIONINE,C/C=C1/C[C@@H](C)[C@@](C)(O)C(=O)OCC2=CCN3CC[C@@H](OC1=O)[C@@H]23
TAUROCHENODEOXYCHOLATE,C[C@H](CCC(=O)NCCS(=O)(=O)O)[C@H]1CC[C@H]2[C@@H]3[C@H](O)C[C@@H]4C[C@H](O)CC[C@]4(C)[C@H]3CC[C@]12C
PHOSPHORIC ACID MONODECYL ESTER,CCCCCCCCCCOP(=O)(O)O
SALVINORIN A,COC(=O)[C@@H]1C[C@H](OC(C)=O)C(=O)[C@H]2[C@@]1(C)CC[C@H]1C(=O)O[C@H](c3ccoc3)C[C@]21C
DISERMOLIDE,C=C/C=C\[C@H](C)[C@H](OC(N)=O)[C@@H](C)[C@H](O)[C@@H](C)C/C(C)=C\[C@H](C)[C@@H](O)[C@@H](C)/C=C\[C@@H](O)C[C@@H]1OC(=O)[C@H](C)[C@@H](O)[C@H]1C
THIOPHOSPHORIC ACID TETRADECYL ESTER,CCCCCCCCCCCCCCOP(O)(O)=S
GLYCERYL MONOLINOLEATE,CCCCC/C=C\C/C=C\CCCCCCCC(=O)OC[C@@H](O)CO
OPIPRAMOL,OCCN1CCN(CCCN2c3ccccc3C=Cc3ccccc32)CC1
JERVINE,CC1=C2C(=O)[C@H]3[C@@H](CC=C4C[C@@H](O)CC[C@@]43C)[C@@H]2CC[C@]12O[C@@H]1C[C@H](C)CN[C@H]1[C@H]2C
FENPROPIMORPH,CC(Cc1ccc(C(C)(C)C)cc1)CN1C[C@@H](C)O[C@@H](C)C1
HERKINORIN,COC(=O)[C@@H]1C[C@H](OC(=O)c2ccccc2)C(=O)[C@H]2[C@@]1(C)CC[C@H]1C(=O)O[C@H](c3ccoc3)C[C@]21C
DIANICLINE,c1cnc2c(c1)O[C@H]1CCN3CC[C@@]1(C2)C3
ARTESUNATE,C[C@H]1[C@H](OC(=O)CCC(=O)O)O[C@@H]2O[C@@]3(C)CC[C@H]4[C@H](C)CC[C@@H]1[C@@]24OO3
BENZOXATHIAN,COc1cccc(OC)c1OCCNCC1CSc2ccccc2O1
LEVEMOPAMIL,CC(C)[C@@](C#N)(CCCN(C)CCc1ccccc1)c1ccccc1
ISPRONICLINE,CN[C@@H](C)C/C=C/c1cncc(OC(C)C)c1
RONIPAMIL,CCCCCCCCCCCCC(C#N)(CCCN(C)CCc1ccccc1)c1ccccc1
BUFLOMEDIL,COc1cc(OC)c(C(=O)CCCN2CCCC2)c(OC)c1
STILONIUM,CC[N+](CC)(CC)CCOc1ccc(/C=C/c2ccccc2)cc1
DISCRETAMINE,COc1cc2c(cc1O)C1Cc3ccc(OC)c(O)c3CN1CC2
TRIPARANOL,CCN(CC)CCOc1ccc(C(O)(Cc2ccc(Cl)cc2)c2ccc(C)cc2)cc1
SCANDENOLIDE,C=C1C(=O)O[C@H]2C[C@]3(C)O[C@@H]3C[C@@H](OC(C)=O)C3=C[C@@H](OC3=O)[C@H]12
BULOXIBUTID,CCCCOC(=O)NS(=O)(=O)c1sc(CC(C)C)cc1-c1ccc(Cn2ccnc2)cc1
DEOXYLACTUCIN,C=C1C(=O)O[C@@H]2[C@H]3C(CO)=CC(=O)C3=C(C)CC[C@@H]12
METHYLENE BLUE CATION,CN(C)c1ccc2nc3ccc(=[N+](C)C)cc-3sc2c1
DIVERSIFOLIN,C=C(C)C(=O)O[C@@H]1C[C@]2(C)CC[C@@](O)(O2)/C(C)=C\[C@H]2OC(=O)C(=C)[C@@H]21
CUMAMBRIN A,C=C1C(=O)O[C@@H]2[C@H]3C(C)=CC[C@H]3[C@](C)(O)C[C@H](OC(C)=O)[C@@H]12
CUMAMBRIN B,C=C1C(=O)O[C@@H]2[C@H]3C(C)=CC[C@H]3[C@](C)(O)C[C@H](O)[C@@H]12
1-EPITATRIDIN B,C=C1C(=O)O[C@H]2CC(=C)[C@H](O)CC/C(C)=C/[C@@H](O)[C@H]12
REPARIXIN,CC(C)Cc1ccc([C@@H](C)C(=O)NS(C)(=O)=O)cc1
OXIGLUTATIONE,N[C@@H](CCC(=O)N[C@@H](CSSC[C@H](NC(=O)CC[C@H](N)C(=O)O)C(=O)NCC(=O)O)C(=O)NCC(=O)O)C(=O)O
BUDLEIN A,C=C1C(=O)O[C@@H]2/C=C(/CO)C3=CC(=O)[C@@](C)(C[C@@H](OC(=O)/C(C)=C/C)[C@@H]12)O3
TAMIRIN,C=C1C[C@@H]2OC(=O)C(=C)[C@H]2[C@H](O)/C=C(\C)CCC1=O
LYCHNOPHOROLIDE B,C=C1C(=O)O[C@@H]2/C=C(/CO)C3=CC(=O)[C@@](C)(C[C@H](OC(=O)/C(C)=C/C)[C@@H]12)O3
THIELEANIN,C=C1C(=O)O[C@H]2C[C@H](C)C3=CC(=O)[C@H](C)C3C[C@H]12
15-ACETOXY-EREMANTHOLIDE B,CC[C@@H](C)[C@@]1(O)O[C@H]2C[C@@]3(C)OC(=CC3=O)/C(COC(C)=O)=C\[C@H]3OC(=O)[C@@]1(C)C23
MOLEPHANTININ,C=C1C(=O)O[C@H]2[C@H]1[C@@H](OC(=O)/C(C)=C/C)C/C(C)=C/C(=O)/C=C(/C)[C@@H]2O
ISOGOIAZENSOLIDE,C=C(C)C(=O)O[C@H]1C[C@@]2(C)OC(=CC2=O)C(=C)[C@@H](O)[C@H]2OC(=O)C(=C)[C@@H]21
ATRIPLICIOLIDTIGLATE,C=C1C(=O)O[C@@H]2/C=C(/C)C3=CC(=O)[C@@](C)(C[C@@H](OC(=O)/C(C)=C/C)[C@@H]12)O3
MODAFINIL,NC(=O)C[S+]([O-])C(c1ccccc1)c1ccccc1
MOLEPHANTIN,C=C(C)C(=O)O[C@H]1C/C(C)=C/C(=O)/C=C(/C)[C@H](O)[C@H]2OC(=O)C(=C)[C@@H]21
GOIAZENSOLIDE,C=C(C)C(=O)O[C@H]1C[C@@]2(C)OC(=CC2=O)/C(CO)=C\[C@H]2OC(=O)C(=C)[C@H]12
15-DEOXYBUDLEIN A,C=C1C(=O)O[C@@H]2/C=C(/C)C3=CC(=O)[C@@](C)(C[C@@H](OC(=O)/C(C)=C\C)[C@@H]12)O3
LUDOVICIN A,C=C1C(=O)O[C@@H]2[C@@H]3[C@@](C)(CC[C@@H]12)[C@@H](O)C[C@H]1O[C@@]31C
TIAPROFENIC ACID,CC(C(=O)O)c1ccc(C(=O)c2ccccc2)s1
2-{3-[HYDROXY(PHENYL)METHYL]PHENYL}PROPANOIC ACID,CC(C(=O)O)c1cccc(C(O)c2ccccc2)c1
DOUGLANIN,C=C1C(=O)O[C@@H]2[C@H]3C(C)=CC[C@H](O)[C@]3(C)CC[C@@H]12
JNJ-7706621,Nc1nc(Nc2ccc(S(N)(=O)=O)cc2)nn1C(=O)c1c(F)cccc1F
TARENFLURBIL,C[C@@H](C(=O)O)c1ccc(-c2ccccc2)c(F)c1
ESFLURBIPROFEN,C[C@H](C(=O)O)c1ccc(-c2ccccc2)c(F)c1
LUDOVICIN B,C=C1[C@H](O)C[C@H](O)[C@]2(C)CC[C@H]3C(=C)C(=O)O[C@@H]3[C@@H]12
NUTLIN-3,COc1ccc(C2=N[C@@H](c3ccc(Cl)cc3)[C@@H](c3ccc(Cl)cc3)N2C(=O)N2CCNC(=O)C2)c(OC(C)C)c1
NUTLIN-2,CCOc1cc(OC)ccc1C1=N[C@@H](c2ccc(Br)cc2)[C@@H](c2ccc(Br)cc2)N1C(=O)N1CCN(CCO)CC1
HELENALINISOBUTYRATE,C=C1C(=O)O[C@@H]2C[C@@H](C)[C@@H]3C=CC(=O)[C@@]3(C)[C@@H](OC(=O)C(C)C)[C@H]12
TRIDOLGOSIR,O[C@H]1[C@H]2[C@H](O)CCCN2C[C@H]1O
DEXIBUPROFEN,CC(C)Cc1ccc([C@H](C)C(=O)O)cc1
PD-173074,CCN(CC)CCCCNc1ncc2cc(-c3cc(OC)cc(OC)c3)c(NC(=O)NC(C)(C)C)nc2n1
CYCLOHEXANECARBOXYLIC ACID PENTADECYLAMIDE,CCCCCCCCCCCCCCCNC(=O)C1CCCCC1
SURINABANT,CCc1c(C(=O)NN2CCCCC2)nn(-c2ccc(Cl)cc2Cl)c1-c1ccc(Br)cc1
(R)-IBUPROPHEN,CC(C)Cc1ccc([C@@H](C)C(=O)O)cc1
AR-42,CC(C)[C@H](C(=O)Nc1ccc(C(=O)NO)cc1)c1ccccc1
CARBOCYCLIC PEPTIDOMIMETIC,CC(C)C[C@H](NC(=O)[C@H](CC(N)=O)NC(=O)[C@@H](NC(=O)[C@@H](N)CCC(=O)O)C(C)C)[C@@H](O)[C@@H]1CCC[C@H]1C(=O)N[C@@H](C)C(=O)N[C@@H](CCC(=O)O)C(=O)N[C@@H](Cc1ccccc1)C(=O)O
R-KETOPROFEN,C[C@@H](C(=O)O)c1cccc(C(=O)c2ccccc2)c1
NADIFLOXACIN,CC1CCc2c(N3CCC(O)CC3)c(F)cc3c(=O)c(C(=O)O)cn1c23
BENZIL,O=C(C(=O)c1ccccc1)c1ccccc1
CANNABIDIOL,C=C(C)[C@@H]1CCC(C)=C[C@H]1c1c(O)cc(CCCCC)cc1O
PHENYLMETHYLSULFONYLFLUORIDE,O=S(=O)(F)Cc1ccccc1
FTY720-P,CCCCCCCCc1ccc(CC[C@](N)(CO)COP(=O)(O)O)cc1
CATIONIC AMPHIPHILE,CCCCCCCCCCCCCCCC[N+](C)(C)C[C@H](OC)[C@H](C[N+](C)(C)CCCCCCCCCCCCCCCC)OC.[Br-].[Br-]
CATIONIC AMPHIPHILE,CCCCCCCCCCCCCCCC[N+](C)(C)C[C@@H](OC)[C@@H](C[N+](C)(C)CCCCCCCCCCCCCCCC)OC.[Br-].[Br-]
CATIONIC AMPHIPHILE,CCCCCCCCCCCCCCCC[N+](C)(C)C[C@H](OC)[C@@H](C[N+](C)(C)CCCCCCCCCCCCCCCC)OC.[Br-].[Br-]
OCTADECANESULFONYL FLUORIDE,CCCCCCCCCCCCCCCCCCS(=O)(=O)F
LEVONADIFLOXACIN,C[C@H]1CCc2c(N3CCC(O)CC3)c(F)cc3c(=O)c(C(=O)O)cn1c23
BERAPROST SODIUM,CC#CCC(C)[C@H](O)/C=C/[C@@H]1[C@H]2c3cccc(CCCC(=O)[O-])c3O[C@H]2C[C@H]1O.[Na+]
3-Hydroxyphenylacetate,O=C(O)Cc1cccc(O)c1
CATIONIC AMPHIPHILE,CCCCCCCCCCCCCCCC[N+](C)(C)CCCC[N+](C)(C)CCCCCCCCCCCCCCCC.[Br-].[Br-]
BENZOIN,O=C(c1ccccc1)C(O)c1ccccc1
METAQUINE,Clc1ccc2c(Nc3cccc(Nc4ccnc5cc(Cl)ccc45)c3)ccnc2c1
FEXARAMINE,COC(=O)/C=C/c1cccc(N(Cc2ccc(-c3ccc(N(C)C)cc3)cc2)C(=O)C2CCCCC2)c1
DESMOTUMOTIN B,CC1=C(O)C(C)(C)c2oc(-c3ccccc3)cc(=O)c2C1=O
TEGLARINAD CHLORIDE,COCCOCCOCCOCCOC(=O)OC[n+]1ccc(N/C(=N/C#N)NCCCCCCOc2ccc(Cl)cc2)cc1.[Cl-]
PALBOCICLIB,CC(=O)c1c(C)c2cnc(Nc3ccc(N4CCNCC4)cn3)nc2n(C2CCCC2)c1=O
CAPRAVIRINE,CC(C)c1nc(COC(N)=O)n(Cc2ccncc2)c1Sc1cc(Cl)cc(Cl)c1
LADARIXIN,C[C@@H](C(=O)NS(C)(=O)=O)c1ccc(OS(=O)(=O)C(F)(F)F)cc1
5-CHLOROSALICYLIC ACID,O=C(O)c1cc(Cl)ccc1O
FENPYROXYMATE,Cc1nn(C)c(Oc2ccccc2)c1/C=N/OCc1ccc(C(=O)OC(C)(C)C)cc1
RWJ-67657,OCCC#Cc1nc(-c2ccc(F)cc2)c(-c2ccncc2)n1CCCc1ccccc1
SULINDAC SULFOXIDE,CC1=C(CC(=O)O)c2cc(F)ccc2/C1=C/c1ccc([S+](C)[O-])cc1
ALFAXALONE,CC(=O)[C@H]1CC[C@H]2[C@@H]3CC[C@H]4C[C@H](O)CC[C@]4(C)[C@H]3C(=O)C[C@]12C
NOSCAPINE,COc1ccc2c(c1OC)C(=O)O[C@@H]2[C@H]1c2c(cc3c(c2OC)OCO3)CCN1C
PROGUANIL,CC(C)NC(=N)NC(=N)Nc1ccc(Cl)cc1
AGELINE A,CC1=CCC[C@H](C)[C@@]1(C)CC/C(C)=C/CC/C(C)=C/Cn1c[n+](C)c2ncnc(N)c21.[Cl-]
"2,4-DICHLOROPHENYLAMINOMETHYLENEBISPHOSPHONIC ACID",O=P(O)(O)C(Nc1ccc(Cl)cc1Cl)P(=O)(O)O
BUTANEDIONE,CC(=O)C(C)=O
THIETHYLPERAZINE,CCSc1ccc2c(c1)N(CCCN1CCN(C)CC1)c1ccccc1S2
EDOTREOTIDE,C[C@@H](O)[C@@H]1NC(=O)[C@H](CCCCN)NC(=O)[C@@H](Cc2c[nH]c3ccccc23)NC(=O)[C@H](Cc2ccc(O)cc2)NC(=O)[C@@H](NC(=O)[C@@H](Cc2ccccc2)NC(=O)CN2CCN(CC(=O)O)CCN(CC(=O)O)CCN(CC(=O)O)CC2)CSSC[C@@H](C(=O)N[C@H](CO)[C@@H](C)O)NC1=O
"2,3-PENTANEDIONE",CCC(=O)C(C)=O
CHLORANIL,O=C1C(Cl)=C(Cl)C(=O)C(Cl)=C1Cl
BENZYLSULFONYLBENZENE,O=S(=O)(Cc1ccccc1)c1ccccc1
ABT-510,CCC[C@H](NC(=O)[C@@H](NC(=O)[C@H](NC(=O)[C@@H](NC(=O)CNC(=O)CN(C)C(C)=O)C(C)C)[C@@H](C)CC)[C@@H](C)O)C(=O)N[C@H](C(=O)N[C@@H](CCCNC(=N)N)C(=O)N1CCC[C@H]1C(=O)NCC)[C@@H](C)CC
ABT 510,CCC[C@H](NC(=O)[C@@H](NC(=O)[C@H](NC(=O)[C@@H](NC(=O)CNC(=O)CN(C)C(C)=O)C(C)C)[C@H](C)CC)[C@@H](C)O)C(=O)N[C@H](C(=O)N[C@@H](CCCN=C(N)N)C(=O)N1CCC[C@H]1C(=O)NCC)[C@@H](C)CC
DIBENZOYLMETHANE,O=C(CC(=O)c1ccccc1)c1ccccc1
TRIMEBUTINE,CCC(COC(=O)c1cc(OC)c(OC)c(OC)c1)(c1ccccc1)N(C)C
XANTHOPURPURIN,O=C1c2ccccc2C(=O)c2c(O)cc(O)cc21
(PHENYLSULFONYL)BENZENE,O=S(=O)(c1ccccc1)c1ccccc1
TETRAHYDROTHIOPHENE,C1CCSC1
METHYLPHENYLSULFIDE,CSc1ccccc1
PHA-680632,CCc1cccc(CC)c1NC(=O)N1Cc2[nH]nc(NC(=O)c3ccc(N4CCN(C)CC4)cc3)c2C1
LIDORESTAT,O=C(O)Cn1cc(Cc2nc3c(F)c(F)cc(F)c3s2)c2ccccc21
ISOPHENOXODIOL,Oc1ccc(C2=COc3cc(O)ccc3C2)cc1
ROFLUMILAST,O=C(Nc1c(Cl)cncc1Cl)c1ccc(OC(F)F)c(OCC2CC2)c1
ABACAVIR,Nc1nc(NC2CC2)c2ncn([C@H]3C=C[C@@H](CO)C3)c2n1
FLUMEQUINE,CC1CCc2cc(F)cc3c(=O)c(C(=O)O)cn1c23
CICLETANINE,Cc1ncc2c(c1O)COC2c1ccc(Cl)cc1
O-TOLYLAMINE,Cc1ccccc1N
CARBOVIR,Nc1nc2c(ncn2[C@H]2C=C[C@@H](CO)C2)c(=O)[nH]1
PALMITOYL,CCCCCCCCCCCCCCCC(=O)OCC(O)COP(=O)([O-])O.[Na+]
LECOZOTAN,C[C@H](CN(C(=O)c1ccc(C#N)cc1)c1ccccn1)N1CCN(c2cccc3c2OCCO3)CC1
RSM-932A,CN(c1ccc(Cl)cc1)c1cc[n+](Cc2ccc(-c3ccc(C[n+]4ccc(N(C)c5ccc(Cl)cc5)c5ccccc54)cc3)cc2)c2ccccc12.[Br-].[Br-]
TOLTERODINE,Cc1ccc(O)c([C@H](CCN(C(C)C)C(C)C)c2ccccc2)c1
DAVIDIGENIN,O=C(CCc1ccc(O)cc1)c1ccc(O)cc1O
SALINOSPORAMIDE B,CC[C@H]1C(=O)N[C@@]2([C@@H](O)[C@@H]3C=CCCC3)C(=O)O[C@@]12C
MORPHICEPTIN,NC(=O)[C@@H]1CCCN1C(=O)[C@H](Cc1ccccc1)NC(=O)[C@@H]1CCCN1C(=O)[C@@H](N)Cc1ccc(O)cc1
BUTYLBENZYL,CCCCc1ccccc1
ISOBUTYLBENZENE,CC(C)Cc1ccccc1
INDENE,C1=Cc2ccccc2C1
ETHYLBENZENE,CCc1ccccc1
BROMOSALINOSPORAMIDE,C[C@@]12OC(=O)[C@]1([C@@H](O)[C@@H]1C=CCCC1)NC(=O)[C@@H]2CCBr
IODOSALINOSPORAMIDE,C[C@@]12OC(=O)[C@]1([C@@H](O)[C@@H]1C=CCCC1)NC(=O)[C@@H]2CCI
LAMELLARIN D,COc1cc(-c2c3c4cc(OC)c(O)cc4oc(=O)c3n3ccc4cc(O)c(OC)cc4c23)ccc1O
BENZOFURAN,c1ccc2occc2c1
MARIZOMIB,C[C@@]12OC(=O)[C@]1([C@@H](O)[C@@H]1C=CCCC1)NC(=O)[C@@H]2CCCl
BUTYLCYCLOHEXANE,CCCCC1CCCCC1
OMURALIDE,CC(C)[C@H](O)[C@@]12NC(=O)[C@H](C)[C@@H]1OC2=O
LEUPEPTIN,CC(=O)N[C@@H](CC(C)C)C(=O)N[C@@H](CC(C)C)C(=O)N[C@H](C=O)CCCNC(=N)N
DEOXYTHYMIDINE_TRIPHOSPHATE,Cc1cn([C@H]2C[C@H](O)[C@@H](COP(=O)(O)OP(=O)(O)OP(=O)(O)O)O2)c(=O)[nH]c1=O
DIPHENYLENEIODONIUM,c1ccc2c(c1)[I+]c1ccccc1-2
ZIDOVUDINE TRIPHOSPHATE,Cc1cn([C@H]2C[C@H](N=[N+]=[N-])[C@@H](COP(=O)(O)OP(=O)(O)OP(=O)(O)O)O2)c(=O)[nH]c1=O
QUINALDINE,Cc1ccc2ccccc2n1
CENTANAMYCIN,COc1cc2cc(C(=O)Nc3cc(N)c4ccccc4c3CCCl)[nH]c2c(OC)c1OC
"1,4-DICHLOROBENZENE",Clc1ccc(Cl)cc1
CONESSINE,C[C@H]1[C@H]2CC[C@H]3[C@@H]4CC=C5C[C@@H](N(C)C)CC[C@]5(C)[C@H]4CC[C@]23CN1C
LIPOCRINE,O=C(CCCCC1CCSS1)NCCCNc1c2c(nc3cc(Cl)ccc13)CCCC2
REBECCAMYCIN,CO[C@H]1[C@H](O)[C@@H](O)[C@H](n2c3c(Cl)cccc3c3c4c(c5c6cccc(Cl)c6[nH]c5c32)C(=O)NC4=O)O[C@@H]1CO
SALVINORIN A (ESTER),COC(=O)[C@@H]1C[C@H](OC(C)=O)C(=O)[C@@H]2[C@@]3(C)C[C@@H](c4ccoc4)OC(=O)[C@H]3CC[C@]21C
ISOCONESSIMINE,CN[C@H]1CC[C@@]2(C)C(=CC[C@H]3[C@@H]4CC[C@@H]5[C@H](C)N(C)C[C@@]54CC[C@@H]32)C1
GENZ-644282,CNCCn1c(=O)c2cc(OC)c(OC)cc2c2cnc3cc4c(cc3c21)OCO4
DDA-TRIPHOSPHATE,Nc1ncnc2c1ncn2[C@H]1CC[C@@H](COP(=O)(O)OP(=O)(O)OP(=O)(O)O)O1
5'-Deoxyadenosine,C[C@H]1O[C@@H](n2cnc3c(N)ncnc32)[C@H](O)[C@@H]1O
GW632046X,Cc1cccc(Nc2ncc(-c3ccccc3)o2)c1
GW621431X,CCS(=O)(=O)c1ccc(OC)c(Nc2ncc(-c3cccc(C(C)=O)c3)o2)c1
GW678313X,CCS(=O)(=O)c1ccc(OC)c(Nc2ncc(-c3cccc(-c4ccccc4F)c3)o2)c1
GW572399X,NS(=O)(=O)c1ccc(Nc2ncc(-c3ccccc3)o2)cc1
SAMIDORPHAN,NC(=O)c1ccc2c(c1O)[C@]13CCN(CC4CC4)[C@H](C2)[C@]1(O)CCC(=O)C3
ISOAUROSTATIN,O=C1Oc2cc(O)ccc2/C1=C\c1ccc(O)cc1
MJ347-81F4 A,C=C(NC(=O)c1csc(-c2nc3c(cc2O)-c2nc(cs2)C(=O)N[C@@H]([C@@H](C)O)C(=O)N/C(=C(\C)OC)c2nc(cs2)C(=O)N[C@@H]2c4nc(cs4)C(=O)N[C@@H](COC(=O)c4c5c6c(cccc6n4O)COC(=O)[C@@H](O[C@H]4C[C@](C)(O)[C@H](N(C)C)[C@H](C)O4)[C@H]2OC5)c2nc-3cs2)n1)C(N)=O
GENTAMICIN C1A,CN[C@@H]1[C@@H](O)[C@@H](O[C@@H]2[C@@H](O)[C@H](O[C@H]3O[C@H](CN)CC[C@H]3N)[C@@H](N)C[C@H]2N)OC[C@]1(C)O
MICRONOMICIN,CNC[C@@H]1CC[C@@H](N)[C@@H](O[C@H]2[C@H](O)[C@@H](O[C@H]3OC[C@](C)(O)[C@H](NC)[C@H]3O)[C@H](N)C[C@@H]2N)O1
PISIFEROL,CC(C)c1cc2c(cc1O)[C@@]1(CO)CCCC(C)(C)[C@@H]1CC2
SUGIOL,CC(C)c1cc2c(cc1O)[C@@]1(C)CCCC(C)(C)[C@@H]1CC2=O
PAROMOMYCIN,NC[C@@H]1O[C@H](O[C@H]2[C@@H](O)[C@H](O[C@@H]3[C@@H](O)[C@H](N)C[C@H](N)[C@H]3O[C@H]3O[C@H](CO)[C@@H](O)[C@H](O)[C@H]3N)O[C@@H]2CO)[C@H](N)[C@@H](O)[C@@H]1O
BEKANAMYCIN,NC[C@H]1O[C@H](O[C@H]2[C@H](O)[C@@H](O[C@H]3O[C@H](CO)[C@@H](O)[C@H](N)[C@H]3O)[C@H](N)C[C@@H]2N)[C@H](N)[C@@H](O)[C@@H]1O
KANAMYCIN,NC[C@H]1O[C@H](O[C@H]2[C@H](O)[C@@H](O[C@H]3O[C@H](CO)[C@@H](O)[C@H](N)[C@H]3O)[C@H](N)C[C@@H]2N)[C@H](O)[C@@H](O)[C@@H]1O
FERRUGINOL,CC(C)c1cc2c(cc1O)[C@@]1(C)CCCC(C)(C)[C@@H]1CC2
18-HYDROXYFERRUGINOL,CC(C)c1cc2c(cc1O)[C@@]1(C)CCC[C@@](C)(CO)[C@@H]1CC2
GW642138X,COc1ccc(-c2cc3c(N)ncnc3o2)cc1
LYCOGARUBIN B,COC(=O)c1[nH]c(C(=O)OC)c(-c2c[nH]c3ccc(O)cc23)c1-c1c[nH]c2ccccc12
GW642125X,COc1ccc(-c2coc3ncnc(N)c23)cc1
TROFINETIDE,C[C@@]1(C(=O)N[C@@H](CCC(=O)O)C(=O)O)CCCN1C(=O)CN
D-GALACTOSE,OC[C@H]1OC(O)[C@H](O)[C@@H](O)[C@H]1O
PROPIOPHENONE,CCC(=O)c1ccccc1
BUTYROPHENONE,CCCC(=O)c1ccccc1
LYCOGARUBIN C,COC(=O)c1[nH]c(C(=O)OC)c(-c2c[nH]c3ccccc23)c1-c1c[nH]c2ccccc12
PHOSPHOGLYCOLOHYDROXAMATE,O=C(COP(=O)(O)O)NO
PHOSPHORIC ACID MONOHYDRAZINOCARBONYLMETHYL ESTER,NNC(=O)COP(=O)(O)O
VALEROPHENONE,CCCCC(=O)c1ccccc1
RISPERIDON,Cc1nc2n(c(=O)c1CCN1CCC(C3NOc4cc(F)ccc43)CC1)CCCC2
ARGIFIN,CNC(=O)NC(=N)NCCC[C@@H]1NC(=O)[C@@H](C)NC(=O)C[C@@H](C(=O)O)NC(=O)C[C@@H](C(=O)O)NC(=O)[C@H](Cc2ccccc2)N(C)C1=O
LINARIIN,COc1ccc(-c2cc(=O)c3c(O)c(O)c(O[C@@H]4OC(CO[C@@H]5OC(C)[C@H](OC(C)=O)[C@H](O)C5O)[C@@H](O)C(O)[C@@H]4O)cc3o2)cc1
ISOLINARIIN A,COc1ccc(-c2cc(=O)c3c(O)c(OC)c(O[C@@H]4OC(CO[C@@H]5OC(C)[C@H](O)[C@H](O)C5OC(C)=O)[C@@H](O)[C@H](O)C4O)cc3o2)cc1
PERACETYLPECTOLINARIN,COc1ccc(-c2cc(=O)c3c(O)c(OC)c(O[C@@H]4O[C@H](CO[C@@H]5O[C@@H](C)[C@H](O)[C@@H](OC(C)=O)[C@H]5O)[C@@H](O)[C@H](O)[C@H]4O)cc3o2)cc1
ANTIRRHINOSIDE,C[C@]12O[C@H]1[C@@H](O)[C@]1(O)C=CO[C@@H](O[C@@H]3O[C@H](CO)[C@@H](O)[C@H](O)[C@H]3O)[C@@H]12
VIDOFLUDIMUS,COc1cccc(-c2ccc(NC(=O)C3=C(C(=O)O)CCC3)c(F)c2)c1
PJ34,CN(C)CC(=O)Nc1ccc2[nH]c(=O)c3ccccc3c2c1
12-AMINODODECANOIC ACID,NCCCCCCCCCCCC(=O)O
BREVETOXIN B,C=C(C=O)C[C@@H]1C[C@H](O)[C@]2(C)O[C@@H]3C[C@@H]4O[C@@H]5C[C@]6(C)O[C@]7(C)CC[C@@H]8O[C@@H]9C[C@]%10(C)O[C@@H]%11C(C)=CC(=O)O[C@H]%11C[C@H]%10O[C@H]9C[C@@H](C)[C@H]8O[C@H]7C[C@H]6O[C@@]5(C)C/C=C\[C@H]4O[C@H]3C[C@H]2O1
TRUNCATED BREVETOXIN B,C=C(C=O)C[C@@H]1C[C@H](O)[C@]2(C)O[C@@H]3C[C@@H]4O[C@@H]5C[C@]6(C)O[C@]7(C)C(C)=CC(=O)O[C@H]7C[C@H]6O[C@@]5(C)C/C=C\[C@H]4O[C@H]3C[C@H]2O1
HAMIGERAN A,COC(=O)[C@]1(O)C(=O)c2c(cc(C)c(Br)c2O)[C@H]2[C@@H](C(C)C)CC[C@]21C
HAMIGERAN B,Cc1cc2c(c(O)c1Br)C(=O)C(=O)[C@]1(C)CC[C@H](C(C)C)[C@H]21
APOPTOLIDIN,COC[C@@H](C[C@H]1O[C@@](O)([C@H](O)[C@@H]2C[C@H](OC)[C@@H](O)CC/C=C(C)/C=C/[C@@H](O[C@@H]3O[C@@H](C)[C@H](OC)[C@@H](O)[C@@H]3O)[C@H](C)/C=C(C)/C=C(C)/C=C(\C)C(=O)O2)[C@H](C)[C@@H](O)[C@H]1C)OC1C[C@](C)(O)[C@@H](O[C@H]2C[C@@H](OC)[C@H](O)[C@@H](C)O2)[C@H](C)O1
SARCODICTYIN A,COC(=O)/C1=C/[C@@H]2[C@@H](C(C)C)CC=C(C)[C@@H]2C[C@H](OC(=O)/C=C/c2cn(C)cn2)[C@]2(C)C=C[C@@]1(O)O2
SARCODICTYIN B,CCOC(=O)/C1=C/[C@@H]2[C@@H](C(C)C)CC=C(C)[C@@H]2C[C@H](OC(=O)/C=C/c2cn(C)cn2)[C@]2(C)C=C[C@@]1(O)O2
APICULAREN A,CC/C=C\C=C/C(=O)N/C=C/C[C@H]1C[C@H]2C[C@H](O)C[C@H](Cc3cccc(O)c3C(=O)O1)O2
GAMBOGIN,CC(C)=CCCC1(C)C=Cc2c(O)c3c(c(CC=C(C)C)c2O1)O[C@]12C(=CC4C[C@H]1C(C)(C)OC2(CC=C(C)C)C4=O)C3=O
AUS-131,Oc1ccc([C@H]2COc3cc(O)ccc3C2)cc1
ESTRIOL,C[C@]12CC[C@@H]3c4ccc(O)cc4CC[C@H]3[C@@H]1C[C@@H](O)[C@@H]2O
4-OCTYLPHENOL,CCCCCCCCc1ccc(O)cc1
NORETHYNODREL,C#C[C@]1(O)CC[C@H]2[C@@H]3CCC4=C(CCC(=O)C4)[C@H]3CC[C@@]21C
PROPYLPARABEN,CCCOC(=O)c1ccc(O)cc1
MONOBENZONE,Oc1ccc(OCc2ccccc2)cc1
CHLORDANE,ClC1=C(Cl)C2(Cl)C3C(Cl)C(Cl)CC3C1(Cl)C2(Cl)Cl
LEVONORGESTREL,C#C[C@]1(O)CC[C@H]2[C@@H]3CCC4=CC(=O)CC[C@@H]4[C@H]3CC[C@@]21CC
DIHYDROXYMETHOXYCHLOROLEFIN,COc1cc(C(=C(Cl)Cl)c2ccc(O)cc2)ccc1O
METHOXYCHLOR,COc1ccc(C(c2ccc(OC)cc2)C(Cl)(Cl)Cl)cc1
ALDRIN,ClC1=C(Cl)C2(Cl)C3C4C=CC(C4)C3C1(Cl)C2(Cl)Cl
PROMEGESTONE,CCC(=O)[C@@]1(C)CC[C@H]2[C@@H]3CCC4=CC(=O)CCC4=C3CC[C@@]21C
TRENBOLONE,C[C@]12C=CC3=C4CCC(=O)C=C4CCC3C1CC[C@@H]2O
"O,P'-DDE (1,1-(O,P'-DICHLORODIPHENYL)-2,2 DICHLOROETHENE)",ClC(Cl)=C(c1ccc(Cl)cc1)c1ccccc1Cl
DICHLORODIPHENYLDICHLOROETHYLENE,ClC(Cl)=C(c1ccc(Cl)cc1)c1ccc(Cl)cc1
EPITESTOSTERONE,C[C@]12CC[C@H]3[C@@H](CCC4=CC(=O)CC[C@@]43C)[C@@H]1CC[C@H]2O
"2,4-DIHYDROXYBENZOPHENONE",O=C(c1ccccc1)c1ccc(O)cc1O
SPIRONOLACTONE,CC(=O)S[C@@H]1CC2=CC(=O)CC[C@]2(C)[C@H]2CC[C@@]3(C)[C@@H](CC[C@@]34CCC(=O)O4)[C@H]12
ENDOSULFAN,O=S1OCC2C(CO1)C1(Cl)C(Cl)=C(Cl)C2(Cl)C1(Cl)Cl
HEPTACHLOR,ClC1=C(Cl)C2(Cl)C3C(Cl)C=CC3C1(Cl)C2(Cl)Cl
"TRANS-4,4'-DIHYDROXYSTILBENE",Oc1ccc(/C=C/c2ccc(O)cc2)cc1
"2,4,5-TRICHLOROPHENOXYACETIC ACID",O=C(O)COc1cc(Cl)c(Cl)cc1Cl
(E)-4-STYRYLPHENOL,Oc1ccc(/C=C/c2ccccc2)cc1
DHT BENZOATE,C[C@]12CC[C@H]3[C@@H](CCC4(OC(=O)c5ccccc5)CC(=O)CC[C@]34C)[C@@H]1CC[C@@H]2O
MARALIXIBAT,CCCCC1(CCCC)CS(=O)(=O)c2ccc(N(C)C)cc2[C@@H](c2ccc(OCc3ccc(C[N+]45CCN(CC4)CC5)cc3)cc2)[C@H]1O
4'-HYDROXYFLURBIPROFEN,CC(C(=O)O)c1ccc(-c2ccc(O)cc2)c(F)c1
METHYLTESTOSTERONE,C[C@]12CCC(=O)C=C1CC[C@@H]1[C@@H]2CC[C@@]2(C)[C@H]1CC[C@]2(C)O
RIVAROXABAN,O=C(NC[C@H]1CN(c2ccc(N3CCOCC3=O)cc2)C(=O)O1)c1ccc(Cl)s1
THIOLACTONE,CC1=C(O)SC(C)C1=O
TAK-715,CCc1nc(-c2cccc(C)c2)c(-c2ccnc(NC(=O)c3ccccc3)c2)s1
PERIFOSINE,CCCCCCCCCCCCCCCCCCOP(=O)([O-])OC1CC[N+](C)(C)CC1
OCTADECYLPHOSPHONOCHOLINE,CCCCCCCCCCCCCCCCCCOP(=O)([O-])OCC[N+](C)(C)C
(3-NITROPHENYLAMINO)METHYLENEDIPHOSPHONIC ACID,O=[N+]([O-])c1cccc(NC(P(=O)(O)O)P(=O)(O)O)c1
DICHLOROPHENOL INDOPHENOL,O=C1C=CC(=Nc2cc(Cl)c(O)c(Cl)c2)C=C1
EMRICASAN,C[C@H](NC(=O)C(=O)Nc1ccccc1C(C)(C)C)C(=O)N[C@@H](CC(=O)O)C(=O)COc1c(F)c(F)cc(F)c1F
ST1535,CCCCc1nc(N)c2nc(-n3nccn3)n(C)c2n1
DATELLIPTIUM,CCN(CC)CC[n+]1ccc2c(C)c3[nH]c4ccc(O)cc4c3c(C)c2c1
CYCLOMAMMEISIN,CC(C)CC(=O)c1c2c(c3oc(=O)cc(-c4ccccc4)c3c1O)C[C@@H](C(C)(C)O)O2
MAMMEIGIN,CC(C)CC(=O)c1c2c(c3oc(=O)cc(-c4ccccc4)c3c1O)C=CC(C)(C)O2
MESUAGIN,CC(C)C(=O)c1c2c(c3oc(=O)cc(-c4ccccc4)c3c1O)C=CC(C)(C)O2
ISODISPAR B,CC(C)CC(=O)c1c(O)cc(O)c2c(-c3ccccc3)cc(=O)oc12
ISOMESUOL,CC(C)=CCc1c(O)c(C(=O)C(C)C)c2oc(=O)cc(-c3ccccc3)c2c1O
MESUOL,CC(C)=CCc1c(O)c(C(=O)C(C)C)c(O)c2c(-c3ccccc3)cc(=O)oc12
MAMMEISIN,CC(C)=CCc1c(O)c(C(=O)CC(C)C)c(O)c2c(-c3ccccc3)cc(=O)oc12
MAMMEISIN DIACETATE,CC(=O)Oc1c(C(=O)CC(C)C)c(OC(C)=O)c2c(-c3ccccc3)cc(=O)oc2c1CC=C(C)C
MESUOL CYCLO F,CC(C)C(=O)c1c2c(c3oc(=O)cc(-c4ccccc4)c3c1O)C[C@@H](C(C)(C)O)O2
LG-190178,CCC(CC)(c1ccc(OCC(O)CO)c(C)c1)c1ccc(OCC(O)C(C)(C)C)c(C)c1
BROMOTOPSENTIN,O=C(c1nc(-c2c[nH]c3cc(Br)ccc23)c[nH]1)c1c[nH]c2cc(O)ccc12
(R)-6'-DEBROMOHAMACANTHIN B,O=C1NC[C@@H](c2c[nH]c3cc(Br)ccc23)N=C1c1c[nH]c2ccccc12
ALPHA-CYPERMETHRIN,CC1(C)C(C=C(Cl)Cl)C1C(=O)OC(C#N)c1cccc(Oc2ccccc2)c1
INDOXACARB,COC(=O)N(C(=O)N1CO[C@@]2(C(=O)OC)Cc3cc(Cl)ccc3C2=N1)c1ccc(OC(F)(F)F)cc1
DEOXYTOPSENTIN,O=C(c1nc(-c2c[nH]c3ccccc23)c[nH]1)c1c[nH]c2ccccc12
BROMODEOXYTOPSENTIN,O=C(c1ncc(-c2c[nH]c3cc(Br)ccc23)[nH]1)c1c[nH]c2ccccc12
ALVESPIMYCIN,CO[C@H]1/C=C\C=C(/C)C(=O)NC2=CC(=O)C(NCCN(C)C)=C(C[C@@H](C)C[C@H](OC)[C@H](O)[C@@H](C)/C=C(\C)[C@@H]1OC(N)=O)C2=O
NECROSTATIN,CN1C(=O)C(Cc2c[nH]c3ccccc23)NC1=S
PSILOCYBIN,CN(C)CCc1c[nH]c2cccc(OP(=O)(O)O)c12
EDONENTAN,Cc1onc(NS(=O)(=O)c2ccccc2-c2ccc(-c3ncco3)cc2CN(C)C(=O)CC(C)(C)C)c1C
OREXIN B,CC[C@H](C)[C@H](NC(=O)[C@H](CC(C)C)NC(=O)[C@@H](NC(=O)[C@@H](N)CCSC)[C@@H](C)O)C(=O)NCC(=O)N[C@@H](C)C(=O)N[C@@H](C)C(=O)N[C@@H](Cc1c[nH]cn1)C(=O)N[C@@H](CC(N)=O)C(=O)NCC(=O)N[C@@H](CO)C(=O)N[C@@H](C)C(=O)N[C@@H](CCC(N)=O)C(=O)N[C@@H](CC(C)C)C(=O)N[C@@H](CC(C)C)C(=O)N[C@@H](CCCN=C(N)N)C(=O)N[C@@H](CCC(N)=O)C(=O)N[C@@H](CC(C)C)C(=O)N[C@@H](CCCN=C(N)N)C(=O)NCC(=O)N[C@@H](CCC(N)=O)C(=O)N[C@@H](CC(C)C)C(=O)NCC(=O)N1CCC[C@H]1C(=O)N1CCC[C@H]1C(=O)NCC(=O)N[C@@H](CO)C(=O)N[C@@H](CCCN=C(N)N)C(N)=O
KINURENAMINE,COc1ccc(N)c(C(=O)CCNC(C)=O)c1
EX-527,NC(=O)C1CCCC2c3cc(Cl)ccc3NC12
2-BENZOYLBENZOIC ACID,O=C(O)c1ccccc1C(=O)c1ccccc1
PHENYLDIFLUOROMETHANESULFONAMIDE,NS(=O)(=O)C(F)(F)c1ccccc1
PHENYLMETHANESULFONAMIDE,NS(=O)(=O)Cc1ccccc1
BALICATIB,CCCN1CCN(c2ccc(C(=O)NC3(C(=O)NCC#N)CCCCC3)cc2)CC1
CLOPENPHENDIOXAN,COc1cccc(OC)c1OCCNCCOc1ccccc1OCc1ccc(Cl)cc1
ORTATAXEL,CC(=O)O[C@H]1C(=O)[C@@]2(C)[C@H]([C@H](OC(=O)c3ccccc3)[C@]34OC(=O)O[C@H]3[C@H](OC(=O)[C@H](O)[C@H](CC(C)C)NC(=O)OC(C)(C)C)C(C)=C1C4(C)C)[C@]1(OC(C)=O)CO[C@@H]1C[C@@H]2O
DECARBOXYDEMETHYLLAVENDAMYCIN,NC1=CC(=O)c2ccc(-c3[nH]ccc4c5ccccc5nc3-4)nc2C1=O
DEAMINODECARBOXYDEMETHYLLAVENDAMYCIN,O=C1C=CC(=O)c2nc(-c3[nH]ccc4c5ccccc5nc3-4)ccc21
SIRTINOL,CC(NC(=O)c1ccccc1/N=C/c1c(O)ccc2ccccc12)c1ccccc1
ATOSIBAN,CCOc1ccc(C[C@H]2NC(=O)CCSSC[C@@H](C(=O)N3CCC[C@H]3C(=O)N[C@@H](CCCN)C(=O)NCC(N)=O)NC(=O)[C@H](CC(N)=O)NC(=O)[C@H]([C@@H](C)O)NC(=O)[C@H]([C@@H](C)CC)NC2=O)cc1
AMIKACIN,NCC[C@H](O)C(=O)N[C@@H]1C[C@H](N)[C@@H](O[C@H]2O[C@H](CN)[C@@H](O)[C@H](O)[C@H]2O)[C@H](O)[C@H]1O[C@H]1O[C@H](CO)[C@@H](O)[C@H](N)[C@H]1O
COCAINE,COC(=O)[C@H]1[C@@H](OC(=O)c2ccccc2)C[C@@H]2CC[C@H]1N2C
LEUCAMIDE A,Cc1oc2nc1C(=O)N[C@@H](C)c1nc(co1)C(=O)N[C@@H](CC(C)C)C(=O)N1CCC[C@H]1C(=O)N[C@@H](C(C)C)c1nc-2cs1
COLCHINOL,COc1cc2c(c(OC)c1OC)-c1ccc(O)cc1[C@@H](N)CC2
ZOTAROLIMUS,CO[C@H]1C[C@@H]2CC[C@@H](C)[C@@](O)(O2)C(=O)C(=O)N2CCCC[C@H]2C(=O)O[C@H]([C@H](C)C[C@@H]2CC[C@H](n3cnnn3)[C@H](OC)C2)CC(=O)[C@H](C)/C=C(\C)[C@@H](O)[C@@H](OC)C(=O)[C@H](C)C[C@H](C)/C=C/C=C/C=C/1C
(-)-CATECHIN,Oc1cc(O)c2c(c1)O[C@@H](c1ccc(O)c(O)c1)[C@H](O)C2
CUDRAXANTHONE C,C=CC(C)(C)c1c(O)cc(O)c2c(=O)c3c(CC=C(C)C)c(OC)c(O)cc3oc12
CUDRAXANTHONE M,CC(C)=CCc1c(O)c(O)cc2c(=O)c3c(O)c4c(cc3oc12)OC(C)C4(C)C
MACLURAXANTHONE B,C=CC(C)(C)c1c(O)c(CC=C(C)C)c2oc3cc(O)c(O)cc3c(=O)c2c1O
CUDRAXANTHONE D,C=CC(C)(C)c1c(OC)cc(O)c2c(=O)c3c(CC=C(C)C)c(O)c(O)cc3oc12
ISOCUDRANIAXANTHONE B,C=CC(C)(C)c1c(OC)cc(O)c2c(=O)c3ccc(O)c(O)c3oc12
CUDRATRICUSXANTHONE A,C=CC(C)(C)c1c(O)cc(O)c2c(=O)c3c(CC=C(C)C)c(O)c(O)cc3oc12
CUDRAXANTHONE L,C=CC(C)(C)c1c(O)cc2oc3c(CC=C(C)C)c(O)c(O)cc3c(=O)c2c1O
SALINAZID,O=C(N/N=C/c1ccccc1O)c1ccncc1
SALICYLALDEHYDE BENZOYL HYDRAZONE,O=C(N/N=C/c1ccccc1O)c1ccccc1
N'-(2-HYDROXYBENZYLIDENE)NICOTINOHYDRAZIDE,O=C(N/N=C/c1ccccc1O)c1cccnc1
MANSONONE F,CC1=COC2=C(C)C(=O)C(=O)c3c(C)ccc1c32
POSACONAZOLE,CC[C@@H]([C@H](C)O)n1ncn(-c2ccc(N3CCN(c4ccc(OC[C@@H]5CO[C@@](Cn6cncn6)(c6ccc(F)cc6F)C5)cc4)CC3)cc2)c1=O
HEXYLITACONIC ACID,C=C(C(=O)O)C(CCCCCC)C(=O)O
CRYPTOPLEURINE,COc1ccc2c3c(c4cc(OC)c(OC)cc4c2c1)C[C@H]1CCCCN1C3
ASKENDOSIDE B,CC(=O)O[C@@H]1[C@@H](O[C@@H]2OC[C@H](O)[C@H](O)[C@H]2O)[C@H](O[C@H]2CC[C@]34C[C@]35CC[C@]3(C)[C@@H]([C@@]6(C)CC[C@H](C(C)(C)O)O6)[C@@H](O)C[C@@]3(C)[C@@H]5C[C@H](O[C@@H]3OC[C@@H](O)[C@H](O)[C@H]3O)[C@H]4C2(C)C)OC[C@H]1O
STREPTOMYCIN,CN[C@@H]1[C@H](O[C@H]2[C@H](O[C@H]3[C@H](O)[C@@H](O)[C@H](N=C(N)N)[C@@H](O)[C@@H]3N=C(N)N)O[C@@H](C)[C@]2(O)C=O)O[C@@H](CO)[C@H](O)[C@H]1O
DEAZANEPLANOCIN A,Nc1ncnc2c1ccn2[C@@H]1C=C(CO)[C@@H](O)[C@H]1O
CYCLOORBICOSIDE G,C[C@@H]1C[C@H]2O[C@]3(C[C@@]4(C)[C@@H]5[C@@H](O)C[C@H]6C(C)(C)[C@@H](O[C@@H]7OC[C@@H](O)[C@H](O)[C@H]7O)CC[C@@]67C[C@@]57CC[C@]4(C)[C@@H]13)O[C@@H]2C(C)(C)O[C@@H]1O[C@H](CO)[C@@H](O)[C@H](O)[C@H]1O
BIPHALIN,C[C@@H](NC(=O)[C@@H](N)Cc1ccc(O)cc1)C(=O)NCC(=O)N[C@@H](Cc1ccccc1)C(=O)NNC(=O)[C@H](Cc1ccccc1)NC(=O)CNC(=O)[C@@H](C)NC(=O)[C@@H](N)Cc1ccc(O)cc1
CALLYSTATIN A,CCC(=C/[C@H](C)C/C=C/C(C)=C/[C@@H](C)C(=O)[C@@H](C)[C@H](O)[C@@H](C)CC)/C=C/[C@H]1CC=CC(=O)O1
MK-0777,CCn1ncnc1COc1nn2c(-c3ccccc3F)nnc2cc1C(C)(C)C
CLAFICAPAVIR,O=C(O)CCN1C(=O)/C(=C/c2ccc(-c3ccc(Cl)cc3)o2)SC1=S
PULVINONE,O=C1O/C(=C\c2ccccc2)C(O)=C1c1ccccc1
SR-144528,Cc1ccc(Cn2nc(C(=O)NC3C4(C)CCC(C4)C3(C)C)cc2-c2ccc(Cl)c(C)c2)cc1
HEXYLITACONIC ACID MONO METHYL ESTER,C=C(C(=O)O)C(CCCCCC)C(=O)OC
CYCLOCARPOSIDE,C[C@@H]1O[C@@H](O[C@H]2C[C@@H]3[C@]4(CC[C@]5(C)[C@@H]([C@@]6(C)CC[C@@H](C(C)(C)O)O6)[C@@H](O)C[C@@]35C)C[C@@]43CC[C@H](O[C@@H]4OC[C@@H](O)[C@H](O)[C@H]4O)C(C)(C)[C@H]23)[C@H](O)[C@H](O)[C@H]1O
CYCLOSIEVERSIOSIDE,CC(C)(O)[C@@H]1CC[C@](C)([C@H]2[C@@H](O)C[C@@]3(C)[C@@H]4C[C@H](O[C@H]5O[C@@H](CO)[C@H](O)[C@H](O)[C@@H]5O)[C@H]5C(C)(C)[C@@H](O[C@@H]6OC[C@@H](O)[C@H](O)[C@H]6O)CC[C@@]56C[C@@]46CC[C@]23C)O1
ASKENDOSIDE D,CC(C)(O)[C@@H]1CC[C@](C)([C@H]2[C@@H](O)C[C@@]3(C)[C@@H]4C[C@H](O[C@@H]5OC[C@@H](O)[C@H](O)[C@H]5O)[C@H]5C(C)(C)[C@@H](O[C@@H]6OC[C@@H](O)[C@H](O)[C@H]6O[C@@H]6OC[C@H](O)[C@H](O)[C@H]6O)CC[C@@]56C[C@@]46CC[C@]23C)O1
PU-H71,CC(C)NCCCn1c(Sc2cc3c(cc2I)OCO3)nc2c(N)ncnc21
FUBERIDAZOLE,c1coc(-c2nc3ccccc3[nH]2)c1
BRASSITIN,CSC(=O)NCc1c[nH]c2ccccc12
HEXADECYLTRIBUTYLPHOSPHONIUM BROMIDE,CCCC[P+](CCCC)(CCCC)CCCCCCCCCCCCCCCC[P+](CCCC)(CCCC)CCCC.[Br-].[Br-]
HEXADECYLTRIBUTYLAMMONIUM BROMIDE,CCCC[N+](CCCC)(CCCC)CCCCCCCCCCCCCCCC[N+](CCCC)(CCCC)CCCC.[Br-].[Br-]
ALPHA-PHENYL-GAMMA-BUTYROLACTONE,O=C1OCCC1c1ccccc1
ABT-925,CC(C)(C)c1nc(N2CCN(CCCSc3nccc(O)n3)CC2)cc(C(F)(F)F)n1
DAUNORUBICIN,COc1cccc2c1C(=O)c1c(O)c3c(c(O)c1C2=O)C[C@@](O)(C(C)=O)C[C@@H]3O[C@H]1C[C@H](N)[C@H](O)[C@H](C)O1
THYRONAMINE,NCCc1ccc(Oc2ccc(O)cc2)cc1
ANASTROZOLE,CC(C)(C#N)c1cc(Cn2cncn2)cc(C(C)(C)C#N)c1
LAWSARITOL,CC[C@H](CC[C@@H](C)[C@H]1CC[C@H]2[C@@H]3CCC4=C[C@@H](O)CC[C@]4(C)[C@H]3CC[C@]12C)C(C)C
HALOXYSTEROL A,CC[C@H](C[C@@H](O)[C@@H](C)[C@H]1CCC2C3CC=C4C[C@@H](O)C[C@H](O)[C@]4(C)C3CC[C@@]21C)C(C)C
HALOXYSTEROL B,CC[C@H](C[C@@H](O)[C@@H](C)[C@H]1CCC2C3C=CC4=C[C@@H](O)C[C@H](O)[C@]4(C)C3CC[C@@]21C)C(C)C
HALOXYSTEROL C,CC[C@H](C[C@@H](O)[C@@H](C)[C@H]1CCC2C3CCC4=CC(=O)CC[C@]4(C)C3=CC[C@@]21C)C(C)C
ANGELMARIN,CC(C)(OC(=O)/C=C/c1ccc(O)cc1)[C@@H]1Cc2c(ccc3ccc(=O)oc23)O1
COLUMBIANETIN,CC(C)(O)[C@@H]1Cc2c(ccc3ccc(=O)oc23)O1
4-HYDROXYACETOPHENONE,CC(=O)c1ccc(O)cc1
PARAHYDROXYBENZYL ALCOHOL,OCc1ccc(O)cc1
NAPHTHYRIDINONE,CC(=O)Nc1c(C(C)=O)c(=O)n(C)c2nc(-c3ccc(Cl)cc3Cl)c(-c3ccc(Cl)cc3)cc12
HELICIDE,O=Cc1ccc(O[C@@H]2O[C@H](CO)[C@@H](O)[C@@H](O)[C@H]2O)cc1
TRIMEDOXIME BROMIDE,O/N=C/c1cc[n+](CCC[n+]2ccc(/C=N/O)cc2)cc1.[Br-].[Br-]
GASTRODIN,OCc1ccc(O[C@@H]2O[C@H](CO)[C@@H](O)[C@H](O)[C@H]2O)cc1
METHOXIME CHLORIDE,O/N=C/c1cc[n+](C[n+]2ccc(/C=N/O)cc2)cc1.[Cl-].[Cl-]
7-ISOVARIOLIN B,Nc1nccc(-c2cc3cc4c(O)ccnc4n3c(N)n2)n1
O-DESMETHYL TRAMADOL,CN(C)C[C@H]1CCCC[C@]1(O)c1cccc(O)c1
4-(BENZYLIDENEAMINO)PHENOL,Oc1ccc(/N=C/c2ccccc2)cc1
MALEIMIDE,COc1cc(C2=C(c3c[nH]c4ccccc34)C(=O)NC2=O)cc(OC)c1OC
VARIOLIN B,Nc1nccc(-c2c3c(O)ccnc3n3c(N)nccc23)n1
MASLINIC ACID METHYL ESTER,COC(=O)[C@]12CCC(C)(C)C[C@H]1C1=CC[C@@H]3[C@@]4(C)C[C@@H](O)[C@H](O)C(C)(C)[C@@H]4CC[C@@]3(C)[C@]1(C)CC2
BENZYL MASLINATE,CC1(C)CC[C@]2(C(=O)OCc3ccccc3)CC[C@]3(C)C(=CC[C@@H]4[C@@]5(C)C[C@@H](O)[C@H](O)C(C)(C)[C@@H]5CC[C@]43C)[C@@H]2C1
MASLINIC ACID,CC1(C)CC[C@]2(C(=O)O)CC[C@]3(C)C(=CC[C@@H]4[C@@]5(C)C[C@@H](O)[C@H](O)C(C)(C)[C@@H]5CC[C@]43C)[C@@H]2C1
NITAZOXANIDE,CC(=O)Oc1ccccc1C(=O)Nc1ncc([N+](=O)[O-])s1
PYROVALERONE,CCCC(C(=O)c1ccc(C)cc1)N1CCCC1
APLYSAMINE,CN(C)CCCOc1c(Br)cc(CCN(C)C)cc1Br
LUTEIN DISUCCINATE SODIUM SALT,CC1=CC(OC(=O)CCC(=O)[O-])CC(C)(C)C1/C=C/C(C)=C/C=C/C(C)=C/C=C/C=C(C)/C=C/C=C(C)/C=C/C1=C(C)CC(OC(=O)CCC(=O)[O-])CC1(C)C.[Na+].[Na+]
LUTEIN DIPHOSPHATE SODIUM SALT,CC1=CC(OP(=O)([O-])[O-])CC(C)(C)C1/C=C/C(C)=C/C=C/C(C)=C/C=C/C=C(C)/C=C/C=C(C)/C=C/C1=C(C)CC(OP(=O)([O-])[O-])CC1(C)C.[Na+].[Na+].[Na+].[Na+]
4-HYDROXYTORMIFENE,CN(C)CCOc1ccc(/C(=C(/CCCl)c2ccccc2)c2ccc(O)cc2)cc1
METACYCLOPRODIGININE,CCC1CCCCCCCCC2=N/C(=C\c3[nH]c(-c4ccc[nH]4)cc3OC)C1=C2
DHA PACLITAXEL,CC/C=C\C/C=C\C/C=C\C/C=C\C/C=C\C/C=C/CCC(=O)O[C@@H](C(=O)O[C@H]1C[C@@]2(O)[C@@H](OC(=O)c3ccccc3)C3[C@](C)(C(=O)[C@H](OC(C)=O)C(=C1C)C2(C)C)[C@@H](O)C[C@H]1OC[C@@]31OC(C)=O)[C@@H](NC(=O)c1ccccc1)c1ccccc1
PRODIGIOSIN,CCCCCC1=C/C(=C/c2[nH]c(-c3ccc[nH]3)cc2OC)N=C1C
LIPOPUREALIN C,CCCCCCCCCCCCCCCC(=O)NCCCOc1c(Br)cc(C/C(=N/O)C(=O)NCCc2c[nH]c(N)n2)cc1Br
CYCLOHEXYLGLYCYL,N[C@H](C(=O)O)C1CCCCC1
PHENYLGLYCINE,N[C@@H](C(=O)O)c1ccccc1
ETHIONINE,CCSCC[C@H](N)C(=O)O
FUSIDATE,CC(=O)O[C@H]1C[C@@]2(C)[C@@H](C[C@@H](O)[C@H]3[C@@]4(C)CC[C@@H](O)[C@@H](C)C4CC[C@@]32C)/C1=C(\CCC=C(C)C)C(=O)O
XILOBAM,Cc1cccc(C)c1NC(=O)/N=C1\CCCN1C
ADENOPHOSTIN A,Nc1ncnc2c1ncn2[C@@H]1O[C@H](CO)[C@@H](O[C@H]2O[C@H](CO)[C@@H](OP(=O)(O)O)[C@H](OP(=O)(O)O)[C@H]2O)[C@H]1OP(=O)(O)O
OXYMATRINE,O=C1CCC[C@@H]2[C@H]3CCC[N+]4([O-])CCC[C@@H](CN12)[C@@H]34
PUREALIDIN A,NCCCOc1c(Br)cc(C/C(=N/O)C(=O)NCCc2c[nH]c(N)n2)cc1Br
ACETOGENINS,CCCCCCC(O)C(O)CCC(O)C1CCC(CCCCC(O)CC2=CC(C)OC2=O)O1
RELACATIB,CC(C)C[C@H](NC(=O)c1cc2ccccc2o1)C(=O)N[C@H]1CC[C@@H](C)N(S(=O)(=O)c2ccccn2)CC1=O
MATRINE,O=C1CCC[C@@H]2[C@H]3CCCN4CCC[C@@H](CN12)[C@@H]34
IMEPITOIN,O=C1N=C(N2CCOCC2)CN1c1ccc(Cl)cc1
PIROXANTRONE,NCCCNc1ccc2c3c(nn2CCNCCO)-c2c(O)ccc(O)c2C(=O)c13
RO-3201195,Nc1c(C(=O)c2cccc(OC[C@@H](O)CO)c2)cnn1-c1ccc(F)cc1
ELVITEGRAVIR,COc1cc2c(cc1Cc1cccc(Cl)c1F)c(=O)c(C(=O)O)cn2[C@H](CO)C(C)C
OXYSOPHOCARPINE,O=C1C=CC[C@@H]2[C@H]3CCC[N+]4([O-])CCC[C@@H](CN12)[C@@H]34
SOPHOCARPINE,O=C1C=CC[C@@H]2[C@H]3CCCN4CCC[C@@H](CN12)[C@@H]34
PUREALIN,COC1=C(Br)[C@@H](O)[C@]2(C=C1Br)CC(C(=O)NCCCOc1c(Br)cc(C/C(=N/O)C(=O)NCCc3c[nH]c(N)n3)cc1Br)=NO2
LIPOPUREALIN A,CCCCCCCCCCCCCC(=O)NCCCOc1c(Br)cc(C/C(=N/O)C(=O)NCCc2c[nH]c(N)n2)cc1Br
LIPOPUREALIN B,CC(C)CCCCCCCCCCCC(=O)NCCCOc1c(Br)cc(C/C(=N/O)C(=O)NCCc2c[nH]c(N)n2)cc1Br
MELATONAN,CCCC[C@H](NC(C)=O)C(=O)N[C@H]1CC(=O)NCCCC[C@@H](C(N)=O)NC(=O)[C@H](Cc2c[nH]c3ccccc23)NC(=O)[C@H](CCCNC(=N)N)NC(=O)[C@@H](Cc2ccccc2)NC(=O)[C@H](Cc2cnc[nH]2)NC1=O
RESIQUIMOD,CCOCc1nc2c(N)nc3ccccc3c2n1CC(C)(C)O
BRINCIDOFOVIR,CCCCCCCCCCCCCCCCOCCCOP(=O)(O)CO[C@H](CO)Cn1ccc(N)nc1=O
PALMITINE,COc1cc2c(cc1OC)-c1cc3ccc(OC)c(OC)c3c[n+]1CC2
MORACIN O,CC(C)(O)C1Cc2cc3cc(-c4cc(O)cc(O)c4)oc3cc2O1
SANGGENON G,CC(C)=CCCC1=C[C@H](c2c(O)cc3c(c2O)C(=O)C[C@@H](c2cc(O)ccc2O)O3)[C@@H](C(=O)c2ccc(O)cc2O)[C@H](c2ccc(O)cc2O)C1
MULBERROFURAN C,CC1=C[C@@H](c2c(O)cc(-c3cc4ccc(O)cc4o3)cc2O)[C@@H](C(=O)c2ccc(O)cc2O)[C@H](c2ccc(O)cc2O)C1
SANGGENON C,CC(C)=CC[C@]12Oc3cc(O)c([C@H]4C=C(C)C[C@H](c5ccc(O)cc5O)[C@H]4C(=O)c4ccc(O)cc4O)c(O)c3C(=O)[C@@]1(O)Oc1cc(O)ccc12
GLIQUIDONE,COc1ccc2c(c1)C(=O)N(CCc1ccc(S(=O)(=O)NC(=O)NC3CCCCC3)cc1)C(=O)C2(C)C
KUWANON L,CC1=C[C@H](c2c(O)ccc([C@@H]3CC(=O)c4c(O)cc(O)cc4O3)c2O)[C@@H](C(=O)c2ccc(O)cc2O)[C@H](c2ccc(O)cc2O)C1
BEFETUPITANT,Cc1ccccc1-c1cc(N2CCOCC2)ncc1N(C)C(=O)C(C)(C)c1cc(C(F)(F)F)cc(C(F)(F)F)c1
BAFETINIB,Cc1ccc(NC(=O)c2ccc(CN3CC[C@H](N(C)C)C3)c(C(F)(F)F)c2)cc1Nc1nccc(-c2cncnc2)n1
RANOLAZINE,COc1ccccc1OCC(O)CN1CCN(CC(=O)Nc2c(C)cccc2C)CC1
TRIMETAZIDINE,COc1ccc(CN2CCNCC2)c(OC)c1OC
(+/-)-MORACIN P,CC1(C)Oc2cc3oc(-c4cc(O)cc(O)c4)cc3cc2CC1O
NETUPITANT,Cc1ccccc1-c1cc(N2CCN(C)CC2)ncc1N(C)C(=O)C(C)(C)c1cc(C(F)(F)F)cc(C(F)(F)F)c1
CARACURINE V,C1=C2CN3CC[C@]45c6ccccc6N6[C@@H]7OCC=C8CN9CC[C@]%10%11c%12ccccc%12N([C@H](OC1)[C@@H]([C@H]64)[C@H]2C[C@H]35)[C@H]%10[C@H]7[C@H]8C[C@H]9%11
BERBERRUBINE,COc1ccc2cc3[n+](cc2c1O)CCc1cc2c(cc1-3)OCO2
EFFUSOL,C=Cc1cc(O)cc2c1-c1ccc(O)c(C)c1CC2
ANILINOQUINAZOLINE1,COc1cc2ncnc(Nc3ccc(NC(=O)c4ccccc4)cc3)c2cc1OC
APRATASTAT,CC1(C)SCCN(S(=O)(=O)c2ccc(OCC#CCO)cc2)[C@H]1C(=O)NO
NUPHARIDINE,C[C@H]1CC[C@H]2[C@H](C)CC[C@@H](c3ccoc3)[N+]2([O-])C1
HEDYCHILACTONE A,C=C1[C@@H](O)C[C@H]2C(C)(C)CCC[C@]2(C)[C@H]1C/C=C1\CCOC1=O
DIHYDRODEHYDRODICONIFERY ALCOHOL,COc1cc([C@H]2Oc3c(OC)cc(CCCO)cc3[C@@H]2CO)ccc1O
6'-HYDROXYTHIONUPHLUTINE B,C[C@@H]1CC[C@@H](c2ccoc2)N2C[C@@]3(CC[C@@H]12)C[C@]1(CC[C@H]2[C@H](C)CC[C@@H](c4ccoc4)N2[C@@H]1O)CS3
THIONUPHLUTINE B,C[C@@H]1CC[C@@H](c2ccoc2)N2C[C@@]3(CC[C@@H]12)CS[C@]1(CC[C@H]2[C@H](C)CC[C@@H](c4ccoc4)N2C1)C3
NIPHIMYCIN,C/N=C(/N)NCCC/C=C/CCC[C@H](C)C[C@H](C)[C@H]1OC(=O)C(C)C(O)/C=C/C(C)C(O)CC(O)C(C)C(O)CCC(C)C(O)CC2(O)OC(CC(OC(=O)CC(=O)O)CC(O)CC(O)C(C)C(O)/C=C/C=C/C1C)CC(O)C2O
ESTRONE,C[C@]12CC[C@@H]3c4ccc(O)cc4CC[C@H]3[C@@H]1CCC2=O
THIOGENISTEIN,Oc1ccc(-c2coc3cc(O)cc(O)c3c2=S)cc1
GW679410X,COc1ccc(-c2cc(-c3c[nH]nc3-c3ccccn3)ccn2)cc1
GW680975X,Fc1ccc(-c2cc(-c3c[nH]nc3-c3ccccn3)ccn2)cc1
GW682841X,CC(C)c1ccc(-c2cc(-c3c[nH]nc3-c3ccccn3)ccn2)cc1
2-((PHENYLIMINO)METHYL)PHENOL,Oc1ccccc1/C=N/c1ccccc1
BRIVANIB,Cc1cc2c(F)c(Oc3ncnn4cc(OC[C@@H](C)O)c(C)c34)ccc2[nH]1
CENTRATHERIN,C=C1C(=O)O[C@@H]2/C=C(/CO)C3=CC(=O)[C@@](C)(C[C@H](OC(=O)/C(C)=C\C)[C@@H]12)O3
LOXIGLUMIDE,CCCCCN(CCCOC)C(=O)C(CCC(=O)O)NC(=O)c1ccc(Cl)c(Cl)c1
15-HYDROXY-EREMANTHOLIDE B,CC[C@@H](C)[C@@]1(O)O[C@H]2C[C@@]3(C)OC(=CC3=O)/C(CO)=C\[C@H]3OC(=O)[C@@]1(C)C23
DEHYDROSAUSSUREALACTONE,C=C[C@]1(C)CC[C@H]2C(=C)C(=O)O[C@@H]2[C@H]1C(=C)C
STOBADINE,Cc1ccc2c(c1)[C@H]1CN(C)CC[C@H]1N2
IOPOFOSINE,C[N+](C)(C)CCOP(=O)([O-])OCCCCCCCCCCCCCCCCCCc1ccc(I)cc1
GW711782X,c1ccc(-c2n[nH]cc2-c2ccnc(-c3ccc(OCCn4ccnc4)cc3)c2)nc1
HELENALINMETHACRYLATE,C=C(C)C(=O)O[C@@H]1[C@@H]2C(=C)C(=O)O[C@@H]2C[C@@H](C)[C@@H]2C=CC(=O)[C@@]12C
EUPATORIOPIKRIN,C=C1C(=O)O[C@@H]2/C=C(\C)CC/C=C(\C)C[C@@H](OC(=O)C=C(CO)CO)[C@@H]12
ENHYDRIN,C=C1C(=O)O[C@H]2[C@H]1[C@H](OC(=O)[C@@]1(C)O[C@H]1C)[C@@H](OC(C)=O)/C(C(=O)OC)=C\CC[C@@]1(C)O[C@H]21
GW695874X,c1ccc(-c2n[nH]cc2-c2ccnc(-c3ccc(OCCN4CCOCC4)cc3)c2)nc1
LOSARTAN NITROOXY ESTER,CCCCc1nc(Cl)c(CO[N+](=O)[O-])n1Cc1ccc(-c2ccccc2-c2nn[nH]n2)cc1
NIVEUSIN A,C=C1C(=O)O[C@@H]2/C=C(/CO)[C@@]3(O)C[C@@H](O)[C@@](C)(C[C@@H](OC(=O)/C(C)=C\C)[C@@H]12)O3
2BETA-HYDROXY-1-DESOXYNIVEUSIN A,C=C1C(=O)O[C@@H]2/C=C(/C)[C@]3(O)O[C@](C)(C[C@@H](OC(=O)/C(C)=C\C)[C@@H]12)C[C@@H]3O
NIVEUSIN B,C=C1C(=O)O[C@@H]2/C=C(/CO)[C@@]3(O)CC[C@@](C)(C[C@@H](OC(=O)/C(C)=C\C)[C@@H]12)O3
"4,5-ISOBUDLEIN A",C=C1C(=O)O[C@H]2[C@H]1[C@H](OC(=O)/C(C)=C\C)C[C@@]1(C)OC(=CC1=O)C(=C)[C@@H]2O
GW9508,O=C(O)CCc1ccc(NCc2cccc(Oc3ccccc3)c2)cc1
FOSMIDOMYCIN,O=CN(O)CCCP(=O)(O)O
CATECHIN,Oc1cc(O)c2c(c1)OC(c1ccc(O)c(O)c1)C(O)C2
FR-900098,CC(=O)N(O)CCCP(=O)(O)O
CHOLIC ACID,C[C@H](CCC(=O)O)[C@H]1CC[C@H]2[C@@H]3[C@H](O)C[C@@H]4C[C@H](O)CC[C@]4(C)[C@H]3C[C@H](O)[C@]12C
RAZAXABAN,CN(C)Cc1nccn1-c1ccc(NC(=O)c2cc(C(F)(F)F)nn2-c2ccc3onc(N)c3c2)c(F)c1
TRANSKARBAM 12,CCCCCCCCCCCCOC(=O)CCCCCN.CCCCCCCCCCCCOC(=O)CCCCCNC(=O)O
KARANJIN,COc1c(-c2ccccc2)oc2c(ccc3occc32)c1=O
TRIPTONIDE,CC(C)[C@]12O[C@H]1[C@@H]1O[C@@]13[C@@]1(C)CCC4=C(COC4=O)[C@@H]1C[C@@H]1O[C@@]13C2=O
AFEGOSTAT,OC[C@H]1CNC[C@@H](O)[C@@H]1O
N-TRANS-FERULOYLDOPAMINE,COc1cc(/C=C/C(=O)NCCc2ccc(O)c(O)c2)ccc1O
KRESOXIM-METHYL,CO/N=C(/C(=O)OC)c1ccccc1COc1ccccc1C
ACETAMIDODIDEOXYNOJIRIMYCIN,CC(=O)N[C@H]1CN[C@H](CO)[C@@H](O)[C@@H]1O
LAUDANOSINE,COc1ccc(CC2c3cc(OC)c(OC)cc3CCN2C)cc1OC
N-TRANS-FERULOYL TYRAMINE,COc1cc(/C=C/C(=O)NCCc2ccc(O)cc2)ccc1O
TRIPTOLIDE,CC(C)[C@]12O[C@H]1[C@@H]1O[C@]13[C@]1(O[C@H]1C[C@H]1C4=C(CC[C@@]13C)C(=O)OC4)[C@@H]2O
GW814408X,COc1cccc(-c2c[nH]c3c(N/N=C/c4ccncc4)ncnc23)c1
GW813360X,COc1cccc(-n2cnc3c(N/N=C/c4ccncc4)ncnc32)c1
BRECANAVIR,Cc1nc(COc2ccc(C[C@H](NC(=O)O[C@H]3CO[C@H]4OCC[C@H]43)[C@H](O)CN(CC(C)C)S(=O)(=O)c3ccc4c(c3)OCO4)cc2)cs1
ISOGLOBOTRIHEXOSYCERAMIDE,CCCCCCCCCCCCC/C=C/[C@@H](O)[C@H](CO[C@@H]1O[C@H](CO)[C@@H](O[C@@H]2O[C@H](CO)[C@H](O)[C@H](O[C@H]3O[C@H](CO)[C@H](O)[C@H](O)[C@H]3O)[C@H]2O)[C@H](O)[C@H]1O)NC(=O)CCCCCCCCCCCCCCCCCCCCCCCCC
CELAHYPODIOL,CC1=C(C)[C@@H]2CC(=O)c3cc(O)c(O)cc3[C@@]2(C)CC1
EPITRIPTOIIDE,CC(C)[C@]12O[C@H]1[C@@H]1O[C@]13[C@]1(O[C@H]1C[C@H]1C4=C(CC[C@@]13C)C(=O)OC4)[C@H]2O
CESPITULARIN J,C=C1CC[C@@H]2CCC3=C(C(=O)[C@@H](/C(C)=C/[C@@H](OC(C)=O)C1)[C@H]3O)C2(C)C
INOSCAVIN C,CC(=O)c1c(-c2ccc(O)c(O)c2)oc2cc(/C=C/c3ccc(O)c(O)c3)oc(=O)c12
METHYLINOSCAVIN C,COc1cc(/C=C/c2cc3oc(-c4ccc(O)c(O)c4)c(C(C)=O)c3c(=O)o2)ccc1O
FLUVOXAMINE MALEATE,COCCCC/C(=N\OCCN)c1ccc(C(F)(F)F)cc1.O=C(O)/C=C\C(=O)O
CESPITULARIN D,C=C1CC[C@@H]2CCC3=C(C2(C)C)[C@@](O)(C/C(C)=C/[C@@H](O)C1)OC3=O
DAVALLIALACTONE,CC1=CC(=O)[C@H](c2c(O)cc(/C=C/c3ccc(O)c(O)c3)oc2=O)[C@@H](c2ccc(O)c(O)c2)O1
METHYLDAVALLIALACTONE,COc1cc(/C=C/c2cc(O)c([C@H]3C(=O)C=C(C)O[C@@H]3c3ccc(O)c(O)c3)c(=O)o2)ccc1O
GW659893X,Nc1ccc(C#Cc2cncnc2Nc2ccc(OCc3cccc(F)c3)c(Cl)c2)cc1
RADANAMYCIN,COc1c(O)cc2c(O)c1CC(C)OC(=O)c1c(O)cc(O)c(Cl)c1CCC(=O)N2
GW703087X,CC(=O)Nc1cccc(C#Cc2cncnc2Nc2ccc(OCc3cccc(F)c3)c(Cl)c2)c1
GW651576X,Fc1cccc(COc2ccc(Nc3ncncc3C#Cc3ccccc3)cc2Cl)c1
CESPITULACTONE A MONOACETATE,C=C1CC[C@@H]2CC[C@H](OC(=O)C/C(C)=C/[C@@H](OC(C)=O)C1)C(=O)C2(C)C
SOLABEGRON,O=C(O)c1cccc(-c2cccc(NCCNC[C@H](O)c3cccc(Cl)c3)c2)c1
ICOGENIN,CO[C@]1(CC[C@H](C)CO)O[C@H]2C[C@H]3[C@@H]4CC=C5C[C@@H](O[C@@H]6O[C@H](CO)[C@@H](O)[C@H](O[C@@H]7O[C@H](CO)[C@@H](O)[C@H](O)[C@H]7O)[C@H]6O[C@@H]6O[C@@H](C)[C@H](O)[C@@H](O)[C@H]6O)CC[C@]5(C)[C@H]4CC[C@]3(C)[C@H]2[C@@H]1C
CESPITULACTONE B,C=C1CC[C@@H]2CCC3=C(C2(C)C)[C@@](OC)(C/C(C)=C/[C@@H](O)C1)OC3=O
GW799251X,Nc1nccc(C#Cc2cncnc2Nc2ccc(OCc3cccc(F)c3)c(Cl)c2)n1
CESPITULACTONE A,C=C1CC[C@@H]2CC[C@H](OC(=O)C/C(C)=C/[C@@H](O)C1)C(=O)C2(C)C
NONOXYNOL 9,CCCCCCCCCc1ccc(OCCOCCOCCOCCOCCOCCOCCOCCOCCO)cc1
GW794726X,CC(=O)Nc1cccc(C#Cc2cncnc2Nc2ccc(OCc3cccc(F)c3)c(Cl)c2)n1
GW772405X,CNC(=O)c1cccc(C#Cc2cncnc2Nc2ccc(OCc3cccc(F)c3)c(Cl)c2)c1
GW807930X,CC(=O)NCc1cccc(C#Cc2cncnc2Nc2ccc(OCc3cccc(F)c3)c(Cl)c2)c1
SODIUM ARESUNATE,C[C@H]1[C@H](OC(=O)CCC(=O)[O-])O[C@@H]2O[C@@]3(C)CC[C@H]4[C@H](C)CC[C@@H]1[C@@]24OO3.[Na+]
PITTSBURGH COMPOUND B,[11CH3]Nc1ccc(-c2nc3ccc(O)cc3s2)cc1
OLCEGEPANT,NCCCC[C@H](NC(=O)[C@@H](Cc1cc(Br)c(O)c(Br)c1)NC(=O)N1CCC(N2Cc3ccccc3NC2=O)CC1)C(=O)N1CCN(c2ccncc2)CC1
(-)-DEBROMOFLUSTRAMINE B,CC(C)=CCN1c2ccccc2[C@]2(CC=C(C)C)CCN(C)[C@H]12
PENETRATIN,CC[C@H](C)[C@H](NC(=O)[C@H](CCCCN)NC(=O)[C@@H](NC(=O)[C@H](CCC(N)=O)NC(=O)[C@@H](N)CCCNC(=N)N)[C@@H](C)CC)C(=O)N[C@@H](Cc1c[nH]c2ccccc12)C(=O)N[C@@H](Cc1ccccc1)C(=O)N[C@@H](CCC(N)=O)C(=O)N[C@@H](CC(N)=O)C(=O)N[C@@H](CCCNC(=N)N)C(=O)N[C@@H](CCCNC(=N)N)C(=O)N[C@@H](CCSC)C(=O)N[C@@H](CCCCN)C(=O)N[C@@H](Cc1c[nH]c2ccccc12)C(=O)N[C@@H](CCCCN)C(=O)N[C@@H](CCCCN)C(N)=O
PENTAGALLOYL GLUCOSE,O=C(OC[C@H]1O[C@@H](OC(=O)c2cc(O)c(O)c(O)c2)[C@H](OC(=O)c2cc(O)c(O)c(O)c2)[C@@H](OC(=O)c2cc(O)c(O)c(O)c2)[C@@H]1OC(=O)c1cc(O)c(O)c(O)c1)c1cc(O)c(O)c(O)c1
INDOLYLPROPIONIC ACID,O=C(O)CCc1c[nH]c2ccccc12
EPOXOMYCIN,CC[C@H](C)[C@H](NC(=O)[C@H]([C@@H](C)CC)N(C)C(C)=O)C(=O)N[C@H](C(=O)N[C@@H](CC(C)C)C(=O)[C@@]1(C)CO1)[C@@H](C)O
GLICLAZIDE,Cc1ccc(S(=O)(=O)NC(=O)NN2CC3CCCC3C2)cc1
ISOCOLCHICINE,COc1cc2c(c(OC)c1OC)-c1ccc(=O)c(OC)cc1[C@@H](NC(C)=O)CC2
TERFENADONE,CC(C)(C)c1ccc(C(=O)CCCN2CCC(C(O)(c3ccccc3)c3ccccc3)CC2)cc1
ACIBENZOLAR-S-METHYL,CSC(=O)c1cccc2nnsc12
JULIBROSIDE J30,C=CC(C)(CC/C=C(/CO)C(=O)O[C@H]1CC2(C(=O)O[C@@H]3O[C@H](CO)[C@@H](O)[C@H](O)[C@@H]3O[C@H]3O[C@H](C)[C@@H](O[C@H]4O[C@H](CO)[C@@H](O)[C@@H]4O)[C@H](O[C@H]4O[C@@H](CO)[C@H](O)[C@@H](O)[C@@H]4O)[C@@H]3O)C(CC1(C)C)C1=CCC3C4(C)CC[C@H](O[C@@H]5O[C@H](CO[C@H]6O[C@@H](C)[C@@H](O)[C@@H](O)[C@@H]6O[C@H]6OC[C@H](O)[C@@H](O)[C@@H]6O)[C@@H](O)[C@H](O)[C@H]5NC(C)=O)C(C)(C)C4CCC3(C)[C@]1(C)C[C@H]2O)O[C@H]1OC[C@H](O)[C@@H](O)[C@@H]1O
JULIBROSIDE J31,C=CC(C)(CC/C=C(/CO)C(=O)O[C@H]1CC2(C(=O)O[C@@H]3O[C@H](CO)[C@@H](O)[C@H](O)[C@@H]3O[C@H]3O[C@H](C)[C@@H](O[C@H]4O[C@H](CO)[C@@H](O)[C@@H]4O)[C@H](O[C@H]4O[C@@H](CO)[C@H](O)[C@@H](O)[C@@H]4O)[C@@H]3O)C(CC1(C)C)C1=CCC3C4(C)CC[C@H](O[C@@H]5O[C@H](CO[C@H]6O[C@@H](C)[C@@H](O)[C@@H](O)[C@@H]6O[C@H]6OC[C@H](O)[C@@H](O)[C@@H]6O)[C@@H](O)[C@H](O)[C@H]5OC5O[C@H](CO)[C@@H](O)[C@H](O)[C@H]5O)C(C)(C)C4CCC3(C)[C@]1(C)C[C@H]2O)O[C@H]1O[C@@H](C)[C@H](O)[C@@H](O)[C@@H]1O
KAZUSAMYCIN A,CCC(=C/[C@H](C)C/C=C/C(C)=C/[C@@H](CO)C(=O)[C@@H](C)[C@H](O)[C@@H](C)C/C(C)=C/C(=O)O)/C=C/[C@@H]1OC(=O)C=C[C@@H]1C
ETHYL TETRADECANOATE,CCCCCCCCCCCCCC(=O)OCC
PROPYL TETRADECANOATE,CCCCCCCCCCCCCC(=O)OCCC
BUTYL TETRADECANOATE,CCCCCCCCCCCCCC(=O)OCCCC
HEXYL TETRADECANOATE,CCCCCCCCCCCCCC(=O)OCCCCCC
5-BROMOSALICYLALDEHYDE,O=Cc1cc(Br)ccc1O
ACANTHOKOREOIC ACID A,C=C[C@]1(C)CC[C@@]2(O)[C@@H](C1)C(=O)CC1[C@](C)(C(=O)O)CCC[C@]12C
HEPTYL TETRADECANOATE,CCCCCCCCCCCCCC(=O)OCCCCCCC
OCTYL TETRADECANOATE,CCCCCCCCCCCCCC(=O)OCCCCCCCC
BENZYL TETRADECANOATE,CCCCCCCCCCCCCC(=O)OCc1ccccc1
NALUZOTAN,CC(=O)Nc1cccc(N2CCN(CCCCNS(=O)(=O)CC3CCCCC3)CC2)c1
METHYL TETRADECANOATE,CCCCCCCCCCCCCC(=O)OC
ISOPROPYL MYRISTATE,CCCCCCCCCCCCCC(=O)OC(C)C
ARTEFLENE,C[C@@H]1C(=O)C[C@H]2C[C@@H]1OO[C@@]2(C)/C=C\c1ccc(C(F)(F)F)cc1C(F)(F)F
TETRADECANEHYDRAZIDE,CCCCCCCCCCCCCC(=O)NN
PHELLINUSFURAN A,CO[C@H]1O[C@@H](C(O)CO)/C(=C/c2ccc(CO)o2)C1=O
PHELLINUSFURAN B,CO[C@H]1O[C@H](C(O)CO)/C(=C/c2ccc(CO)o2)C1=O
ISOBUTYL TETRADECANOATE,CCCCCCCCCCCCCC(=O)OCC(C)C
PENTYL TETRADECANOATE,CCCCCCCCCCCCCC(=O)OCCCCC
ISOPENTYL TETRADECANOATE,CCCCCCCCCCCCCC(=O)OCCC(C)C
GENKWANIN,COc1cc(O)c2c(=O)cc(-c3ccc(O)cc3)oc2c1
BENZO[A]ACRONYCINE,COc1cc2c(c3c1c(=O)c1c4ccccc4ccc1n3C)C=CC(C)(C)O2
BROMOPYROGALLOL RED,O=c1c(Br)cc2c(-c3ccccc3S(=O)(=O)O)c3cc(Br)c(O)c(O)c3oc-2c1O
PYROGALLOL RED,O=c1ccc2c(-c3ccccc3S(=O)(=O)O)c3ccc(O)c(O)c3oc-2c1O
PYROCATECHOL VIOLET,O=C1C=C/C(=C(/c2ccc(O)c(O)c2)c2ccccc2S(=O)(=O)O)C=C1O
CHROME AZUROL S,CC1=C/C(=C(/c2cc(C)c(O)c(C(=O)[O-])c2)c2c(Cl)ccc(S(=O)(=O)[O-])c2Cl)C=C(C(=O)[O-])C1=O.[Na+].[Na+].[Na+]
ERIOCHROME CYANINE R,CC1=C/C(=C(/c2cc(C)c(O)c(C(=O)[O-])c2)c2ccccc2S(=O)(=O)[O-])C=C(C(=O)[O-])C1=O.[Na+].[Na+].[Na+]
BREXANOLONE,CC(=O)[C@H]1CC[C@H]2[C@@H]3CC[C@H]4C[C@H](O)CC[C@]4(C)[C@H]3CC[C@]12C
LK-204545,N#Cc1cc(OCCOCC2CC2)ccc1OCC(O)CNCCNC(=O)Nc1ccc(O)cc1
CYANOPINDOLOL,CC(C)(C)NCC(O)COc1cccc2[nH]c(C#N)cc12
ISORHAMNETIN,COc1cc(-c2oc3cc(O)cc(O)c3c(=O)c2O)ccc1O
LADANEIN,COc1ccc(-c2cc(=O)c3c(O)c(O)c(OC)cc3o2)cc1
ASPARTYL(ACRIDINE YELLOW G)SPERMIDINE,Cc1cc2cc3cc(C)c(NC(=O)CC(N)C(=O)NCCCCNCCCN)cc3nc2cc1N
AURIN,O=C1C=CC(=C(c2ccc(O)cc2)c2ccc(O)cc2)C=C1
ACETOXOLONE,CC(=O)O[C@H]1CC[C@]2(C)[C@H]3C(=O)C=C4[C@@H]5C[C@@](C)(C(=O)O)CC[C@]5(C)CC[C@@]4(C)[C@]3(C)CC[C@H]2C1(C)C
ACRIDINE YELLOW G,Cc1cc2cc3cc(C)c(NC(=O)CC(N)C(=O)O)cc3nc2cc1N
"3,7-DIHYDROXYFLAVONE",O=c1c(O)c(-c2ccccc2)oc2cc(O)ccc12
BILOBETIN,COc1ccc(-c2cc(=O)c3c(O)cc(O)cc3o2)cc1-c1c(O)cc(O)c2c(=O)cc(-c3ccc(O)cc3)oc12
SB-705498,O=C(Nc1ccccc1Br)N[C@@H]1CCN(c2ccc(C(F)(F)F)cn2)C1
HUPRINE X,CCC1=CC2Cc3nc4cc(Cl)ccc4c(N)c3[C@@H](C1)C2
ABSCISIC ACID,CC1=CC(=O)CC(C)(C)C1(O)/C=C/C(C)=C\C(=O)O
GINKGETIN,COc1cc(O)c2c(=O)cc(-c3ccc(OC)c(-c4c(O)cc(O)c5c(=O)cc(-c6ccc(O)cc6)oc45)c3)oc2c1
ELTANOLONE,CC(=O)[C@H]1CC[C@H]2[C@@H]3CC[C@@H]4C[C@H](O)CC[C@]4(C)[C@H]3CC[C@]12C
IODMETACYCLUR,Cc1c(I)c(=O)[nH]c(=O)n1COC(CO)CO
GLYCYLLEUCYLPHENYLALANINE,CC(C)C[C@H](NC(=O)CN)C(=O)N[C@@H](Cc1ccccc1)C(=O)O
PLAKEVULIN A,CCCCCCCCCCCCCCCC[C@]1(O)C=C[C@H](O)[C@H]1C(=O)OC
GLYCYRRHIZIN,CC1(C)[C@@H](O[C@H]2O[C@H](C(=O)O)[C@@H](O)[C@H](O)[C@H]2O[C@@H]2O[C@H](C(=O)O)[C@@H](O)[C@H](O)[C@H]2O)CC[C@]2(C)[C@H]3C(=O)C=C4[C@@H]5C[C@@](C)(C(=O)O)CC[C@]5(C)CC[C@@]4(C)[C@]3(C)CC[C@@H]12
APRICITABINE,Nc1ccn([C@H]2CO[C@@H](CO)S2)c(=O)n1
CAULERPAL A,CC(=O)O[C@H]1Cc2c(C=O)ccc(C=C(C)C)c2[C@]1(C)O
CAULERPAL B,CO[C@@]1(C)c2c(C=C(C)C)ccc(C=O)c2C[C@@H]1O
CAULERPIN,COC(=O)/C1=C/c2c([nH]c3ccccc23)/C(C(=O)OC)=C\c2c1[nH]c1ccccc21
DIMINAZENE DIACETURATE,CC(=O)NCC(=O)O.CC(=O)NCC(=O)O.N=C(N)c1ccc(/N=N/Nc2ccc(C(=N)N)cc2)cc1
CARDAMOMIN,COc1cc(O)cc(O)c1C(=O)/C=C/c1ccccc1
PANDURATIN A,COc1cc(O)c(C(=O)[C@@H]2[C@H](CC=C(C)C)C(C)=CC[C@H]2c2ccccc2)c(O)c1
4-HYDROXYPANDURATIN A,CC(C)=CC[C@@H]1C(C)=CC[C@@H](c2ccccc2)[C@@H]1C(=O)c1c(O)cc(O)cc1O
SCIADOPITISIN,COc1ccc(-c2cc(=O)c3c(O)cc(O)c(-c4cc(-c5cc(=O)c6c(O)cc(OC)cc6o5)ccc4OC)c3o2)cc1
E-ENEDIONE,CCCCCCCCCCCCCCCCC(=O)/C=C/C(=O)CC(=O)OC
PPL-100,COC(=O)N[C@H](C(=O)NCCCC[C@@H](CO)N(CC(C)C)S(=O)(=O)c1ccc(N)cc1)C(c1ccccc1)c1ccccc1
LISOFYLLINE,C[C@@H](O)CCCCn1c(=O)c2c(ncn2C)n(C)c1=O
A-443654,Cc1n[nH]c2ccc(-c3cncc(OC[C@@H](N)Cc4c[nH]c5ccccc45)c3)cc12
BENZYL NICOTINATE,O=C(OCc1ccccc1)c1cccnc1
METHYL NICOTINATE,COC(=O)c1cccnc1
EPHEDRINE,CN[C@@H](C)[C@H](O)c1ccccc1
dleta-lac-Acetogenin,CCCCCCCCCC[C@@H](O)[C@H]1CC[C@H]([C@H]2CC[C@H]([C@H](O)CCCCCCCCCC)O2)O1
552-02 FREE BASE,N/C(=N\C(=O)c1nc(Cl)c(N)nc1N)NCCCCc1ccc(OCC(O)CO)cc1
METHYLDITHIOACETYL MAYTANSINOID,COc1cc2cc(c1Cl)N(C)C(=O)CC(OC(=O)[C@H](C)N(C)C(=O)CSSC)C1(C)OC1C(C)C1CC(O)(NC(=O)O1)C(OC)/C=C/C=C(\C)C2
PHENAMIL,N=C(NC(=O)c1nc(Cl)c(N)nc1N)Nc1ccccc1
BENZAMIL,N/C(=N\C(=O)c1nc(Cl)c(N)nc1N)NCc1ccccc1
MILTEFOSTINE,CCCCCCCCCCCCCCCCOP(=O)([O-])OC[N+](C)(C)C
MAYTANSINOL,COc1cc2cc(c1Cl)N(C)C(=O)CC(O)C1(C)OC1C(C)C1CC(O)(NC(=O)O1)C(OC)/C=C/C=C(\C)C2
PHA-543613,O=C(N[C@H]1CN2CCC1CC2)c1cc2ccoc2cn1
N-(ETHOXYCARBONYL)PIPERAZINE,CCOC(=O)N1CCNCC1
PIPERAZINE,C1CNCCN1
FELLUTAMIDE B,CCCCCCCCC[C@@H](O)CC(=O)N[C@@H](CC(N)=O)C(=O)N[C@@H](CCC(N)=O)C(=O)N[C@H](C=O)CC(C)C
CICLOPIROX,Cc1cc(C2CCCCC2)n(O)c(=O)c1
AN-2718,OB1OCc2cc(Cl)ccc21
DEOXYURIDINE MONOPHOSPHATE,O=c1ccn([C@H]2C[C@H](O)[C@@H](COP(=O)(O)O)O2)c(=O)[nH]1
BASTADIN 5,O=C1NCCc2cc(Br)c(O)c(c2)Oc2ccc(cc2Br)CCNC(=O)/C(=N\O)Cc2cc(Br)c(O)c(c2)Oc2c(Br)cc(cc2Br)C/C1=N/O
BENZOXABOROLE,OB1OCc2ccccc21
TAVABOROLE,OB1OCc2cc(F)ccc21
DEMOTENSIN 3,CC(C)C[C@H](NC(=O)[C@@H](NC(=O)[C@H](Cc1ccc(O)cc1)NC(=O)[C@@H]1CCCN1C(=O)[C@H](CCCN=C(N)N)NCC(CCCCN)NC(=O)CNC(=O)C(CNCCN)CNCCN)C(C)(C)C)C(=O)O
DEMOTENSIN 4,CC(C)C[C@H](NC(=O)[C@@H](NC(=O)[C@H](Cc1ccc(O)cc1)NC(=O)[C@@H]1CCCN1C(=O)[C@H](CCCN=C(N)N)NCC(CCCN=C(N)N)NC(=O)CNC(=O)C(CNCCN)CNCCN)C(C)(C)C)C(=O)O
FLUOROFURANYLNORPROGESTERONE,C[C@]12CC[C@H]3[C@@H](CCC4=CC(=O)CC[C@@H]43)[C@@H]1C[C@H]1O[C@@H](c3ccco3)O[C@]12C(=O)CF
RETASPIMYCIN HYDROCHLORIDE,C=CCNc1c(O)cc2c(O)c1C[C@@H](C)C[C@H](OC)[C@H](O)[C@@H](C)/C=C(\C)[C@H](OC(N)=O)[C@@H](OC)/C=C\C=C(/C)C(=O)N2.Cl
ANTIMYCIN A,CCCCCC[C@H]1C(=O)O[C@H](C)[C@H](NC(=O)c2cccc(NC=O)c2O)C(=O)O[C@@H](C)[C@@H]1OC(=O)CC(C)C
D-PHENYLALANINE,N[C@H](Cc1ccccc1)C(=O)O
NEOSTIGMINE METHYLSULFATE,CN(C)C(=O)Oc1cccc([N+](C)(C)C)c1.COS(=O)(=O)[O-]
PINUSOLIDE,C=C1CC[C@@H]2[C@](C)(CCC[C@]2(C)C(=O)OC)[C@H]1CCC1=CCOC1=O
DIMETHYLUNDECYLAMINE BROMOCYANOBORANE,CCCCCCCCCCCN(C)C.N#CBBr
DIMETHYLUNDECYLAMINE DIBROMOCYANOBORANE,CCCCCCCCCCCN(C)C.N#CB(Br)Br
DIMETHYLUNDECYLAMINE MONOFLUOROCYANOBORANE,CCCCCCCCCCCN(C)C.N#CBF
DIBROMOBORANECARBONITRILE; TRIMETHYLAMINE,CN(C)C.N#CB(Br)Br
DIMETHYLNONYLAMINE CYANOBORANE,BC#N.CCCCCCCCCN(C)C
DODECYLDIMETHYLAMINE CYANOBORANE,BC#N.CCCCCCCCCCCCN(C)C
LOTOIDOSIDE D,CC(=O)N[C@H]1[C@H](O[C@H]2CC[C@]3(C)[C@H]4CC=C5[C@@H]6CC(C)(C)CC[C@]6(C(=O)O)CC[C@@]5(C)[C@]4(C)CC[C@H]3C2(C)C)O[C@H](CO)[C@H](O[C@@H]2O[C@H](CO)[C@@H](O)[C@H](O)[C@H]2O)[C@@H]1O[C@@H]1O[C@H](CO)[C@H](O)[C@H](O)[C@H]1O
DIMETHYLTRIDECYLAMINE CYANOBORANE,BC#N.CCCCCCCCCCCCCN(C)C
DIMETHYLPENTADECYLAMINE CYANOBORANE,BC#N.CCCCCCCCCCCCCCCN(C)C
LOTOIDOSIDE E,CC(=O)N[C@H]1[C@H](O[C@H]2CC[C@]3(C)[C@H]4CC=C5[C@@H]6CC(C)(C)CC[C@]6(C(=O)O)CC[C@@]5(C)[C@]4(C)CC[C@H]3C2(C)C)O[C@H](CO)[C@@H](O)[C@@H]1O[C@@H]1O[C@H](CO)[C@H](O)[C@H](O)[C@H]1O
HEPTADECYLDIMETHYLAMINE CYANOBORANE,BC#N.CCCCCCCCCCCCCCCCCN(C)C
AMINOPOTENTIDINE OXALATE,N#CN/C(=N\CCNC(=O)c1ccc(N)cc1)NCCCOc1cccc(CN2CCCCC2)c1.O=C(O)C(=O)O
PRALNACASAN,CCO[C@@H]1OC(=O)C[C@@H]1NC(=O)[C@@H]1CCCN2C(=O)CC[C@H](NC(=O)c3nccc4ccccc34)C(=O)N12
SYRINGIC ACID,COc1cc(C(=O)O)cc(OC)c1O
"3,4,5-TRIMETHOXYBENZOIC ACID",COc1cc(C(=O)O)cc(OC)c1OC
DIMETHYLUNDECYLAMINE CYANOBORANE,BC#N.CCCCCCCCCCCN(C)C
ADOCIASULFATE-2,CC1(C)CCC[C@]2(C)O[C@H]3CC[C@@]4(C)[C@@H](CC[C@]5(C)[C@@H]4CC[C@]4(C)c6c(OS(=O)(=O)[O-])ccc(OS(=O)(=O)[O-])c6C[C@@H]54)[C@]3(C)CC[C@@H]12.[Na+].[Na+]
NIMBOLIDE,COC(=O)C[C@H]1[C@]2(C)C3=C(C)[C@H](c4ccoc4)C[C@H]3O[C@@H]2[C@@H]2OC(=O)[C@]3(C)C=CC(=O)[C@@]1(C)[C@@H]23
VINBLASTINE SULFATE,CC[C@]1(O)C[C@@H]2CN(CCc3c([nH]c4ccccc34)[C@@](C(=O)OC)(c3cc4c(cc3OC)N(C)[C@H]3[C@@](O)(C(=O)OC)[C@H](OC(C)=O)[C@]5(CC)C=CCN6CC[C@]43[C@@H]65)C2)C1.O=S(=O)(O)O
MONOCILLIN I,C[C@@H]1C[C@H]2O[C@@H]2/C=C\C=C\C(=O)Cc2cc(O)cc(O)c2C(=O)O1
BRUNSVICAMIDE C,CC[C@H](C)[C@H](NC(=O)N[C@H]1CCCCNC(=O)[C@H](Cc2ccccc2)NC(=O)[C@@H](CC(=O)c2ccccc2NC(N)=O)N(C)C(=O)[C@H](CC(C)C)NC(=O)[C@H](C(C)C)NC1=O)C(=O)O
BRUNSVICAMIDE A,CC[C@H](C)[C@H](NC(=O)N[C@H]1CCCCNC(=O)[C@H](Cc2ccccc2)NC(=O)[C@H](Cc2c[nH]c3ccccc23)N(C)C(=O)[C@H](CC(C)C)NC(=O)[C@H](C(C)C)NC1=O)C(=O)O
DIPROTIN A,CC[C@H](C)[C@H](N)C(=O)N1CCC[C@H]1C(=O)N[C@H](C(=O)O)[C@@H](C)CC
THIOCOLCHICOSIDE,COc1c(O[C@@H]2O[C@H](CO)[C@@H](O)[C@H](O)[C@H]2O)cc2c(c1OC)-c1ccc(SC)c(=O)cc1[C@@H](NC(C)=O)CC2
SALAZOSULFAMIDE,NS(=O)(=O)c1ccc(/N=N/c2ccc(O)c(C(=O)O)c2)cc1
SEGETALIN H,N=C(N)NCCC[C@@H]1NC(=O)[C@H](Cc2ccc(O)cc2)NC(=O)CNC(=O)[C@H](CO)NC(=O)[C@H](Cc2ccccc2)NC1=O
SEGETALIN D,CC(C)C[C@@H]1NC(=O)CNC(=O)[C@@H]2CCCN2C(=O)[C@H](Cc2ccccc2)NC(=O)[C@H](C)NC(=O)[C@H](Cc2ccccc2)NC(=O)[C@H](CO)NC1=O
SEGETALIN E,CC(C)C[C@@H]1NC(=O)[C@@H]2CCCN2C(=O)[C@@H](C(C)C)NC(=O)[C@H](Cc2ccc(O)cc2)NC(=O)CNC(=O)[C@@H]2CCCN2C(=O)[C@H](Cc2cc3ccccc3[nH]2)NC1=O
SEGETALIN F,C[C@@H]1NC(=O)[C@H](CO)NC(=O)[C@H](Cc2ccccc2)NC(=O)[C@@H]2CCCN2C(=O)[C@H](CCCCN)NC(=O)[C@H](CO)NC(=O)[C@H](CO)NC(=O)[C@H](Cc2ccc(O)cc2)NC(=O)[C@H](CO)NC1=O
AMIFURALINE,Nc1cccc(-c2ccc(C3=NCCN3)o2)c1
DAMNACANTHAL,COc1c(C=O)c(O)cc2c1C(=O)c1ccccc1C2=O
FURALINE,c1ccc(-c2ccc(C3=NCCN3)o2)cc1
RODGERSINOL,C/C=C/c1ccc(Oc2ccc(O)cc2)c(C(C)CO)c1
OXOGRANATANE,Cc1nc2ccccc2n1C1CC2COCC(C1)N2CC[C@H](NC(=O)C1CCC1)c1ccccc1
DEOXY SALVINORIN A,CCO[C@H]1C[C@@H](C(=O)OC)[C@]2(C)CC[C@H]3C(=O)O[C@H](c4ccoc4)C[C@]3(C)[C@H]2C1=O
SEGETALIN G,CC(C)[C@@H]1NC(=O)CNC(=O)[C@H](C)NC(=O)[C@H](Cc2ccc(O)cc2)NC(=O)[C@H](CCCCN)NC1=O
SEGETALIN A,CC(C)[C@@H]1NC(=O)[C@@H]2CCCN2C(=O)[C@H](C(C)C)NC(=O)CNC(=O)[C@H](C)NC(=O)[C@H](Cc2c[nH]c3ccccc23)NC1=O
SEGETALIN C,CC(C)C[C@@H]1NC(=O)CNC(=O)[C@@H]2CCCN2C(=O)[C@H](Cc2ccccc2)NC(=O)[C@H](C)NC(=O)[C@H](Cc2ccccc2)NC(=O)[C@H](Cc2c[nH]cn2)NC1=O
SALVINORIN B,COC(=O)[C@@H]1C[C@H](O)C(=O)[C@H]2[C@@]1(C)CC[C@H]1C(=O)O[C@H](c3ccoc3)C[C@]21C
FUMAGALONE,CO[C@@H]1C(=O)CC[C@](O)(C=O)[C@H]1[C@@]1(C)O[C@@H]1CC=C(C)C
FUMARRANOL,CO[C@]12C(=O)CC[C@@]1(CO)C2[C@@]1(C)O[C@@H]1CC=C(C)C
RHIZOXIN,CO[C@@H](/C(C)=C/C=C/C(C)=C/c1coc(C)n1)[C@@H](C)[C@@H]1C[C@H](O)[C@@]2(C)O[C@@H]2/C=C/[C@@H](C)[C@H]2C[C@H](CC(=O)O2)C[C@@H]2O[C@H]2C(=O)O1
SIBUTRAMINE,CC(C)CC(N(C)C)C1(c2ccc(Cl)cc2)CCC1
SEGETALIN B,CC(C)[C@@H]1NC(=O)CNC(=O)[C@H](C)NC(=O)[C@H](Cc2c[nH]c3ccccc23)NC(=O)[C@H](C)NC1=O
GW615311X,O=S(=O)(CCOCc1ccc(-c2ccc3ncnc(Nc4ccc(OCc5cccc(F)c5)c(Cl)c4)c3c2)o1)c1ccccc1
GW616030X,CS(=O)(=O)CCN(CC#N)Cc1ccc(-c2ccc3ncnc(Nc4ccc(OCc5cccc(F)c5)c(Cl)c4)c3c2)o1
GW576484X,CS(=O)(=O)CCNCc1ccc(-c2ccc3ncnc(Nc4ccc(OCc5cccc(F)c5)c(C(F)(F)F)c4)c3c2)o1
USTILOXIN A,CC[C@@]1(C)Oc2cc(c([S+]([O-])C[C@@H](O)C[C@H](N)C(=O)O)cc2O)[C@@H](O)[C@H](NC)C(=O)N[C@@H](C(C)C)C(=O)N[C@@H]1C(=O)NCC(=O)O
TUBEIMOSIDE V,C[C@@H]1O[C@H]2O[C@@H]3[C@H](OC[C@@H](O)[C@H]3O)OC(=O)[C@]34CCC(C)(C)CC3C3=CCC5[C@@]6(C)C[C@H](O)[C@H](O[C@@H]7O[C@H](CO)[C@@H](O)[C@H](O)[C@H]7O[C@H]7O[C@@H](COC(=O)C[C@](C)(O)CC(=O)O[C@@H]1[C@@H](O[C@@H]1OC[C@@H](O)[C@H](O)[C@H]1O)[C@H]2O)[C@H](O)[C@@H](O)[C@@H]7O)[C@@](C)(CO)C6CC[C@@]5(C)[C@]3(C)CC4
USTILOXIN D,CC[C@@]1(C)Oc2cc(ccc2O)[C@@H](O)[C@H](NC)C(=O)N[C@@H](C(C)C)C(=O)N[C@@H]1C(=O)NCC(=O)O
BIS(MESITYLMETHYL)TRISULFIDE,Cc1cc(C)c(CSSSCc2c(C)cc(C)cc2C)c(C)c1
USTILOXIN F,CC[C@@]1(C)Oc2cc(ccc2O)[C@@H](O)[C@H](NC)C(=O)N[C@@H](C)C(=O)N[C@@H]1C(=O)NCC(=O)O
GW284372X,c1ccc(COc2ccc(Nc3ncnc4ccc(-c5ccco5)cc34)cc2)cc1
TANSHINONE IIB,Cc1coc2c1C(=O)C(=O)c1c-2ccc2c1CCCC2(C)CO
DIBENZYL TRISULFIDE,c1ccc(CSSSCc2ccccc2)cc1
AMINOFENTANYL,NCCC(=O)N(c1ccccc1)C1CCN(CCc2ccccc2)CC1
NGD-8243,FC(F)(F)c1ccc(Nc2ncnc3cc(-c4ncccc4C(F)(F)F)ccc23)cc1
NEAMINE,NC[C@H]1O[C@H](O[C@H]2[C@H](O)[C@@H](O)[C@H](N)C[C@@H]2N)[C@H](N)[C@@H](O)[C@@H]1O
TOPSENTINE,O=C(c1nc(-c2cc3ccccc3[nH]2)c[nH]1)c1c[nH]c2cc(O)ccc12
CARBOXYFENTANYL,O=C(O)CCC(=O)N(c1ccccc1)C1CCN(CCc2ccccc2)CC1
GENTAMICIN C,CN[C@@H]1[C@H](O)[C@@H](O[C@@H]2[C@@H](O)[C@H](O[C@H]3O[C@H](CN)CC[C@H]3N)[C@@H](N)C[C@H]2N)OC[C@]1(C)O
GENETICIN,CN[C@@H]1[C@@H](O)[C@@H](O[C@@H]2[C@@H](O)[C@H](O[C@H]3O[C@H]([C@@H](C)O)[C@@H](O)[C@H](O)[C@H]3N)[C@@H](N)C[C@H]2N)OC[C@]1(C)O
HI-6,NC(=O)c1cc[n+](COC[n+]2ccccc2/C=N/O)cc1
AR9281,CC(=O)N1CCC(NC(=O)NC23CC4CC(CC(C4)C2)C3)CC1
CHRYSOERIOL,COc1cc(-c2cc(=O)c3c(O)cc(O)cc3o2)ccc1O
PRALIDOXIME,C[n+]1ccccc1C=NO
SEROFENDIC ACID,C[S+]([O-])C[C@H]1[C@H]2CC[C@@]3(CC[C@H]4[C@@](C)(CCC[C@@]4(C)C(=O)O)[C@@H]3C2)[C@@H]1O
DIAZOQUINOFLUORENE,[N-]=[N+]=c1c2c(=O)ccc(=O)c=2c2ccccc12
TIOCARLIDE,CC(C)CCOc1ccc(NC(=S)Nc2ccc(OCCC(C)C)cc2)cc1
FORODESINE,O=c1[nH]cnc2c([C@@H]3N[C@H](CO)[C@@H](O)[C@H]3O)c[nH]c12
ERTEBEREL,Oc1ccc([C@@H]2Oc3ccc(O)cc3[C@@H]3CCC[C@@H]32)cc1
DEFOSLIMOD,CCCCCCCCCCCC(=O)O[C@H](CCCCCCCCCCC)CC(=O)N[C@H]1[C@H](OC[C@H]2O[C@H](OP(=O)(O)O)[C@H](NC(=O)C[C@H](O)CCCCCCCCCCC)[C@@H](O)[C@@H]2O)O[C@H](CO)[C@@H](OP(=O)(O)O)[C@@H]1O
INDOTECAN,COc1cc2c3c(n(CCCN4CCOCC4)c(=O)c2cc1OC)-c1cc2c(cc1C3=O)OCO2
GARENOXACIN,C[C@H]1NCc2cc(-c3ccc4c(=O)c(C(=O)O)cn(C5CC5)c4c3OC(F)F)ccc21
CLOCINNAMOX,O=C(/C=C/c1ccc(Cl)cc1)N[C@@]12CCC(=O)[C@@H]3Oc4c(O)ccc5c4[C@@]31CCN(CC1CC1)[C@@H]2C5
BOCEPREVIR,CC(C)(C)NC(=O)N[C@H](C(=O)N1C[C@H]2[C@@H]([C@H]1C(=O)NC(CC1CCC1)C(=O)C(N)=O)C2(C)C)C(C)(C)C
SAXAGLIPTIN ANHYDROUS,N#C[C@@H]1C[C@@H]2C[C@@H]2N1C(=O)[C@@H](N)C12CC3CC(CC(O)(C3)C1)C2
RG-547,COc1ccc(F)c(F)c1C(=O)c1cnc(NC2CCN(S(C)(=O)=O)CC2)nc1N
SARACATINIB,CN1CCN(CCOc2cc(OC3CCOCC3)c3c(Nc4c(Cl)ccc5c4OCO5)ncnc3c2)CC1
DASATINIB ANHYDROUS,Cc1nc(Nc2ncc(C(=O)Nc3c(C)cccc3Cl)s2)cc(N2CCN(CCO)CC2)n1
AZM-475271,COc1ccc(Cl)c(Nc2ncnc3cc(OCC4CCN(C)CC4)c(OC)cc23)c1
PLAKORTIN,CC/C=C/[C@H](CC)C[C@@]1(C)C[C@@H](CC)[C@@H](CC(=O)OC)OO1
DOXANTHRINE,Oc1cc2c(cc1O)C1c3ccccc3CNC1CO2
DOXORUBICIN TRIFLUOROACETATE,COc1cccc2c1C(=O)c1c(O)c3c(c(O)c1C2=O)C[C@@](O)(C(=O)CO)C[C@@H]3O[C@H]1C[C@H](N)[C@H](O)[C@H](C)O1.O=C(O)C(F)(F)F
BENZYLAMIDINOISOTHIOUREA,N=C(N)NC(=N)SCc1ccccc1
TONAPOFYLLINE,CCCn1c(=O)c2[nH]c(C34CCC(CCC(=O)O)(CC3)CC4)nc2n(CCC)c1=O
DOXAZOLIDINE,COc1cccc2c1C(=O)c1c(O)c3c(c(O)c1C2=O)C[C@@](O)(C(=O)CO)C[C@@H]3O[C@H]1C[C@@H]2NCO[C@@H]2[C@H](C)O1
LAUDANOSINE METHIODIDE,COc1ccc(C[C@H]2c3cc(OC)c(OC)cc3CC[N+]2(C)C)cc1OC.[I-]
ANILINOPYRIMIDINE1,O=C(Nc1cccc(Nc2nccc(Nc3cccc(C(F)(F)F)c3)n2)c1)C1CC1
DEFOSBARASERTIB,CCN(CCO)CCCOc1ccc2c(Nc3cc(CC(=O)Nc4cccc(F)c4)[nH]n3)ncnc2c1
BARASERTIB,CCN(CCCOc1ccc2c(Nc3cc(CC(=O)Nc4cccc(F)c4)[nH]n3)ncnc2c1)CCOP(=O)(O)O
SITAGLIPTIN,N[C@@H](CC(=O)N1CCn2c(nnc2C(F)(F)F)C1)Cc1cc(F)c(F)cc1F
GANBAJUNIN B,O=C(Cc1ccccc1)Oc1c(-c2ccc(O)cc2)c(OC(=O)Cc2ccccc2)c2oc3cc(O)c(O)cc3c2c1OC(=O)Cc1ccccc1
VIALININ B,O=C(Cc1ccccc1)Oc1c(-c2ccc(O)cc2)c(O)c2oc3cc(O)c(O)cc3c2c1OC(=O)Cc1ccccc1
CYCLOLEUCOMELONE,Oc1ccc(-c2c(O)c(O)c3c(oc4cc(O)c(O)cc43)c2O)cc1
ASCORBYL PALMITATE,CCCCCCCCCCCCCCCC(=O)OC[C@H](O)[C@H]1OC(=O)C(O)=C1O
ASCORBYL STEARATE,CCCCCCCCCCCCCCCCCC(=O)OC[C@H](O)[C@H]1OC(=O)C(O)=C1O
EBSELEN DITELLURIDE,O=C(Nc1ccccc1)c1ccccc1[Te][Te]c1ccccc1C(=O)Nc1ccccc1
GW406731X,COC(=O)c1cncc(/C=C/c2c(C)cc(O)cc2C)c1
GW427984X,Cc1cc(O)cc(C)c1/C=C/c1cncc(C(=O)N(C)C)c1
PIMOZIDE,O=c1[nH]c2ccccc2n1C1CCN(CCCC(c2ccc(F)cc2)c2ccc(F)cc2)CC1
GW445012X,CNC(=O)c1cncc(/C=C/c2c(C)cccc2C)c1
GW435821X,Cc1cc(O)cc(C)c1/C=C/c1cncc(C(N)=O)c1
EBSELEN DISELENIDE,O=C(Nc1ccccc1)c1ccccc1[Se][Se]c1ccccc1C(=O)Nc1ccccc1
GW439255X,Cc1cc(O)cc(C)c1/C=C/c1cncc(C(=O)OC(C)(C)C)c1
GW450241X,CCc1cccc(CC)c1/C=C/c1cncc(C(=O)NC)c1
GW445014X,CNC(=O)c1cncc(/C=C/c2c(Cl)cccc2Cl)c1
GW445015X,CNC(=O)c1cncc(/C=C/c2ccccc2C)c1
GW445017X,CNC(=O)c1cncc(/C=C/c2ccccc2Cl)c1
GW432441X,CNC(=O)Oc1cc(C)c(/C=C/c2cncc(C(=O)NC)c2)c(C)c1
TESTOSTERONE,C[C@]12CC[C@H]3[C@@H](CCC4=CC(=O)CC[C@@]43C)[C@@H]1CC[C@@H]2O
PERBROMOBENZENE,Brc1c(Br)c(Br)c(Br)c(Br)c1Br
GUANINE,Nc1nc2[nH]cnc2c(=O)[nH]1
XANTHINE,O=c1[nH]c(=O)c2nc[nH]c2[nH]1
MERCAPTOPURINE ANHYDROUS,Sc1ncnc2nc[nH]c12
8-AZAGUANINE,Nc1nc(O)c2[nH]nnc2n1
DOMPERIDONE,O=c1[nH]c2ccccc2n1CCCN1CCC(n2c(=O)[nH]c3cc(Cl)ccc32)CC1
HYPOXANTHINE,O=c1[nH]cnc2nc[nH]c12
7-DEAZAGUANINE,Nc1nc2c(c(=O)[nH]1)CC=N2
DIAZOXIDE,CC1=Nc2ccc(Cl)cc2S(=O)(=O)N1
NAVARIXIN ANHYDROUS,CC[C@@H](Nc1c(Nc2cccc(C(=O)N(C)C)c2O)c(=O)c1=O)c1ccc(C)o1
TARANABANT,C[C@H](NC(=O)C(C)(C)Oc1ccc(C(F)(F)F)cn1)[C@@H](Cc1ccc(Cl)cc1)c1cccc(C#N)c1
SPONGOTINE A,O=C(C1=NC(c2c[nH]c3cc(Br)ccc23)CN1)c1c[nH]c2ccccc12
KOTSCHYIN A,COC(=O)C[C@@H]1[C@](C)([C@@H](OC(C)=O)c2ccoc2)CC[C@@]23OC4(C)O[C@@]12[C@H](OC(=O)C(C)C)[C@@]1(OC(C)=O)[C@@H](OC(C)=O)[C@@]2(C)C[C@@]1(O4)[C@]31COC(=O)C[C@@H]21
NOBILONE,COc1cc(O)cc2c1-c1ccc(O)cc1C2=O
MOSCATILIN,COc1cc(CCc2cc(OC)c(O)c(OC)c2)ccc1O
NERIDIENONE A,CC(=O)C1=CC[C@H]2[C@@H]3C=CC4=CC(=O)CC[C@]4(C)[C@H]3C[C@@H](O)[C@]12C
NERIDIENONE B,C[C@]12C(=O)C[C@H]3[C@@H](C=CC4=CC(=O)CC[C@@]43C)[C@@H]1CC[C@@H]2[C@H](O)CO
NOBILIN D,COc1cc(CC(O)c2cc(OC)c(O)c(OC)c2)ccc1O
NOBILIN E,COc1cccc(CCc2cc(OC)c(O)c3c2C(Cc2cccc(OC)c2)c2cc(O)c(O)c(OC)c2O3)c1
GIGANTOL,COc1cc(O)cc(CCc2ccc(O)c(OC)c2)c1
ERVADIVARICATINE B,CC[C@H]1C[C@H]2CN3CCc4c([nH]c5cc([C@@H]6C[C@H]7C(C(=O)OC)[C@@H](Cc8c6[nH]c6ccccc86)N(C)C[C@H]7CC)c(OC)cc45)[C@](C(=O)OC)(C2)[C@H]13
GRAMICIDIN S,CC(C)C[C@@H]1NC(=O)[C@H](CCCN)NC(=O)[C@H](C(C)C)NC(=O)[C@@H]2CCCN2C(=O)[C@@H](Cc2ccccc2)NC(=O)[C@H](CC(C)C)NC(=O)[C@H](CCCN)NC(=O)[C@H](C(C)C)NC(=O)[C@@H]2CCCN2C(=O)[C@@H](Cc2ccccc2)NC1=O
SPONGOTINE B,O=C(C1=NC(c2c[nH]c3ccccc23)CN1)c1c[nH]c2cc(Br)ccc12
SPONGOTINE C,O=C(C1=NC(c2c[nH]c3cc(Br)ccc23)CN1)c1c[nH]c2cc(Br)ccc12
HAMACANTHIN A,O=C1N[C@@H](c2c[nH]c3cc(Br)ccc23)CN=C1c1c[nH]c2cc(Br)ccc12
HAMACANTHIN B,O=C1NC[C@H](c2c[nH]c3cc(Br)ccc23)N=C1c1c[nH]c2cc(Br)ccc12
CORUSCANONE A,COC(/C=C/c1ccccc1)=C1\C(=O)C=C(C)C1=O
RIFAMPIN,CO[C@H]1/C=C/O[C@@]2(C)Oc3c(C)c(O)c4c(O)c(c(/C=N/N5CCN(C)CC5)c(O)c4c3C2=O)NC(=O)/C(C)=C\C=C\[C@H](C)[C@H](O)[C@@H](C)[C@@H](O)[C@@H](C)[C@H](OC(C)=O)[C@@H]1C
DELAMANID,C[C@]1(COc2ccc(N3CCC(Oc4ccc(OC(F)(F)F)cc4)CC3)cc2)Cn2cc([N+](=O)[O-])nc2O1
NIMODIPINE,COCCOC(=O)C1=C(C)NC(C)=C(C(=O)OC(C)C)C1c1cccc([N+](=O)[O-])c1
MITOGUAZONE,CC(/C=N/NC(=N)N)=N\NC(=N)N
DEXAMETHASONE,C[C@@H]1C[C@H]2[C@@H]3CCC4=CC(=O)C=C[C@]4(C)[C@@]3(F)[C@@H](O)C[C@]2(C)[C@@]1(O)C(=O)CO
GANCICLOVIR,Nc1nc2c(ncn2COC(CO)CO)c(=O)[nH]1
AMPHIASTERIN B2,CCC/C=C/CCCCCCCCCCCC[C@]1(C)OC(=O)[C@@H](CO)[C@@H]1O
PLAKINIDINE E,O=C1CCNC2=C1C(=O)c1[nH]cc3c1c2nc1ccccc13
NEOAMPHIMIDINE,Cn1ccc2c(c1=O)C(=O)c1nccc3c1c-2nc1ccccc13
SUBAMOLIDE A,CCCCCCCCCCCCC/C=C1\C(=O)O[C@@](C)(OC)[C@@H]1O
SUBAMOLIDE B,CCCCCCCCCCCCC/C=C1/C(=O)O[C@@](C)(OC)[C@@H]1O
SUBAMOLIDE C,C=C1C=C(C(CCCCCCCCCCCCCC)OC)C(=O)O1
PLAKINIDINE A,CNc1c2c(c3nc4ccccc4c4c3c1N=C4)NCCC2=O
AMPHIASTERIN B1,CCC/C=C/CCCCCCCCCC[C@]1(C)OC(=O)[C@@H](CO)[C@@H]1O
SECOSUBAMOLIDE,CCCCCCCCCCCCC/C=C(/C(=O)OC)[C@H](O)C(C)=O
ASPHODELIN A,O=c1oc2cc(O)ccc2c(O)c1-c1ccc(O)cc1O
GSK-248233A,CCn1c(-c2nonc2N)nc2cnc(Oc3cccc(NC(=O)c4ccc(N(C)C)cc4)c3)cc21
GSK-269962A,CCn1c(-c2nonc2N)nc2cnc(Oc3cccc(NC(=O)c4ccc(OCCN5CCOCC5)cc4)c3)cc21
"1,3-DIPROPYL-8-CYCLOPENTYLXANTHINE [DPCPX]",CCCn1c(=O)c2[nH]c(C3CCCC3)nc2n(CCC)c1=O
GSK-180736A,CC1=C(C(=O)Nc2ccc3[nH]ncc3c2)C(c2ccc(F)cc2)NC(=O)N1
GSK-299115A,CC1=C(C(=O)Nc2ccc3[nH]ncc3c2)C(c2ccc(Cl)c(Cl)c2)CC(=O)N1
GSK-270822A,CC1=C(C(=O)Nc2ccc3[nH]ncc3c2)C(c2ccc3ccccc3c2)CC(=O)N1
GSK-466314A,CC1=C(C(=O)Nc2ccc3[nH]nc(C)c3c2)C(c2ccc(C(F)(F)F)cc2)CC(=O)N1
GSK-466317A,CC1=C(C(=O)Nc2cc(Cl)c3[nH]ncc3c2)C(c2ccc(C(F)(F)F)cc2)CC(=O)N1
RUBROLIDE O,O=C1O/C(=C\c2ccc(O)c(Br)c2)C(c2cc(Br)c(O)c(Br)c2)=C1Cl
DALDINONE C,O=C1C[C@H]2[C@@H]3CCC(=O)c4c(O)ccc(c43)[C@]2(O)c2cccc(O)c21
ACYCLOVIR,Nc1nc2c(ncn2COCCO)c(=O)[nH]1
DALDINONE D,CO[C@H]1C[C@H]2[C@@H]3CCC(=O)c4c(O)ccc(c43)[C@]2(O)c2cccc(O)c21
PSEUDOLARIC ACID B,COC(=O)C1=CC[C@@]23CC[C@@H]([C@@](C)(/C=C/C=C(\C)C(=O)O)OC2=O)[C@@]3(OC(C)=O)CC1
OXYCINCHOPHEN,O=C(O)c1c(O)c(-c2ccccc2)nc2ccccc12
SALINIKETAL A,C/C(=C/C=C/[C@H](C)[C@H](O)[C@@H](C)[C@@H](O)[C@@H](C)[C@@H]1O[C@@]2(C)CC[C@@H](O2)[C@H]1C)C(N)=O
SALINIKETAL B,C[C@H]([C@H](O)[C@H](C)[C@@H](O)[C@@H](C)/C=C/C=C(/CO)C(N)=O)[C@@H]1O[C@@]2(C)CC[C@@H](O2)[C@H]1C
DECYLUBIQUINONE,CCCCCCCCCCC1=C(C)C(=O)C(OC)=C(OC)C1=O
PSI-697,O=C(O)c1c(O)c(Cc2ccc(Cl)cc2)nc2c3c(ccc12)CCCC3
TOFIMILAST,CCc1nn(C2CCCC2)c2c1CCn1c(-c3cccs3)nnc1-2
CHRYSOTRIONE A,C=CCCCCCCCCC(O)=C1C(=O)C=CC1=O
CHRYSOTRIONE B,CCCCCCCCCCC(O)=C1C(=O)C=CC1=O
ZAPOTIN,COc1cccc(OC)c1-c1cc(=O)c2c(OC)c(OC)ccc2o1
DIACARNOXIDE C,COC(=O)[C@@H](C)[C@H]1CC[C@](C)(CCCC(C)CCC2=C(C)CCCC2(C)C)OO1
DIACARNOXIDE D,COC(=O)[C@@H](C)[C@H]1CC[C@](C)(CCC/C(C)=C/CC2C(C)=CCCC2(C)C)OO1
DIACARNOXIDE A,C=C1CCCC(C)(C)C1CCC(C)CCC[C@@]1(C)CC[C@H]([C@H](C)C(=O)OC)OO1
LY404039,N[C@@]1(C(=O)O)CS(=O)(=O)[C@H]2[C@H](C(=O)O)[C@H]21
DIACARNOXIDE B,C=C1CCCC(C)(C)C1CCC(C)CCC[C@@]1(C)CC[C@H]([C@H](C)C(=O)O)OO1
BENGAMIDE E,CO[C@@H](C(=O)N[C@H]1CCCCNC1=O)[C@H](O)[C@@H](O)[C@H](O)/C=C/C(C)C
LEUCOSOLENAMINE A,Cn1c(/N=C2\NC(=N)N=C2Cc2ccc3c(c2)OCO3)c(N)c(=O)n(C)c1=O
TELBIVUDINE,Cc1cn([C@@H]2C[C@@H](O)[C@H](CO)O2)c(=O)[nH]c1=O
DORZOLAMIDE,CCN[C@H]1C[C@H](C)S(=O)(=O)c2sc(S(N)(=O)=O)cc21
BRINZOLAMIDE,CCN[C@H]1CN(CCCOC)S(=O)(=O)c2sc(S(N)(=O)=O)cc21
TOPIRAMATE,CC1(C)O[C@@H]2[C@@H](CO[C@@]3(COS(N)(=O)=O)OC(C)(C)O[C@@H]23)O1
OTX-008,CN(C)CCNC(=O)COc1c2cccc1Cc1cccc(c1OCC(=O)NCCN(C)C)Cc1cccc(c1OCC(=O)NCCN(C)C)Cc1cccc(c1OCC(=O)NCCN(C)C)C2
TETRAIODOPHENOLPHTHALEINE,O=C1OC(c2ccc(O)cc2)(c2ccc(O)cc2)c2c(I)c(I)c(I)c(I)c21
E2MATE,C[C@]12CC[C@@H]3c4ccc(OS(N)(=O)=O)cc4CC[C@H]3[C@@H]1CC[C@@H]2O
FASITIBANT,Cc1cc(C)c2cccc(OCc3c(Cl)ccc(S(=O)(=O)NC4(C(=O)N5CCN(C(=O)[C@@H](N)CCC[N+](C)(C)C)CC5)CCOCC4)c3Cl)c2n1
ELEDOISIN,CC[C@H](C)[C@H](NC(=O)[C@H](Cc1ccccc1)NC(=O)[C@H](C)NC(=O)[C@H](CC(=O)O)NC(=O)[C@H](CCCCN)NC(=O)[C@H](CO)NC(=O)[C@@H]1CCCN1C(=O)[C@@H]1CCC(=O)N1)C(=O)NCC(=O)N[C@@H](CC(C)C)C(=O)N[C@@H](CCSC)C(N)=O
RGI-7000,CCCCCCCCCCCCCCCCCCCCCCCCCC(=O)N[C@@H](CO[C@H]1O[C@H](CO)[C@H](O)[C@H](O)[C@H]1O)[C@H](O)[C@H](O)CCCCCCCCCCCCCC
GW590735,Cc1nc(-c2ccc(C(F)(F)F)cc2)sc1C(=O)NCc1ccc(OC(C)(C)C(=O)O)cc1
ABT 737,CN(C)CC[C@H](CSc1ccccc1)Nc1ccc(S(=O)(=O)NC(=O)c2ccc(N3CCN(Cc4ccccc4-c4ccc(Cl)cc4)CC3)cc2)cc1[N+](=O)[O-]
DEHYDROISO-ALPHA-LAPACHONE,C=C(C)C1CC2=C(O1)C(=O)c1ccccc1C2=O
VASOPRESSIN,N=C(N)NCCC[C@H](NC(=O)[C@@H]1CCCN1C(=O)[C@@H]1CSSC[C@H](N)C(=O)N[C@@H](Cc2ccc(O)cc2)C(=O)N[C@@H](Cc2ccccc2)C(=O)N[C@@H](CCC(N)=O)C(=O)N[C@@H](CC(N)=O)C(=O)N1)C(=O)NCC(N)=O
DESMOPRESSIN,N=C(N)NCCC[C@@H](NC(=O)[C@@H]1CCCN1C(=O)[C@@H]1CSSCCC(=O)N[C@@H](Cc2ccc(O)cc2)C(=O)N[C@@H](Cc2ccccc2)C(=O)N[C@@H](CCC(N)=O)C(=O)N[C@@H](CC(N)=O)C(=O)N1)C(=O)NCC(N)=O
REVERSIN 121,CC(C)(C)OC(=O)N[C@@H](CC(=O)OCc1ccccc1)C(=O)N[C@@H](CCCCNC(=O)OCc1ccccc1)C(=O)OC(C)(C)C
REVERSIN 213,O=C(CCC(=O)N[C@@H](CCC(=O)OCc1ccccc1)C(=O)OCc1ccccc1)N[C@@H](CCC(=O)OCc1ccccc1)C(=O)OCc1ccccc1
BOROPINIC ACID,COc1cc(/C=C/C(=O)O)ccc1OCC=C(C)C
VALENCIC ACID,CC(C)=CCOc1ccc(C(=O)O)cc1
ADOPRAZINE,Fc1ccc(-c2cncc(CN3CCN(c4cccc5c4OCCO5)CC3)c2)cc1
SARIZOTAN,Fc1ccc(-c2cncc(CNC[C@H]3CCc4ccccc4O3)c2)cc1
BIFEPRUNOX,O=c1[nH]c2cccc(N3CCN(Cc4cccc(-c5ccccc5)c4)CC3)c2o1
LAROPIPRANT,CS(=O)(=O)c1cc(F)cc2c3c(n(Cc4ccc(Cl)cc4)c12)[C@@H](CC(=O)O)CC3
CYNAROPICRIN,C=C(CO)C(=O)O[C@H]1CC(=C)[C@@H]2C[C@H](O)C(=C)[C@@H]2[C@H]2OC(=O)C(=C)[C@@H]21
EUPATORIOPICRIN,C=C1C(=O)O[C@@H]2/C=C(\C)CC/C=C(/C)C[C@@H](OC(=O)/C(=C/CO)CO)[C@@H]12
INOSCAVIN D,COC1Oc2cc(/C=C/c3ccc(O)c(O)c3)oc(=O)c2-c2cc(O)c(O)cc21
METHYLINOSCAVIN D,COc1cc(/C=C/c2cc3c(c(=O)o2)-c2cc(O)c(O)cc2C(OC)O3)ccc1O
PHELLIGRIDIN D,O=c1oc2cc(/C=C/c3ccc(O)c(O)c3)oc(=O)c2c2cc(O)c(O)cc12
PROTOCATECHUALDEHYDE,O=Cc1ccc(O)c(O)c1
S-1360,O=C(/C=C(\O)c1nc[nH]n1)c1ccc(Cc2ccc(F)cc2)o1
BEAUVERICIN,CC(C)[C@@H]1OC(=O)[C@@H](Cc2ccccc2)N(C)C(=O)[C@H](C(C)C)OC(=O)[C@@H](Cc2ccccc2)N(C)C(=O)[C@H](C(C)C)OC(=O)[C@@H](Cc2ccccc2)N(C)C1=O
CUDRAFLAVANONE A,CC(C)=CCc1c(O)cc2c(c1O)C(=O)C[C@@H](c1cc3c(cc1O)OC(C)(C)C=C3)O2
CUDRAFLAVONE B,CC(C)=CCc1c(-c2ccc(O)cc2O)oc2cc3c(c(O)c2c1=O)C=CC(C)(C)O3
CASEANIGRESCEN A,C=CC(=C)CC[C@]1(C)[C@H](C)[C@@H](OC(C)=O)[C@H](O)[C@@]23C(=C[C@H](OC(=O)CCC)C[C@@H]12)[C@@H](OC(C)=O)O[C@H]3OC(C)=O
CASEANIGRESCEN B,C=CC(=C)CC[C@]1(C)[C@H](C)[C@@H](O)[C@H](O)[C@@]23C(=C[C@H](OC(=O)CCC)C[C@@H]12)[C@@H](OC(C)=O)O[C@H]3OC(C)=O
CASEANIGRESCEN C,C=CC(=C)CC[C@]1(C)[C@H](C)[C@@H](O)[C@H](OC(C)=O)[C@@]23C(=C[C@H](OC(=O)CCC)C[C@@H]12)[C@@H](OC(C)=O)O[C@H]3OC(C)=O
TOFACITINIB,C[C@@H]1CCN(C(=O)CC#N)C[C@@H]1N(C)c1ncnc2[nH]ccc12
CASEANIGRESCEN D,C=CC(=C)CC[C@]1(C)[C@H](C)C[C@H](O)[C@@]23C(=C[C@H](OC(=O)CCC)C[C@@H]12)[C@@H](OC(C)=O)O[C@H]3OC(C)=O
CASEANIGRESCEN D2,C=CC(=C)CC[C@]1(C)[C@H](C)C[C@H](O)[C@@]2(C=O)C(C=O)=C[C@H](OC(=O)CCC)C[C@@H]12
CINNAFRAGRIN D,CC(=O)O[C@@H]1C=C2C3OC4OC5OC(O[C@@]24[C@@]2(C)CCCC(C)(C)[C@H]12)C1=C[C@@H](OC(C)=O)[C@H]2C(C)(C)CCC[C@]2(C)[C@]15O3
CLETHRAMYCIN,C/C(=C\C=C\C=C\CC/C=C/C(C)C(O)C(C)C(O)/C=C/C=C/C=C/C=C/C=C/C=C/CC(OS(=O)(=O)O)C(C)C(=O)CC(O)CC(O)/C=C/CC(O)CC(O)CC(O)/C=C/CC(O)CC(O)/C=C/CC(O)CC(O)CCCNC(=N)N)C(=O)O
PHELLIGRIDIN H,O=c1oc2cc(-c3c(-c4ccc(O)c(O)c4)oc4cc(/C=C/c5ccc(O)c(O)c5)oc(=O)c34)oc(=O)c2c2cc(O)c(O)cc12
PHELLIGRIDIN I,O=c1oc(/C=C/c2ccc(O)c(O)c2)cc(O)c1-c1cc(O)c(O)cc1/C=C/c1cc2oc(=O)c3cc(O)c(O)cc3c2c(=O)o1
BEMADIENOLIDE,CC1(C)CCC[C@]2(C)C3=C(C=C[C@@H]12)C(=O)OC3
CAPSICODENDRIN,CC(=O)O[C@@H]1C=C(C2O[C@@H]3OC(O)C4=C[C@@H](OC(C)=O)[C@H]5C(C)(C)CCC[C@]5(C)[C@]43O2)[C@](O)(C=O)[C@@]2(C)CCCC(C)(C)[C@H]12
CINNAMODIAL,CC(=O)O[C@@H]1C=C(C=O)[C@](O)(C=O)[C@@]2(C)CCCC(C)(C)[C@H]12
CINNAMOLIDE,CC1(C)CCC[C@]2(C)[C@H]3COC(=O)C3=CC[C@@H]12
EPIPOLYGODIAL,CC1(C)CCC[C@]2(C)[C@H](C=O)C(C=O)=CC[C@@H]12
CINNAFRAGRIN A,CC(=O)O[C@@H]1C=C([C@@H]2O[C@@H]3O[C@H](O)C4=C[C@@H](OC(C)=O)[C@H]5C(C)(C)CCC[C@]5(C)[C@]43O2)[C@](O)(C=O)[C@@]2(C)CCCC(C)(C)[C@H]12
CINNAFRAGRIN B,COC1O[C@H]2O[C@H](C3=C[C@@H](OC(C)=O)[C@H]4C(C)(C)CCC[C@]4(C)[C@@]3(O)C=O)O[C@@]23C1=C[C@@H](OC(C)=O)[C@H]1C(C)(C)CCC[C@@]13C
CINNAFRAGRIN C,CC(=O)O[C@@H]1[C@@H](O[C@H]2O[C@@H]3O[C@H](C4=C[C@@H](OC(C)=O)[C@H]5C(C)(C)CCC[C@]5(C)[C@@]4(O)C=O)O[C@@]34C2=C[C@@H](OC(C)=O)[C@H]2C(C)(C)CCC[C@@]24C)C2=C(C(=O)OC2)[C@@]2(C)CCCC(C)(C)[C@H]12
PHELLIGRIDIN J,O=C(O)c1cc2oc(=O)c3cc(O)c(O)cc3c2c(=O)o1
MEDIOMYCIN A,C/C(=C\C=C\C=C\CC/C=C/C(C)C(O)C(C)C(O)/C=C/C=C/C=C/C=C/C=C/C=C/CC(OS(=O)(=O)O)C(C)C(=O)CC(O)CC(O)/C=C/CC(O)CC(O)CC(O)/C=C/CC(O)CC(O)/C=C/CC(O)CC(O)CCCN)C(=O)O
MEDIOMYCIN B,C/C(=C\C=C\C=C\CC/C=C/C(C)C(O)C(C)C(O)/C=C/C=C/C=C/C=C/C=C/C=C/CC(O)C(C)C(=O)CC(O)CC(O)/C=C/CC(O)CC(O)CC(O)/C=C/CC(O)CC(O)/C=C/CC(O)CC(O)CCCN)C(=O)O
PRIMULANIN,CC1(C)[C@@H](O[C@@H]2OC[C@H](O[C@@H]3O[C@H](CO)[C@@H](O)[C@H](O)[C@H]3O[C@@H]3OC[C@@H](O)[C@H](O)[C@H]3O)[C@H](O)[C@H]2O)CC[C@]2(C)[C@H]3CC[C@]45OC[C@@]6(CC[C@](C)(C=O)C[C@H]64)[C@H](O)C[C@@]5(C)[C@]3(C)CC[C@@H]12
ARDISIAMAMILLOSIDE H,C[C@@H]1O[C@@H](O[C@H]2[C@H](O[C@H]3CO[C@@H](O[C@H]4CC[C@]5(C)[C@H]6CC[C@]78OC[C@@]9(CC[C@](C)(C=O)C[C@H]97)C(=O)C[C@@]8(C)[C@]6(C)CC[C@H]5C4(C)C)[C@H](O)[C@H]3O)O[C@H](CO)[C@@H](O)[C@@H]2O)[C@H](O)[C@H](O)[C@H]1O
ARDISIAMAMILLOSIDE F,C[C@@H]1O[C@@H](O[C@H]2[C@H](O[C@H]3CO[C@@H](O[C@H]4CC[C@]5(C)[C@H]6CC[C@]78OC[C@@]9(CC[C@](C)(C(=O)O)C[C@H]97)[C@H](O)C[C@@]8(C)[C@]6(C)CC[C@H]5C4(C)C)[C@H](O[C@@H]4O[C@H](CO)[C@@H](O)[C@H](O)[C@H]4O)[C@H]3O)O[C@H](CO)[C@@H](O)[C@@H]2O)[C@H](O)[C@H](O)[C@H]1O
ARDISIANOSIDE G,C[C@@H]1O[C@@H](O[C@H]2[C@H](O[C@H]3CO[C@@H](O[C@H]4CC[C@]5(C)[C@H]6CC[C@]78OC[C@@]9(CC[C@](C)(O)C[C@H]97)[C@H](O)C[C@@]8(C)[C@]6(C)CC[C@H]5C4(C)C)[C@H](O[C@@H]4O[C@H](CO)[C@@H](O)[C@H](O)[C@H]4O)[C@H]3O)O[C@H](CO)[C@@H](O)[C@@H]2O)[C@H](O)[C@H](O)[C@H]1O
CARNOSOL,CC(C)c1cc2c(c(O)c1O)[C@@]13CCCC(C)(C)[C@@H]1C[C@@H]2OC3=O
AMBIGUINE H ISONITRILE,C=CC(C)(C)c1[nH]c2cccc3c2c1[C@H]1[C@@H](C#N)[C@@](C)(C=C)CC[C@@H]1C3(C)C
CINNABARAMIDE A,CCCCCC[C@H]1C(=O)N[C@@]2([C@@H](O)[C@@H]3C=CCCC3)C(=O)O[C@@]12C
CINNABARAMIDE B,CCCCCC(O)[C@H]1C(=O)N[C@@]2([C@@H](O)[C@@H]3C=CCCC3)C(=O)O[C@@]12C
AMBIGUINE I ISONITRILE,C=C[C@@]1(C)CC[C@@H]2C(C)(C)c3cccc4[nH]c5c(c34)[C@@]2(O)[C@]1(C#N)[C@H]1O[C@H]1C5(C)C
AMBREIN,C=C1CCCC(C)(C)[C@@H]1CC/C(C)=C/CC[C@@H]1[C@@]2(C)CCCC(C)(C)[C@@H]2CC[C@@]1(C)O
SALINOSPORAMIDE J,C[C@@]12OC(=O)[C@]1(CC1C=CCCC1)NC(=O)[C@@H]2CCCl
CINNABARAMIDE C,CCCCCC[C@H]1C(=O)N[C@@]2(C[C@@H]3C=CCCC3)C(=O)O[C@@]12C
CINNABARAMIDE D,CCCCCC(O)[C@H]1C(=O)N[C@](C(=O)O)([C@@H](O)[C@@H]2C=CCCC2)[C@@]1(C)O
VARIOLARIC ACID,Cc1cc(O)cc2c1C(=O)Oc1cc3c(c(O)c1O2)C(=O)OC3
CINNABARAMIDE E,CCCCCC[C@H]1C(=O)N[C@](C(=O)O)([C@@H](O)[C@@H]2C=CCCC2)[C@@]1(C)O
CINNABARAMIDE F,CCCCCC[C@H]1C(=O)N[C@](C(=O)SC[C@H](NC(C)=O)C(=O)O)([C@@H](O)[C@@H]2C=CCCC2)[C@@]1(C)O
ARDISIANOSIDE H,CC1(C)CC[C@]23C(=O)O[C@@]4(CC[C@@H]5[C@@]6(C)CC[C@H](O[C@@H]7OC[C@H](O[C@@H]8O[C@H](CO)[C@@H](O)[C@H](O[C@@H]9O[C@H](CO)[C@@H](O[C@@H]%10O[C@H](CO)[C@@H](O)[C@H](O)[C@H]%10O)[C@H](O[C@@H]%10O[C@H](CO)[C@@H](O)[C@H](O)[C@H]%10O)[C@H]9O)[C@H]8O[C@@H]8OC[C@@H](O)[C@H](O)[C@H]8O)[C@H](O)[C@H]7O[C@@H]7O[C@H](CO)[C@@H](O)[C@H](O)[C@H]7O)C(C)(C)[C@@H]6CC[C@@]5(C)[C@]4(C)C[C@H]2O)[C@@H]3C1
ARDISIANOSIDE I,C[C@@H]1O[C@@H](O[C@H]2[C@H](O[C@H]3CO[C@@H](O[C@H]4CC[C@]5(C)[C@H]6CC[C@]78OC(=O)[C@@]9(CC[C@](C)(CO)C[C@H]97)[C@H](O)C[C@@]8(C)[C@]6(C)CC[C@H]5C4(C)C)[C@H](O[C@@H]4O[C@H](CO)[C@@H](O)[C@H](O)[C@H]4O)[C@H]3O)O[C@H](CO)[C@@H](O)[C@@H]2O)[C@H](O)[C@H](O)[C@H]1O
ARDISIANOSIDE J,C[C@@H]1O[C@@H](O[C@H]2[C@H](O[C@H]3CO[C@@H](O[C@H]4CC[C@]5(C)[C@H]6CC[C@]78OC(=O)[C@@]9(CC[C@](C)(C=O)C[C@H]97)[C@H](O)C[C@@]8(C)[C@]6(C)CC[C@H]5C4(C)C)[C@H](O[C@@H]4O[C@H](CO)[C@@H](O)[C@H](O)[C@H]4O)[C@H]3O)O[C@H](CO)[C@@H](O)[C@@H]2O)[C@H](O)[C@H](O)[C@H]1O
ARDISIANOSIDE K,C[C@@H]1O[C@@H](O[C@H]2[C@H](O[C@H]3CO[C@@H](O[C@H]4CC[C@]5(C)[C@H]6CC=C7[C@@H]8C[C@@](C)(CO)CC[C@]8(CO)[C@@H]8O[C@@H]8[C@@]7(C)[C@]6(C)CC[C@H]5C4(C)C)[C@H](O[C@@H]4O[C@H](CO)[C@@H](O)[C@H](O)[C@H]4O)[C@H]3O)O[C@H](CO)[C@@H](O)[C@@H]2O)[C@H](O)[C@H](O)[C@H]1O
ARDISIAMAMILLOSEDE C,C[C@@H]1O[C@@H](O[C@H]2[C@H](O[C@H]3CO[C@@H](O[C@H]4CC[C@]5(C)[C@H]6CC=C7[C@@H]8C[C@@](C)(CO)CC[C@]8(CO)[C@H](O)C[C@@]7(C)[C@]6(C)CC[C@H]5C4(C)C)[C@H](O[C@@H]4O[C@H](CO)[C@@H](O)[C@H](O)[C@H]4O)[C@H]3O)O[C@H](CO)[C@@H](O)[C@@H]2O)[C@H](O)[C@H](O)[C@H]1O
CINNABARAMIDE G,CCCCCC[C@H]1C(=O)N[C@](C(=O)SC[C@H](NC(C)=O)C(=O)OC)([C@@H](O)[C@@H]2C=CCCC2)[C@@]1(C)O
LACTACYSTIN,CC(=O)N[C@@H](CSC(=O)[C@]1([C@@H](O)C(C)C)NC(=O)[C@H](C)[C@@H]1O)C(=O)O
FORKIENIN,O=Cc1cc(Cc2ccc(O)cc2)ccc1O
DYSOSMAROL,COc1cc(O)cc([C@@H](O)[C@@H]2CO[C@@H](c3ccc(O)c(OC)c3)[C@@H]2CO)c1
MUTANGIN,CC(=O)O[C@H]1C[C@@H](C)[C@]23OC(C)(C)[C@H](C[C@H](OC(=O)c4ccccc4)[C@]2(COC(=O)c2ccccc2)[C@H]1OC(C)=O)[C@H]3OC(C)=O
BENZETHONIUM CHLORIDE,CC(C)(C)CC(C)(C)c1ccc(OCCOCC[N+](C)(C)Cc2ccccc2)cc1.[Cl-]
EXCELSIONE,Cc1cc(O)c(CO)c2c1C(=O)Oc1c(C)c3c(c(O)c1O2)C(=O)OC3
ORBICULIN G,CC(=O)O[C@H]1[C@@H](OC(=O)c2ccccc2)C[C@@H](C)[C@]23OC(C)(C)[C@H](C[C@H](OC(=O)c4ccccc4)[C@]12C)[C@H]3OC(=O)c1ccccc1
DIPHYLLIN,COc1cc2c(O)c3c(c(-c4ccc5c(c4)OCO5)c2cc1OC)C(=O)OC3
BETA-SITOSTEROL,CC[C@H](CC[C@@H](C)[C@H]1CC[C@H]2[C@@H]3CC=C4C[C@@H](O)CC[C@]4(C)[C@H]3CC[C@]12C)C(C)C
BETA-SITOSTENONE,CC[C@H](CC[C@@H](C)[C@H]1CC[C@H]2[C@@H]3CC=C4CC(=O)CC[C@]4(C)[C@H]3CC[C@]12C)C(C)C
KISSPEPTIN-10,CC(C)C[C@H](NC(=O)CNC(=O)[C@H](Cc1ccccc1)NC(=O)[C@H](CO)NC(=O)[C@H](CC(N)=O)NC(=O)[C@H](Cc1c[nH]c2ccccc12)NC(=O)[C@H](CC(N)=O)NC(=O)[C@@H](N)Cc1ccc(O)cc1)C(=O)N[C@@H](CCCNC(=N)N)C(=O)N[C@@H](Cc1ccccc1)C(N)=O
OLIVEROLINE,CN1CCc2cc3c(c4c2[C@H]1[C@@H](O)c1ccccc1-4)OCO3
DYSIHERBAINE,CN[C@H]1[C@H]2O[C@@](C[C@H](N)C(=O)O)(C(=O)O)C[C@H]2OC[C@H]1O
DEHYDRODISCRETINE,COc1cc2c(cc1O)CC[n+]1cc3cc(OC)c(OC)cc3cc1-2
PSEUDOPALMATINE,COc1cc2c(cc1OC)-c1cc3cc(OC)c(OC)cc3c[n+]1CC2
AYLTHONIC ACID,CC1=CCC[C@@H]2[C@@](C)(CC(=O)O)[C@H](C)C[C@H](O)[C@@]12C
NEODYSIHERBAINE A,N[C@@H](C[C@]1(C(=O)O)C[C@H]2OC[C@@H](O)[C@@H](O)[C@H]2O1)C(=O)O
10-HYDROXY-METHYL-NEODYSIHERBAINE A,N[C@@H](C[C@]1(C(=O)O)C[C@H]2O[C@H](CO)[C@@H](O)[C@@H](O)[C@H]2O1)C(=O)O
ARDISIANOSIDES A,CC1(C)CC[C@]23CO[C@@]4(CC[C@@H]5[C@@]6(C)CC[C@H](O[C@@H]7OC[C@H](O[C@@H]8O[C@H](CO)[C@@H](O)[C@H](O[C@@H]9O[C@H](CO)[C@@H](O[C@@H]%10O[C@H](CO)[C@@H](O)[C@H](O)[C@H]%10O)[C@H](O[C@@H]%10O[C@H](CO)[C@@H](O)[C@H](O)[C@H]%10O)[C@H]9O)[C@H]8O[C@@H]8OC[C@@H](O)[C@H](O)[C@H]8O)[C@H](O)[C@H]7O[C@@H]7O[C@H](CO)[C@@H](O)[C@H](O)[C@H]7O)C(C)(C)[C@@H]6CC[C@@]5(C)[C@]4(C)C[C@H]2O)[C@@H]3C1
ARDISIANOSIDE B,CC1(C)CC[C@]23CO[C@@]4(CC[C@@H]5[C@@]6(C)CC[C@H](O[C@@H]7OC[C@H](O[C@@H]8O[C@H](CO)[C@@H](O)[C@H](O[C@@H]9O[C@H](CO)[C@@H](O)[C@H](O[C@@H]%10O[C@H](CO)[C@@H](O)[C@H](O)[C@H]%10O)[C@H]9O)[C@H]8O[C@@H]8OC[C@@H](O)[C@H](O)[C@H]8O)[C@H](O)[C@H]7O[C@@H]7O[C@H](CO)[C@@H](O)[C@H](O)[C@H]7O)C(C)(C)[C@@H]6CC[C@@]5(C)[C@]4(C)C[C@H]2O)[C@@H]3C1
ARDISIANOSIDE C,C[C@@H]1O[C@@H](O[C@H]2[C@H](O[C@H]3CO[C@@H](O[C@H]4CC[C@]5(C)[C@H]6CC[C@]78OC[C@@]9(CCC(C)(C)C[C@H]97)[C@H](O)C[C@@]8(C)[C@]6(C)CC[C@H]5C4(C)C)[C@H](O)[C@H]3O)O[C@H](CO)[C@@H](O)[C@@H]2O)[C@H](O)[C@H](O)[C@H]1O
ARDISIANOSIDE D,CC1(C)CC[C@]23CO[C@@]4(CC[C@@H]5[C@@]6(C)CC[C@H](O[C@@H]7OC[C@H](O[C@@H]8O[C@H](CO)[C@@H](O)[C@H](O)[C@H]8O[C@@H]8OC[C@@H](O)[C@H](O)[C@H]8O)[C@H](O)[C@H]7O)C(C)(C)[C@@H]6CC[C@@]5(C)[C@]4(C)C[C@H]2O)[C@@H]3C1
ARDISIANOSIDE E,CC1(C)[C@@H](O[C@@H]2OC[C@H](O[C@@H]3O[C@H](CO)[C@@H](O)[C@H](O)[C@H]3O)[C@H](O)[C@H]2O[C@@H]2O[C@H](CO)[C@@H](O)[C@H](O)[C@H]2O)CC[C@]2(C)[C@H]3CC[C@]45OC[C@@]6(CC[C@](C)(CO)C[C@H]64)[C@H](O)C[C@@]5(C)[C@]3(C)CC[C@@H]12
ARDISIANOSIDE F,CC1(C)[C@@H](O[C@@H]2OC[C@H](O[C@@H]3O[C@H](CO)[C@@H](O)[C@H](O[C@@H]4O[C@H](CO)[C@@H](O)[C@H](O)[C@H]4O)[C@H]3O[C@@H]3OC[C@@H](O)[C@H](O)[C@H]3O)[C@H](O)[C@H]2O[C@@H]2O[C@H](CO)[C@@H](O)[C@H](O)[C@H]2O)CC[C@]2(C)[C@H]3CC[C@]45OC[C@@]6(CC[C@](C)(CO)C[C@H]64)[C@H](O)C[C@@]5(C)[C@]3(C)CC[C@@H]12
ARDISICRENOSIDE A,C[C@@H]1O[C@@H](O[C@H]2[C@H](O[C@H]3CO[C@@H](O[C@H]4CC[C@]5(C)[C@H]6CC[C@]78OC[C@@]9(CC[C@](C)(CO)C[C@H]97)[C@H](O)C[C@@]8(C)[C@]6(C)CC[C@H]5C4(C)C)[C@H](O[C@@H]4O[C@H](CO)[C@@H](O)[C@H](O)[C@H]4O)[C@H]3O)O[C@H](CO)[C@@H](O)[C@@H]2O)[C@H](O)[C@H](O)[C@H]1O
CYCLAMIN,CC1(C)[C@@H](O[C@@H]2OC[C@H](O[C@@H]3O[C@H](CO)[C@@H](O)[C@H](O[C@@H]4O[C@H](CO)[C@@H](O)[C@H](O)[C@H]4O)[C@H]3O[C@@H]3OC[C@@H](O)[C@H](O)[C@H]3O)[C@H](O)[C@H]2O[C@@H]2O[C@H](CO)[C@@H](O)[C@H](O)[C@H]2O)CC[C@]2(C)[C@H]3CC[C@]45OC[C@@]6(CC[C@](C)(C=O)C[C@H]64)[C@H](O)C[C@@]5(C)[C@]3(C)CC[C@@H]12
ISOGRANULATIMIDE,O=C1NC(=O)c2c1c1c3ccccc3[nH]c1n1cncc21
ARDISIACRISPIN B,C[C@@H]1O[C@@H](O[C@H]2[C@H](O[C@H]3CO[C@@H](O[C@H]4CC[C@]5(C)[C@H]6CC[C@]78OC[C@@]9(CC[C@](C)(C=O)C[C@H]97)[C@H](O)C[C@@]8(C)[C@]6(C)CC[C@H]5C4(C)C)[C@H](O[C@@H]4O[C@H](CO)[C@@H](O)[C@H](O)[C@H]4O)[C@H]3O)O[C@H](CO)[C@@H](O)[C@@H]2O)[C@H](O)[C@H](O)[C@H]1O
CYCLAMIRETIN A,C[C@@H]1O[C@@H](O[C@H]2[C@H](O[C@H]3CO[C@@H](O[C@H]4CC[C@]5(C)[C@H]6CC[C@]78OC[C@@]9(CC[C@](C)(C=O)C[C@H]97)[C@H](O)C[C@@]8(C)[C@]6(C)CC[C@H]5C4(C)C)[C@H](O)[C@H]3O)O[C@H](CO)[C@@H](O)[C@@H]2O)[C@H](O)[C@H](O)[C@H]1O
BIKAVERIN,COC1=CC(=O)c2c(c(O)c3oc4cc(OC)cc(C)c4c(=O)c3c2O)C1=O
ERYLOSIDE F1,C=C(CC[C@@H](C)[C@H]1CC[C@@]2(C(=O)O)C3=C(CC[C@]12C)[C@@]1(C)CC[C@H](O[C@@H]2OC[C@H](O)[C@H](O)[C@H]2O[C@@H]2O[C@H](CO)[C@H](O)[C@H](O)[C@H]2O)C(C)(C)[C@@H]1CC3)C(C)C
ERYLOSIDE F3,C=C(C)[C@@H](O)CC[C@@H](C)[C@H]1CC[C@@]2(C(=O)O)C3=C(CC[C@]12C)[C@@]1(C)CC[C@H](O[C@@H]2OC[C@H](O)[C@H](O)[C@H]2O[C@@H]2O[C@H](CO)[C@H](O)[C@H](O)[C@H]2O)C(C)(C)[C@@H]1CC3
ERYLOSIDE F,CC(C)=CCC[C@@H](C)[C@H]1CC[C@@]2(C(=O)O)C3=C(CC[C@]12C)[C@@]1(C)CC[C@H](O[C@@H]2OC[C@H](O)[C@H](O)[C@H]2O[C@@H]2O[C@H](CO)[C@H](O)[C@H](O)[C@H]2O)C(C)(C)[C@@H]1CC3
DYSOXYLIN A,C/C=C(/C)C(=O)O[C@@H]1[C@@H]2OC[C@]3(C)[C@H](O)C[C@H](OC(C)=O)[C@@](C)([C@@H]23)[C@H]2C[C@H](OC(C)=O)[C@]3(C)C(=CC[C@H]3C3COC(=O)C3)[C@]12C
DYSOXYLIN B,CC(=O)O[C@H]1C[C@H]2[C@](C)(C3=CC[C@@H](C4COC(=O)C4)[C@@]31C)[C@H](OC(=O)c1ccccc1)[C@@H]1OC[C@]3(C)[C@H](O)C[C@H](OC(C)=O)[C@@]2(C)[C@@H]13
DYSOXYLIN C,CCC(C)C(=O)O[C@@H]1[C@@H]2OC[C@]3(C)[C@H](O)C[C@H](OC(C)=O)[C@@](C)([C@@H]23)[C@H]2C[C@H](OC(C)=O)[C@]3(C)C(=CC[C@H]3C3COC(=O)C3)[C@]12C
DYSOXYLIN D,CC(=O)O[C@H]1C[C@H]2[C@](C)(C3=CC[C@@H](C4COC(=O)C4)[C@@]31C)[C@H](OC(=O)/C=C(\C)C(C)C)[C@@H]1OC[C@]3(C)[C@H](O)C[C@H](OC(C)=O)[C@@]2(C)[C@@H]13
GRAVICYCLE,Oc1cc2cc(c1)Oc1c(O)cc(cc1O)[C@H](O)CCCCCCCCCCCCC2
DEHYDROGRAVICYCLE,Oc1cc2cc(c1)Oc1c(O)cc(cc1O)[C@H](O)CCCCCC/C=C/CCCCC2
BISGRAVILLOL,COc1cc(O)cc(CCCCCCCCCCCCCCc2cc(O)cc(O)c2)c1
DEHYDROBISGRAVILLOL,COc1cc(O)cc(CCCCCCC/C=C/CCCCCc2cc(O)cc(O)c2)c1
DEHYDROGRAVIPHANE,Oc1cc(O)c2c(c1)CCCCC/C=C/CCCCCCCc1cc(O)c-2c(O)c1
EMBELIN,CCCCCCCCCCCC1=C(O)C(=O)C=C(O)C1=O
DISTACHYASIN,COC1=CC(=O)[C@@]2(O)C[C@H]3[C@H](c4ccccc4C3(C)C)[C@@H](O)C2=C1
METHYLGRAVIPHANE,COc1cc(O)cc2c1-c1c(O)cc(cc1O)CCCCCCCCCCCCCC2
ERGOSTEROL PEROXIDE,CC(C)[C@@H](C)/C=C/[C@@H](C)[C@H]1CC[C@@H]2[C@]1(C)CC[C@H]1[C@]23C=C[C@]2(C[C@@H](O)CC[C@]12C)OO3
ROBUSTOL,Oc1cc2cc(c1)Oc1c(O)cc(cc1O)CCCCCCCCCCCCCC2
DEHYDROROBUSTOL A,Oc1cc2cc(c1)Oc1c(O)cc(cc1O)CCCCCCC/C=C/CCCCC2
BISNORSTRIATOL,Oc1cc(O)cc(CCCCCCCCCCCCCCc2cc(O)cc(O)c2)c1
FLUOROURACIL,O=c1[nH]cc(F)c(=O)[nH]1
PODOCARPUSFLAVONE A,COc1ccc(-c2cc(=O)c3c(O)cc(O)c(-c4cc(-c5cc(=O)c6c(O)cc(O)cc6o5)ccc4O)c3o2)cc1
"7'',4'''-dimethylamentoflavone",COc1ccc(-c2cc(=O)c3c(O)cc(OC)c(-c4cc(-c5cc(=O)c6c(O)cc(O)cc6o5)ccc4O)c3o2)cc1
ADRENOGLOMERULOTROPIN,COc1ccc2[nH]c3c(c2c1)CCNC3C
GALACTOSYLATEDPIPERAZINE,O=C([C@H](O)[C@@H](O)[C@H](O[C@@H]1O[C@H](CO)[C@H](O)[C@H](O)[C@H]1O)[C@H](O)CO)N1CCNCC1
RB 2,Nc1c(S(=O)(=O)[O-])cc(Nc2ccc(Nc3nc(Cl)nc(Nc4cccc(S(=O)(=O)[O-])c4)n3)c(S(=O)(=O)[O-])c2)c2c1C(=O)c1ccccc1C2=O.[Na+].[Na+].[Na+]
ANIASATIN,C[C@@H]1C[C@@H](O)[C@@]2(O)[C@@]13C[C@@H](OC(=O)[C@@H]3O)[C@](C)(O)[C@@]21COC1=O
MELILOTOSIDE,O=C(O)/C=C/c1ccccc1O[C@@H]1O[C@H](CO)[C@@H](O)[C@H](O)[C@H]1O
NEOCUPROINE,Cc1ccc2ccc3ccc(C)nc3c2n1
BATHOCUPROINE,Cc1cc(-c2ccccc2)c2ccc3c(-c4ccccc4)cc(C)nc3c2n1
GSK-319347A,COc1cc2ncn(-c3cc(OCc4ccccc4S(C)(=O)=O)c(C#N)s3)c2cc1OC
PENICILLAMINE,CC(C)(S)[C@@H](N)C(=O)O
GENTAMINE C1A,NC[C@@H]1CC[C@@H](N)[C@@H](O[C@H]2[C@H](O)[C@@H](O)[C@H](N)C[C@@H]2N)O1
BRASSININ,CSC(=S)NCc1c[nH]c2ccccc12
GENTAMICIN C2,CN[C@@H]1[C@@H](O)[C@@H](O[C@@H]2[C@@H](O)[C@H](O[C@H]3O[C@H](C(C)N)CC[C@H]3N)[C@@H](N)C[C@H]2N)OC[C@]1(C)O
ARBEKACIN,NCC[C@H](O)C(=O)N[C@@H]1C[C@H](N)[C@@H](O[C@H]2O[C@H](CN)CC[C@H]2N)[C@H](O)[C@H]1O[C@H]1O[C@H](CO)[C@@H](O)[C@H](N)[C@H]1O
GSK-237701A,COc1cc2ncn(-c3cc(O[C@H](C)c4ccccc4Cl)c(C(N)=O)s3)c2cc1OC
"1,4-DIETHOXYBENZENE",CCOc1ccc(OCC)cc1
PAROMAMINE SULFATE,N[C@H]1[C@@H](O[C@H]2[C@H](O)[C@@H](O)[C@H](N)C[C@@H]2N)O[C@H](CO)[C@@H](O)[C@@H]1O.O=S(=O)(O)O
NEXAVER,CCC(=O)c1cc(Oc2ccc(NC(=O)Nc3ccc(Cl)c(C(F)(F)F)c3)cc2)ccn1
ISOBRASSININ,CSC(=S)NCc1cc2ccccc2[nH]1
ISOCYCLOBRASSININ,CSC1=NCc2[nH]c3ccccc3c2S1
VISCOLIN,COc1cc(CCCc2c(OC)cc(O)c(OC)c2OC)ccc1O
SOLASONINE,C[C@@H]1CC[C@@]2(NC1)O[C@H]1C[C@H]3[C@@H]4CC=C5C[C@@H](O[C@@H]6O[C@H](CO)[C@H](O)[C@H](O[C@@H]7O[C@H](CO)[C@@H](O)[C@H](O)[C@H]7O)[C@H]6O[C@@H]6O[C@@H](C)[C@H](O)[C@@H](O)[C@H]6O)CC[C@]5(C)[C@H]4CC[C@]3(C)[C@H]1[C@@H]2C
METFORMIN,CN(C)C(=N)NC(=N)N
MELEZITOSE,OC[C@H]1O[C@@](CO)(O[C@H]2O[C@H](CO)[C@@H](O)[C@H](O)[C@H]2O)[C@@H](O[C@H]2O[C@H](CO)[C@@H](O)[C@H](O)[C@H]2O)[C@@H]1O
DIASTEREOMER 2,CS(=O)(=O)c1cc(F)cc2c3c(n(Cc4ccc(Cl)cc4)c12)C(CC(=O)O)CC3
P-COUMAROYLPUTRESCINE,NCCCCNC(=O)/C=C/c1ccc(O)cc1
VALINOMYCIN,CC(C)[C@@H]1NC(=O)[C@H](C)OC(=O)[C@@H](C(C)C)NC(=O)[C@@H](C(C)C)OC(=O)[C@H](C(C)C)NC(=O)[C@H](C)OC(=O)[C@@H](C(C)C)NC(=O)[C@@H](C(C)C)OC(=O)[C@H](C(C)C)NC(=O)[C@H](C)OC(=O)[C@@H](C(C)C)NC(=O)[C@@H](C(C)C)OC1=O
BMS-223131,O=c1[nH]c2ccc(C(F)(F)F)cc2c(-c2cc(Cl)ccc2O)c1CCO
BESONPRODIL,O=c1[nH]c2ccc([S+]([O-])CCN3CCC(Cc4ccc(F)cc4)CC3)cc2o1
SCUTIAQUINONE A,Cc1cc2c3cc(C)c(O)c4c(=O)c5c(c(c6c7c(c(=O)c(c1O)c26)[C@@H](C)O[C@@H](C)C7)c43)C[C@H](C)O[C@@H]5C
SCUTIAQUINONE B,Cc1cc2c3c4c(c(O)c5c(=O)c(C)cc(c6c7c(c(=O)c(c1O)c26)[C@@H](C)O[C@@H](C)C7)c53)[C@@H](C)O[C@@H](C)C4
VENTURAMIDE A,Cc1oc2nc1C(=O)N[C@H](C)c1nc(cs1)C(=O)N[C@H](C(C)C)c1nc(cs1)C(=O)N[C@@H]2C
LAXAPHYCIN A,C/C=C1/NC(=O)[C@H](CCO)NC(=O)C[C@@H](CCCCC)NC(=O)CNC(=O)[C@H](CC(C)C)NC(=O)[C@@H]([C@@H](C)CC)NC(=O)[C@H]([C@@H](C)CC)NC(=O)[C@@H](CC(C)C)NC(=O)[C@@H](Cc2ccccc2)NC(=O)[C@H](CCO)NC(=O)[C@@H]2C[C@@H](O)CN2C1=O
LAXAPHYCIN B,CCCCCCC[C@@H]1CC(=O)N[C@@H](C(C)C)C(=O)N[C@@H]([C@@H](O)C(C)C)C(=O)N[C@@H](C)C(=O)N[C@H]([C@@H](O)C(C)C)C(=O)N[C@@H](CCC(N)=O)C(=O)N(C)[C@@H]([C@@H](C)CC)C(=O)N[C@H]([C@@H](O)C(N)=O)C(=O)N[C@@H]([C@@H](C)O)C(=O)N2CCC[C@H]2C(=O)N[C@H](CC(C)C)C(=O)N[C@@H]([C@@H](C)O)C(=O)N1
POECILLASTRIN B,COC1/C=C/C=C/CC/C=C/C=C/C(=O)NC(C(O)C(=O)O)C(=O)OC(C(NC(=O)C(C)C(O)CCC(C)C(O)/C(C)=C/C(C)(C)C(O)C(CC(C)C)NC(=O)/C=C/C(C)(C)C(=O)C(C)C(O)C(C)C)C(C)O)C(C)C(O)C/C=C(\C)C(O)C(C)/C=C(\C)C(O)C(C)C(O)CC2CC(C)CC1O2
POECILLASTRIN C,COC1/C=C/C=C/CC/C=C/C=C/C(=O)NC(C(O)C(=O)O)C(=O)OC(C(NC(=O)C(C)C(O)CCC(C)C(O)/C(C)=C/C(C)C(O)C(CC(C)C)NC(=O)/C=C/C(C)(C)C(=O)C(C)C(O)C(C)C)C(C)O)C(C)C(O)C/C=C(\C)C(O)C(C)/C=C(\C)C(O)C(C)C(O)CC2CC(C)CC1O2
THYMIDINE_TRIPHOSPHATE,Cc1cn([C@@H]2O[C@H](COP(=O)(O)OP(=O)(O)OP(=O)(O)O)[C@@H](O)[C@H]2O)c(=O)[nH]c1=O
DIQUAFOSOL,O=c1ccn([C@@H]2O[C@H](COP(=O)(O)OP(=O)(O)OP(=O)(O)OP(=O)(O)OC[C@H]3O[C@@H](n4ccc(=O)[nH]c4=O)[C@H](O)[C@@H]3O)[C@@H](O)[C@H]2O)c(=O)[nH]1
ZOOXANTHELLAMIDE D,C=CC(=C)CC(=C)/C(C)=C/CC/C=C/C=C(\C)C[C@@H]1O[C@@H](C(O)C(O)C(O)/C(C)=C/C=C/CNC(=O)/C=C/C=C/C(O)CC(O)C(O)C[C@H]2O[C@@H]([C@H]3C[C@H](O)[C@H](O)[C@@](C)(CO)O3)[C@H](O)C(O)[C@@H]2O)[C@@H](O)[C@H](O)[C@H]1O
DIPHENYLSULFANE,c1ccc(Sc2ccccc2)cc1
"2,3-DIHYDROXYBENZOIC ACID",O=C(O)c1cccc(O)c1O
DIBENZOTHIOPHENE,c1ccc2c(c1)sc1ccccc12
SIALYL LEWIS X,CC(=O)N[C@H]1[C@H]([C@H](O)[C@H](O)CO)O[C@@](O[C@H]2[C@@H](O)[C@@H](CO)O[C@@H](O[C@@H]([C@H](O[C@@H]3O[C@@H](C)[C@@H](O)[C@@H](O)[C@@H]3O)[C@H](C=O)NC(C)=O)[C@H](O)CO)[C@@H]2O)(C(=O)O)C[C@@H]1O
"FUCHSIN, BASIC",Cc1cc(C(=C2C=CC(=N)C=C2)c2ccc(N)cc2)ccc1N
METHSCOPOLAMINE,C[N+]1(C)[C@@H]2C[C@@H](OC(=O)[C@H](CO)c3ccccc3)C[C@H]1[C@@H]1O[C@@H]12
LAXAPHYCIN B2,CCCCCCC[C@@H]1CC(=O)N[C@@H](C(C)C)C(=O)N[C@H]([C@@H](O)C(C)C)C(=O)N[C@@H](C)C(=O)N[C@H](CC(C)C)C(=O)N[C@@H](CCC(N)=O)C(=O)N(C)[C@@H]([C@@H](C)CC)C(=O)N[C@H]([C@@H](O)C(N)=O)C(=O)N[C@@H]([C@@H](C)O)C(=O)N2CCC[C@H]2C(=O)N[C@H](CC(C)C)C(=O)N[C@@H]([C@@H](C)O)C(=O)N1
LAXAPHYCIN B3,CCCCCCC[C@@H]1CC(=O)N[C@@H](C(C)C)C(=O)N[C@@H]([C@@H](O)C(C)C)C(=O)N[C@@H](C)C(=O)N[C@H]([C@@H](O)C(C)C)C(=O)N[C@@H](CCC(N)=O)C(=O)N(C)[C@@H]([C@@H](C)CC)C(=O)N[C@H]([C@@H](O)C(N)=O)C(=O)N[C@@H]([C@@H](C)O)C(=O)N2C[C@H](O)C[C@H]2C(=O)N[C@H](CC(C)C)C(=O)N[C@@H]([C@@H](C)O)C(=O)N1
GW813893,C[C@@H](C(=O)N1CCOCC1)N1CC[C@H](NS(=O)(=O)/C=C/c2ccc(Cl)s2)C1=O
NBQX,NS(=O)(=O)c1cccc2c1c([N+](=O)[O-])cc1nc(O)c(O)nc12
LISSOCLIBADIN 4,COc1cc(CCN(C)C)c2sc3c(O)c(OC)cc(CCN(C)C)c3ssc2c1O
LISSOCLIBADIN 5,COc1cc(CCN(C)C)c2sc3c(OC)c(OC)c(SC)c(CCN(C)C)c3ssc2c1O
NEOPELTOLIDE,CCC[C@@H]1C[C@H](OC)C[C@H](C)C[C@@H]2C[C@@H](OC(=O)/C=C\CCc3coc(/C=C\CNC(=O)OC)n3)C[C@H](CC(=O)O1)O2
LISSOCLIBADIN 1,COc1c(SC)c(CCN(C)C)c2ssc3c(CCN(C)C)c(SC)c(OC)c(OC)c3sc3c(OC)c(OC)c(SC)c(CCN(C)C)c3sc2c1OC
LISSOCLIBADIN 6,COc1cc(CCN(C)C)c2c(c1O)Sc1c(CCN(C)C)c(SC)c(OC)c(OC)c1S2
LISSOCLIBADIN 7,COc1cc(CCN(C)C)c2c(c1O)SSc1c(CCN(C)C)cc(OC)c(O)c1SS2
LISSOCLIBADIN 2,COc1c(SC)c(CCN(C)C)c2sc3c(OC)c(OC)c(SC)c(CCN(C)C)c3ssc2c1OC
LISSOCLIBADIN 3,COc1c(OC)c2c(c(CCN(C)C)c1SC)Sc1c(OC)c(OC)c(SC)c(CCN(C)C)c1S2
LISSOCLINOTOXIN E,COc1c(OC)c2c(c(CCN(C)C)c1SC)Sc1c(CCN(C)C)c(SC)c(OC)c(OC)c1S2
LISSOCLINOTOXIN F,COc1c(SC)c(CCN(C)C)c2sc3c(CCN(C)C)c(SC)c(OC)c(OC)c3ssc2c1OC
MONODICTYSIN A,Cc1cc(O)c2c(c1)O[C@]1(C)[C@@H](O)[C@@H](O)C[C@H](O)[C@@H]1C2=O
MONODICTYSIN B,C[C@H]1C[C@H](O)[C@@H]2C(=O)c3c(O)cccc3O[C@]2(C)[C@H]1O
MONODICTYSIN C,COc1cc(O)c2c(c1)O[C@]1(C)[C@@H](O)[C@@H](C)C[C@H](O)[C@@H]1C2=O
MONODICTYXANTHONE,Cc1cc(C(=O)O)c2c(=O)c3c(O)cccc3oc2c1
MONODICTYPHENONE,Cc1cc(O)c(C(=O)c2c(O)cccc2O)c(C(=O)O)c1
SCHWEINFURTHIN E,COc1cc(/C=C/c2cc(O)c(CC=C(C)C)c(O)c2)cc2c1O[C@]1(C)C[C@@H](O)[C@@H](O)C(C)(C)[C@H]1C2
SCHWEINFURTHIN F,COc1cc(/C=C/c2cc(O)c(CC=C(C)C)c(O)c2)cc2c1O[C@]1(C)CC[C@@H](O)C(C)(C)[C@H]1C2
SCHWEINFURTHIN G,CC(C)=CCc1c(O)cc(/C=C/c2cc(O)c3c(c2)C[C@@H]2C(C)(C)[C@H](O)CC[C@@]2(C)O3)cc1O
SCHWEINFURTHIN H,COc1cc(/C=C/c2cc(O)c3c(c2)OC(C)(C)C(O)C3)cc2c1O[C@]1(C)C[C@@H](O)[C@@H](O)C(C)(C)[C@H]1C2
ALNIFOLIOL,CC(C)=CCC/C(C)=C/Cc1cc([C@H]2Oc3cc(O)cc(O)c3C[C@@H]2O)cc(O)c1O
VEDELIANIN,CC(C)=CCc1c(O)cc(/C=C/c2cc(O)c3c(c2)C[C@@H]2C(C)(C)[C@H](O)[C@H](O)C[C@@]2(C)O3)cc1O
GUMMIFERAOSIDE A,C=C[C@](C)(CC/C=C(\C)C(=O)O[C@H]1[C@H](O)[C@@H](O)[C@H](O[C@](C)(C=C)CC/C=C(\C)C(=O)O[C@H]2C[C@@]3(C(=O)O[C@H]4O[C@@H](CO)[C@H](O)[C@@H](O)[C@@H]4O[C@H]4O[C@H](C)[C@H](O)[C@@H](O[C@@H]5OC[C@@H](O)[C@H](O)[C@H]5O)[C@@H]4O)C(CC2(C)C)C2=CCC4[C@@]5(C)CC[C@H](O[C@@H]6O[C@H](CO[C@@H]7O[C@H](C)[C@H](O)[C@H](O)[C@H]7O[C@@H]7OC[C@@H](O)[C@H](O)[C@H]7O)[C@@H](O)[C@H](O)[C@H]6O[C@@H]6O[C@H](CO)[C@@H](O)[C@H](O)[C@H]6O)C(C)(C)C5CC[C@@]4(C)[C@]2(C)C[C@H]3O)O[C@@H]1C)O[C@@H]1O[C@H](C)[C@@H](O)[C@H](O)[C@H]1O
GUMMIFERAOSIDE B,C=C[C@](C)(CC/C=C(\C)C(=O)O[C@H]1[C@H](O)[C@@H](O)[C@H](O[C@](C)(C=C)CC/C=C(\C)C(=O)O[C@H]2C[C@@]3(C(=O)O[C@H]4O[C@@H](CO)[C@H](O)[C@@H](O)[C@@H]4O[C@H]4O[C@H](C)[C@H](O)[C@@H](O[C@@H]5OC[C@@H](O)[C@H](O)[C@H]5O)[C@@H]4O)C(CC2(C)C)C2=CCC4[C@@]5(C)CC[C@H](O[C@@H]6O[C@H](CO[C@@H]7O[C@H](C)[C@H](O)[C@H](O)[C@H]7O[C@@H]7OC[C@H](O)[C@H](O)[C@H]7O)[C@@H](O)[C@H](O)[C@H]6O[C@@H]6O[C@H](CO)[C@@H](O)[C@H](O)[C@H]6O)C(C)(C)C5CC[C@@]4(C)[C@]2(C)C[C@H]3O)O[C@@H]1C)O[C@@H]1O[C@H](C)[C@@H](O)[C@H](O)[C@H]1O
RSV-604,O=C(Nc1ccccc1F)N[C@H]1N=C(c2ccccc2)c2ccccc2NC1=O
BONANNIOL A,CC(C)=CCC/C(C)=C/Cc1c(O)cc2c(c1O)C(=O)[C@H](O)[C@@H](c1ccc(O)cc1)O2
DIPLACOL,CC(C)=CCC/C(C)=C/Cc1c(O)cc2c(c1O)C(=O)[C@H](O)[C@@H](c1ccc(O)c(O)c1)O2
BONANNIONE A,CC(C)=CCC/C(C)=C/Cc1c(O)cc2c(c1O)C(=O)C[C@@H](c1ccc(O)cc1)O2
NYMPHAEOL A,CC(C)=CCC/C(C)=C/Cc1c(O)cc2c(c1O)C(=O)C[C@@H](c1ccc(O)c(O)c1)O2
ATRACTYLIGENIN,C=C1[C@@H]2CC[C@@H]3[C@@](CCC4[C@H](C(=O)O)C[C@@H](O)C[C@]43C)(C2)[C@@H]1O
ATRACTYLIGENIN METHYL ESTER,C=C1[C@@H]2CC[C@@H]3[C@@](CCC4[C@H](C(=O)OC)C[C@@H](O)C[C@]43C)(C2)[C@@H]1O
ATRACTYLIGENIN METHYL ESTER,C=C1C(=O)[C@@]23CCC4[C@H](C(=O)OC)CC(=O)C[C@@]4(C)[C@@H]2CC[C@@H]1C3
SALVIGENIN,COc1ccc(-c2cc(=O)c3c(O)c(OC)c(OC)cc3o2)cc1
ECOPLADIB,O=C(O)c1ccc(OCCc2c(CCNS(=O)(=O)Cc3ccc(Cl)c(Cl)c3)n(C(c3ccccc3)c3ccccc3)c3ccc(Cl)cc23)cc1
LINIFANIB,Cc1ccc(F)c(NC(=O)Nc2ccc(-c3cccc4[nH]nc(N)c34)cc2)c1
ANCISTROCLADINIUM B,COc1cc2c(c(OC)c1)C(C)=[N+](c1ccc3cc(C)cc(OC)c3c1O)[C@@H](C)C2.O=C([O-])C(F)(F)F
DIONCOPHYLLINE A,COc1cccc2c(-c3ccc4c(c3O)[C@@H](C)N[C@H](C)C4)c(C)cc(OC)c12
DIONCOPHYLLINE C,COc1cc(C)c(-c2ccc(O)c3c2C[C@@H](C)N[C@@H]3C)c2cccc(O)c12
DIONCOPELTINE A,COc1cc(CO)c(-c2ccc3c(c2O)[C@@H](C)N[C@H](C)C3)c2cccc(O)c12
ANCISTROCLADIDINE,COc1cc2c(c(OC)c1-c1c(C)cc3cccc(OC)c3c1O)C(C)=N[C@@H](C)C2
ANCISTROHEYNINE B,COc1c2c(cc(O)c1-c1c(C)cc3cccc(OC)c3c1O)C[C@H](C)N=C2C
ENT-DIONCOPHYLLEINE A,COc1cc(C)c(-c2ccc3cc(C)nc(C)c3c2O)c2cccc(O)c12
DIONCOPHYLLEINE D,COc1ccc(-c2ccc3cc(C)nc(C)c3c2O)c2cc(C)cc(OC)c12
ANCISTROEALAINE A,COc1cc(OC)c(-c2ccc(OC)c3c(OC)cc(C)cc23)c2c1C(C)=N[C@@H](C)C2
ANCISANCISTROCLADINIUM A,COc1cc2c(c(OC)c1)C(C)=[N+](c1ccc(OC)c3c(OC)cc(C)cc13)[C@@H](C)C2.O=C([O-])C(F)(F)F
SISOMICIN,CN[C@@H]1[C@@H](O)[C@@H](O[C@@H]2[C@@H](O)[C@H](O[C@H]3OC(CN)=CC[C@H]3N)[C@@H](N)C[C@H]2N)OC[C@]1(C)O
10-ACETOXY-GINKGOLIDE B,CC(=O)O[C@H]1C(=O)OC2O[C@@]34C(=O)OC5C[C@@H](C(C)(C)C)C21[C@@]53C[C@@H]1OC(=O)[C@@H](C)[C@@]14O
10-METHOXYMETHYLOXY-GINKGOLIDE A,COCO[C@H]1C(=O)O[C@H]2O[C@@]34OC(=O)[C@@H]5C[C@@H](C(C)(C)C)[C@@]21[C@]53C[C@@H]1OC(=O)[C@@H](C)[C@@]14O
DOXYCYCLINE ANHYDROUS,C[C@H]1c2cccc(O)c2C(=O)C2=C(O)[C@]3(O)C(=O)C(C(N)=O)=C(O)[C@@H](N(C)C)[C@@H]3[C@@H](O)[C@@H]21
MINOCYCLINE,CN(C)c1ccc(O)c2c1C[C@H]1C[C@H]3[C@H](N(C)C)C(O)=C(C(N)=O)C(=O)[C@@]3(O)C(O)=C1C2=O
TOMOPENEM,C[C@@H](O)[C@H]1C(=O)N2C(C(=O)O)=C(S[C@H]3C[C@@H](C(=O)N4CC[C@H](NC(=O)CNC(=N)N)C4)N(C)C3)[C@H](C)[C@H]12
FLUAZIFOP,CC(Oc1ccc(Oc2ccc(C(F)(F)F)cn2)cc1)C(=O)O
HALOXYFOP,CC(Oc1ccc(Oc2ncc(C(F)(F)F)cc2Cl)cc1)C(=O)O
SUCCINYLACETONE,CC(=O)CC(=O)CCC(=O)O
GINKGOLIDE C,C[C@@H]1C(=O)O[C@H]2[C@H](O)[C@@]34O[C@@H]5OC(=O)[C@H](O)[C@@]56[C@H](C(C)(C)C)[C@H](O)C(OC3=O)[C@]64[C@@]12O
ACIFLUORFEN,O=C(O)c1cc(Oc2ccc(C(F)(F)F)cc2Cl)ccc1[N+](=O)[O-]
GINKGOLIDE J,C[C@@H]1C(=O)O[C@H]2C[C@@]34O[C@@H]5OC(=O)[C@H](O)[C@@]56[C@H](C(C)(C)C)[C@H](O)C(OC3=O)[C@]64[C@]21O
DIDECYLDIMETHYLAMMONIUM CHLORIDE,CCCCCCCCCC[N+](C)(C)CCCCCCCCCC.[Cl-]
LIVIDOMYCIN,NC[C@@H]1O[C@H](O[C@H]2[C@@H](O)[C@H](O[C@@H]3[C@@H](O)[C@H](N)C[C@H](N)[C@H]3O[C@H]3O[C@H](CO)[C@@H](O)C[C@H]3N)O[C@@H]2CO)[C@H](N)[C@@H](O)[C@@H]1O[C@H]1O[C@H](CO)[C@@H](O)[C@H](O)[C@@H]1O
"3,14-DIDEHYDROGINKGOLIDE A",CC1=C2[C@H](C[C@]34[C@H]5C[C@@H](C(C)(C)C)[C@]36[C@@H](OC(=O)[C@@H]6O)O[C@]24OC5=O)OC1=O
CEFAZOLIN,Cc1nnc(SCC2=C(C(=O)O)N3C(=O)[C@@H](NC(=O)Cn4cnnn4)[C@H]3SC2)s1
HISTATIN 5,C[C@H](NC(=O)[C@H](Cc1cnc[nH]1)NC(=O)[C@H](CO)NC(=O)[C@@H](N)CC(=O)O)C(=O)N[C@@H](CCCCN)C(=O)N[C@@H](CCCNC(=N)N)C(=O)N[C@@H](Cc1cnc[nH]1)C(=O)N[C@@H](Cc1cnc[nH]1)C(=O)NCC(=O)N[C@@H](Cc1ccc(O)cc1)C(=O)N[C@@H](CCCCN)C(=O)N[C@@H](CCCNC(=N)N)C(=O)N[C@@H](CCCCN)C(=O)N[C@@H](Cc1ccccc1)C(=O)N[C@@H](Cc1cnc[nH]1)C(=O)N[C@@H](CCC(=O)O)C(=O)N[C@@H](CCCCN)C(=O)N[C@@H](Cc1cnc[nH]1)C(=O)N[C@@H](Cc1cnc[nH]1)C(=O)N[C@@H](CO)C(=O)N[C@@H](Cc1cnc[nH]1)C(=O)N[C@@H](CCCNC(=N)N)C(=O)NCC(=O)N[C@@H](Cc1ccc(O)cc1)C(=O)O
5-METHOXYISATIN,COc1ccc2c(c1)C(=O)C(=O)N2
CEFUROXIME,CO/N=C(\C(=O)N[C@@H]1C(=O)N2C(C(=O)O)=C(COC(N)=O)CS[C@H]12)c1ccco1
HYRTINADINE A,Oc1ccc2[nH]cc(-c3cnc(-c4c[nH]c5ccc(O)cc45)nc3)c2c1
VALIOLAMINE,N[C@H]1C[C@](O)(CO)[C@@H](O)[C@H](O)[C@H]1O
IODOACETIC ACID,O=C(O)CI
INDOLINE,c1ccc2c(c1)CCN2
GUANOSINE,Nc1nc2c(ncn2[C@@H]2O[C@H](CO)[C@@H](O)[C@H]2O)c(=O)[nH]1
FLOXACILLIN,Cc1onc(-c2c(F)cccc2Cl)c1C(=O)N[C@@H]1C(=O)N2[C@@H]1SC(C)(C)[C@@H]2C(=O)O
S-TOCAINIDE,Cc1cccc(C)c1NC(=O)[C@H](C)N
(R)-TOCAINIDE,Cc1cccc(C)c1NC(=O)[C@@H](C)N
BOERAVINONE E,Cc1c(O)cc2oc3c(c(=O)c2c1O)-c1ccc(O)cc1OC3O
BOERAVINONE B,Cc1c(O)cc2oc3c(c(=O)c2c1O)-c1ccccc1OC3O
BOERAVINONE C,COc1cc2c(c(O)c1C)C(=O)[C@]1(O)c3cccc(O)c3OC[C@H]1O2
COCCINEONE B,O=c1c2c(oc3cc(O)cc(O)c13)C(O)Oc1ccccc1-2
BOERAVINONE A,COC1Oc2ccccc2-c2c1oc1cc(O)c(C)c(O)c1c2=O
COCCINEONE E,COc1cc2c(c(O)c1OC)C(=O)[C@]1(O)c3ccccc3OC[C@H]1O2
9-O-METHYL-4-HYDROXYBOERAVINONE B,COc1cc2oc3c(c(=O)c2c(O)c1C)-c1cccc(O)c1OC3O
BOERAVINONE I,COc1c(C)c(O)c2c(=O)c3c(oc2c1O)C(O)Oc1ccccc1-3
BOERAVINONE J,Cc1c(O)cc2oc3oc4cc(O)ccc4c3c(=O)c2c1O
IBOGAINE,CC[C@H]1C[C@H]2C[C@H]3c4[nH]c5ccc(OC)cc5c4CCN(C2)[C@@H]13
BOERAVINONE G,COc1cc(O)c2c(=O)c3c(oc2c1)C(OC)Oc1c(O)cccc1-3
BOERAVINONE H,COc1cc2oc3c(c(=O)c2c(O)c1C)-c1cccc(O)c1OC3OC
KU-55933,O=c1cc(-c2cccc3c2Sc2ccccc2S3)oc(N2CCOCC2)c1
TETRAPHENYLPHOSPHONIUM CHLORIDE,[Cl-].c1ccc([P+](c2ccccc2)(c2ccccc2)c2ccccc2)cc1
DICHLORORIBOBENZIMIDAZOLE,OC[C@H]1O[C@@H](n2cnc3cc(Cl)c(Cl)cc32)[C@H](O)[C@@H]1O
ALAMETHICIN,CC(=O)NC(C)(C)C(=O)N1CCC[C@H]1C(=O)NC(C)(C)C(=O)N[C@@H](C)C(=O)NC(C)(C)C(=O)N[C@@H](C)C(=O)N[C@@H](CCC(N)=O)C(=O)NC(C)(C)C(=O)N[C@H](C(=O)NC(C)(C)C(=O)NCC(=O)N[C@@H](CC(C)C)C(=O)NC(C)(C)C(=O)N1CCC[C@H]1C(=O)N[C@H](C(=O)NC(C)(C)C(=O)NC(C)(C)C(=O)N[C@@H](CCC(=O)O)C(=O)N[C@@H](CCC(N)=O)C(=O)N[C@H](CO)Cc1ccccc1)C(C)C)C(C)C
CEFEPIME,CO/N=C(\C(=O)N[C@@H]1C(=O)N2C(C(=O)[O-])=C(C[N+]3(C)CCCC3)CS[C@H]12)c1csc(N)n1
TRIOXOLANE,CC(C)(N)CNC(=O)C[C@H]1CC[C@@]2(CC1)OOC1(O2)C2CC3CC(C2)CC1C3
E-64,CC(C)C[C@H](NC(=O)[C@H]1O[C@@H]1C(=O)O)C(=O)NCCCCN=C(N)N
FUSIDIC ACID,CC(=O)O[C@H]1C[C@@]2(C)[C@@H](C[C@@H](O)[C@H]3[C@@]4(C)CC[C@@H](O)[C@@H](C)[C@@H]4CC[C@@]32C)/C1=C(\CCC=C(C)C)C(=O)O
GS-438,Nc1nc2c(ncn2CCOCP(=O)(O)O)c(=O)[nH]1
"EFLORNITHINE, (S)-",NCCC[C@](N)(C(=O)O)C(F)F
KANAMYCIN A,NC[C@@H]1O[C@@H](O[C@H]2[C@H](O)[C@@H](O[C@H]3O[C@H](CO)[C@@H](O)[C@H](N)[C@H]3O)[C@H](N)C[C@@H]2N)[C@@H](O)[C@H](O)[C@H]1O
TIPRANAVIR,CCC[C@@]1(CCc2ccccc2)CC(O)=C([C@H](CC)c2cccc(NS(=O)(=O)c3ccc(C(F)(F)F)cn3)c2)C(=O)O1
RIBOSTAMYCIN,NC[C@H]1O[C@H](O[C@H]2[C@H](O[C@@H]3O[C@H](CO)[C@@H](O)[C@H]3O)[C@@H](O)[C@H](N)C[C@@H]2N)[C@H](N)[C@@H](O)[C@@H]1O
BROXURIDINE,O=c1[nH]c(=O)n([C@H]2C[C@H](O)[C@@H](CO)O2)cc1Br
GUANIDINETRIPHOSPHATE,Nc1nc2c(c(=O)[nH]1)NCN2[C@@H]1O[C@H](COP(=O)(O)OP(=O)(O)OP(=O)(O)O)[C@@H](O)[C@H]1O
PSI-6130-TP,C[C@@]1(F)[C@H](O)[C@@H](COP(=O)(O)OP(=O)(O)OP(=O)(O)O)O[C@H]1n1ccc(N)nc1=O
CYSTETINE TRIPHOSPHATE,Nc1ccn([C@@H]2O[C@H](COP(=O)(O)OP(=O)(O)OP(=O)(O)O)[C@@H](O)[C@H]2O)c(=O)n1
2'-C-METHYLCYTIDINE TRIPHOSPHATE,C[C@@]1(O)[C@H](O)[C@@H](COP(=O)(O)OP(=O)(O)OP(=O)(O)O)O[C@H]1n1ccc(N)nc1=O
CEFTIOFUR,CO/N=C(\C(=O)N[C@@H]1C(=O)N2C(C(=O)O)=C(CSC(=O)c3ccco3)CS[C@H]12)c1csc(N)n1
VERATRIDINE,COc1ccc(C(=O)O[C@H]2CC[C@@]3(C)[C@@H]4CC[C@H]5[C@]6(O)C[C@H](O)[C@@]7(O)[C@@H](CN8C[C@@H](C)CC[C@H]8[C@@]7(C)O)[C@]6(O)C[C@@]53O[C@]24O)cc1OC
OUABAIN,C[C@@H]1O[C@@H](O[C@H]2C[C@@H](O)[C@]3(CO)[C@H]4[C@H](O)C[C@]5(C)[C@@H](C6=CC(=O)OC6)CC[C@]5(O)[C@@H]4CC[C@]3(O)C2)[C@H](O)[C@H](O)[C@H]1O
NOREPINEPHRINE,NC[C@H](O)c1ccc(O)c(O)c1
SCOPOLIN,COc1cc2ccc(=O)oc2cc1O[C@@H]1O[C@H](CO)[C@@H](O)[C@H](O)[C@H]1O
DEACETYLPSEUDOLARIC ACID A,CC1=CC[C@@]23CC[C@@H]([C@@](C)(/C=C/C=C(\C)C(=O)O)OC2=O)[C@@]3(O)CC1
PSEUDOLARIC ACID A,CC(=O)O[C@]12CCC(C)=CC[C@]13CC[C@H]2[C@@](C)(/C=C/C=C(\C)C(=O)O)OC3=O
PSEUDOLARIC ACID C,COC(=O)C1=CC[C@@]23CC[C@@H]([C@@](C)(/C=C/C=C(\C)C(=O)O)OC2=O)[C@@]3(O)CC1
PSEUDOLARIC ACID C2,CC(=O)O[C@]12CCC(C(=O)O)=CC[C@]13CC[C@H]2[C@@](C)(/C=C/C=C(\C)C(=O)O)OC3=O
PSEUDOLARIC ACID F,CC(=O)O[C@]12CC=C(C)C(=O)C[C@]13CC[C@H]2[C@@](C)(/C=C/C=C(\C)C(=O)O)OC3=O
PSEUDOLARIC ACID G,CC(=O)O[C@]12CC=C(C)[C@H](O)C[C@]13CC[C@H]2[C@@](C)(/C=C/C=C(\C)C(=O)O)OC3=O
CARBAMIDOCYCLOPHANE A,C[C@H]1CCCCC(CCCC(Cl)Cl)c2c(O)cc(cc2O)[C@H](OC(N)=O)[C@@H](C)CCCCC(CCCC(Cl)Cl)c2c(O)cc(cc2O)[C@@H]1OC(N)=O
CARBAMIDOCYCLOPHANE B,C[C@H]1CCCCC(CCCCCl)c2c(O)cc(cc2O)[C@H](OC(N)=O)[C@@H](C)CCCCC(CCCC(Cl)Cl)c2c(O)cc(cc2O)[C@@H]1OC(N)=O
CARBAMIDOCYCLOPHANE C,CCCCC1CCCC[C@H](C)[C@@H](OC(N)=O)c2cc(O)c(c(O)c2)C(CCCC(Cl)Cl)CCCC[C@H](C)[C@@H](OC(N)=O)c2cc(O)c1c(O)c2
ZHEPIRESINOL,COc1cc([C@H]2OC[C@@H]3C(=O)OC[C@@H]32)cc(OC)c1OC
STAUROSPORINE,CN[C@@H]1C[C@H]2O[C@@](C)([C@@H]1OC)n1c3ccccc3c3c4c(c5c6ccccc6n2c5c31)C(=O)NC4
MADANGAMINE F,O[C@H]1/C2=C\C/C=C/C=C\C=C/CCN3CC45CCCCCCCCCCCCN(CC1C4CC23)C5
HALICLONACYCLAMINE F,C1=C\CCCCC[C@H]2CN3CC/C=C\CCCCCC[C@@H]4C[C@@H](CN(CC/C=C\C/1)C4)[C@H]2CC3
PORPHIRIN,O=C(O)c1ccc(-c2c3nc(c(-c4ccncc4)c4ccc([nH]4)c(-c4ccncc4)c4nc(c(-c5ccncc5)c5ccc2[nH]5)C=C4)C=C3)cc1
ARENOSCLERIN D,OC1/C=C\C=C/CCCCCC[C@H]2CN3CC/C=C\CCCCCCC4C[C@@H](CN(C1)C4)[C@H]2CC3
R-N-PROPYLNORAPOMORPHINE,CCCN1CCc2cccc3c2[C@H]1Cc1ccc(O)c(O)c1-3
CUCURBITACIN I,CC(C)(O)/C=C/C(=O)[C@](C)(O)[C@H]1[C@H](O)C[C@@]2(C)[C@@H]3CC=C4[C@@H](C=C(O)C(=O)C4(C)C)[C@]3(C)C(=O)C[C@]12C
METHYL BETULONATE,C=C(C)[C@@H]1CC[C@]2(C(=O)OC)CC[C@]3(C)[C@H](CC[C@@H]4[C@@]5(C)CCC(=O)C(C)(C)[C@@H]5CC[C@]43C)[C@@H]12
METHYL DIHYDROBETULONATE,COC(=O)[C@]12CC[C@@H](C(C)C)[C@@H]1[C@H]1CC[C@@H]3[C@@]4(C)CCC(=O)C(C)(C)[C@@H]4CC[C@@]3(C)[C@]1(C)CC2
ALLOBETULONE,CC1(C)CC[C@]23CC[C@]4(C)[C@H](CC[C@@H]5[C@@]6(C)CCC(=O)C(C)(C)[C@@H]6CC[C@]54C)[C@H]2[C@H]1O3
FAVIPIRAVIR,NC(=O)c1nc(F)cnc1O
ZANAMIVIR,CC(=O)N[C@H]1[C@H]([C@H](O)[C@H](O)CO)OC(C(=O)O)=C[C@@H]1NC(=N)N
SIPHONODICTYAL B,C[C@H]1CCC2C(C)(C)CCC[C@]2(C)/C1=C/c1cc(O)c(O)c(C=O)c1O
SIPHONODICTYOL G,C=C1CCCC2[C@](C)(Cc3cc(CO)cc(O)c3OS(=O)(=O)O)[C@@H](C)CC[C@]12C
SIPHONODICTYAL B1,C[C@H]1CCC2C(C)(C)CCC[C@]2(C)/C1=C/c1cc(O)c(O)c(/C=N/CCS(=O)(=O)O)c1OS(=O)(=O)O
SIPHONODICTYAL B2,C[C@H]1CCC2C(C)(C)CCC[C@]2(C)/C1=C/c1cc(O)c(O)c(C=O)c1OS(=O)(=O)O
SIPHONODICTYAL B3,C[C@H]1CCC2C(C)(C)CCC[C@]2(C)/C1=C/c1cc(OS(=O)(=O)O)c(O)c(C=O)c1OS(=O)(=O)O
TAZOBACTAM SODIUM,C[C@]1(Cn2ccnn2)[C@H](C(=O)[O-])N2C(=O)C[C@H]2S1(=O)=O.[Na+]
SIPHONODICTYAL G,C=C1CCCC2[C@](C)(Cc3cc(C=O)cc(O)c3OS(=O)(=O)O)[C@@H](C)CC[C@]12C
ISORESERPINE,COC(=O)[C@H]1[C@H]2C[C@H]3c4[nH]c5cc(OC)ccc5c4CCN3C[C@H]2C[C@@H](OC(=O)c2cc(OC)c(OC)c(OC)c2)[C@@H]1OC
TRIBENDIMIDINE,C/C(=N/c1ccc(/N=C/c2ccc(/C=N/c3ccc(/N=C(/C)N(C)C)cc3)cc2)cc1)N(C)C
CLOXYQUIN,Oc1ccc(Cl)c2cccnc12
CHLORQUINALDOL,Cc1ccc2c(Cl)cc(Cl)c(O)c2n1
TIGECYCLINE,CN(C)c1cc(NC(=O)CNC(C)(C)C)c(O)c2c1C[C@H]1C[C@H]3[C@H](N(C)C)C(O)=C(C(N)=O)C(=O)[C@@]3(O)C(O)=C1C2=O
BROXYQUINOLINE,Oc1c(Br)cc(Br)c2cccnc12
BEDAQUILINE,COc1nc2ccc(Br)cc2cc1[C@@H](c1ccccc1)[C@@](O)(CCN(C)C)c1cccc2ccccc12
TETRACYCLINE,CN(C)[C@@H]1C(O)=C(C(N)=O)C(=O)[C@@]2(O)C(O)=C3C(=O)c4c(O)cccc4[C@@](C)(O)[C@H]3C[C@@H]12
TAUROCHOLIC ACID,C[C@H](CCC(=O)NCCS(=O)(=O)O)[C@H]1CC[C@H]2[C@@H]3[C@H](O)C[C@@H]4C[C@H](O)CC[C@]4(C)[C@H]3C[C@H](O)[C@]12C
ETHIONAMIDE,CCc1cc(C(N)=S)ccn1
AMITHIOZONE,CC(=O)Nc1ccc(/C=N/NC(N)=S)cc1
RALTITREXED,Cc1nc(=O)c2cc(CN(C)c3ccc(C(=O)N[C@@H](CCC(=O)O)C(=O)O)s3)ccc2[nH]1
PEMETREXED,Nc1nc2[nH]cc(CCc3ccc(C(=O)N[C@@H](CCC(=O)O)C(=O)O)cc3)c2c(=O)[nH]1
NICOTHIAZONE,NC(=S)N/N=C/c1cccnc1
JOSAMYCIN,CO[C@@H]1[C@@H](O[C@@H]2O[C@H](C)[C@@H](O[C@H]3C[C@@](C)(O)[C@@H](OC(=O)CC(C)C)[C@H](C)O3)[C@H](N(C)C)[C@H]2O)[C@@H](CC=O)C[C@@H](C)[C@@H](O)/C=C/C=C/C[C@@H](C)OC(=O)C[C@H]1OC(C)=O
AMINOPTERIN,Nc1nc(N)c2nc(CNc3ccc(C(=O)N[C@@H](CCC(=O)O)C(=O)O)cc3)cnc2n1
MTIC,CN/N=N/c1[nH]cnc1C(N)=O
CARBONYL CYANIDE M-CHLOROPHENYLHYDRAZONE,N#CC(C#N)=NNc1cccc(Cl)c1
DAPTOMYCIN,CCCCCCCCCC(=O)N[C@@H](Cc1c[nH]c2ccccc12)C(=O)N[C@@H](CC(N)=O)C(=O)N[C@@H](CC(=O)O)C(=O)N[C@@H]1C(=O)NCC(=O)N[C@@H](CCCN)C(=O)N[C@@H](CC(=O)O)C(=O)N[C@H](C)C(=O)N[C@@H](CC(=O)O)C(=O)NCC(=O)N[C@H](CO)C(=O)N[C@@H]([C@H](C)CC(=O)O)C(=O)N[C@@H](CC(=O)c2ccccc2N)C(=O)O[C@@H]1C
HYDROCORTISONE,C[C@]12CCC(=O)C=C1CC[C@@H]1[C@@H]2[C@@H](O)C[C@@]2(C)[C@H]1CC[C@]2(O)C(=O)CO
NAFCILLIN,CCOc1ccc2ccccc2c1C(=O)N[C@@H]1C(=O)N2[C@@H]1SC(C)(C)[C@@H]2C(=O)O
MOZENAVIR,Nc1cccc(CN2C(=O)N(Cc3cccc(N)c3)[C@H](Cc3ccccc3)[C@H](O)[C@@H](O)[C@H]2Cc2ccccc2)c1
BENZYL VIOLOGEN,c1ccc(C[n+]2ccc(-c3cc[n+](Cc4ccccc4)cc3)cc2)cc1
GUTTIFERONE K,CC(C)=CCC[C@@]1(C)[C@H](CC=C(C)C)C[C@]2(CC=C(C)C)C(=O)[C@@]1(CC=C(C)C)C(=O)C(C(=O)c1ccc(O)c(O)c1)=C2O
GUTTIFERONE L,CC(C)=CCC[C@@]1(C)[C@H](CC=C(C)C)C[C@]2(CC=C(C)C)C(=O)[C@@]1(CC=C(C)C)C(=O)C(C(=O)c1cc(O)c(O)cc1O)=C2O
BENZBROMARONE,CCc1oc2ccccc2c1C(=O)c1cc(Br)c(O)c(Br)c1
POZTINURAD,CC(O)c1oc2ccccc2c1C(=O)c1cc(Br)c(O)c(Br)c1
RESATORVID,CCOC(=O)C1=CCCC[C@H]1S(=O)(=O)Nc1ccc(F)cc1Cl
PHENYLETHANOLAMINE,NCC(O)c1ccc(Cl)c(Cl)c1
WIN-552122,Cc1c(C(=O)c2cccc3ccccc23)c2cccc3c2n1[C@H](CN1CCOCC1)CO3
NICOTINE HYDROCHLORIDE,CN1CCC[C@H]1c1cccnc1.Cl
LETROZOLE,N#Cc1ccc(C(c2ccc(C#N)cc2)n2cncn2)cc1
LIAROZOLE,Clc1cccc(C(c2ccc3[nH]cnc3c2)n2ccnc2)c1
VOROZOLE,Cn1nnc2ccc([C@H](c3ccc(Cl)cc3)n3cncn3)cc21
QUINDOLINE,c1ccc2nc3c(cc2c1)[nH]c1ccccc13
THIOFLAVIN T,Cc1ccc2c(c1)sc(-c1ccc(N(C)C)cc1)[n+]2C.[Cl-]
EFAVIRENZ,O=C1Nc2ccc(Cl)cc2[C@@](C#CC2CC2)(C(F)(F)F)O1
BYROSTATIN 1,CCC/C=C/C=C/C(=O)O[C@H]1/C(=C/C(=O)OC)C[C@H]2C[C@H]([C@@H](C)O)OC(=O)C[C@H](O)C[C@@H]3C[C@H](C(C)=O)C(C)(C)[C@](O)(C[C@@H]4C/C(=C/C(=O)OC)C[C@H](/C=C/C(C)(C)[C@]1(O)O2)O4)O3
MALEIC ANHYDRIDE,O=C1C=CC(=O)O1
RHODANINE,O=C1CSC(=S)N1
3-METHYL-RHODANINE,CN1C(=O)CSC1=S
RHODANINE-3-ACETIC ACID,O=C(O)CN1C(=O)CSC1=S
AMINORHODANINE,NN1C(=O)CSC1=S
URANTIDE,CC(C)[C@H](NC(=O)[C@@H]1CSSC(C)(C)[C@@H](NC(=O)[C@@H](N)CC(=O)O)C(=O)N[C@@H](Cc2ccccc2)C(=O)N[C@H](Cc2c[nH]c3ccccc23)C(=O)N[C@@H](CCCN)C(=O)N[C@@H](Cc2ccc(O)cc2)C(=O)N1)C(=O)O
BITALIN A,C=C(CO)[C@@H]1Cc2cc(C(C)=O)ccc2O1
PAECILODEPSIPEPTIDE A,CC(C)=CCOc1ccc(C[C@H]2NC(=O)[C@@H](C)NC(=O)[C@@H](Cc3ccc(O)cc3)NC(=O)CNC(=O)[C@H](C)NC(=O)[C@H](Cc3ccccc3)OC2=O)cc1
CACOSPONGIN D,CC1=C(CC/C(C)=C/CC/C(C)=C/Cc2cc(C(=O)O)ccc2O)C(C)(C)CCC1
EXCISUSIN A,C=C1C(=O)[C@@]23CC[C@@H]4[C@](C)(CO)[C@@H](OC(C)=O)CC[C@@]4(C)[C@@H]2[C@@H](O)C[C@@H]1C3
EXCISUSIN B,C=C1C(=O)[C@@]23CC[C@@H]4C(C)(C)[C@@H](OC(C)=O)C[C@H](O)[C@@]4(C)[C@@H]2[C@@H](O)C[C@@H]1C3
PAECILODEPSIPEPTIDE B,CC(C)=CCOc1ccc(C[C@@H](NC(=O)[C@@H](C)NC(=O)[C@@H](Cc2ccc(O)cc2)NC(=O)CNC(=O)[C@H](C)NC(=O)[C@@H](O)Cc2ccccc2)C(=O)O)cc1
PAECILODEPSIPEPTIDE C,COC(=O)[C@@H](Cc1ccc(OCC=C(C)C)cc1)NC(=O)[C@@H](C)NC(=O)[C@@H](Cc1ccc(O)cc1)NC(=O)CNC(=O)[C@H](C)NC(=O)[C@@H](O)Cc1ccccc1
PAPYRIFERIC ACID,CC(=O)O[C@@H]1C[C@@H]2[C@@]3(C)CC[C@@H](OC(=O)CC(=O)O)C(C)(C)[C@@H]3CC[C@@]2(C)[C@]2(C)CC[C@H]([C@]3(C)CC[C@H](C(C)(C)O)O3)[C@@H]12
EXCISUSIN C,C=C1[C@@H]2C[C@H](O)[C@H]3[C@]4(C)CC[C@@H](O)[C@@](C)(COC(C)=O)[C@H]4CC[C@]3(C2)[C@@H]1O
EXCISUSIN D,C=C1C(=O)[C@]23C[C@H]1C[C@H](OC(C)=O)[C@H]2[C@@]1(C)[C@H]([C@@H](O)C3)C(C)(C)[C@@H](O)C[C@@H]1O
1-hydroxy-4-ethoxybenzene,CCOc1ccc(O)cc1
EMERICELLAMIDE A,CCCCCC[C@H](C)[C@H]1OC(=O)[C@H](C)NC(=O)[C@H](C)NC(=O)[C@H](CC(C)C)NC(=O)[C@H](C(C)C)NC(=O)CNC(=O)[C@@H]1C
EMERICELLAMIDE B,CCCCCC[C@H](C)C[C@H](C)[C@H]1OC(=O)[C@H](C)NC(=O)[C@H](C)NC(=O)[C@H](CC(C)C)NC(=O)[C@H](C(C)C)NC(=O)CNC(=O)[C@@H]1C
TENACIBACTIN A,COC(=O)CCC(=O)NCCCCCN(O)C(=O)CC(C)C
TENACIBACTIN B,CC(C)CC(=O)N(O)CCCCCNC(=O)CCC(=O)O
EXCISUSIN E,C=C1C(=O)[C@@]23CC[C@H]4[C@@](C)(CCC(=O)[C@@]4(C)COC(C)=O)[C@@H]2[C@@H](O)C[C@@H]1C3
INFLEXARABDONIN I,C=C1C(=O)[C@]23C[C@H]1C[C@H](O)[C@H]2[C@]1(C)CCC(=O)C(C)(C)[C@H]1[C@@H](O)C3
TENACIBACTIN C,CC(C)CC(=O)N(O)CCCCCNC(=O)CCC(=O)N(O)CCCCCNC(=O)CCC(=O)O
INFLEXARABDONIN G,C=C1C(=O)[C@@]23CC[C@@H]4C(C)(C)[C@@H](OC(C)=O)C[C@H](O)[C@@]4(C)[C@@H]2[C@@H](OC(C)=O)C[C@@H]1C3
INFLEXIN,C=C1C(=O)[C@@]23CC(=O)[C@@H]4C(C)(C)[C@@H](OC(C)=O)C[C@H](O)[C@@]4(C)[C@@H]2[C@@H](OC(C)=O)C[C@@H]1C3
TENACIBACTIN D,CC(C)CC(=O)N(O)CCCCCNC(=O)CCC(=O)N(O)CCCCCNC(=O)CCC(=O)N(O)CCCCCN
OCOTILLONE,CC(C)(O)[C@H]1CC[C@@](C)([C@H]2CC[C@]3(C)[C@@H]2CC[C@@H]2[C@@]4(C)CCC(=O)C(C)(C)[C@@H]4CC[C@]23C)O1
INFLEXANIN A,C=C1C(=O)[C@]23C[C@H]1C[C@H](O)[C@H]2[C@]1(C)CC[C@H](OC(C)=O)C(C)(C)[C@H]1[C@@H](O)C3
INFLEXANIN B,C=C1C(=O)[C@]23C[C@H]1C[C@H](O)[C@H]2[C@@]1(C)[C@H]([C@@H](O)C3)C(C)(C)[C@@H](OC(C)=O)C[C@@H]1O
1-hydroxy-4-propoxybenzene,CCCOc1ccc(O)cc1
INFLEXINOL,C=C1C(=O)[C@]23C[C@H]1C[C@H](OC(C)=O)[C@H]2[C@@]1(C)[C@H]([C@@H](O)C3)C(C)(C)[C@@H](OC(C)=O)C[C@@H]1O
INFLEXARABDONIN A,C=C1[C@@H]2C[C@H](OC(C)=O)[C@@H]3[C@](C2)(C[C@H](O)[C@@H]2C(C)(C)[C@@H](OC(C)=O)C[C@H](O)[C@]23C)[C@@H]1O
TERMICALCICOLANONE A,CC(C)=CCc1c(O)ccc2oc3c(O)c4c(c(O)c3c(=O)c12)C=CC(C)(C)O4
HISPITOLIDE A,C=C1C(=O)O[C@@H]2[C@H]1CC[C@H](COC(=O)CC)[C@]1(O)CCC(=O)[C@@]21C
HYDROXYHOPANONE,CC(C)(O)[C@H]1CC[C@@]2(C)C1CC[C@]1(C)[C@@H]2CC[C@@H]2[C@@]3(C)CCC(=O)C(C)(C)[C@@H]3CC[C@]21C
HISPITOLIDE B,C=C1C(=O)O[C@@H]2[C@H]1CC[C@H](COC(=O)CCC)[C@]1(O)CCC(=O)[C@@]21C
TERMICALCICOLANONE B,CC(C)=CCc1c(O)c(O)cc2oc3c4c(ccc3c(=O)c12)OC(C)(C)C=C4
METHYL SHOREATE,C=C(C)[C@@H]1CC[C@]2(C)[C@H](CC[C@@H]3[C@@H]([C@]4(C)CC[C@H](C(C)(C)O)O4)CC[C@]32C)[C@@]1(C)CCC(=O)OC
CABRALELACTONE,CC1(C)C(=O)CC[C@]2(C)[C@H]3CC[C@@H]4[C@@H]([C@]5(C)CCC(=O)O5)CC[C@@]4(C)[C@]3(C)CC[C@@H]12
HISPITOLIDE C,C=C1C(=O)O[C@@H]2[C@H]1CC[C@H](COC(=O)/C(C)=C/C)[C@]1(O)CCC(=O)[C@@]21C
HISPITOLIDE D,C=C1C(=O)O[C@@H]2[C@H]1CC[C@H](COC(=O)C=C(C)C)[C@]1(O)CCC(=O)[C@@]21C
CABRALEAHYDROXYLACTONE,CC1(C)[C@H](O)CC[C@]2(C)[C@H]3CC[C@@H]4[C@@H]([C@]5(C)CCC(=O)O5)CC[C@@]4(C)[C@]3(C)CC[C@@H]12
4-AMINOPHENOL HYDROCHLORIDE,Cl.Nc1ccc(O)cc1
HISPITOLIDE E,C=C1C(=O)O[C@@H]2[C@H]1CC[C@H](COC(=O)/C(C)=C\C)[C@]1(O)CCC(=O)[C@@]21C
DIPTEROCARPOL,CC(C)=CCC[C@](C)(O)[C@H]1CC[C@]2(C)[C@@H]1CC[C@@H]1[C@@]3(C)CCC(=O)C(C)(C)[C@@H]3CC[C@]12C
CHIAPIN B,C=C1C(=O)O[C@@H]2[C@H]1CCC(COC(=O)CC)[C@]1(O)CCC(=O)[C@@]21C
METHYL PAPYRIFERATE,COC(=O)CC(=O)O[C@@H]1CC[C@]2(C)[C@H]3C[C@@H](OC(C)=O)[C@@H]4[C@@H]([C@]5(C)CC[C@H](C(C)(C)O)O5)CC[C@@]4(C)[C@]3(C)CC[C@H]2C1(C)C
CABRALEONE,CC(C)(O)[C@@H]1CC[C@@](C)([C@H]2CC[C@]3(C)[C@@H]2CC[C@@H]2[C@@]4(C)CCC(=O)C(C)(C)[C@@H]4CC[C@]23C)O1
3-AMINOPHENOL HYDROCHLORIDE,Cl.Nc1cccc(O)c1
GUAIACOL HYDROCHLORIDE,COc1ccccc1O.Cl
GRANAXYLOCARPIN A,CCC(C)C(=O)O[C@@H]1C([C@@H](OC(C)=O)[C@@]2(O)C(=O)CC[C@]3(C)C2=CC(=O)O[C@H]3c2ccoc2)C(=O)[C@H](C)[C@@H](CC(=O)OC)C1(C)C
GRANAXYLOCARPIN B,C/C=C(\C)C(=O)O[C@H](C1=CC(C)(C)[C@H](CC(=O)OC)[C@@H](C)C1=O)[C@@]1(O)C(=O)CC[C@]2(C)C1=CC(=O)O[C@H]2c1ccoc1
GRANAXYLOCARPIN C,C/C=C(\C)C(=O)O[C@@H]1[C@@H]2[C@H]3O[C@@]34[C@H](CC[C@@]3(C)[C@H](c5ccoc5)OC(=O)C[C@@]43O)[C@]3(C)[C@@H](CC(=O)OC)[C@]1(C)CO[C@]23O
EQUILENIN,C[C@]12CCc3c(ccc4cc(O)ccc34)[C@@H]1CCC2=O
GRANAXYLOCARPIN D,COC(=O)[C@H](O)[C@H]1[C@]2(C)C[C@]3(OC(C)=O)[C@H]([C@H]2OC(C)=O)[C@@H](OC(C)=O)[C@]2(O)[C@@H]4CC(=O)O[C@@H](c5ccoc5)[C@]4(C)[C@@H](OC(C)=O)C[C@@H]2[C@]13C
GRANAXYLOCARPIN E,COC(=O)[C@H](OC(C)=O)[C@H]1[C@]2(C)C[C@]3(OC(C)=O)[C@H]([C@H]2OC(C)=O)[C@@H](OC(C)=O)[C@]2(O)[C@@H]4CC(=O)O[C@@H](c5ccoc5)[C@]4(C)CC[C@@H]2[C@]13C
ACETOSYRINGONE,COc1cc(C(C)=O)cc(OC)c1O
SYRINGALDEHYDE,COc1cc(C=O)cc(OC)c1O
1-hydroxy-2-ethoxybenzene,CCOc1ccccc1O
ARZANOL,CCc1oc(=O)c(Cc2c(O)c(CC=C(C)C)c(O)c(C(C)=O)c2O)c(O)c1C
MICROPYRONE,CCC(C)C(=O)C(C)c1oc(=O)c(C)c(O)c1C
HELIPYRONE,CCc1oc(=O)c(Cc2c(O)c(C)c(CC)oc2=O)c(O)c1C
CONIOTHYRIONE,COC(=O)C1(O)C(Cl)=CC2Oc3cccc(O)c3C(=O)C21
HARUNMADAGASCARIN D,CC(C)=CCc1c(C)cc(O)c2c(O)c3c(cc12)[C@]1(CC=C(C)C)C[C@H](O)C(C)(C)[C@@H](C3=O)C1=O
KENGANTHRANOL D,CC(C)=CCc1c(C)c2c3c(c1O)C(=O)C1=C(C4C=CC(C)(C)OC4C=C1O)[C@]31O[C@H](C2)C(C)(C)O1
KENGANTHRANOL C,COC1c2c(CC=C(C)C)c(C)cc(O)c2C(=O)c2c(O)cc3c(c21)CC(C(C)(C)O)O3
PARISHIN,C[C@H]1O[C@@H](Oc2ccc(COC(=O)CC(O)(CC(=O)OCc3ccc(O[C@@H]4O[C@H](CO)[C@@H](O)[C@H](O)[C@H]4O)cc3)C(=O)Oc3ccc(O[C@H]4O[C@H](CO)[C@@H](O)[C@H](O)[C@H]4O)cc3)cc2)[C@H](O)[C@@H](O)[C@@H]1O
BACOPASIDE VII,CC(C)=CC1C[C@](C)(O)[C@@H]2[C@@H]3CC[C@@H]4[C@@]5(C)CC[C@H](O[C@@H]6OC[C@H](O)[C@H](O[C@@H]7O[C@H](CO)[C@@H](O)[C@H](O)[C@H]7O)[C@H]6O[C@@H]6O[C@@H](CO)[C@H](O)[C@H]6O)C(C)(C)[C@@H]5CC[C@@]4(C)[C@]34CO[C@@]2(C4)O1
BACOPASIDE I,CC(C)=C[C@@H]1CO[C@]23C[C@@]4(CO2)[C@@H](CC[C@@H]2[C@@]5(C)CC[C@H](O[C@H]6OC[C@H](O)[C@H](O[C@H]7O[C@H](COS(=O)(=O)O)[C@@H](O)[C@H](O)[C@H]7O)[C@H]6O[C@@H]6O[C@@H](CO)[C@H](O)[C@H]6O)C(C)(C)[C@@H]5CC[C@]24C)[C@H]3[C@@]1(C)O
BACOPASIDE II,CC(C)=C[C@@H]1CO[C@]23C[C@@]4(CO2)[C@@H](CC[C@@H]2[C@@]5(C)CC[C@H](O[C@@H]6O[C@H](CO)[C@@H](O)[C@H](O[C@@H]7O[C@H](COS(=O)(=O)O)[C@@H](O)[C@H](O)[C@H]7O)[C@H]6O[C@@H]6O[C@@H](CO)[C@H](O)[C@H]6O)C(C)(C)[C@@H]5CC[C@]24C)[C@H]3[C@@]1(C)O
BACOPASAPONSIN C,CC(C)=C[C@@H]1CO[C@]23C[C@@]4(CO2)[C@@H](CC[C@@H]2[C@@]5(C)CC[C@H](O[C@H]6OC[C@H](O)[C@H](O[C@H]7O[C@H](CO)[C@H](O)[C@H](O)[C@H]7O)[C@H]6O[C@@H]6O[C@@H](CO)[C@H](O)[C@H]6O)C(C)(C)[C@@H]5CC[C@]24C)[C@H]3[C@@]1(C)O
PEPEROMIN A,COc1cc(C(c2cc(OC)c3c(c2)OCO3)[C@@H]2COC(=O)[C@H]2C)cc2c1OCO2
PEPEROMIN C,COc1cc(C(c2cc(OC)c(OC)c(OC)c2)[C@@H]2COC(=O)[C@H]2C)cc(OC)c1OC
FURANOCEMBRANOID 1,C/C1=C\CC[C@](C)(O)/C=C/[C@H](C(C)C)CCc2coc(c2)C1
FURANOCEMBRANOID 2,CC(C)[C@H]1/C=C/[C@@](C)(O)CC[C@@H]2O[C@@]2(C)Cc2cc(co2)CC1
FURANOCEMBRANOID 3,CC(C)[C@H]1/C=C/[C@@](C)(O)CC[C@@H](O)[C@@](C)(O)Cc2cc(co2)CC1
TYRIANTHIN 6,CCCCCC1CCCCCCCCCC(=O)O[C@@H]2[C@@H](O[C@@H]3O[C@H](C)[C@@H](OC(=O)C(C)CC)[C@H](O)[C@H]3O)[C@H](C)O[C@@H](O[C@H]3[C@H](O[C@H]4[C@H](O1)O[C@H](C)[C@@H](O)[C@@H]4O)O[C@H](CO)[C@@H](O)[C@@H]3O)[C@@H]2OC(=O)CCC
SCAMMONIN 1,C/C=C(\C)C(=O)O[C@H]1[C@H](O)[C@@H](O)[C@H](O[C@@H]2[C@H]3OC(=O)CCCCCCCCCC(CCCCC)O[C@@H]4O[C@H](C)[C@@H](O)[C@H](O)[C@H]4O[C@@H]4O[C@H](CO)[C@@H](O)[C@H](O)[C@H]4O[C@H](O[C@H]2C)[C@@H]3OC(=O)C(C)CC)O[C@@H]1C
SCAMMONIN 2,CCCCCC1CCCCCCCCCC(=O)O[C@@H]2[C@@H](O[C@@H]3O[C@H](C)[C@@H](O)[C@H](O)[C@H]3O)[C@H](C)O[C@@H](O[C@H]3[C@H](O[C@H]4[C@H](O1)O[C@H](C)[C@@H](O)[C@@H]4O)O[C@H](CO)[C@@H](O)[C@@H]3O)[C@@H]2OC(=O)C(C)CC
PIMAGEDINE,N=C(N)NN
FURANOCEMBRANOID 4,CC(C)[C@H]1/C=C/[C@@](C)(O)CC[C@@H](O)[C@@](C)(O)C[C@H]2C=C(CC1)C(=O)O2
CORDYFORMAMIDE,O=CNC(=C\c1ccc(O)c(O)c1)/C(=C/c1ccc(O)c(O)c1)NC=O
GRANDINOL,Cc1c(O)c(C=O)c(O)c(C(=O)CC(C)C)c1O
JENSENONE,CC(C)CC(=O)c1c(O)c(C=O)c(O)c(C=O)c1O
OENOSTACIN,COC(=O)CC/C=C/c1c(O)cc(C(=O)O)cc1O
COMPLANADINES C,C[C@@H]1C[C@H]2CC(=O)[C@H]3CCCN4C=C(C5=C[C@@H]6[C@@H]7CC(=O)[C@H]8CCCN(C5=O)[C@@]86C[C@H](C)C7)C[C@H]2[C@]34C1
COMPLANADINE D,C[C@@H]1C[C@H]2CC3=C(CC[C@H](c4cnc5c(c4)[C@@]46C[C@H](C)C[C@@H](C5)[C@H]4CCCN6)N3)[C@]3(C1)NCCC[C@H]23
LATILAGASCENES B,C/C1=C\[C@@H]2[C@H](CC[C@@]3(C)O[C@@H]3C[C@@H](O)[C@@H](CO)C[C@H](OC(=O)/C=C/c3ccccc3)C1=O)C2(C)C
LATILAGASCENES F,C/C1=C\[C@@H]2[C@H](CC[C@@]3(C)O[C@@H]3C[C@@H](O)[C@@H](C)CC(OC(=O)c3ccccc3)C1=O)C2(C)C
LATILAGASCENES D,C/C1=C\[C@@H]2[C@H](CC[C@@]3(C)O[C@@H]3C[C@@H](O)[C@@H](COC(=O)c3ccccc3)C[C@H](OC(=O)/C=C/c3ccccc3)C1=O)C2(C)C
LATILAGASCENES E,CC1(C)[C@@H]2/C=C(\CO)C(=O)[C@@H](OC(=O)/C=C/c3ccccc3)C[C@H](COC(=O)c3ccccc3)[C@H](O)C[C@H]3O[C@]3(C)CC[C@@H]21
LATILAGASCENES C,CC(=O)OC[C@H]1C[C@H](OC(=O)/C=C/c2ccccc2)C(=O)/C(C)=C/[C@@H]2[C@H](CC[C@@]3(C)O[C@@H]3C[C@H]1OC(C)=O)C2(C)C
LATILAGASCENES A,CC(=O)OC[C@H]1C[C@H](OC(=O)/C=C/c2ccccc2)C(=O)/C(C)=C/[C@@H]2[C@H](CC[C@@]3(C)O[C@@H]3C[C@H]1O)C2(C)C
CHIMANINE B,C/C=C/c1ccc2ccccc2n1
LANCEOLATIN B,O=c1cc(-c2ccccc2)oc2c1ccc1occc12
BNIPDAOCT,c1ccc2cc(CCCNCCCCCCCCNCCCc3ccc4ccccc4c3)ccc2c1
BNIPDANON,c1ccc2cc(CCCNCCCCCCCCCNCCCc3ccc4ccccc4c3)ccc2c1
BNIPDADEC,c1ccc2cc(CCCNCCCCCCCCCCNCCCc3ccc4ccccc4c3)ccc2c1
BNIPDPTA,c1ccc2cc(CCCNCCCNCCCNCCCc3ccc4ccccc4c3)ccc2c1
BNIPDETA,c1ccc2cc(CCCNCCNCCNCCCc3ccc4ccccc4c3)ccc2c1
INONOTSUOXIDE A,C[C@@H]([C@H]1CC[C@@]2(C)C3=C(CC[C@]12C)[C@@]1(C)CC[C@H](O)C(C)(C)[C@@H]1CC3)[C@H]1C[C@H](O)C(C)(C)O1
INOTODIOL,CC(C)=CC[C@@H](O)[C@@H](C)[C@H]1CC[C@@]2(C)C3=C(CC[C@]12C)[C@@]1(C)CC[C@H](O)C(C)(C)[C@@H]1CC3
TRAMETENOLIC ACID,CC(C)=CCC[C@@H](C(=O)O)[C@H]1CC[C@@]2(C)C3=C(CC[C@]12C)[C@@]1(C)CC[C@H](O)C(C)(C)[C@@H]1CC3
ACETYL TRAMETENOLIC ACID,CC(=O)O[C@H]1CC[C@]2(C)C3=C(CC[C@H]2C1(C)C)[C@]1(C)CC[C@H]([C@@H](CCC=C(C)C)C(=O)O)[C@@]1(C)CC3
LANOSTEROL,CC(C)=CCC[C@@H](C)[C@H]1CC[C@@]2(C)C3=C(CC[C@]12C)[C@@]1(C)CC[C@H](O)C(C)(C)[C@@H]1CC3
PHENYLLYCACONITINE,CCN1C[C@]2(COC(=O)c3ccccc3N3C(=O)C(C)[C@H](c4ccccc4)C3=O)CC[C@H](OC)C34C2[C@H](OC)[C@](O)(C13)[C@@]1(O)C[C@H](OC)[C@H]2C[C@@H]4[C@@H]1[C@H]2OC
CYCLOHEXYLLYCACONITINE,CCN1C[C@]2(COC(=O)c3ccccc3N3C(=O)C(C)[C@H](C4CCCCC4)C3=O)CC[C@H](OC)C34C2[C@H](OC)[C@](O)(C13)[C@@]1(O)C[C@H](OC)[C@H]2C[C@@H]4[C@@H]1[C@H]2OC
ARISTOLACTAM AII,COc1c(O)cc2c3c(cc4ccccc4c13)NC2=O
NORARISTOLODIONE,COc1c(O)cc2c3c(cc4ccccc4c13)NC(=O)C2=O
GONIOTHALACTAM,COc1cc2c3c(cc4ccc(O)cc4c3c1OC)NC2=O
PIPEROLACTAM A,COc1cc2c3c(cc4ccccc4c3c1O)NC2=O
GLAUCINE,COc1cc2c(cc1OC)-c1c(OC)c(OC)cc3c1[C@H](C2)N(C)CC3
BNIPSPD,O=C1c2cccc3cccc(c23)C(=O)N1CCCNCCCCNCCCNCCCN1C(=O)c2cccc3cccc(c23)C1=O
BNIPDAOCT,O=C1c2cccc3cccc(c23)C(=O)N1CCCNCCCCCCCCNCCCN1C(=O)c2cccc3cccc(c23)C1=O
BNIPDANON,O=C1c2cccc3cccc(c23)C(=O)N1CCCNCCCCCCCCCNCCCN1C(=O)c2cccc3cccc(c23)C1=O
BNIPDADEC,O=C1c2cccc3cccc(c23)C(=O)N1CCCNCCCCCCCCCCNCCCN1C(=O)c2cccc3cccc(c23)C1=O
BNIPDPTA,O=C1c2cccc3cccc(c23)C(=O)N1CCCNCCCNCCCNCCCN1C(=O)c2cccc3cccc(c23)C1=O
BNIPDETA,O=C1c2cccc3cccc(c23)C(=O)N1CCCNCCNCCNCCCN1C(=O)c2cccc3cccc(c23)C1=O
NORCEPHARADIONE,COc1cc2c3c(cc4ccccc4c3c1OC)NC(=O)C2=O
ATHEROSPERMIDINE,COc1ccc2c(c1)C(=O)c1nccc3cc4c(c-2c13)OCO4
ARISTOLACTAM F II,COc1c(O)c(OC)c2c3c(cc4ccccc42)NC(=O)c13
HOMOMOSCHATOLINE,COc1c(OC)c2c3c(nccc3c1OC)C(=O)c1ccccc1-2
CEPHARANONE B,COc1cc2c3c(cc4ccccc4c3c1OC)NC2=O
ARISTOLACTAM BIII,COc1ccc2cc3c4c(cc(OC)c(OC)c4c2c1)C(=O)N3
OXODISCOGUATTINE,COc1cc(OC)c2c(c1)C(=O)c1nccc3cc4c(c-2c13)OCO4
OXOCALYCININE,COc1cc(O)c2c(c1)C(=O)c1nccc3cc4c(c-2c13)OCO4
OLDHAMACTAM,COc1c(OC)c(OC)c2c3c(cc4c(O)cccc42)NC(=O)c13
CALYCININE,COc1cc(O)c2c(c1)C[C@@H]1NCCc3cc4c(c-2c31)OCO4
ARISTOLACTAM AIIIA,COc1c(O)cc2c3c(cc4ccc(O)cc4c13)NC2=O
XYLOPINE,COc1ccc2c(c1)C[C@@H]1NCCc3cc4c(c-2c31)OCO4
ISOLAURELINE,COc1ccc2c(c1)C[C@H]1c3c(cc4c(c3-2)OCO4)CCN1C
ASIMILOBINE,COc1c(O)cc2c3c1-c1ccccc1C[C@@H]3NCC2
DUGUEVANINE,COc1cc2c(c(OC)c1)-c1c3c(c(OC)c4c1[C@H](C2)NCC4)OCO3
CORYTUBERINE,COc1ccc2c(c1O)-c1c(O)c(OC)cc3c1[C@H](C2)N(C)CC3
PHENOXIMID,O=C(Cn1ccnc1)N1c2ccccc2Oc2ccccc21
PHENOXBENZIMID,O=C(Cn1cnc2ccccc21)N1c2ccccc2Oc2ccccc21
STRYCHNINE,O=C1C[C@@H]2OCC=C3CN4CC[C@]56c7ccccc7N1[C@H]5[C@H]2[C@H]3C[C@H]46
NITROARGININE,N=C(NCCC[C@H](N)C(=O)O)N[N+](=O)[O-]
4-CHLORO CHALCONE,O=C(/C=C/c1ccc(Cl)cc1)c1ccccc1
"4',4-DICHLOROCHALCONE",O=C(/C=C/c1ccc(Cl)cc1)c1ccc(Cl)cc1
3-HYDROXY CHALCONE,O=C(/C=C/c1cccc(O)c1)c1ccccc1
NCX-4016,CC(=O)Oc1ccccc1C(=O)Oc1cccc(CO[N+](=O)[O-])c1
[11C]PHENETHYLGUANIDINE,N=[11C](N)NCCc1ccccc1
[11C]EPINEPHRINE,[11CH3]NC[C@H](O)c1ccc(O)c(O)c1
URIDINE DIPHOSPHATE GLUCOSE,O=c1ccn([C@@H]2O[C@H](COP(=O)(O)OP(=O)(O)O[C@H]3O[C@H](CO)[C@@H](O)[C@H](O)[C@H]3O)[C@@H](O)[C@H]2O)c(=O)[nH]1
ALLANTODAPSONE,Nc1ccc(S(=O)(=O)c2ccc(NCN3C(=O)NC(=O)C(=O)C3=O)cc2)cc1
DIPHENYLACETYLENE,C(#Cc1ccccc1)c1ccccc1
ALOGLIPTIN BENZOATE,Cn1c(=O)cc(N2CCC[C@@H](N)C2)n(Cc2ccccc2C#N)c1=O.O=C(O)c1ccccc1
FLUOXYMESTERONE,C[C@]1(O)CC[C@H]2[C@@H]3CCC4=CC(=O)CC[C@]4(C)[C@@]3(F)[C@@H](O)C[C@@]21C
ALOGLIPTIN,Cn1c(=O)cc(N2CCC[C@@H](N)C2)n(Cc2ccccc2C#N)c1=O
GENTIRIGEOSIDE A,CC1(C)O[C@](C(=O)O)([C@H]2CC[C@]3(C)[C@@H]2CC[C@@H]2[C@@]4(C)CC[C@H](O[C@@H]5O[C@H](CO)[C@@H](O)[C@H](O)[C@H]5O)[C@](C)(CO)[C@@H]4CC[C@]23C)C[C@H](O)[C@@H]1O
GENTIRIGEOSIDE B,CC1(C)O[C@](C(=O)O)([C@H]2CC[C@]3(C)[C@@H]2CC[C@@H]2[C@@]4(C)CC[C@H](O[C@@H]5O[C@H](CO)[C@@H](O)[C@H](O)[C@H]5O[C@@H]5O[C@H](CO)[C@@H](O)[C@H](O)[C@H]5O)[C@](C)(CO)[C@@H]4CC[C@]23C)C[C@H](O)[C@@H]1O
GENTIRIGEOSIDE C,CC1(C)O[C@](C(=O)O)([C@H]2CC[C@]3(C)[C@@H]2CC[C@@H]2[C@@]4(C)CC[C@H](O[C@@H]5O[C@H](CO)[C@@H](O)[C@H](O)[C@H]5O)[C@](C)(CO[C@@H]5O[C@H](CO)[C@@H](O)[C@H](O)[C@H]5O)[C@@H]4CC[C@]23C)C[C@H](O)[C@@H]1O
GENTIRIGEOSIDE D,C[C@]12CC[C@H](O[C@@H]3O[C@H](CO)[C@@H](O)[C@H](O)[C@H]3O)[C@](C)(CO)[C@@H]1CC[C@]1(C)[C@@H]2CC[C@@H]2[C@@H]([C@]3(C(=O)O)C[C@H](O)[C@H](O)[C@](C)(CO)O3)CC[C@]21C
GENTIRIGEOSIDE E,CC1(C)O[C@](C(=O)O)([C@H]2CC[C@]3(C)[C@@H]2CC[C@@H]2[C@@]4(C)CC[C@H](O[C@@H]5O[C@H](CO)[C@@H](O)[C@H](O)[C@H]5O[C@@H]5O[C@H](CO)[C@@H](O)[C@H](O)[C@H]5O)C(C)(C)[C@@H]4CC[C@]23C)C[C@H](O)[C@@H]1O
CYCLOSTELLETTAMINE A,[Cl-].[I-].c1cc2c[n+](c1)CCCCCCCCCCCCc1ccc[n+](c1)CCCCCCCCCCCC2
CYCLOSTELLETTAMINE B,[Cl-].[I-].c1cc2c[n+](c1)CCCCCCCCCCCCCc1ccc[n+](c1)CCCCCCCCCCCC2
CYCLOSTELLETTAMINE D,[Cl-].[I-].c1cc2c[n+](c1)CCCCCCCCCCCCCCc1ccc[n+](c1)CCCCCCCCCCCC2
CYCLOSTELLETTAMINE E,[Cl-].[I-].c1cc2c[n+](c1)CCCCCCCCCCCCCCc1ccc[n+](c1)CCCCCCCCCCCCC2
CYCLOSTELLETTAMINE G,[Cl-].[I-].c1cc2c[n+](c1)CCCCCCCCCCCCc1ccc[n+](c1)CCCCCCCCCCC2
DZUNUNCANONE,COC(=O)/C=C1\C(C(C)=O)=CC=C2[C@]3(C)CC[C@@]4(C)CC[C@@](C)(C(=O)OC)CC4[C@@]3(C)CC[C@]21C
ARDIMERIN DIGALLATE,COc1c([C@@H]2O[C@H](COC(=O)c3cc(O)c(O)c(O)c3)[C@@H](O)[C@H](O)[C@H]2O)cc2c(c1O)OC(=O)c1cc([C@@H]3O[C@H](COC(=O)c4cc(O)c(O)c(O)c4)[C@@H](O)[C@H](O)[C@H]3O)c(OC)c(O)c1OC2=O
ARDIMERIN,COc1c([C@@H]2O[C@H](CO)[C@@H](O)[C@H](O)[C@H]2O)cc2c(c1O)OC(=O)c1cc([C@@H]3O[C@H](CO)[C@@H](O)[C@H](O)[C@H]3O)c(OC)c(O)c1OC2=O
BERENJENOL,CC(C)[C@@]1(C)CCC([C@H]2CC[C@@]3(C)[C@@H]4CC[C@H]5C(C)(C)[C@@H](O)CC[C@@]56C[C@@]46CC[C@]23C)CO1
ISOESPINTANOL,COc1cc(C)c(OC)c(O)c1C(C)C
AURANTIOMIDE A,CO[C@@]1(CC(C)C)NC(=O)[C@H](CCC(N)=O)n2c1nc1ccccc1c2=O
AURANTIOMIDE B,CC(C)C[C@]1(O)NC(=O)[C@H](CCC(N)=O)n2c1nc1ccccc1c2=O
AEROTHIONIN,COC1=C(Br)[C@H](O)[C@@]2(C=C1Br)CC(C(=O)NCCCCNC(=O)C1=NO[C@]3(C=C(Br)C(OC)=C(Br)[C@@H]3O)C1)=NO2
AURANTIOMIDE C,CC(C)/C=C1\NC(=O)[C@H](CCC(N)=O)n2c1nc1ccccc1c2=O
EURYSTEROL A,CC(C)CCC[C@@H](C)[C@H]1CC[C@@H]2[C@]1(C)CC[C@H]1[C@@]23C[C@@H](O)[C@@]2(O)C[C@@H](OS(=O)(=O)[O-])CC[C@]12CO3.[Na+]
EURYSTEROL B,CC(C)C/C=C/[C@@H](C)[C@H]1CC[C@@H]2[C@]1(C)CC[C@H]1[C@@]23C[C@@H](O)[C@@]2(O)C[C@@H](OS(=O)(=O)[O-])CC[C@]12CO3.[Na+]
GUAIOL,C[C@H]1CC[C@@H](C(C)(C)O)CC2=C1CC[C@@H]2C
XUXARINE EBETA,COC(=O)[C@]1(C)CC[C@]2(C)CC[C@]3(C)C4=CC=C5C(=CC(=O)[C@]6(O)Oc7cc8c(cc7O[C@]56C)C(=O)C=C5[C@@]8(C)CC[C@@]6(C)[C@@H]7C[C@](C)(C(=O)OC)CC[C@]7(C)CC[C@]56C)[C@]4(C)CC[C@@]3(C)[C@@H]2C1
ANOMANOLIDE C,C[C@@]12CC([C@@]3(O)[C@H](O)C[C@H]4[C@@H]5C[C@H]6O[C@]67[C@@H](O)C=CC(=O)[C@]7(C)[C@H]5CC[C@@]43C)[C@@H](C1)OC(=O)[C@]2(C)O
(+)-PINORESINOL,COc1cc([C@@H]2OC[C@@H]3[C@H]2CO[C@H]3c2ccc(O)c(OC)c2)ccc1O
ANOMANOLIDE B,C[C@@]12CC([C@@]3(O)CC[C@H]4[C@@H]5C[C@H](O)[C@]6(O)[C@@H](O)C=CC(=O)[C@]6(C)[C@H]5CC[C@@]43C)[C@@H](C1)OC(=O)[C@]2(C)O
GENTIRIGENIC ACID,CC1(C)O[C@](C(=O)O)([C@H]2CC[C@]3(C)[C@@H]2CC[C@@H]2[C@@]4(C)CC[C@H](O)[C@](C)(CO)[C@@H]4CC[C@]23C)C[C@H](O)[C@@H]1O
ANOMANOLIDE E,C[C@@]12CC([C@@]3(O)[C@H](O)C[C@H]4[C@@H]5C[C@H](O)[C@]6(O)CC=CC(=O)[C@]6(C)[C@H]5CC[C@@]43C)[C@@H](C1)OC(=O)[C@]2(C)O
ISOSCOPOLETIN,COc1cc2oc(=O)ccc2cc1O
MOGROSIDE II A1,C[C@H](CC[C@@H](OC[C@@H]1O[C@H](OC[C@H]2O[C@@H](O)[C@H](O)[C@@H](O)[C@@H]2O)[C@@H](O)[C@H](O)[C@H]1O)C(C)(C)O)[C@H]1CC[C@@]2(C)[C@@H]3CC=C4[C@@H](CC[C@H](O)C4(C)C)[C@]3(C)[C@H](O)C[C@]12C
ANOMANOLIDE F,C[C@@]12CC([C@@]3(O)[C@H](O)C[C@H]4[C@@H]5CC[C@]6(O)[C@@H](O)C=CC(=O)[C@]6(C)[C@H]5CC[C@@]43C)[C@@H](C1)OC(=O)[C@]2(C)O
ANOMANOLIDE D,C[C@@]12CC([C@@]3(O)[C@H](O)C[C@H]4[C@@H]5C[C@H](Cl)[C@]6(O)[C@@H](O)C=CC(=O)[C@]6(C)[C@H]5CC[C@@]43C)[C@@H](C1)OC(=O)[C@]2(C)O
TUBONOLIDE A,C[C@]1(O)C[C@H]2OC(=O)[C@]1(C)C[C@H]2[C@@]1(O)[C@H](O)C[C@H]2[C@@H]3C[C@H](Cl)[C@]4(O)[C@@H](O)C=CC(=O)[C@]4(C)[C@H]3CC[C@@]21C
MOGROSIDE II B,C[C@H](CC[C@@H](O)C(C)(C)O[C@@H]1O[C@H](CO)[C@@H](O)[C@H](O)[C@H]1O)[C@H]1CC[C@@]2(C)[C@@H]3CC=C4[C@@H](CC[C@H](O[C@@H]5O[C@H](CO)[C@@H](O)[C@H](O)[C@H]5O)C4(C)C)[C@]3(C)[C@H](O)C[C@]12C
MOGROSIDE III A2,C[C@H](CC[C@@H](O[C@@H]1O[C@H](CO)[C@@H](O)[C@H](O)[C@H]1O)C(C)(C)O)[C@H]1CC[C@@]2(C)[C@@H]3CC=C4[C@@H](CC[C@H](O[C@@H]5O[C@H](CO[C@@H]6O[C@H](CO)[C@@H](O)[C@H](O)[C@H]6O)[C@@H](O)[C@H](O)[C@H]5O)C4(C)C)[C@]3(C)[C@H](O)C[C@]12C
7-OXOMOGROSIDE II E,C[C@H](CC[C@@H](O[C@@H]1O[C@H](CO)[C@@H](O)[C@H](O)[C@H]1O)C(C)(C)O)[C@H]1CC[C@@]2(C)[C@@H]3CC=C4[C@@H](CC[C@H](O[C@@H]5O[C@H](CO)[C@@H](O)[C@H](O)[C@H]5O)C4(C)C)[C@]3(C)[C@H](O)C[C@]12C
7-OXOMOGROSIDE V,C[C@H](CC[C@@H](O[C@@H]1O[C@H](CO)[C@@H](O)[C@H](O)[C@H]1O[C@@H]1O[C@H](CO[C@H]2O[C@@H](CO)[C@H](O)[C@@H](O)[C@@H]2O)[C@@H](O)[C@H](O)[C@H]1O)C(C)(C)O)[C@H]1CC[C@@]2(C)[C@@H]3CC=C4[C@@H](CC[C@H](O[C@@H]5O[C@H](CO[C@@H]6O[C@H](CO)[C@@H](O)[C@H](O)[C@H]6O)[C@@H](O)[C@H](O)[C@H]5O)C4(C)C)[C@]3(C)[C@H](O)C[C@]12C
11-OXOMOGROSIDE IV A,C[C@H](CC[C@@H](O[C@@H]1O[C@H](CO[C@@H]2O[C@H](CO)[C@@H](O)[C@H](O)[C@H]2O)[C@@H](O)[C@H](O)[C@H]1O)C(C)(C)O)[C@H]1CC[C@@]2(C)[C@@H]3CC=C4[C@@H](CC[C@H](O[C@@H]5O[C@H](CO[C@@H]6O[C@H](CO)[C@@H](O)[C@H](O)[C@H]6O)[C@@H](O)[C@H](O)[C@H]5O)C4(C)C)[C@]3(C)C(=O)C[C@]12C
TUBOCAPSENOLIDE A,CC1=C(C)C(=O)O[C@@H]([C@@H](C)[C@@]2(C)C3=C(C[C@H]2O)[C@@H]2C[C@H]4O[C@]45[C@@H](O)C=CC(=O)[C@]5(C)[C@H]2CC3)C1
TUBOCAPSENOLIDE F,CC1=C(C)C(=O)O[C@@H]([C@@H](C)[C@@]2(C)C3=C(C[C@H]2O)[C@@H]2C[C@H](O)[C@]4(O)[C@@H](O)C=CC(=O)[C@]4(C)[C@H]2CC3)C1
TUBOCAPSENOLIDE G,CC1=C(C)C(=O)O[C@@H]([C@@H](C)[C@@]2(C)C3=C(C[C@H]2O)[C@@H]2C[C@H](Cl)[C@]4(O)[C@@H](O)C=CC(=O)[C@]4(C)[C@H]2CC3)C1
TUBOCAPSANOLIDE A,CC1=C(C)C(=O)O[C@@H]([C@@H](C)[C@@]23O[C@@H]2C[C@H]2[C@@H]4C[C@H]5O[C@]56[C@@H](O)C=CC(=O)[C@]6(C)[C@H]4CC[C@@]23C)C1
20-HYDROXYTUBOCAPSANOLIDE A,CC1=C(C)C(=O)O[C@@H]([C@](C)(O)[C@@]23O[C@@H]2C[C@H]2[C@@H]4C[C@H]5O[C@]56[C@@H](O)C=CC(=O)[C@]6(C)[C@H]4CC[C@@]23C)C1
RUTIN,C[C@@H]1O[C@@H](OC[C@H]2O[C@@H](Oc3c(-c4ccc(O)c(O)c4)oc4cc(O)cc(O)c4c3=O)[C@H](O)[C@@H](O)[C@@H]2O)[C@H](O)[C@H](O)[C@H]1O
INCASPITOLIDE A,C=C1C(=O)O[C@H]2[C@H]1[C@@H](OC(=O)C(C)C)C(=O)[C@H](C)CCC[C@](C)(O)[C@@H]2OC(=O)C(C)C
23-HYDROXYTUBOCAPSANOLIDE A,CC1=C(C)[C@H](O)[C@H]([C@@H](C)[C@@]23O[C@@H]2C[C@H]2[C@@H]4C[C@H]5O[C@]56[C@@H](O)C=CC(=O)[C@]6(C)[C@H]4CC[C@@]23C)OC1=O
ASPERULOSIDIC ACID,CC(=O)OCC1=C[C@H](O)[C@@H]2C(C(=O)O)=CO[C@@H](O[C@H]3O[C@@H](CO)[C@H](O)[C@@H](O)[C@@H]3O)[C@H]12
TUBOCAPSENOLIDE D,CC1=C(C)C(O)O[C@@H]([C@@H](C)[C@@]2(O)CC[C@H]3[C@@H]4C[C@H](O)[C@]5(O)[C@@H](O)C=CC(=O)[C@]5(C)[C@H]4CC[C@@]32C)C1
INCASPITOLIDE D,C=C1C(=O)O[C@H]2[C@H]1[C@@H](O)[C@H](OC(=O)C(C)C)[C@H](C)CCC(=O)[C@](C)(O)[C@@H]2OC(=O)C(C)C
PERINAPHTHENONE,O=C1C=Cc2cccc3cccc1c23
ANOMANOLIDE A,C[C@@]12CC([C@@]3(O)CC[C@H]4[C@@H]5C[C@H]6O[C@]67[C@@H](O)C=CC(=O)[C@]7(C)[C@H]5CC[C@@]43C)[C@@H](C1)OC(=O)[C@]2(C)O
BATATASIN IV,COc1cc(O)cc(CCc2ccccc2O)c1
PLANTASIOSIDE,O=C(/C=C/c1ccc(O)c(O)c1)OC[C@H]1O[C@H]2OC[C@H](c3ccc(O)c(O)c3)O[C@@H]2[C@@H](O)[C@@H]1O
DIHYDROPINOSYLVIN,Oc1cc(O)cc(CCc2ccccc2)c1
strongylophorine-26,COC1=CC(=O)C=C(C[C@H]2[C@]3(C)CC[C@@H]4[C@]5(CCC[C@]4(C)C(=O)OC5)[C@H]3CC[C@]2(C)O)C1=O
FRAXINUACIDOSIDE,CC1=C[C@@H](C2=C(C)CC[C@H](O[C@@H]3O[C@H](CO)[C@@H](O)[C@H](O)[C@H]3O)C2(C)C)[C@@H](/C=C(/C)C(=O)O)OC1
KANAMYCIN SULFATE,NC[C@H]1O[C@H](O[C@H]2[C@H](O)[C@@H](O[C@H]3O[C@H](CO)[C@@H](O)[C@H](N)[C@H]3O)[C@H](N)C[C@@H]2N)[C@H](O)[C@@H](O)[C@@H]1O.O=S(=O)(O)O
strongylophorine-8,C[C@@]12CC[C@@H]3[C@]4(CCC[C@]3(C)C(=O)OC4)[C@H]1CC[C@](C)(O)[C@H]2Cc1cc(O)ccc1O
PAHAYOKOLIDES A,C/C=C1\NC(=O)[C@H](Cc2ccccc2)NC(=O)[C@@H]2CCCN2C(=O)CNC(=O)[C@H](CCC(N)=O)NC(=O)C(O)C(C[C@H](CC(O)C(O)CC(C)C)OC(=O)[C@H](CC(C)C)N(C)C(C)=O)NC(=O)[C@@H]2CCCN2C(=O)[C@H](CCc2ccccc2)NC(=O)C(C(C)O)NC(=O)/C(=C\C)NC(=O)[C@H](CO)NC1=O
CYCLOCINAMIDE B,Cn1c(C(=O)NCC(=O)N[C@H]2CNC(=O)[C@@H](Cc3c[nH]c4ccc(Br)cc34)NC(=O)[C@@H](O)CNC(=O)[C@@H](CC(N)=O)NC2=O)cc(Cl)c1Cl
HELIANTHOSIDE 1,C[C@@H]1O[C@@H](O[C@H]2[C@H](O[C@H]3CC[C@]4(C)[C@H]5CC=C6[C@@H]7CC(C)(C)CC[C@]7(C(=O)O[C@@H]7OC[C@H](O)[C@H](O)[C@H]7O[C@@H]7O[C@@H](C)[C@H](O[C@@H]8O[C@H](CO)[C@@H](O)[C@H](O)[C@H]8O)[C@@H](O)[C@H]7O)CC[C@@]6(C)[C@]5(C)CC[C@H]4C3(C)C)O[C@H](CO)[C@@H](O[C@@H]3OC[C@@H](O)[C@H](O)[C@H]3O)[C@@H]2O)[C@H](O)[C@H](O)[C@H]1O
HELIANTHOSIDE 2,C[C@@H]1O[C@@H](O[C@@H]2[C@@H](O)[C@H](O[C@H]3CC[C@]4(C)[C@H]5CC=C6[C@@H]7CC(C)(C)CC[C@]7(C(=O)O[C@@H]7OC[C@H](O)[C@H](O)[C@H]7O[C@@H]7O[C@@H](C)[C@H](O[C@@H]8O[C@H](CO)[C@@H](O)[C@H](O)[C@H]8O)[C@@H](O)[C@H]7O)[C@H](O)C[C@@]6(C)[C@]5(C)CC[C@H]4C3(C)C)O[C@H](CO)[C@H]2O[C@@H]2OC[C@@H](O)[C@H](O)[C@H]2O)[C@H](O)[C@H](O)[C@H]1O
HELIANTHOSIDE 3,C[C@@H]1O[C@@H](O[C@H]2[C@H](O[C@H]3CC[C@]4(C)[C@H]5CC=C6[C@@H]7CC(C)(C)CC[C@]7(C(=O)O[C@@H]7O[C@H](CO)[C@@H](O)[C@H](O)[C@H]7O[C@@H]7O[C@@H](C)[C@H](O[C@@H]8O[C@H](CO)[C@@H](O)[C@H](O)[C@H]8O)[C@@H](O)[C@H]7O)[C@H](O)C[C@@]6(C)[C@]5(C)CC[C@H]4C3(C)C)O[C@H](CO)[C@@H](O[C@@H]3OC[C@@H](O)[C@H](O)[C@H]3O)[C@@H]2O)[C@H](O)[C@H](O)[C@H]1O
HELIANTHOSIDE 4,C[C@@H]1O[C@@H](O[C@@H]2[C@@H](O)[C@H](O[C@H]3CC[C@@]4(C)[C@@H](CC[C@]5(C)[C@@H]4CC=C4[C@@H]6CC(C)(C)CC[C@]6(C(=O)O[C@@H]6OC[C@@H](O)[C@H](O)[C@H]6O[C@@H]6O[C@@H](C)[C@H](O[C@@H]7O[C@H](CO)[C@@H](O)[C@H](O)[C@H]7O)[C@@H](O)[C@H]6O)[C@H](O)C[C@]45C)[C@]3(C)CO)O[C@H](CO)[C@H]2O[C@@H]2OC[C@@H](O)[C@H](O)[C@H]2O)[C@H](O)[C@H](O)[C@H]1O
HELIANTHOSIDE 5,C[C@@H]1O[C@@H](O[C@@H]2[C@@H](O)[C@H](O[C@H]3CC[C@]4(C)[C@H]5CC=C6[C@@H]7CC(C)(C)CC[C@]7(C(=O)O[C@@H]7O[C@H](CO)[C@@H](O)[C@H](O)[C@H]7O[C@@H]7O[C@@H](C)[C@H](O)[C@@H](O)[C@H]7O)[C@H](O)C[C@@]6(C)[C@]5(C)CC[C@H]4C3(C)C)O[C@H](CO)[C@H]2O[C@@H]2OC[C@@H](O)[C@H](O)[C@H]2O)[C@H](O)[C@H](O)[C@H]1O
HELIANTHOSIDE B,C[C@@H]1O[C@@H](O[C@H]2CC[C@]3(C)[C@H]4CC=C5[C@@H]6CC(C)(C)CC[C@]6(C(=O)OC6OC[C@@H](O)[C@@H](O)[C@@H]6O[C@@H]6O[C@@H](C)[C@H](O[C@@H]7O[C@H](CO)[C@@H](O)[C@H](O)[C@H]7O)[C@@H](O)[C@H]6O)[C@H](O)C[C@@]5(C)[C@]4(C)CC[C@H]3C2(C)C)[C@H](O)[C@H](O)[C@H]1OC1OC[C@@H](O)[C@H](O)[C@H]1O
12-O-METHYLJABOROSALACTONE 38,CO[C@@]12C[C@H]3[C@@H](C[C@H]4O[C@]45CC=CC(=O)[C@]35C)[C@@H]3CC[C@@](O)([C@@H]([C@H]4CC(C)=C(C)C(=O)O4)CO1)[C@]32C
BAUHINOXEPIN C,COc1cc2c(c(O)c1C)Oc1cccc(O)c1CC2
JABOROSALACTONE,CC1=C(C)C(=O)O[C@@H]([C@H]2CO[C@@]3(O)C[C@H]4[C@@H](C[C@H]5O[C@]56CC=CC(=O)[C@]46C)[C@@H]4CC[C@]2(O)[C@]43C)C1
BAUHINOXEPIN D,COc1c(C)c(O)cc2c1Oc1cccc(O)c1CC2
JABOROSALACTONE 39,CC1=C(C)C(=O)O[C@@H]([C@H]2CO[C@@]3(O)C[C@H]4[C@@H](C[C@H]5O[C@]56CCCC(=O)[C@]46C)[C@@H]4CC[C@]2(O)[C@]43C)C1
BAUHINOXEPIN E,COc1c(C)c(OC)c2c(c1O)CCc1c(O)cccc1O2
BAUHINOXEPIN F,COc1c(O)c(C)c(OC)c2c1CCc1c(O)cccc1O2
BAUHINOXEPIN G,COc1c(C)c(O)cc2c1Oc1ccccc1C(O)C2
BAUHINOXEPIN H,COC1=C(C)C(=O)C2=C(CCc3c(O)cccc3O2)C1=O
DIHYDROFERULIC ACID,COc1cc(CCC(=O)O)ccc1O
BAUHINOXEPIN I,COC1=C(C)C(=O)C2=C(CCc3cc(O)ccc3O2)C1=O
BAUHINOXEPIN J,COC1=CC(=O)C2=C(CCc3ccccc3O2)C1=O
BAUHIBENZOFURIN A,COc1cc(OC)c(O)c([C@@H]2Cc3ccccc3O2)c1
JABOROSALACTONE 42,CC1=C(C)[C@H]([C@H]2O[C@@]3(O)C[C@H]4[C@@H](C[C@@H](O)[C@@]5(Cl)CC=CC(=O)[C@]45C)[C@@H]4CC[C@@](O)([C@@H]2C)[C@]43C)OC1=O
DIHYDROFERULIC ACID METHYL ESTER,COC(=O)CCc1ccc(O)c(OC)c1
DIHYDROFERULIC ACID ETHYL ESTER,CCOC(=O)CCc1ccc(O)c(OC)c1
BAUHISPIRORIN A,COC1=CC(=O)CC2(CCc3ccccc3O2)C1=O
DIHYDROFERULIC ACID PROPYL ESTER,CCCOC(=O)CCc1ccc(O)c(OC)c1
BAUHINOL E,COc1cc(CCc2ccccc2O)cc(O)c1C
HEXYLHYDROFERULATE,CCCCCCOC(=O)CCc1ccc(O)c(OC)c1
DIHYDROFERULIC ACID OCTYL ESTER,CCCCCCCCOC(=O)CCc1ccc(O)c(OC)c1
DIHYDROFERULIC ACID DECYL ESTER,CCCCCCCCCCOC(=O)CCc1ccc(O)c(OC)c1
LINCOMYCIN,CCC[C@@H]1C[C@@H](C(=O)N[C@@H]([C@H]2O[C@H](SC)[C@H](O)[C@@H](O)[C@H]2O)[C@@H](C)O)N(C)C1
CEFOTAXIME BATSI,CO/N=C(\C(=O)NCB(O)O)c1csc(N)n1
PRETOMANID,O=[N+]([O-])c1cn2c(n1)OC[C@@H](OCc1ccc(OC(F)(F)F)cc1)C2
CARMINIC ACID,Cc1c(C(=O)O)c(O)cc2c1C(=O)c1c(O)c([C@@H]3O[C@H](CO)[C@@H](O)[C@H](O)[C@H]3O)c(O)c(O)c1C2=O
NICLOSAMIDE,O=C(Nc1ccc([N+](=O)[O-])cc1Cl)c1cc(Cl)ccc1O
20-HYDROXYECDYSONE,CC(C)(O)CC[C@@H](O)[C@](C)(O)[C@H]1CC[C@@]2(O)C3=CC(=O)[C@@H]4C[C@@H](O)[C@@H](O)C[C@]4(C)[C@H]3CC[C@]12C
TICARCILLIN,CC1(C)S[C@@H]2[C@H](NC(=O)[C@H](C(=O)O)c3ccsc3)C(=O)N2[C@H]1C(=O)O
ACETAMIDOMETHYLBORONIC ACID,CC(=O)NCB(O)O
SENNIDIN A,O=C(O)c1cc(O)c2c(c1)C(C1c3cccc(O)c3C(=O)c3c(O)cc(C(=O)O)cc31)c1cccc(O)c1C2=O
ISARIIN B,CCCCCCC1CC(=O)NCC(=O)N[C@@H](C(C)C)C(=O)N[C@H](CC(C)C)C(=O)N[C@@H](C)C(=O)N[C@@H](C(C)C)C(=O)O1
ISARIDIN C2,CC(C)CC1OC(=O)CCNC(=O)[C@H](C(C)C)N(C)C(=O)[C@H](C(C)C)N(C)C(=O)[C@H](Cc2ccccc2)NC(=O)[C@@H]2C(C)CCN2C1=O
ISARIDIN E,CC(C)CC1OC(=O)CCNC(=O)[C@H](C(C)C)N(C)C(=O)[C@H](C(C)C)N(C)C(=O)[C@H](Cc2ccccc2)NC(=O)[C@@H]2CCCN2C1=O
ISARIDINE A,CC(C)CC1OC(=O)CCNC(=O)[C@H](Cc2ccccc2)N(C)C(=O)[C@H](C(C)C)N(C)C(=O)[C@H](Cc2ccccc2)NC(=O)[C@@H]2CCCN2C1=O
ATOVAQUONE,O=C1C(O)=C([C@H]2CC[C@H](c3ccc(Cl)cc3)CC2)C(=O)c2ccccc21
TAMARIXETIN,COc1ccc(-c2oc3cc(O)cc(O)c3c(=O)c2O)cc1O
MAGGIEMYCIN,CCC1(O)CC(=O)c2c(O)c3c(c(O)c2C1C(=O)OC)C(=O)c1cccc(O)c1C3=O
ANHYDROMAGGIEMYCIN,CCc1cc(O)c2c(O)c3c(c(O)c2c1C(=O)OC)C(=O)c1cccc(O)c1C3=O
ISOCITRIC ACID,O=C(O)C[C@H](C(=O)O)[C@@H](O)C(=O)O
GW842166X,O=C(NCC1CCOCC1)c1cnc(Nc2ccc(Cl)cc2Cl)nc1C(F)(F)F
ARZOXIFENE,COc1ccc(-c2sc3cc(O)ccc3c2Oc2ccc(OCCN3CCCCC3)cc2)cc1
ISOLONGIFOLOL,CC1(C)CCC[C@@]2(C)[C@@H]3CC[C@@H]([C@@H]31)[C@@H]2CO
ISOLONGIFOLIC ACID,CC1(C)CCC[C@@]2(C)[C@@H]3CC[C@@H]([C@@H]31)[C@@H]2C(=O)O
SHEARININE D,CC1(C)C=C2c3cc4[nH]c5c(c4cc3[C@@H](O)[C@@H]2C(C)(C)O1)C[C@@H]1CC[C@@]2(O)C3=CC(=O)[C@@H]4O[C@@]3(CC[C@]2(C)[C@@]51C)OC4(C)C
SHEARININE E,CC1(C)C=C2c3cc4[nH]c5c(c4cc3[C@H](O)[C@@H]2C(C)(C)O1)C[C@@H]1CC[C@@]2(O)C3=CC(=O)[C@@H]4O[C@@]3(CC[C@]2(C)[C@@]51C)OC4(C)C
SHEARININE F,CC(C)=CCc1cc2[nH]c3c(c2cc1CC=C(C)C)C[C@@H]1CC[C@@]2(O)C4=CC(=O)[C@@H]5O[C@@]4(CC[C@]2(C)[C@@]31C)OC5(C)C
SHEARININE A,CC1(C)C=C2c3cc4[nH]c5c(c4cc3C[C@@H]2C(C)(C)O1)C[C@@H]1CC[C@@]2(O)C3=CC(=O)[C@@H]4O[C@@]3(CC[C@]2(C)[C@@]51C)OC4(C)C
AVICENNONE A,COC(=O)c1ccccc1/C(OC)=C1/C[C@@H](C(C)(C)O)OC1=O
AVICEQUINONE A,CC(C)(O)[C@H]1OC2=C(C(=O)c3ccccc3C2=O)[C@@H]1O
STENOCARPOQUINONE B,CC(C)(O)[C@@H]1CC2=C(O1)C(=O)c1ccccc1C2=O
AVICEQUINONE C,CC(C)(O)c1cc2c(o1)C(=O)c1ccccc1C2=O
AVICENOL A,COc1c2c(c(OC)c3ccccc13)[C@H](O)[C@@H](C(C)(C)O)O2
AVICENOL C,COc1c2c(c(OC)c3ccccc13)O[C@H](C(C)(C)O)C2
SODIUM ZINC DIHYDROLIPOYLHISTIDINATE,O=C(CCCCC1CCS[Zn]S1)NC(Cc1c[nH]cn1)C(=O)[O-].[Na+]
ADENINE,Nc1[nH]cnc2ncnc1-2
2-AMINOPURINE,Nc1nc2ncnc-2c[nH]1
METHYLGUANINE,COc1nc(N)nc2nc[nH]c12
6-CHLOROGUANINE,Nc1nc(Cl)c2nc[nH]c2n1
"2,6-DIAMINOPURINE",Nc1nc(N)c2nc[nH]c2n1
CYCLOARTANOL,CC(C)CCC[C@@H](C)[C@H]1CC[C@@]2(C)[C@@H]3CC[C@H]4C(C)(C)[C@@H](O)CC[C@@]45C[C@@]35CC[C@]12C
CYCLOARTENOL,CC(C)=CCC[C@@H](C)[C@H]1CC[C@@]2(C)[C@@H]3CC[C@H]4C(C)(C)[C@@H](O)CC[C@@]45C[C@@]35CC[C@]12C
(23E)-CYCLOSADOL,C/C(=C\C[C@@H](C)[C@H]1CC[C@@]2(C)[C@@H]3CC[C@H]4C(C)(C)[C@@H](O)CC[C@@]45C[C@@]35CC[C@]12C)C(C)C
CYCLOBRANOL,CC(C)=C(C)CC[C@@H](C)[C@H]1CC[C@@]2(C)[C@@H]3CC[C@H]4C(C)(C)[C@@H](O)CC[C@@]45C[C@@]35CC[C@]12C
CYCLOLAUDENOL (24S),C=C(C)[C@@H](C)CC[C@@H](C)[C@H]1CC[C@@]2(C)[C@@H]3CC[C@H]4C(C)(C)[C@@H](O)CC[C@@]45C[C@@]35CC[C@]12C
POLYSTHICOL (24S),C=C(C)[C@@H](CC)CC[C@@H](C)[C@H]1CC[C@@]2(C)[C@@H]3CC[C@H]4C(C)(C)[C@@H](O)CC[C@@]45C[C@@]35CC[C@]12C
CYCLOARTENOL ACETATE,CC(=O)O[C@H]1CC[C@]23C[C@]24CC[C@]2(C)[C@@H]([C@H](C)CCC=C(C)C)CC[C@@]2(C)[C@@H]4CC[C@H]3C1(C)C
GAMMA ORYZANOL,COc1cc(/C=C/C(=O)O[C@H]2CC[C@]34C[C@]35CC[C@]3(C)[C@@H]([C@H](C)CCC=C(C)C)CC[C@@]3(C)[C@@H]5CC[C@H]4C2(C)C)ccc1O
CYCLOARTENONE,CC(C)=CCC[C@@H](C)[C@H]1CC[C@@]2(C)[C@@H]3CC[C@H]4C(C)(C)C(=O)CC[C@@]45C[C@@]35CC[C@]12C
CIMICIFUGENOL,CC(C)=CCC[C@@H](C)C1=CC[C@@]2(C)[C@@H]3CC[C@H]4C(C)(C)[C@@H](O)CC[C@@]45C[C@@]35CC[C@]12C
CYCLOEUCALENOL,C=C(CC[C@@H](C)[C@H]1CC[C@@]2(C)[C@@H]3CC[C@H]4[C@H](C)[C@@H](O)CC[C@@]45C[C@@]35CC[C@]12C)C(C)C
CYCLOEUCALENOL ACETATE,C=C(CC[C@@H](C)[C@H]1CC[C@@]2(C)[C@@H]3CC[C@H]4[C@H](C)[C@@H](OC(C)=O)CC[C@@]45C[C@@]35CC[C@]12C)C(C)C
CYCLOEUCALENOL FERULATE,C=C(CC[C@@H](C)[C@H]1CC[C@@]2(C)[C@@H]3CC[C@H]4[C@H](C)[C@@H](OC(=O)/C=C/c5ccc(O)c(OC)c5)CC[C@@]45C[C@@]35CC[C@]12C)C(C)C
CYCLOEUCALENONE,C=C(CC[C@@H](C)[C@H]1CC[C@@]2(C)[C@@H]3CC[C@H]4[C@H](C)C(=O)CC[C@@]45C[C@@]35CC[C@]12C)C(C)C
POLLINASTANOL,CC(C)CCC[C@@H](C)[C@H]1CC[C@@]2(C)[C@@H]3CC[C@H]4C[C@@H](O)CC[C@@]45C[C@@]35CC[C@]12C
SIPHOLENOL A,CC1=CCC2C(CC[C@@]2(C)O)C(C)(C)C1CC[C@@H]1[C@@]2(C)CC[C@@H](O)C(C)(C)O[C@@H]2CC[C@]1(C)O
SIPHOLENONE A,CC1=CCC2C(CC[C@@]2(C)O)C(C)(C)C1CC[C@@H]1[C@@]2(C)CCC(=O)C(C)(C)O[C@@H]2CC[C@]1(C)O
SIPHONELLINOL C,CC1=C(CC[C@@H]2[C@@]3(C)CC[C@@H](O)C(C)(C)O[C@@H]3CC[C@]2(C)O)[C@](C)(C/C=C/C(C)(C)O)[C@H](O)CC1
SIPHOLENOL I,CC1(C)O[C@@H]2CC[C@](C)(O)[C@H](CC[C@@]34O[C@]3(C)[C@H](O)CC3C(CC[C@@]3(C)O)C4(C)C)[C@@]2(C)CC[C@H]1O
28-HYDROXYSIPHOLENOL A,CC1(C)C(CC[C@@H]2[C@@]3(C)CC[C@@H](O)C(C)(C)O[C@@H]3CC[C@]2(C)O)C(CO)=CCC2C1CC[C@@]2(C)O
STANDISHINAL,CC(C)c1cc(C=O)c2c(c1O)[C@H](O)[C@H]1C(C)(C)CCC[C@]21C
FLUCYCLOXURON,O=C(NC(=O)c1c(F)cccc1F)Nc1ccc(CO/N=C(/c2ccc(Cl)cc2)C2CC2)cc1
PALMITOYL GLYCINE,CCCCCCCCCCCCCCCC(=O)NCC(=O)O
OLEOYL GLYCINE,CCCCCCCC/C=C\CCCCCCCC(=O)NCC(=O)O
LINOLEOYL GLYCINE,CCCCC/C=C\C/C=C\CCCCCCCC(=O)NCC(=O)O
NODULISPOROL,COc1cccc2c1C(O)CCC2O
NODULISPORONE,COc1cccc2c1C(=O)CCC2O
MELLEIN,CC1Cc2cccc(O)c2C(=O)O1
BOLDINE METHIODIDE,COc1cc2c(cc1O)C[C@H]1c3c(cc(O)c(OC)c3-2)CC[N+]1(C)C.[I-]
PREDICENTRINE METHIODIDE,COc1cc2c(cc1OC)-c1c(OC)c(O)cc3c1[C@H](C2)[N+](C)(C)CC3.[I-]
GLAUCINE METHIODIDE,COc1cc2c(cc1OC)-c1c(OC)c(OC)cc3c1[C@H](C2)[N+](C)(C)CC3.[I-]
BOLDINE,COc1cc2c(cc1O)C[C@H]1c3c(cc(O)c(OC)c3-2)CCN1C
3-BROMOBOLDINE,COc1cc2c(cc1O)C[C@H]1c3c(c(Br)c(O)c(OC)c3-2)CCN1C
PYRIDABEN,CC(C)(C)c1ccc(CSc2cnn(C(C)(C)C)c(=O)c2Cl)cc1
INTERFUNGIN A,CC(=O)/C=C(O)/C(=C\c1ccc(O)c(O)c1)c1c(O)cc(/C=C/c2ccc(O)c(O)c2)oc1=O
INTERFUNGIN B,CC(=O)/C(=C\c1ccc(O)c(O)c1)c1c(O)cc(/C=C/c2ccc(O)c(O)c2)oc1=O
INTERFUNGIN C,COC(=O)/C(=C\c1ccc(O)c(O)c1)c1c(O)cc(/C=C/c2ccc(O)c(O)c2)oc1=O
SINENSETIN,COc1ccc(-c2cc(=O)c3c(OC)c(OC)c(OC)cc3o2)cc1OC
HEXAMETHOXYFLAVONE,COc1ccc(-c2oc3cc(OC)c(OC)c(OC)c3c(=O)c2OC)cc1OC
ARTEMETIN,COc1ccc(-c2oc3cc(OC)c(OC)c(O)c3c(=O)c2OC)cc1OC
GARDENIN B,COc1ccc(-c2cc(=O)c3c(O)c(OC)c(OC)c(OC)c3o2)cc1
NATSUDAIDAI,COc1ccc(-c2oc3c(OC)c(OC)c(OC)c(OC)c3c(=O)c2O)cc1OC
N6-BENZYLADENOSINE,OC[C@H]1O[C@@H](n2cnc3c(NCc4ccccc4)ncnc32)[C@H](O)[C@@H]1O
LEMNALOSIDE A,CC(=O)OC[C@H]1O[C@@H](O[C@@]2(C)CC[C@@H]([C@H](C)CCC=C(C)C)[C@@H]3C=C(C)CC[C@@H]32)[C@H](O)[C@@H](O)[C@H]1O
LEMNALOSIDE B,CC(=O)O[C@H]1[C@@H](O)[C@@H](CO)O[C@@H](O[C@@]2(C)CC[C@@H]([C@H](C)CCC=C(C)C)[C@@H]3C=C(C)CC[C@@H]32)[C@@H]1O
LEMNALOSIDE C,C=C(C)C(CC[C@@H](C)[C@@H]1CC[C@](C)(O[C@@H]2O[C@H](COC(C)=O)[C@H](O)[C@H](O)[C@H]2O)[C@H]2CCC(C)=C[C@@H]12)OO
LEMNABOURSIDE,CC1=C[C@H]2[C@H]([C@H](C)CCC[C@@H](C)C3OC[C@H]4O[C@@H](O3)[C@H](O)[C@@H](O)[C@@H]4O)CC=C(C)[C@H]2CC1
LEJIMALIDE A,CO[C@@H]1/C=C(C)/C=C/[C@@H](C)/C=C/C(=O)O[C@H](/C(C)=C/C=C(\C)CNC(=O)[C@H](O)NC=O)[C@@H](C)/C=C/C=C/[C@@H](OC)CC/C=C(C)\C=C\C1
LEJIMALIDE A PHENYL CARBAMATE,CO[C@@H]1/C=C(C)/C=C/[C@@H](C)/C=C/C(=O)O[C@H](/C(C)=C/C=C(\C)CNC(=O)[C@@H](NC=O)OC(=O)Nc2ccccc2)[C@@H](C)/C=C/C=C/[C@@H](OC)CC/C=C(C)\C=C\C1
LEJIMALIDE B,CO[C@@H]1/C=C(C)/C=C/[C@@H](C)/C=C(\C)C(=O)O[C@H](/C(C)=C/C=C(\C)CNC(=O)[C@H](O)NC=O)[C@@H](C)/C=C/C=C/[C@@H](OC)CC/C=C(C)\C=C\C1
LEJIMALIDE B PHENYL CARBAMATE,CO[C@@H]1/C=C(C)/C=C/[C@@H](C)/C=C(\C)C(=O)O[C@H](/C(C)=C/C=C(\C)CNC(=O)[C@@H](NC=O)OC(=O)Nc2ccccc2)[C@@H](C)/C=C/C=C/[C@@H](OC)CC/C=C(C)\C=C\C1
ISOPIMARANE,C=C[C@@]1(C)CC[C@H]2C(=CC[C@H]3C(C)(C)[C@@H](O)CC[C@]23C)C1
MARRUBENOL,C[C@@H]1C[C@@H](O)[C@H]2[C@@](C)(CO)CCC[C@]2(C)[C@@]1(O)CCc1ccoc1
OSALMID,O=C(Nc1ccc(O)cc1)c1ccccc1O
NOCARDICHELIN A,CCCCCCCCCCCCC/C=C\C(=O)N(O)CCCCCNC(=O)CCC(=O)N(O)CCCCCNC(=O)[C@@H]1COC(c2ccccc2O)=N1
NOCARDICHELIN B,CCCCCCCCCCC/C=C\C(=O)N(O)CCCCCNC(=O)CCC(=O)N(O)CCCCCNC(=O)[C@@H]1COC(c2ccccc2O)=N1
SULFOSALICYLIC,O=C(O)c1cc(S(=O)(=O)O)ccc1O
CARBOXYNAPHTHOL,O=C(O)c1ccc2ccccc2c1O
FERULOYLPODOSPERMIC ACID A,COc1cc(/C=C/C(=O)O[C@@H]2C[C@@](OC(=O)CCc3ccc(O)c(O)c3)(C(=O)O)C[C@@H](OC(=O)CCc3ccc(O)c(O)c3)[C@H]2O)ccc1O
FERULOYLPODOSPERMIC ACID B,COc1cc(/C=C/C(=O)O[C@@H]2C[C@@](OC(=O)CCc3ccc(O)c(O)c3)(C(=O)O)C[C@@H](O)[C@H]2OC(=O)CCc2ccc(O)c(O)c2)ccc1O
SCORZONERIC ACID,CCCCCC(=O)O[C@H]1[C@H](Oc2cc(CC(=O)CCc3ccc(O)cc3)c(O)c(C(=O)O)c2)O[C@H](CO)[C@@H](O)[C@@H]1O
SCORZONERIN,CC1=CC(=O)C2=C(C)C[C@H](OC(=O)CCc3ccc(OC4O[C@H](CO)[C@@H](O)[C@H](O)[C@H]4O)cc3)[C@@H]3[C@H](OC(=O)[C@H]3C)[C@@H]12
PLATYPHYLLOSIDE,O=C(CCc1ccc(O)cc1)C[C@H](CCc1ccc(O)cc1)O[C@@H]1O[C@H](CO)[C@@H](O)[C@H](O)[C@H]1O
CARMABIN A,C#CCCCCC(C)CC(C)C(=O)N(C)[C@@H](Cc1ccccc1)C(=O)N[C@@H](C)C(=O)N(C)[C@@H](C)C(=O)N(C)[C@@H](Cc1ccc(OC)cc1)C(N)=O
DRAGOMABIN,C#CCCCC[C@H](C)C(=O)N(C)[C@@H](Cc1ccccc1)C(=O)N[C@@H](C)C(=O)N(C)[C@@H](C)C(=O)N(C)[C@@H](Cc1ccc(OC)cc1)C(N)=O
DRAGONAMIDE A,C#CCCCC[C@H](C)C(=O)N(C)[C@H](C(=O)N(C)[C@H](C(=O)N(C)[C@H](C(=O)N(C)[C@@H](Cc1ccccc1)C(N)=O)C(C)C)C(C)C)C(C)C
DRAGONAMIDE B,C#CCCCC[C@H](C)C(=O)N(C)[C@H](C(=O)N(C)[C@H](C(=O)N(C)[C@H](C(=O)N(C)[C@H](C(N)=O)C(C)C)C(C)C)C(C)C)C(C)C
METHYL 3-(3-INDOLYLMETHYL)PROPANOATE,COC(=O)CCc1c[nH]c2ccccc12
METHYL TRYPTAMINEDITHIOCARBAMATE,CSC(=S)NCCc1c[nH]c2ccccc12
METHYL TRYPTOPHOLDITHIOCARBAMATE,CSC(=S)OCCc1c[nH]c2ccccc12
MEPHENESIN,Cc1ccccc1OCC(O)CO
BUTYL(BUTYLSULFAMOYL)AMINE,CCCCNS(=O)(=O)NCCCC
BENZYL(BENZYLSULFAMOYL)AMINE,O=S(=O)(NCc1ccccc1)NCc1ccccc1
CLERODERMIC ACID,C[C@@H]1CC[C@@]2(C)C(C(=O)O)=CCCC2[C@@]1(C)CCC1=CC(=O)OC1
ANTROCAMPHIN A,C=C(C)C#Cc1c(OC)cc(OC)c(OC)c1C
ANTROCAMPHIN B,COc1cc(OC)c(OC)c(C)c1C#CC(C)=O
ANTRODIOXOLANONE,COc1cc(OC)c(OC)c(C)c1C#C[C@@]1(C)OC(=O)O[C@@]1(C)C#Cc1c(OC)cc(OC)c(OC)c1C
ANTICIN A,C=C(CC[C@@H](C)[C@H]1CC[C@H]2C3=C(C(=O)C[C@]12C)[C@@]1(C)CCC(=O)[C@@H](C)[C@@H]1CC3)[C@H](C)C(=O)O
ANTCIN B,C=C(CC[C@@H](C)[C@H]1CC[C@H]2C3=C(C(=O)C[C@]12C)[C@@]1(C)CCC(=O)[C@@H](C)[C@@H]1CC3=O)[C@H](C)C(=O)O
EBURICOL,C=C(CC[C@@H](C)[C@H]1CC[C@@]2(C)C3=C(CC[C@]12C)[C@@]1(C)CC[C@H](C)C(C)(C)C1CC3)C(C)C
ELAIDYLPHOSPHOCHOLINE,CCCCCCCC/C=C/CCCCCCCCOP(=O)([O-])OCC[N+](C)(C)C
ERUFOSINE,CCCCCCCC/C=C\CCCCCCCCCCCCOP(=O)([O-])OCC[N+](C)(C)C
MILRINONE,Cc1[nH]c(=O)c(C#N)cc1-c1ccncc1
ALBOATISINS A,C=C1C(=O)[C@@]23[C@H](O)C[C@@H]4[C@@](C)(CO)CCC[C@@]4(C)[C@@H]2C[C@@H]1[C@H](O)[C@H]3O
ALBOATISINS B,C=C1C(=O)[C@@]23[C@H](O)C[C@H]4[C@@](C)(CCC[C@]4(C)C=O)[C@@H]2C[C@@H]1[C@H](O)[C@H]3O
ALBOATISIN C,C=C1C(=O)[C@]23C[C@@H](O)[C@H]1C[C@H]2[C@]1(C)CCC[C@](C)(CO)[C@H]1C[C@H]3O
HOMOAEROTHIONIN,COC1=C(Br)[C@H](O)[C@@]2(C=C1Br)CC(C(=O)NCCCCCNC(=O)C1=NO[C@]3(C=C(Br)C(OC)=C(Br)[C@@H]3O)C1)=NO2
APLYSINONE A,COC1=C(Br)[C@H](O)[C@@]2(C=C1Br)CC(C(=O)NCCCCCNC(=O)C1=NO[C@]3(C=C(Br)C(=O)[C@@H](Br)[C@@H]3O)C1)=NO2
APLYSINONE B,O=C(NCCCCCNC(=O)C1=NO[C@]2(C=C(Br)C(=O)[C@@H](Br)[C@@H]2O)C1)C1=NO[C@]2(C=C(Br)C(=O)[C@@H](Br)[C@@H]2O)C1
APLYSINONE C,COC1=C(Br)[C@H](O)[C@@]2(C=C1Br)CC(C(=O)NCCCCCNC(=O)C1=NO[C@]3(C=C(Br)C(=O)[C@@H]4O[C@@H]43)C1)=NO2
APLYSINONE D,COC1=C(Br)[C@H](O)[C@@]2(C=C1Br)CC(C(=O)NCCCCNC(=O)C1=NO[C@]3(C=C(Br)C(=O)[C@@H](Br)[C@@H]3O)C1)=NO2
ELAEODENDROSIDE T,CO[C@@H]1C[C@@H](C)O[C@H]2O[C@@H]3C=C4CC[C@@H]5[C@H](CC[C@]6(C)[C@@H](C7=CC(=O)OC7)[C@@H](OC(C)=O)C[C@]56O)[C@@]4(C)C[C@H]3O[C@]21O
ELAEODENDROSIDE U,CO[C@H]1CCO[C@@H](O[C@@H]2C=C3CC[C@@H]4[C@H](CC(=O)[C@]5(C)[C@@H](C6=CC(=O)OC6)CC[C@]45O)[C@@]3(C)C[C@H]2O)[C@H]1O
ELAEODENDROSIDE B,CO[C@H]1CCO[C@H]2O[C@@H]3C=C4CC[C@@H]5[C@H](CC[C@]6(C)[C@@H](C7=CC(=O)OC7)CC[C@]56O)[C@@]4(C)C[C@H]3O[C@]21O
ELAEODENDROSIDE F,CO[C@H]1CCO[C@H]2O[C@@H]3C=C4CC[C@@H]5[C@H](CC[C@]6(C)[C@@H](C7=CC(=O)OC7)[C@@H](OC(C)=O)C[C@]56O)[C@@]4(C)C[C@H]3O[C@]21O
ELAEODENDROSIDE G,CO[C@@H]1CCO[C@H]2O[C@@H]3C=C4CC[C@@H]5[C@H](CC[C@]6(C)[C@@H](C7=CC(=O)OC7)[C@@H](OC(C)=O)C[C@]56O)[C@@]4(C)C[C@H]3O[C@]21O
RUBRIFLORIN A,COC(=O)C[C@H]1OC(C)(C)[C@@H]2C[C@H]3O[C@@]12C[C@]12CC[C@]4(C)C(=O)[C@@H](C)[C@@H]5[C@H]6OC(=O)[C@@H](C)[C@H]6O[C@@](O1)(C(=O)[C@H]32)[C@@H]54
RUBRIFLORIN B,COC(=O)C[C@H]1OC(C)(C)C2=C1C[C@]13CC[C@]4(C)C(=O)[C@@H](C)[C@@H]5[C@H]6OC(=O)[C@@H](C)[C@H]6O[C@@](O1)(C(=O)C3=CC2=O)[C@@H]54
RUBRIFLORIN C,CCOC(=O)C[C@H]1OC(C)(C)C2=C1C[C@]13CC[C@]4(C)C(=O)[C@@H](C)[C@@H]5[C@H]6OC(=O)[C@@H](C)[C@H]6O[C@@](O1)(C(=O)C3=CC2=O)[C@@H]54
ALVARADOIN F,CC(=O)O[C@H]1O[C@H]([C@@H]2c3cccc(O)c3C(=O)c3c(O)cc(C)cc32)[C@H](O)[C@@H](O)[C@H]1O
ALVARADOIN G,CC(=O)O[C@H]1O[C@H]([C@@H]2c3cccc(O)c3C(=O)c3c(O)cc(C)cc32)[C@H](O)[C@@H](OC(=O)C=C(C)C)[C@H]1O
ALVARADOIN I,CC(=O)O[C@H]1O[C@H]([C@@]2(O)c3cccc(O)c3C(=O)c3c(O)cc(C)cc32)[C@H](O)[C@@H](OC(=O)C=C(C)C)[C@H]1O
ALVARADOIN J,CC(=O)O[C@H]1O[C@H]([C@]2(O)c3cccc(O)c3C(=O)c3c(O)cc(C)cc32)[C@H](O)[C@@H](OC(=O)C=C(C)C)[C@H]1O
ALVARADOIN K,CC(C)=CC(=O)O[C@@H]1[C@H](O)[C@@H](O)[C@@H]([C@@H]2c3cccc(O)c3C(=O)c3c(O)cc(C)cc32)O[C@@H]1O
ALVARADOIN L,CC(C)=CC(=O)O[C@@H]1[C@H](O)[C@@H](O)[C@@H]([C@H]2c3cccc(O)c3C(=O)c3c(O)cc(C)cc32)O[C@@H]1O
ALVARADOIN M,CC(C)=CC(=O)O[C@@H]1[C@@H](O)[C@@H]([C@H]2c3cccc(O)c3C(=O)c3c(O)cc(C)cc32)O[C@H](O)[C@@H]1O
ALVARADOIN N,CC(=O)O[C@H]1O[C@H]([C@]2(O)c3cccc(O)c3C(=O)c3c(O)cc(C)cc32)[C@H](O)[C@@H](O)[C@H]1O
CYATHUSAL A,C/C=C/c1cc2c(c(=O)o1)-c1c(O)c(O)c(OC)c(C=O)c1CO2
CYATHUSAL B,C/C=C/c1cc2c(c(=O)o1)-c1c(O)c(O)c(OC)c(C=O)c1C(O)O2
CYATHUSAL C,C/C=C/c1cc2c(c(=O)o1)-c1c(O)c(O)c(OC)c(C=O)c1C(OC(C)C)O2
PULVINATAL,C/C=C/c1cc2c(c(=O)o1)-c1c(O)c(O)c(OC)c(C=O)c1C(OC)O2
ABYSSINOFLAVONE V,CC1(C)C=Cc2cc([C@@H]3CC(=O)c4c(O)cc(O)cc4O3)ccc2O1
ABYSSINOFLAVANONE VI,CC(C)=CCc1cc([C@@H]2CC(=O)c3c(O)cc(O)cc3O2)cc2ccoc12
ABYSSINOFLAVANONE VII,C=C(C)C(O)Cc1cc([C@@H]2CC(=O)c3c(O)cc(O)cc3O2)cc(CC=C(C)C)c1O
SIGMOIDIN F,CC(C)=CCc1c([C@H]2CC(=O)c3c(O)cc(O)cc3O2)cc2c(c1O)OC(C)(C)C=C2
SIGMOIDIN B,CC(C)=CCc1cc([C@@H]2CC(=O)c3c(O)cc(O)cc3O2)cc(O)c1O
ABYSSININ II,COc1cc([C@@H]2CC(=O)c3c(O)cc(O)cc3O2)cc(CC=C(C)C)c1O
SIGMOIDIN A,CC(C)=CCc1cc([C@@H]2CC(=O)c3c(O)cc(O)cc3O2)c(CC=C(C)C)c(O)c1O
SIGMOIDIN C,CC1(C)C=Cc2cc([C@@H]3CC(=O)c4c(O)cc(O)cc4O3)cc(O)c2O1
ABYSSININ I,COc1cc(C2CC(=O)c3c(O)cc(O)cc3O2)cc2c1OC(C)(C)C=C2
LICOAGROCHALCONE A,CC(C)=CCc1cc(/C=C/C(=O)c2ccc(O)cc2O)ccc1O
IRCINIASTATIN,C=C(C)C[C@H](OC)[C@H](O)C(=O)N[C@@H](OC)C1C[C@@H](O)C(C)(C)[C@@H](C[C@H](O)[C@@H](C)[C@@H]2Cc3c(C)c(O)cc(O)c3C(=O)O2)O1
METHYL-NEOBIOSAMINIDE B,COC1OC[C@@H](O)[C@@H](O[C@H]2O[C@@H](CN)[C@@H](O)[C@H](O)[C@H]2N)[C@H]1O
TETRAAZIDONEAMINE,[N-]=[N+]=NC[C@H]1O[C@H](O[C@@H]2[C@@H](O)[C@H](O)[C@@H](N=[N+]=[N-])C[C@H]2N=[N+]=[N-])[C@H](N=[N+]=[N-])[C@@H](O)[C@@H]1O
(RAC)-ABYSSINONE II,CC(C)=CCc1cc(C2CC(=O)c3ccc(O)cc3O2)ccc1O
LIQUIRITIGENIN DIMETHYL ETHER,COc1ccc(C2CC(=O)c3ccc(OC)cc3O2)cc1
THIOLEVOMANNOSAN,O[C@@H]1[C@H](O)[C@@H]2CS[C@@H](O2)[C@H]1O
HEXACHLOROBUTADIENE,ClC(Cl)=C(Cl)C(Cl)=C(Cl)Cl
DICOFOL,OC(c1ccc(Cl)cc1)(c1ccc(Cl)cc1)C(Cl)(Cl)Cl
BETA-HEXACHLOROCYCLOHEXANE,Cl[C@H]1[C@H](Cl)[C@@H](Cl)[C@H](Cl)[C@@H](Cl)[C@@H]1Cl
TETRADIFON,O=S(=O)(c1ccc(Cl)cc1)c1cc(Cl)c(Cl)cc1Cl
PERCHLOROBENZENE,Clc1c(Cl)c(Cl)c(Cl)c(Cl)c1Cl
MIREX,ClC1(Cl)C2(Cl)C3(Cl)C4(Cl)C(Cl)(Cl)C5(Cl)C3(Cl)C1(Cl)C5(Cl)C24Cl
MILICIFOLINE A,COc1cc(C(=O)Oc2c(O)cc3c(c2C)C(O)CC2[C@@]3(C)CC[C@@]3(C)C4C[C@@H](C)C(=O)C[C@]4(C)CC[C@]23C)ccc1O
MILICIFOLINE B,C=C(C)C1CCC(C)[C@@]23CC=C(C)[C@]2(C1)Oc1c(cc2c(c1C)C=CC1[C@@]2(C)CC[C@@]2(C)C4C[C@@H](C)C(=O)C[C@]4(C)CC[C@]12C)O3
MILICIFOLINE C,C=C(C)C1CCC(C)[C@@]23CC=C(C)[C@]2(C1)Oc1cc2c(c(C)c1O3)C(=O)C=C1[C@@]2(C)CC[C@@]2(C)C3C[C@@H](C)C(=O)C[C@]3(C)CC[C@]12C
MILICIFOLINE D,COC(=O)[C@]1(C)CC[C@](C)(CC[C@]2(C)C(/C=C\c3ccc4c(c3C)O[C@]3(O)C(=O)C=C5C(=CC=C6[C@@]5(C)CC[C@@]5(C)C7C[C@@H](C)C(=O)C[C@]7(C)CC[C@]65C)[C@]3(C)O4)[C@@H](C)CC[C@@H]2C)CC1
DEHYDROPACHYMIC ACID,C=C(CCC(C(=O)O)[C@H]1[C@H](O)C[C@@]2(C)C3=CC[C@H]4C(C)(C)[C@@H](OC(C)=O)CC[C@]4(C)C3=CC[C@]12C)C(C)C
DEHYDROTRAMETENONIC ACID,CC(C)=CCCC(C(=O)O)[C@H]1CC[C@@]2(C)C3=CC[C@H]4C(C)(C)C(=O)CC[C@]4(C)C3=CC[C@]12C
DEHYDROEBURICONIC ACID,C=C(CCC(C(=O)O)[C@H]1CC[C@@]2(C)C3=CC[C@H]4C(C)(C)C(=O)CC[C@]4(C)C3=CC[C@]12C)C(C)C
HYACINTHACINE B7,C[C@H]1C[C@@H](O)[C@@H]2[C@H](O)[C@H](O)[C@@H](CO)N21
25-HYDROXYPORICOIC ACID H,C=C(C)[C@@H]1CCC2=C(CC[C@]3(C)[C@@H](C(CCC(=C)C(C)(C)O)C(=O)O)[C@H](O)C[C@@]23C)[C@@]1(C)CCC(=O)O
HYACINTHACINE C2,OC[C@@H]1C[C@H](O)[C@@H]2[C@H](O)[C@H](O)[C@@H](CO)N12
16-DEOXYPORICOIC ACID B,C=C(C)[C@@H]1CC=C2C(=CC[C@]3(C)[C@@H](C(CCC=C(C)C)C(=O)O)CC[C@@]23C)[C@@]1(C)CCC(=O)O
HYACINTHACINE C3,OC[C@@H]1C[C@@H](O)[C@@H]2[C@H](O)[C@H](O)[C@@H](CO)N12
PORICOIC ACID D,C=C(C)[C@@H]1CC=C2C(=CC[C@]3(C)[C@@H](C(CCC(=C)C(C)(C)O)C(=O)O)[C@H](O)C[C@@]23C)[C@@]1(C)CCC(=O)O
HYACINTHACINE C4,C[C@@H]1[C@@H](O)[C@H](O)[C@@H]2[C@H](O)[C@H](O)[C@@H](CO)N21
HYACINTHACINE C5,C[C@H]1[C@H](O)[C@@H](O)[C@@H]2[C@@H](O)[C@H](O)[C@@H](CO)N21
PORICOIC ACID CM,C=C(CCC(C(=O)O)[C@H]1CC[C@@]2(C)C3=CC[C@@H](C(=C)C)[C@](C)(CCC(=O)OC)C3=CC[C@]12C)C(C)C
ACIDIATHIAZONE A,O=C(O)c1ccc2c(n1)C(=O)C1=C(C2=O)S(=O)(=O)CCN1
ASCIDIATHIAZONE B,O=C(O)c1ccc2c(n1)C(=O)C1=C(NC=CS1(=O)=O)C2=O
ASCIDIATHIAZONE A METHYL ESTER,COC(=O)c1ccc2c(n1)C(=O)C1=C(C2=O)S(=O)(=O)CCN1
SURINONE A,O=C(CCCCCCCCCCCCCCc1ccc2c(c1)OCO2)C1=C(O)CCC(O)C1=O
OLEIFERINONE,O=C(CCCCCCCCCCCCc1ccccc1)C1=C(O)CCC(O)C1=O
SINUGIBBERODIOL,C=C(C)[C@@H]1CCC(=C)[C@H](O)CCC(=C)[C@@H](O)C1
LOLIOLIDE,CC1(C)C[C@H](O)C[C@@]2(C)OC(=O)C=C12
TRANS-N-SINAPOYLTYRAMINE,COc1cc(/C=C/C(=O)NCCc2ccc(O)cc2)cc(OC)c1O
PIPERCALLOSIDINE,CC(C)CNC(=O)/C=C/CCCCc1ccc2c(c1)OCO2
ACETYLTRYPTOPHANAMIDE,CC(=O)N[C@@H](Cc1c[nH]c2ccccc12)C(N)=O
TRYPTOPHOL,OCCc1c[nH]c2ccccc12
TRIAMCINOLONE,C[C@]12C=CC(=O)C=C1CC[C@H]1[C@@H]3C[C@@H](O)[C@](O)(C(=O)CO)[C@@]3(C)C[C@H](O)[C@@]12F
THEOPHYLLINE ANHYDROUS,Cn1c(=O)c2[nH]cnc2n(C)c1=O
DIETHYL PHTHALATE,CCOC(=O)c1ccccc1C(=O)OCC
THIOBENCARB,CCN(CC)C(=O)SCc1ccc(Cl)cc1
FENOBUCARB,CCC(C)c1ccccc1OC(=O)NC
DIMPYLATE,CCOP(=S)(OCC)Oc1cc(C)nc(C(C)C)n1
METHIDATHION,COc1nn(CSP(=S)(OC)OC)c(=O)s1
IPROBENFOS,CC(C)OP(=O)(OC(C)C)SCc1ccccc1
SALITHION,COP1(=S)OCc2ccccc2O1
TEBUFENOZIDE,CCc1ccc(C(=O)NN(C(=O)c2cc(C)cc(C)c2)C(C)(C)C)cc1
HALOFENOZIDE,CC(C)(C)N(NC(=O)c1ccc(Cl)cc1)C(=O)c1ccccc1
CHROMAFENOZIDE,Cc1cc(C)cc(C(=O)N(NC(=O)c2ccc3c(c2C)CCCO3)C(C)(C)C)c1
RH-5849,CC(C)(C)N(NC(=O)c1ccccc1)C(=O)c1ccccc1
CLAVAMINOL A,CCCCCCCCC[C@H](O)[C@@H](C)N
CLAVAMINOL B,CCC/C=C\CCCC[C@H](O)[C@@H](C)N
CLAVAMINOL C,CCCCCCCCC[C@H](O)[C@@H](C)NC(C)=O
CLAVAMINOL F,CCCCCCCCC[C@H](OC(C)=O)[C@@H](C)N
CYRNEINE C,CC(C)C1=CC(=O)[C@]2(C)CC[C@@]3(C)C(=O)CC(C=O)=CC[C@@H]3[C@H]12
CYRNEINE D,CC(C)C1=CC(=O)[C@]2(C)CC[C@@]3(C)C(=O)CC(C=O)=CC[C@@H]3[C@]12O
GLAUCOPINE C,CC(C)C1=CC(=O)[C@]2(C)CC[C@]3(C)C(=CC=C(C=O)C[C@@H]3O)[C@H]12
CYRNEINE B,CC(C)C1=CC(=O)[C@]2(C)CC[C@]3(C)C(=CC=C(C=O)C[C@@H]3O)[C@]12O
CYRNEINE A,CC(C)C1=C2C3=CC=C(C=O)C[C@H](O)[C@]3(C)CC[C@@]2(C)[C@H](O)C1
DICTYOSTATIN,C=C/C=C\[C@H](C)[C@@H]1OC(=O)/C=C\C=C\[C@@H](C)[C@@H](O)C[C@H](O)/C=C\[C@H](C)[C@H](O)[C@@H](C)C[C@@H](C)CC[C@@H](O)[C@@H]1C
PGLLDLK,CC(C)C[C@H](NC(=O)CNC(=O)[C@@H]1CCCN1)C(=O)N[C@@H](CC(C)C)C(=O)N[C@@H](CC(=O)O)C(=O)N[C@@H](CC(C)C)C(=O)N[C@@H](CCCCN)C(=O)O
APGLLDLK,CC(C)C[C@H](NC(=O)CNC(=O)[C@@H]1CCCN1C(=O)[C@@H](C)N)C(=O)N[C@@H](CC(C)C)C(=O)N[C@@H](CC(=O)O)C(=O)N[C@@H](CC(C)C)C(=O)N[C@@H](CCCCN)C(=O)O
NUTTINGIN A,C/C(=C\CC/C(C)=C/Cn1cnc2c1c(=O)n(C)c(=O)n2C)CC/C=C(\C)CC(=O)CC(C)C
NUTTINGIN B,C/C(=C/C(=O)CC(C)C)CCC/C(C)=C/CC/C(C)=C/Cn1cnc2c1c(=O)n(C)c(=O)n2C
NUTTINGIN C,C/C(=C\CC/C(C)=C/Cn1cnc2c1C(=O)N(C)CN2C)CC/C=C(\C)CC(=O)CC(C)C
NUTTINGIN D,C/C(=C\Cn1cnc2c1C(=O)N(C)CN2C)CC/C=C(\C)CCC/C(C)=C/C(=O)CC(C)C
NUTTIGIN E,C/C(=C/C(=O)CC(C)C)CCC/C(C)=C/CC/C(C)=C/Cn1cnc2c1C(=O)N(C)CN2C
MALONGANENON D,C/C(=C\CC/C(C)=C/Cn1cnc2c1c(=O)ncn2C)CC/C=C(\C)CC(=O)CC(C)C
MALONGANENON E,C/C(=C\Cn1cnc2c1c(=O)ncn2C)CC/C=C(\C)CCC/C(C)=C/C(=O)CC(C)C
MALONGANENON F,CNC(=O)c1c(N(C)C=O)ncn1C/C=C(\C)CC/C=C(\C)CC/C=C(\C)CC(=O)CC(C)C
MALONGANENON G,CNC(=O)c1c(N(C)C=O)ncn1C/C=C(\C)CC/C=C(\C)CCC/C(C)=C/C(=O)CC(C)C
MALONGANENON H,C/C(=C\CNC=O)CC/C=C(\C)CCC/C(C)=C/C(=O)CC(C)C
RESPIRANTIN,CCC(C)[C@@H]1OC(=O)[C@H](C)OC(=O)[C@@H](NC(=O)c2cccc(NC=O)c2O)[C@@H](C)OC(=O)[C@H](CC(C)C)OC(=O)C(C)(C)C(=O)[C@H](CC(C)C)NC1=O
KITASTATIN,CCC(C)[C@@H]1OC(=O)[C@H](C)OC(=O)[C@@H](NC(=O)c2cccc(N)c2O)[C@@H](C)OC(=O)[C@H](CC(C)C)OC(=O)C(C)(C)C(=O)[C@H](CC(C)C)NC1=O
THIOCORALINE A,CSC[C@H]1C(=O)SC[C@@H](NC(=O)c2nc3ccccc3cc2O)C(=O)NCC(=O)N(C)[C@H]2CSSC[C@@H](C(=O)N1C)N(C)C(=O)CNC(=O)[C@H](NC(=O)c1nc3ccccc3cc1O)CSC(=O)[C@H](CSC)N(C)C2=O
RAMOPLANIN A2,CC(C)C/C=C/C=C\C(=O)N[C@@H](CC(N)=O)C(=O)NC[C@@H]1C(=O)N[C@H](c2ccc(O)cc2)C(=O)N[C@H](CCCN)C(=O)N[C@H](C(C)C)C(=O)N[C@@H](c2ccc(O)cc2)C(=O)N[C@H](c2ccc(O)cc2)C(=O)N[C@@H]([C@@H](C)O)C(=O)N[C@@H](Cc2ccccc2)C(=O)N[C@H](CCCN)C(=O)N[C@@H](c2ccc(O[C@H]3O[C@H](CO)[C@@H](O)[C@H](O)[C@@H]3O[C@H]3O[C@H](CO)[C@@H](O)[C@H](O)[C@@H]3O)cc2)C(=O)N[C@H]([C@@H](C)O)C(=O)N[C@@H](c2ccc(O)cc2)C(=O)NCC(=O)N[C@@H](CC(C)C)C(=O)N[C@H](C)C(=O)N[C@@H](c2ccc(O)c(Cl)c2)C(=O)O[C@@H]1C(N)=O
DIGITOXIGENIN,C[C@]12CC[C@H](O)C[C@H]1CC[C@@H]1[C@@H]2CC[C@]2(C)[C@@H](C3=CC(=O)OC3)CC[C@]12O
AMG-517,CC(=O)Nc1nc2c(Oc3cc(-c4ccc(C(F)(F)F)cc4)ncn3)cccc2s1
SALVIDIVIN A,COC(=O)[C@@H]1C[C@H](OC(C)=O)C(=O)[C@H]2[C@@]1(C)CC[C@H]1C(=O)O[C@H](C3=CC(=O)OC3O)C[C@]21C
EREMOMYCIN,CN[C@H](CC(C)C)C(=O)N[C@H]1C(=O)N[C@@H](CC(N)=O)C(=O)N[C@H]2C(=O)N[C@H]3C(=O)N[C@H](C(=O)N[C@@H](C(=O)O)c4cc(O)cc(O)c4-c4cc3ccc4O)[C@H](O[C@@H]3C[C@@](C)(N)[C@H](O)[C@@H](C)O3)c3ccc(cc3)Oc3cc2cc(c3O[C@H]2O[C@@H](CO)[C@H](O)[C@@H](O)[C@@H]2O[C@H]2C[C@](C)(N)[C@@H](O)[C@H](C)O2)Oc2ccc(cc2Cl)[C@H]1O
SIBIRIQUINONE A,CC(C)C1=CC(=O)c2c(ccc3c2C=CCC3(C)C)C1=O
SIBIRIQUINONE B,CC(C)C1=CC(=O)c2c(ccc3c2CCCC3(C)C)C1=O
DIHYDROTANSHINONE I,Cc1cccc2c3c(ccc12)C1=C(C(=O)C3=O)[C@@H](C)CO1
DIHYDROISOTANSHINONE II,Cc1cccc2c3c(ccc12)C(=O)C(=O)C1=C3OC[C@H]1C
12-DEOXYTANSHINQUINONE B,Cc1cccc2c3c(ccc12)C(=O)C(C(C)C)=CC3=O
DANSHENXINKUN A,Cc1cccc2c3c(ccc12)C(=O)C(C(C)CO)=C(O)C3=O
NEOCRYPTOTANSHINONE,C[C@H](CO)C1=C(O)C(=O)c2c(ccc3c2CCCC3(C)C)C1=O
ISOTANSHINONE II,Cc1coc2c1C(=O)C(=O)c1ccc3c(C)cccc3c1-2
TROPARIL,COC(=O)[C@H]1[C@@H](c2ccccc2)C[C@@H]2CC[C@H]1N2C
HALISULFATE 1,CC1=CC[C@H]2C(C)(C)CCC[C@]2(C)[C@H]1C[C@@H](OS(=O)(=O)[O-])[C@H](C)CCC/C(C)=C/Cc1cc(O)ccc1O.[Na+]
HALISULFATE 5,C=C1CCC[C@@H]2[C@@](C)(CCC(CCCc3ccoc3)COS(=O)(=O)[O-])[C@H](C)CC[C@]12C.[Na+]
HYDROHALISULFATE 1,CC1=CC[C@H]2C(C)(C)CCC[C@]2(C)[C@H]1C[C@@H](O)[C@H](C)CCC/C(C)=C/Cc1cc(O)ccc1O
CASEARGREWINS E,C=C/C(C)=C\C[C@]1(C)[C@H](C)CC[C@@]23C(=C[C@H](OC(=O)CCC)C[C@@H]12)[C@@H](OC(C)=O)O[C@H]3OC(C)=O
CASEARGREWINS F,C=C/C(C)=C\C[C@]1(C)[C@H](C)C[C@H](O)[C@@]23C(=C[C@H](OC(=O)CCC)C[C@@H]12)[C@@H](OC(C)=O)O[C@H]3OC(C)=O
CASEARGREWINS G,C=C/C(C)=C\C[C@]1(C)[C@H](C)C[C@H](O)[C@@]23C(=C[C@H](OC(=O)CCC)C[C@@H]12)[C@@H](OC)O[C@H]3OC(C)=O
CASEARGREWINS H,C=C/C(C)=C\C[C@]1(C)[C@H](C)CC[C@@]23C(=C[C@H](OC(=O)CCCCC)C[C@@H]12)[C@@H](OC(C)=O)O[C@H]3OC(C)=O
CASEARGREWINS I,C=C/C(C)=C\C[C@]1(C)[C@H](C)C[C@H](O)[C@@]23C(=C[C@H](OC(=O)CCCCC)C[C@@H]12)[C@@H](OC(C)=O)O[C@H]3OC(C)=O
CASEARGREWINS J,C=C/C(C)=C\C[C@]1(C)[C@H](C)C[C@H](O)[C@@]23C(=C[C@H](OC(=O)CCCCC)C[C@@H]12)[C@@H](OC)O[C@H]3OC(C)=O
CASEARGREWINS K,C=C/C(C)=C\C[C@]1(C)[C@H](C)[C@@H](O)[C@H](O)[C@@]23C(=C[C@H](OC(=O)CCCCC)C[C@@H]12)[C@@H](OC)O[C@H]3OC(C)=O
CASEARGREWINS L,C=C/C(C)=C\C[C@]1(C)[C@H](C)C[C@H](O)[C@@]23C(=C[C@H](OC(=O)CC(C)C)C[C@@H]12)[C@@H](OC(C)=O)O[C@H]3OC(C)=O
ESCULENTIN B,C=C/C(C)=C\C[C@]1(C)[C@H](C)[C@@H](O)[C@H](O)[C@@]23C(=C[C@H](OC(=O)CC(C)C)C[C@@H]12)[C@@H](OC(C)=O)O[C@H]3OC(C)=O
PREMAFLOXACIN,CN[C@@H](C)[C@@H]1CCN(c2c(F)cc3c(=O)c(C(=O)O)cn(C4CC4)c3c2OC)C1
WITHAMETELIN I,C=C1C(=O)O[C@@H]2C[C@@]1(C)OC[C@H]2C1CCC2C3C[C@H]4O[C@]45CC=CC(=O)C5(C)C3C[C@@H](O)C21C
WITHAMETELIN J,C=C1C(=O)O[C@@H]2C[C@@]1(C)OC[C@H]2C1CCC2C3C[C@@H](O)[C@@]4(O)CC=CC(=O)C4(C)C3C[C@@H](O)C21C
WITHAMETELIN K,C=C1C(=O)O[C@@H]2C[C@@]1(C)OC[C@H]2C1CCC2C3C[C@@H](O)C4=CC=CC(=O)C4(C)C3C[C@@H](O)C21C
WITHAMETELIN M,C=C1C(=O)O[C@@H]2C[C@@]1(C)OC[C@H]2C1CCC2C3CC=C4C=CCC(=O)C4(C)C3C[C@@H](O)C21C
WITHMETELIN O,C=C1C(=O)O[C@@H]2C[C@@]1(C)OC[C@H]2C1CCC2C3C[C@H](O)[C@]4(O)CC=CC(=O)C4(C)C3CCC21C
WITHMETELIN P,CC1=C(CO[C@@H]2O[C@H](CO)[C@@H](O)[C@H](O)[C@H]2O)C(=O)O[C@@H]([C@@H](CO)C2CCC3C4C[C@@H](O)[C@@]5(O)CC=CC(=O)C5(C)C4CCC32C)C1
"1,10-SECO-WITHAMETELIN B",C=C1C(=O)O[C@@H]2C[C@@]1(C)OC[C@H]2C1CCC2C3C[C@H]4OC(=O)CC=CC4=C(C)C3CCC21C
"12BETA-HYDROXY-1,10-SECO-WITHAMETELIN B",C=C1C(=O)O[C@@H]2C[C@@]1(C)OC[C@H]2C1CCC2C3C[C@H]4OC(=O)CC=CC4=C(C)C3C[C@@H](O)C21C
2-THIOSALVINORIN B,COC(=O)[C@@H]1C[C@H](S)C(=O)[C@H]2[C@@]1(C)CC[C@H]1C(=O)O[C@H](c3ccoc3)C[C@]21C
2-EPI-2-THIOSALVINORIN A,COC(=O)[C@@H]1C[C@@H](SC(C)=O)C(=O)[C@H]2[C@@]1(C)CC[C@H]1C(=O)O[C@H](c3ccoc3)C[C@]21C
2-EPI-2-THIOSALVINORIN B,COC(=O)[C@@H]1C[C@@H](S)C(=O)[C@H]2[C@@]1(C)CC[C@H]1C(=O)O[C@H](c3ccoc3)C[C@]21C
MAGAININ 1,CC[C@H](C)[C@H](NC(=O)[C@H](CCC(=O)O)NC(=O)CNC(=O)[C@@H](NC(=O)[C@H](Cc1ccccc1)NC(=O)[C@H](C)NC(=O)[C@H](CCCCN)NC(=O)CNC(=O)[C@H](Cc1ccccc1)NC(=O)[C@H](CCCCN)NC(=O)CNC(=O)[C@H](C)NC(=O)[C@H](CO)NC(=O)[C@H](Cc1cnc[nH]1)NC(=O)[C@H](CC(C)C)NC(=O)[C@H](Cc1ccccc1)NC(=O)[C@H](CCCCN)NC(=O)CNC(=O)[C@H](NC(=O)CN)[C@@H](C)CC)C(C)C)C(=O)N[C@@H](CCSC)C(=O)N[C@@H](CCCCN)C(=O)N[C@@H](CO)C(N)=O
TRIAPINE,NC(=S)N/N=C/c1ncccc1N
GSK-635416A,CNC(=O)c1cc(-c2ccc(F)cc2)cc(-c2ccc(S(=O)(=O)N3CCCC3)cc2)c1N
GSK-620503A,NC(=O)c1cc(-c2ccc(F)cc2)cc(-c2ccncc2)c1N
GSK-586581A,CS(=O)(=O)Nc1ccc(-c2cc(-c3ccccc3)cc(C(N)=O)c2N)cc1
GSK-625137A,NC(=O)c1cc(-c2ccncc2)cc(-c2ccccc2)c1N
GSK-605714A,COc1ccc(-c2ccncc2)cc1C(N)=O
GSK-711701A,COc1c(C(N)=O)cc(-c2ccc(Cl)cc2)cc1-c1ccc(S(N)(=O)=O)cc1
LUPINACIDIN A,Cc1c(O)c(CCC(C)C)c2c(c1O)C(=O)c1cccc(O)c1C2=O
LUPINACIDIN B,CCCCc1c(O)c(C)c(O)c2c1C(=O)c1c(O)cccc1C2=O
GYPSOPHIN,CC[C@@H](C)[C@@H]1NC(=O)[C@H](Cc2ccccc2)N2C(=O)C[C@H](NC(=O)[C@H](Cc3ccccc3)NC(=O)CNC(=O)[C@@H]3CCCN3C(=O)[C@H](CC(C)C)NC1=O)C2=O
SELADELPAR,CCO[C@H](COc1ccc(C(F)(F)F)cc1)CSc1ccc(OCC(=O)O)c(C)c1
(2-NITROVINYL)BENZENE,O=[N+]([O-])/C=C/c1ccccc1
TERRICOLLENE C,C=C=CCOc1ccc(CO)cc1
AGELADINE A,Nc1nc2ccnc(-c3cc(Br)c(Br)[nH]3)c2[nH]1
NCX 1000,COc1ccc(/C=C/C(=O)OCCCCO[N+](=O)[O-])cc1OC(=O)CC[C@@H](C)[C@H]1CC[C@H]2[C@@H]3[C@@H](O)C[C@@H]4C[C@H](O)CC[C@]4(C)[C@H]3CC[C@]12C
MHL CYCLOHEXYLTHIOSEMICARBAZONE,COc1c2c(c(O)c3c1C(=O)c1c(cc(O)c(C)c1O)C3=O)-c1c(cc(/C=N/NC(=S)NC3CCCCC3)c(C(=O)O)c1O)CC2
(-)-ANTOFINE,COc1ccc2c3c(c4cc(OC)c(OC)cc4c2c1)C[C@H]1CCCN1C3
LEVAMISOLE,c1ccc([C@H]2CN3CCSC3=N2)cc1
KINETIN,c1coc(CNc2ncnc3[nH]cnc23)c1
6-BENZYLAMINOPURINE,c1ccc(CNc2ncnc3[nH]cnc23)cc1
DEHYDROXYCHLOROFUSARIELIN B,C/C=C(\C)[C@H]1[C@@H](/C=C/C=C(\C)[C@@H](O)[C@@H](C)CO)[C@@H]2C[C@@H](Cl)[C@](C)(O)C[C@H]2[C@@H]2O[C@@]21C
FUSARIELIN A,C/C=C(\C)[C@H]1[C@@H](/C=C/C=C(\C)[C@@H](O)[C@@H](C)CO)[C@@H]2C[C@@H]3O[C@]3(C)C[C@H]2[C@@H]2O[C@@]21C
FUSARIELIN B,C/C=C(\C)[C@H]1[C@@H](/C=C/C=C(\C)[C@@H](O)[C@@H](C)CO)[C@@H]2C[C@@H](O)[C@](C)(O)C[C@H]2[C@@H]2O[C@@]21C
CRYPTOSTICTINOLIDE,COc1cc(C)c2c(c1CO)Oc1c3c(c(O)c(C)c1OC2=O)C(=O)OC3
NORSTICTIC ACID,Cc1cc(O)c(C=O)c2c1C(=O)Oc1c(C)c(O)c3c(c1O2)C(O)OC3=O
WITHANGULATIN B,CC1=C(C)C(=O)OC([C@](C)(O)[C@]2(O)C[C@H](O)[C@@]3(O)[C@@H]4C[C@H]5O[C@]56[C@@H](O)C=CC(=O)[C@]6(C)[C@H]4CC[C@@]32C)C1
WITHANGULATIN C,CO[C@H]1C[C@@](O)([C@@](C)(O)C2CC(C)=C(C)C(=O)O2)[C@@]2(C)CC[C@H]3[C@@H](C[C@H]4O[C@]45[C@@H](O)CCC(=O)[C@]35C)[C@]12O
WITHANGULATIN G,CC1=C(C)C(=O)OC([C@](C)(O)[C@]2(O)[C@@H](O)C[C@@]3(O)[C@@H]4C[C@@H](O)[C@@]5(O)[C@@H](O)C=CC(=O)[C@]5(C)[C@H]4CC[C@]23C)C1
WITHANGULATIN H,CO[C@H]1CC(=O)[C@]2(C)[C@H]3CC[C@]4(C)[C@](O)([C@@](C)(O)C5CC(C)=C(C)C(=O)O5)[C@@H](O)C[C@@]4(O)[C@@H]3C[C@H]3O[C@]32C1
PHYSALIN W,CO[C@@H]1CC(=O)[C@@]2(C)[C@@H](CC[C@@H]3[C@@H]2CC[C@@]2(O)C(=O)O[C@@]4(C)[C@H]5C[C@@]6(C)C7C(=O)[C@@]3(OC[C@H]6C(=O)O5)O[C@]724)C1
PHYSALIN J,C[C@@]12C[C@H]3OC(=O)[C@@H]1CO[C@@]14O[C@]5(C2C1=O)[C@@](O)(CC[C@H]1[C@H]4C[C@@H]2O[C@@]24CC=CC(=O)[C@]14C)C(=O)O[C@@]35C
PHYSALIN U,CO[C@@H]1CC(=O)[C@]2(C)[C@H]3CC[C@@]4(O)C(=O)O[C@@]5(C)[C@H]6C[C@@]7(C)C8C(=O)[C@@](OC[C@H]7C(=O)O6)(O[C@]845)[C@@H]3C[C@H]3O[C@]32C1
TOCOPHEROL TRIMER IVB,CC1=C(C)[C@@]23Oc4c(C)c(C)c5c(c4C[C@@]2(CC[C@@](C)(CCCC(C)CCCC(C)CCCC(C)C)O3)C2(CCc3c4c(c(C)c(C)c3O2)O[C@](C)(CCCC(C)CCCC(C)CCCC(C)C)CC4)C1=O)CC[C@@](C)(CCCC(C)CCCC(C)CCCC(C)C)O5
TOCOPHEROL TRIMER IVA,CC1=C(C)[C@]23Oc4c(C)c(C)c5c(c4C[C@]2(CC[C@@](C)(CCCC(C)CCCC(C)CCCC(C)C)O3)C2(CCc3c4c(c(C)c(C)c3O2)O[C@](C)(CCCC(C)CCCC(C)CCCC(C)C)CC4)C1=O)CC[C@@](C)(CCCC(C)CCCC(C)CCCC(C)C)O5
FEROTOCOTRIMER C,CC1=C(C)[C@@]23Oc4c(C)c(C)c5c(c4C[C@@]2(CC[C@@](C)(CCCC(C)CCCC(C)CCCC(C)C)O3)C2(Cc3c4c(c(C)c(C)c3O2)O[C@](C)(CCCC(C)CCCC(C)CCCC(C)C)CC4)C1=O)CC[C@@](C)(CCCC(C)CCCC(C)CCCC(C)C)O5
FEROTOCOTRIMER D,CC1=C(C)[C@]23Oc4c(C)c(C)c5c(c4C[C@]2(CC[C@@](C)(CCCC(C)CCCC(C)CCCC(C)C)O3)C2(Cc3c4c(c(C)c(C)c3O2)O[C@](C)(CCCC(C)CCCC(C)CCCC(C)C)CC4)C1=O)CC[C@@](C)(CCCC(C)CCCC(C)CCCC(C)C)O5
KADSUPHILOL A,COc1cc2c(c(O)c1OC)-c1c(cc3c(c1OC)OCO3)[C@H](O)[C@H](C)[C@H](C)C2
KADSUPHILOL B,COc1cc2c(c(O)c1OC)-c1c(cc3c(c1OC)OCO3)[C@H](OC(=O)c1ccccc1)[C@H](C)[C@H](C)[C@H]2OC(C)=O
KADSUPHILOL C,C/C=C(\C)C(=O)O[C@H]1c2cc3c(c(OC)c2-c2c(cc(OC)c(OC)c2O)[C@H](OC(=O)/C(C)=C/C)[C@@]2(CO2)[C@H]1C)OCO3
KADSUPHILOL D,COc1cc2c(c(OC)c1O)-c1c(cc(OC)c(OC)c1O)C[C@@H](C)[C@@H](C)[C@H]2OC(=O)/C=C/c1ccccc1
KADSUPHILOL E,C/C=C(\C)C(=O)O[C@@H]1c2cc3c(c4c2C2(CO4)C(=O)C(OC)=C(OC)C=C2[C@@H](OC(=O)c2ccccc2)[C@@](C)(O)[C@H]1C)OCO3
KADSUPHILOL F,C/C=C(\C)C(=O)O[C@@H]1C2=CC(OC)=C(OC)C(=O)C23COc2c4c(cc(c23)[C@@H](OC(=O)c2ccccc2)[C@H](C)[C@]1(C)O)OCO4
KADSUPHILOL G,C/C=C(\C)C(=O)O[C@H]1[C@@](C)(O)[C@@H](C)[C@H]2O[C@@]13CC(OC)=C(OC)C(=O)C31COc3c4c(cc2c31)OCO4
KADSUPHILOL H,C/C=C(\C)C(=O)O[C@H]1[C@@](C)(O)[C@@H](C)[C@H]2O[C@@]13CC(=O)C(OC)=C(OC)C31COc3c4c(cc2c31)OCO4
ENDIANDRIN A,COc1cc([C@@H]2[C@@H](C)[C@H](C)[C@H]2c2ccc(O)c(OC)c2)ccc1O
NECTANDRIN B,COc1cc([C@H]2O[C@@H](c3ccc(O)c(OC)c3)[C@H](C)[C@@H]2C)ccc1O
(-)-DIHYDROGUAIARETICACID,COc1cc(C[C@@H](C)[C@H](C)Cc2ccc(O)c(OC)c2)ccc1O
DI-O-ACETYLENDIANDRIN A,COc1cc([C@@H]2[C@@H](C)[C@H](C)[C@H]2c2ccc(OC(C)=O)c(OC)c2)ccc1OC(C)=O
DI-O-METHYLENDIANDRIN A,COc1ccc([C@@H]2[C@@H](C)[C@H](C)[C@H]2c2ccc(OC)c(OC)c2)cc1OC
STELLETTIN L,CC(/C=C/C=C(\C)C(=O)O)=C\C=C\C(C)=C1\C(=O)C[C@H]2[C@@]3(C)CC[C@H](O)C(C)(C)[C@@H]3CC[C@]12C
STELLETTIN M,CC(/C=C/C=C(C)/C=C/C=C(\C)C(=O)O)=C1/C(=O)C[C@H]2[C@@]3(C)CC[C@H](O)C(C)(C)[C@@H]3CC[C@]12C
METHYL TORTUOSOATE,COC(=O)/C1=C/C(=O)C[C@H](C)CCC[C@H](C)C(=O)C[C@H](C(C)C)C(=O)C1
XIMAOLIDE A,COC(=O)[C@@]12CC(=O)[C@@H](C(C)C)CC(=O)[C@@H](C)CCC[C@@H](C)CC(=O)[C@@H]1CC(C)=C1[C@H](O)C[C@@]3(C)O[C@@H]3CC[C@@]3(C)O[C@@H]3CC/C(C)=C/[C@H]12
XIMAOLIDE B,COC(=O)[C@@]12CC(=O)[C@@H](C(C)C)CC(=O)[C@@H](C)CCC[C@@H](C)CC(=O)[C@@H]1CC(C)=C1[C@H](O)C[C@@](C)(O)[C@@H](Cl)CC[C@@]3(C)O[C@@H]3CC/C(C)=C/[C@H]12
XIMAOLIDE D,COC(=O)[C@@]12CC(=O)[C@@H](C(C)C)CC(=O)[C@@H](C)CCC[C@@H](C)/C=C3\O[C@@](C)(C[C@@H]31)/C1=C/C[C@](C)(O)[C@H]3CC[C@@](C)(O3)[C@H](O)CC/C(C)=C/[C@H]12
XIMAOLIDE E,C=C1CC[C@@H]2O[C@@H]1CC/C(C)=C/[C@@H]1C(=C(C)C[C@H]3C(=O)C[C@H](C)CCC[C@H](C)C(=O)C[C@H](C(C)C)C(=O)C[C@@]13C(=O)OC)[C@H](O)C[C@@]2(C)O
CUDRATRICUSXANTHONE J,CC(C)=CCc1c(O)c(O)cc2oc3c4c(cc(O)c3c(=O)c12)OC(C)C4(C)C
CUDRATRICUSXANTHONE K,COc1c(CC=C(C)C)c(O)c2c(=O)c3cc(O)c(O)cc3oc2c1CC=C(C)C
CUDRATRICUSXANTHONE L,C=CC(C)(C)c1c(O)cc(O)c2c(=O)c3cc(O)c(O)cc3oc12
CUDRATRICUSXANTHONE M,C=CC(C)(C)c1c(O)cc(O)c2c(=O)c3c(CCC(C)(C)O)c(O)c(O)cc3oc12
ISOCUDRAXANTHONE K,C=CC(C)(C)c1c(O)cc2oc3c4c(c(O)cc3c(=O)c2c1O)OC(C)(C)C=C4
CUDRAFLAVONE A,CC(C)=CC1Oc2cc(O)ccc2-c2oc3cc4c(c(O)c3c(=O)c21)C=CC(C)(C)O4
ISPINESIB,Cc1ccc(C(=O)N(CCCN)[C@@H](c2nc3cc(Cl)ccc3c(=O)n2Cc2ccccc2)C(C)C)cc1
DESFORMYLFLUSTRABROMINE,C=CC(C)(C)c1[nH]c2cc(Br)ccc2c1CCNC
DEFORMYLFLUSTRABROMINE B,CNCCc1cn(CC=C(C)C)c2cc(Br)ccc12
COUMERMYCIN A1,CO[C@H]1[C@H](OC(=O)c2ccc(C)[nH]2)[C@H](O)[C@@H](Oc2ccc3c(O)c(NC(=O)c4c[nH]c(C(=O)Nc5c(O)c6ccc(O[C@H]7OC(C)(C)[C@@H](OC)[C@H](OC(=O)c8ccc(C)[nH]8)[C@@H]7O)c(C)c6oc5=O)c4C)c(=O)oc3c2C)OC1(C)C
PIDOLIC ACID,O=C1CC[C@@H](C(=O)O)N1
SULPHADOXINE,COc1cnnc(NS(=O)(=O)c2ccc(N)cc2)c1OC
SAFROLE,C=CCc1ccc2c(c1)OCO2
ALTRETAMINE,CN(C)c1nc(N(C)C)nc(N(C)C)n1
MYCOPHENOLATE MOFETIL,COc1c(C)c2c(c(O)c1C/C=C(\C)CCC(=O)OCCN1CCOCC1)C(=O)OC2
ELLAGIC ACID TETRAACETATE,CC(=O)Oc1cc2c(=O)oc3c(OC(C)=O)c(OC(C)=O)cc4c(=O)oc(c1OC(C)=O)c2c34
KOBOPHENOL A,Oc1ccc([C@H]2Oc3cc(O)cc([C@@H]4[C@H](c5cc(O)cc(O)c5)[C@@H](c5ccc(O)cc5)O[C@H]4c4ccc(O)cc4)c3[C@@H]2c2cc(O)c3c(c2)[C@@H](c2cc(O)cc(O)c2)[C@H](c2ccc(O)cc2)O3)cc1
ADHYPERFORIN,C1CCC(NC2CCCCC2)CC1.CCC(C)C(=O)[C@]12C(=O)[C@](CC=C(C)C)(C[C@H](CC=C(C)C)[C@@]1(C)CCC=C(C)C)C(=O)C(CC=C(C)C)=C2O
OCTAHYDROHYPERFORIN DICYCLOHEXYLAMMONIUM SALT,C1CCC(NC2CCCCC2)CC1.CC(C)CCC[C@]1(C)[C@@H](CCC(C)C)C[C@@]2(CCC(C)C)C(=O)[C@]1(C(=O)C(C)C)C(=O)C(CCC(C)C)=C2O
OCTAHYDROHYPERFORIN,CC(C)CCC[C@]1(C)[C@@H](CCC(C)C)C[C@@]2(CCC(C)C)C(=O)[C@]1(C(=O)C(C)C)C(=O)C(CCC(C)C)=C2[O-].[Li+]
HYPERFORINTRIMETHOXYBENZOATE,COc1cc(C(=O)OC2=C(CC=C(C)C)C(=O)[C@@]3(C(=O)C(C)C)C(=O)[C@]2(CC=C(C)C)C[C@H](CC=C(C)C)[C@@]3(C)CCC=C(C)C)cc(OC)c1OC
HYPERFORINNICOTINATE,CC(C)=CCC[C@]1(C)[C@@H](CC=C(C)C)C[C@@]2(CC=C(C)C)C(=O)[C@]1(C(=O)C(C)C)C(=O)C(CC=C(C)C)=C2OC(=O)c1cccnc1
FUROHYPERFORIN,CC(C)=CCC[C@]1(C)[C@@H](CC=C(C)C)C[C@]23CC(C(C)(C)O)OC2=C(CC=C(C)C)C(=O)[C@@]1(C(=O)C(C)C)C3=O
DEHYDROHYPERFORIN,CC(C)=CCC[C@]1(C)[C@@H](CC=C(C)C)C[C@@]2(CC=C(C)C)C(=O)[C@]1(C(=O)C(C)C)C(=O)C1=C2OC(C)(C)C=C1
MIZORIBINE,NC(=O)c1ncn([C@@H]2O[C@H](CO)[C@@H](O)[C@H]2O)c1O
ARUNDINE,c1ccc2c(Cc3c[nH]c4ccccc34)c[nH]c2c1
SR-13668,CCOC(=O)c1ccc2[nH]c3c(OC)c4[nH]c5ccc(C(=O)OCC)cc5c4cc3c2c1
FIJIANOLIDE A,C=C1C[C@H](C)C[C@@H]2CC=C[C@@H](C/C=C\C(=O)O[C@H]3C[C@@H](O[C@H]3/C=C/[C@@H]3CC(C)=CCO3)[C@@H](O)[C@@H](O)C1)O2
FIIJIANOLIDE D,C=C1C[C@H](C)C[C@@H]2CC=C[C@@H](C/C=C\C(=O)O[C@H]3C[C@@H](O[C@H]3/C=C/[C@@H]3CC(C)=CC(=O)O3)[C@@H](O)[C@@H](O)C1)O2
FIJIANOLIDE E,C=C1C[C@H](C)C[C@@H]2CC=C[C@@H](C/C=C\C(=O)OC([C@@H](O)/C=C/[C@@H]3CC(C)=CC(=O)O3)C[C@@H]3O[C@H]3[C@@H](O)C1)O2
FIJIANOLIDE F,C=C1C[C@H](C)C[C@@H]2CC=C[C@@H](C/C=C\C(=O)O[C@H]3C[C@@H](O[C@H]3/C=C/[C@@H]3C[C@@]4(C)O[C@H]4[C@@H](O)O3)[C@@H](O)[C@@H](O)C1)O2
FIJIANOLIDE G,C=C1C[C@H](C)C[C@@H]2CC=C[C@@H](C/C=C\C(=O)O[C@H]([C@@H](O)/C=C/[C@@H]3C[C@@]4(C)O[C@H]4[C@@H](O)O3)C[C@@H]3O[C@H]3[C@@H](O)C1)O2
FIJIANOLIDE H,C=C1C[C@H](C)C[C@@H]2CC=C[C@@H](C/C=C\C(=O)O[C@H]3C[C@@H](O[C@H]3/C=C/[C@@H]3CC(C)=CC(OC)O3)[C@@H](O)[C@@H](O)C1)O2
FIJIANOLIDE I,C=C1C[C@H](C)C[C@@H]2CC=C[C@@H](C/C=C\C(=O)O[C@H]3C[C@@H](O[C@H]3/C=C/[C@@H]3CC(C)=CC(O)O3)[C@@H](O)[C@@H](O)C1)O2
PROTOAPIGENONE,O=C1C=CC(O)(c2cc(=O)c3c(O)cc(O)cc3o2)C=C1
JNJ 2408068,Cc1ccc(O)c(Cn2c(NC3CCN(CCN)CC3)nc3c(C)cccc32)n1
CRYPTOJAPONOL,COc1c(C(C)C)cc2c(c1O)[C@@]1(C)CCCC(C)(C)[C@@H]1CC2=O
HINOKININ,O=C1OC[C@H](Cc2ccc3c(c2)OCO3)[C@H]1Cc1ccc2c(c1)OCO2
SAVININ,O=C1OC[C@H](Cc2ccc3c(c2)OCO3)/C1=C\c1ccc2c(c1)OCO2
ENOXOLONE,CC1(C)[C@@H](O)CC[C@]2(C)[C@H]3C(=O)C=C4[C@@H]5C[C@@](C)(C(=O)O)CC[C@]5(C)CC[C@@]4(C)[C@]3(C)CC[C@@H]12
METACAVIR,COc1nc(N)nc2c1ncn2[C@H]1CC[C@@H](CO)O1
BIS-IMIDE A,O=c1[nH]c(=O)c2c1c1[nH]c3ccccc3c1c1c(=O)[nH]c(=O)c21
"BENZOIC ACID 2,3-EPOXYPROPYL ESTER",O=C(OCC1CO1)c1ccccc1
FENAZAQUIN,CC(C)(C)c1ccc(CCOc2ncnc3ccccc23)cc1
NEUROPEPTIDE S,CSCC[C@H](NC(=O)CNC(=O)[C@@H](NC(=O)CNC(=O)[C@@H](NC(=O)CNC(=O)[C@H](CC(N)=O)NC(=O)[C@H](CCCNC(=N)N)NC(=O)[C@H](Cc1ccccc1)NC(=O)[C@@H](N)CO)C(C)C)[C@@H](C)O)C(=O)N[C@@H](CCCCN)C(=O)N[C@@H](CCCCN)C(=O)N[C@H](C(=O)N[C@@H](CO)C(=O)N[C@@H](Cc1ccccc1)C(=O)N[C@@H](CCC(N)=O)C(=O)N[C@@H](CCCNC(=N)N)C(=O)N[C@@H](C)C(=O)N[C@@H](CCCCN)C(=O)N[C@@H](CO)C(=O)O)[C@@H](C)O
TG100-115,Nc1nc(N)c2nc(-c3cccc(O)c3)c(-c3cccc(O)c3)nc2n1
HEXAPROFEN,CC(C(=O)O)c1ccc(C2CCCCC2)cc1
SPINORPHIN,CC(C)C[C@H](N)C(=O)N[C@H](C(=O)N[C@H](C(=O)N[C@@H](Cc1ccc(O)cc1)C(=O)N1CCC[C@H]1C(=O)N[C@@H](Cc1c[nH]c2ccccc12)C(=O)N[C@H](C(=O)O)[C@@H](C)O)C(C)C)C(C)C
KAHALALIDE G,C/C=C(\NC(=O)[C@H](Cc1ccccc1)NC(=O)[C@H](NC(=O)[C@H](NC(=O)[C@H](NC(=O)[C@H](NC(=O)[C@H](CCCN)NC(=O)[C@H]1CCCN1C(=O)[C@@H](NC(=O)[C@H](NC(=O)[C@H](NC(=O)[C@@H](NC(=O)CCCC(C)C)C(C)C)[C@H](C)O)C(C)C)C(C)C)[C@@H](C)CC)[C@@H](C)O)[C@@H](C)CC)C(C)C)C(=O)N[C@H](C(=O)O)C(C)C
HYDROCODONE,COc1ccc2c3c1O[C@H]1C(=O)CC[C@H]4[C@@H](C2)N(C)CC[C@]314
TOXIFERINE,C[N+]12CCC34c5ccccc5N5/C=C6/[C@H]7C[C@H]8[C@@]9(CC[N+]8(C)C/C7=C/CO)c7ccccc7N(/C=C(/[C@@H](C[C@@H]31)/C(=C\CO)C2)[C@H]54)[C@@H]69.[Cl-].[Cl-]
AZOXYSTROBIN,CO/C=C(/C(=O)OC)c1ccccc1Oc1cc(Oc2ccccc2C#N)ncn1
CAPTAN,O=C1C2CC=CCC2C(=O)N1SC(Cl)(Cl)Cl
SAFINAMIDE,C[C@H](NCc1ccc(OCc2cccc(F)c2)cc1)C(N)=O
"1,3-DICYCLOHEXYLUREA",O=C(NC1CCCCC1)NC1CCCCC1
MEMOQUIN,CCN(CCCCCCNC1=CC(=O)C(NCCCCCCN(CC)Cc2ccccc2OC)=CC1=O)Cc1ccccc1OC
FLIBANSERIN,O=c1[nH]c2ccccc2n1CCN1CCN(c2cccc(C(F)(F)F)c2)CC1
IBODUTANT,Cc1ccc2cc(C(=O)NC3(C(=O)N[C@H](Cc4ccccc4)C(=O)NCC4CCN(CC5CCOCC5)CC4)CCCC3)sc2c1
AMISULPRIDE,CCN1CCCC1CNC(=O)c1cc(S(=O)(=O)CC)c(N)cc1OC
GW673715X,CCc1cccc(NC(=O)Nc2ccc(Oc3ccc4nc(NC(=O)OC)[nH]c4c3)cc2)c1
(S)-TIPIFARNIB,Cn1cncc1[C@](N)(c1ccc(Cl)cc1)c1ccc2c(c1)c(-c1cccc(Cl)c1)cc(=O)n2C
NIFUROXAZIDE,O=C(N/N=C/c1ccc([N+](=O)[O-])o1)c1ccc(O)cc1
HYDROXYOBUSTYRENE,COc1c(C/C=C/c2ccccc2)ccc(O)c1O
2-hydroxy-4'-methoxystilbene,COc1ccc(/C=C/c2ccccc2O)cc1
CICLOPIROX OLAMINE,Cc1cc(C2CCCCC2)n(O)c(=O)c1.NCCO
6-HYDROXYCOUMARIN,O=c1ccc2cc(O)ccc2o1
8-Hydroxycoumarin,O=c1ccc2cccc(O)c2o1
ESCULETIN,O=c1ccc2cc(O)c(O)cc2o1
ITRACONZOLE,CCC(C)n1ncn(-c2ccc(N3CCN(c4ccc(OC[C@H]5COC(Cn6cncn6)(c6ccc(F)cc6F)O5)cc4)CC3)cc2)c1=O
DAPHNETIN,O=c1ccc2ccc(O)c(O)c2o1
PINNATIN,COc1c2ccoc2cc2oc(-c3ccccc3)cc(=O)c12
N-DESMETHYL LEVOFLOXACIN,C[C@H]1COc2c(N3CCNCC3)c(F)cc3c(=O)c(C(=O)O)cn1c23
RESOKAEMPFEROL,O=c1c(O)c(-c2ccc(O)cc2)oc2cc(O)ccc12
ACACETIN,COc1ccc(-c2cc(=O)c3c(O)cc(O)cc3o2)cc1
RHOIFOLIN,C[C@@H]1O[C@@H](O[C@H]2[C@H](Oc3cc(O)c4c(=O)cc(-c5ccc(O)cc5)oc4c3)O[C@H](CO)[C@@H](O)[C@@H]2O)[C@H](O)[C@H](O)[C@H]1O
REL-PENTAZOCINE,CC(C)=CCN1CC[C@@]2(C)c3cc(O)ccc3C[C@@H]1[C@H]2C
ESKETAMINE,CN[C@]1(c2ccccc2Cl)CCCCC1=O
CARINATUMINS B (2),CC1=C[C@H]2Cc3[nH]c(=O)ccc3[C@]3(C1)NCC[C@@H](O)[C@H]23
OXAMNIQUINE METHACRYLATE,C=CC(=O)N(CC1CCc2cc(CO)c([N+](=O)[O-])cc2N1)C(C)C
OXAMNIQUINE ACRYLAMIDE,C=C(C)C(=O)OCc1cc2c(cc1[N+](=O)[O-])NC(CNC(C)C)CC2
DIDANOSINE,O=c1[nH]cnc2c1ncn2[C@H]1CC[C@@H](CO)O1
EXENATIDE,CC[C@H](C)[C@H](NC(=O)[C@H](Cc1ccccc1)NC(=O)[C@H](CC(C)C)NC(=O)[C@H](CCCNC(=N)N)NC(=O)[C@@H](NC(=O)[C@H](C)NC(=O)[C@H](CCC(=O)O)NC(=O)[C@H](CCC(=O)O)NC(=O)[C@H](CCC(=O)O)NC(=O)[C@H](CCSC)NC(=O)[C@H](CCC(N)=O)NC(=O)[C@H](CCCCN)NC(=O)[C@H](CO)NC(=O)[C@H](CC(C)C)NC(=O)[C@H](CC(=O)O)NC(=O)[C@H](CO)NC(=O)[C@@H](NC(=O)[C@H](Cc1ccccc1)NC(=O)[C@@H](NC(=O)CNC(=O)[C@H](CCC(=O)O)NC(=O)CNC(=O)[C@@H](N)Cc1cnc[nH]1)[C@@H](C)O)[C@@H](C)O)C(C)C)C(=O)N[C@@H](CCC(=O)O)C(=O)N[C@@H](Cc1c[nH]c2ccccc12)C(=O)N[C@@H](CC(C)C)C(=O)N[C@@H](CCCCN)C(=O)N[C@@H](CC(N)=O)C(=O)NCC(=O)NCC(=O)N1CCC[C@H]1C(=O)N[C@@H](CO)C(=O)N[C@@H](CO)C(=O)NCC(=O)N[C@@H](C)C(=O)N1CCC[C@H]1C(=O)N1CCC[C@H]1C(=O)N1CCC[C@H]1C(=O)N[C@@H](CO)C(N)=O
VRT-18858,O=C[C@H](CC(=O)O)NC(=O)[C@@H]1CCCN2C(=O)CC[C@H](NC(=O)c3nccc4ccccc34)C(=O)N12
SRX246,C[C@@H](NC(=O)[C@@H](CC(=O)N1CCC(N2CCCCC2)CC1)N1C(=O)[C@@H](N2C(=O)OC[C@@H]2c2ccccc2)[C@H]1/C=C/c1ccccc1)c1cccc(C(F)(F)F)c1
DIPHENYLENEIODONIUM CHLORIDE,[Cl-].c1ccc2c(c1)[I+]c1ccccc1-2
METHYLISOTHIOCYANATE,CN=C=S
VITAMIN E SUCCINATE,Cc1c(C)c2c(c(C)c1OC(=O)CCC(=O)O)CC[C@@](C)(CCCC(C)CCCC(C)CC(C)C)O2
CARBAZOLE,c1ccc2c(c1)[nH]c1ccccc12
IMINOSTILBENE,C1=Cc2ccccc2Nc2ccccc21
CARNOSINE,NCCC(=O)N[C@@H](Cc1c[nH]cn1)C(=O)O
FLAVOKAWAIN A,COc1ccc(/C=C/C(=O)c2c(O)cc(OC)cc2OC)cc1
PTEROCARPIN,COc1ccc2c(c1)OC[C@H]1c3cc4c(cc3O[C@@H]21)OCO4
FORMONONETIN,COc1ccc(-c2coc3cc(O)ccc3c2=O)cc1
KURARINONE,C=C(C)C(CC=C(C)C)Cc1c(O)cc(OC)c2c1O[C@H](c1ccc(O)cc1O)CC2=O
KUSHENOL N,C=C(C)C(CC=C(C)C)Cc1c(O)cc(OC)c2c1O[C@H](c1ccc(O)cc1O)[C@H](O)C2=O
KUSHENOL K,C=C(C)[C@H](CCC(C)(C)O)Cc1c(O)cc(OC)c2c1O[C@H](c1ccc(O)cc1O)[C@H](O)C2=O
SOPHORAFLAVANONE G,C=C(C)[C@H](CC=C(C)C)Cc1c(O)cc(O)c2c1O[C@H](c1ccc(O)cc1O)CC2=O
KURAIDIN,C=C(C)[C@H](CC=C(C)C)Cc1c(O)cc(OC)c(C(=O)/C=C/c2ccc(O)cc2O)c1O
PHLORIZIN,O=C(CCc1ccc(O)cc1)c1c(O)cc(O)cc1O[C@@H]1O[C@H](CO)[C@@H](O)[C@H](O)[C@H]1O
BETULIN DISULFATE,C=C(C)[C@@H]1CC[C@]2(COS(=O)(=O)O)CC[C@]3(C)[C@H](CC[C@@H]4[C@@]5(C)CC[C@H](OS(=O)(=O)O)C(C)(C)[C@@H]5CC[C@]43C)[C@@H]12
BETULINIC ACID SULFATE,C=C(C)[C@@H]1CC[C@]2(C(=O)O)CC[C@]3(C)[C@H](CC[C@@H]4[C@@]5(C)CC[C@H](OS(=O)(=O)O)C(C)(C)[C@@H]5CC[C@]43C)[C@@H]12
E319,CC(C)(C)c1cc(O)ccc1O
DEOXYCHOLIC ACID DISULFATE,C[C@H](CCC(=O)O)[C@H]1CC[C@H]2[C@@H]3CC[C@@H]4C[C@H](OS(=O)(=O)O)CC[C@]4(C)[C@H]3C[C@H](OS(=O)(=O)O)[C@]12C
CHOLIC ACID TRISULFATE,C[C@H](CCC(=O)O)[C@H]1CC[C@H]2[C@@H]3[C@H](OS(=O)(=O)O)C[C@@H]4C[C@H](OS(=O)(=O)O)CC[C@]4(C)[C@H]3C[C@H](OS(=O)(=O)O)[C@]12C
URSOLIC ACID SULFATE,C[C@H]1[C@H](C)CC[C@]2(C(=O)O)CC[C@]3(C)C(=CC[C@@H]4[C@@]5(C)CC[C@H](OS(=O)(=O)O)C(C)(C)[C@@H]5CC[C@]43C)[C@H]12
OLEANOLIC ACID SULFATE,CC1(C)CC[C@]2(C(=O)O)CC[C@]3(C)C(=CCC4[C@@]5(C)CC[C@H](OS(=O)(=O)O)C(C)(C)[C@@H]5CC[C@]43C)[C@@H]2C1
BETULIN DIPHOSPHATE,C=C(C)[C@@H]1CC[C@]2(COP(=O)(O)O)CC[C@]3(C)[C@H](CC[C@@H]4[C@@]5(C)CC[C@H](OP(=O)(O)O)C(C)(C)[C@@H]5CC[C@]43C)[C@@H]12
TONKINELIN,CCCCCCCCCCCCCCCC[C@@H](O)[C@H](O)CCCCCCCCCCCCCCC1=C[C@H](C)OC1=O
CIS-SOLAMIN,CCCCCCCCCCCC[C@H](O)[C@@H]1CC[C@H]([C@H](O)CCCCCCCCCCCCC2=C[C@H](C)OC2=O)O1
ELACRIDAR,COc1cc2c(cc1OC)CN(CCc1ccc(NC(=O)c3cccc4c(=O)c5cccc(OC)c5[nH]c34)cc1)CC2
DIOSPYRIN,Cc1cc(O)c2c(c1)C(=O)C(c1c(C)cc3c(c1O)C(=O)C=CC3=O)=CC2=O
3-HYDROXYBENZALDEHYDE,O=Cc1cccc(O)c1
2-METHOXYBENZALDEHYDE,COc1ccccc1C=O
HYMEXAZOL,Cc1cc(O)no1
GENTISIC ACID,O=C(O)c1cc(O)ccc1O
PHENYLTHIOSEMICARBAZONE,NC(=S)N/N=C/c1ccccc1
CINNAMALDEHYDE THIOSEMICARBAZONE,NC(=S)N/N=C\C=C\c1ccccc1
SALICYLALDEHYDE THIOSEMICARBAZONE,NC(=S)N/N=C/c1ccccc1O
SNDEGLES,CC(C)C[C@H](NC(=O)CNC(=O)[C@H](CCC(=O)O)NC(=O)[C@H](CC(=O)O)NC(=O)[C@H](CC(N)=O)NC(=O)[C@@H](N)CO)C(=O)N[C@@H](CCC(=O)O)C(=O)N[C@@H](CO)C(=O)O
HUPERZINE A,C/C=C1\[C@H]2C=C(C)C[C@]1(N)c1ccc(=O)[nH]c1C2
HUPERZINE B,CC1=C[C@H]2Cc3[nH]c(=O)ccc3[C@]3(C1)NCCC[C@H]23
GALLACETOPHENONE,CC(=O)c1ccc(O)c(O)c1O
ONONETIN,COc1ccc(CC(=O)c2ccc(O)cc2O)cc1
TECTORIGENIN,COc1c(O)cc2occ(-c3ccc(O)cc3)c(=O)c2c1O
PSI-TECTORIGENIN,COc1c(O)cc(O)c2c(=O)c(-c3ccc(O)cc3)coc12
CONIFERYL ALDEHYDE,COc1cc(/C=C/C=O)ccc1O
OBOVATAL,C=CCc1ccc(Oc2cc(/C=C/C=O)cc(O)c2O)cc1
BERGAPTOL,O=c1ccc2c(O)c3ccoc3cc2o1
GERANYLCOUMARIN,C/C(=C\COc1ccc2ccc(=O)oc2c1)C/C=C/C(C)C
IODINE 2BETA-CARBOMETHOXY-3BETA-(4 IODOPHENYL)-TROPANE,COC(=O)[C@H]1[C@@H](c2ccc(I)cc2)C[C@H]2CC[C@@H]1N2C
OXYTOCIN,CC[C@H](C)[C@@H]1NC(=O)[C@H](Cc2ccc(O)cc2)NC(=O)[C@@H](N)CSSC[C@@H](C(=O)N2CCC[C@H]2C(=O)N[C@@H](CC(C)C)C(=O)NCC(N)=O)NC(=O)[C@H](CC(N)=O)NC(=O)[C@H](CCC(N)=O)NC1=O
2-PHENYLBENZO[D]OXAZOLE,c1ccc(-c2nc3ccccc3o2)cc1
2-(PHENOXYMETHYL)BENZOTHIAZOLE,c1ccc(OCc2nc3ccccc3s2)cc1
2-(PHENYLTHIOMETHYL)BENZO[D]THIAZOLE,c1ccc(SCc2nc3ccccc3s2)cc1
DISOGLUSIDE,C[C@@H]1CC[C@@]2(OC1)O[C@H]1C[C@H]3[C@@H]4CC=C5C[C@@H](O[C@@H]6O[C@H](CO)[C@@H](O)[C@H](O)[C@H]6O)CC[C@]5(C)[C@H]4CC[C@]3(C)[C@H]1[C@@H]2C
OPHIOPOGONIN C,C[C@@H]1CC[C@@]2(OC1)O[C@H]1C[C@H]3[C@@H]4CC=C5C[C@@H](O[C@@H]6O[C@H](CO)[C@@H](O)[C@H](O)[C@H]6O[C@@H]6O[C@@H](C)[C@H](O)[C@@H](O)[C@H]6O)CC[C@]5(C)[C@H]4CC[C@]3(C)[C@H]1[C@@H]2C
POLYPHILLIN C,C[C@@H]1CC[C@@]2(OC1)O[C@H]1C[C@H]3[C@@H]4CC=C5C[C@@H](O[C@@H]6O[C@H](CO)[C@@H](O)[C@H](O[C@@H]7O[C@@H](C)[C@H](O)[C@@H](O)[C@H]7O)[C@H]6O)CC[C@]5(C)[C@H]4CC[C@]3(C)[C@H]1[C@@H]2C
TACCAOSIDE,C[C@@H]1CC[C@@]2(OC1)O[C@H]1C[C@H]3[C@@H]4CC=C5C[C@@H](O[C@@H]6O[C@H](CO)[C@@H](O)[C@H](O[C@@H]7O[C@@H](C)[C@H](O)[C@@H](O)[C@H]7O)[C@H]6O[C@H]6O[C@H](C)[C@@H](O)[C@H](O)[C@@H]6O)CC[C@]5(C)[C@H]4CC[C@]3(C)[C@H]1[C@@H]2C
POLYPHILLIN D,C[C@@H]1CC[C@@]2(OC1)O[C@H]1C[C@H]3[C@@H]4CC=C5C[C@@H](O[C@@H]6O[C@H](CO)[C@@H](O[C@H]7O[C@H](CO)[C@@H](O)[C@@H]7O)[C@H](O)[C@H]6O[C@H]6O[C@H](C)[C@@H](O)[C@H](O)[C@@H]6O)CC[C@]5(C)[C@H]4CC[C@]3(C)[C@H]1[C@@H]2C
GALUTEOLIN,O=c1cc(-c2ccc(O)c(O)c2)oc2cc(O[C@@H]3O[C@H](CO)[C@@H](O)[C@H](O)[C@H]3O)cc(O)c12
ASTRAGALIN,O=c1c(O[C@@H]2O[C@H](CO)[C@@H](O)[C@H](O)[C@H]2O)c(-c2ccc(O)cc2)oc2cc(O)cc(O)c12
KAEMPFEROL-3-O-RUTINOSIDE,C[C@H]1O[C@H](OC[C@H]2O[C@@H](Oc3c(-c4ccc(O)cc4)oc4cc(O)cc(O)c4c3=O)[C@H](O)[C@@H](O)[C@@H]2O)[C@@H](O)[C@@H](O)[C@@H]1O
TILIROSIDE,O=C(/C=C/c1ccc(O)cc1)OC[C@H]1O[C@@H](Oc2c(-c3ccc(O)cc3)oc3cc(O)cc(O)c3c2=O)[C@H](O)[C@@H](O)[C@@H]1O
VALEANT,CCc1ccc(/C=C2\SC(N[C@@H](C(=O)O)c3ccc(F)cc3)=NC2=O)o1
ECHINACOSIDE,C[C@H]1O[C@H](O[C@@H]2[C@@H](O)[C@H](OCCc3ccc(O)c(O)c3)O[C@H](CO[C@H]3O[C@@H](CO)[C@H](O)[C@@H](O)[C@@H]3O)[C@H]2OC(=O)/C=C/c2ccc(O)c(O)c2)[C@@H](O)[C@@H](O)[C@@H]1O
FORSYTHOSIDE B,C[C@H]1O[C@H](O[C@@H]2[C@@H](O)[C@H](OCCc3ccc(O)c(O)c3)O[C@H](CO[C@H]3OCC(O)(CO)[C@@H]3O)[C@H]2OC(=O)/C=C/c2ccc(O)c(O)c2)[C@@H](O)[C@@H](O)[C@@H]1O
LAVANDULIFOLIOSIDE,C[C@@H]1O[C@@H](O[C@@H]2[C@@H](O)[C@H](OCCc3ccc(O)c(O)c3)O[C@H](CO)[C@H]2OC(=O)/C=C/c2ccc(O)c(O)c2)[C@H](O[C@@H]2OC[C@@H](O)[C@@H](O)[C@@H]2O)[C@H](O)[C@H]1O
STACHYSOSIDE D,COc1ccc(CCO[C@@H]2O[C@H](CO)[C@@H](OC(=O)/C=C/c3ccc(O)c(OC)c3)[C@H](O[C@@H]3O[C@@H](C)[C@H](O)[C@@H](O)[C@H]3O[C@@H]3OC[C@@H](O)[C@@H](O)[C@@H]3O)[C@H]2O)cc1O
LAMIOPHLOMISIDE,COc1cc(/C=C/C(=O)O[C@H]2[C@H](O[C@H]3O[C@H](C)[C@@H](O)[C@H](O)[C@@H]3O)[C@@H](O)[C@H](OCCc3ccc(O)c(OC)c3)O[C@@H]2CO[C@H]2OCC(O)(CO)[C@@H]2O)ccc1O
VELUTINOSIDE IV,COc1cc(/C=C/C(=O)O[C@H]2[C@H](O[C@@H]3O[C@@H](C)[C@H](O)[C@@H](O)[C@H]3O[C@@H]3OC[C@@H](O)[C@@H](O)[C@@H]3O)[C@@H](O)[C@H](OCCc3ccc(O)c(OC)c3)O[C@@H]2CO)ccc1O
VELUTINOSIDE I,C[C@@H]1O[C@@H](O[C@@H]2[C@@H](O)[C@H](OCCc3ccc(O)c(O)c3)O[C@H](CO[C@@H]3O[C@H](CO)[C@@H](O)[C@H](O)[C@H]3O)[C@H]2OC(=O)/C=C/c2ccc(O)c(O)c2)[C@H](O[C@@H]2OC[C@@H](O)[C@@H](O)[C@@H]2O)[C@H](O)[C@H]1O
VELUTINOSIDE II,COc1cc(/C=C/C(=O)O[C@H]2[C@H](O[C@@H]3O[C@@H](C)[C@H](O)[C@@H](O)[C@H]3O[C@@H]3OC[C@@H](O)[C@@H](O)[C@@H]3O)[C@@H](O)[C@H](OCCc3ccc(O)c(O)c3)O[C@@H]2CO[C@@H]2O[C@H](CO)[C@@H](O)[C@H](O)[C@H]2O)ccc1O
VELUTINOSIDE III,COc1ccc(CCO[C@@H]2O[C@H](CO[C@@H]3O[C@H](CO)[C@@H](O)[C@H](O)[C@H]3O)[C@@H](OC(=O)/C=C/c3ccc(O)c(OC)c3)[C@H](O[C@@H]3O[C@@H](C)[C@H](O)[C@@H](O)[C@H]3O[C@@H]3OC[C@@H](O)[C@@H](O)[C@@H]3O)[C@H]2O)cc1O
CISTANOSIDE F,C[C@H]1O[C@H](O[C@@H]2[C@@H](O)[C@H](O)O[C@H](CO)[C@H]2OC(=O)/C=C/c2ccc(O)c(O)c2)[C@@H](O)[C@@H](O)[C@@H]1O
CAFFEOYLMALIC ACID,O=C(O)CC(OC(=O)/C=C/c1ccc(O)c(O)c1)C(=O)O
ISOFERULIC ACID,COc1ccc(/C=C/C(=O)O)cc1O
CYCLIC CIDOFOVIR,Nc1ccn(C[C@H]2COP(=O)(O)CO2)c(=O)n1
DIOSMIN,COc1ccc(-c2cc(=O)c3c(O)cc(O[C@@H]4O[C@H](CO[C@@H]5O[C@@H](C)[C@H](O)[C@@H](O)[C@H]5O)[C@@H](O)[C@H](O)[C@H]4O)cc3o2)cc1O
MURRAYAQUINONE A,CC1=CC(=O)c2[nH]c3ccccc3c2C1=O
(+/-)-ANTOFINE,COc1ccc2c3c(c4cc(OC)c(OC)cc4c2c1)CC1CCCN1C3
CUPFERRON,O=NN(O)c1ccccc1
FLUCYTOSINE,Nc1nc(=O)[nH]cc1F
GLAZIOVIANIN A,COc1cc2occ(-c3cc(OC)c4c(c3OC)OCO4)c(=O)c2cc1OC
MINOZAC FREE BASE,Cc1cc(-c2ccccc2)nnc1N1CCN(c2ncccn2)CC1
ACENOCOUMAROL,CC(=O)CC(c1ccc([N+](=O)[O-])cc1)c1c(O)c2ccccc2oc1=O
WARFARIN ALCOHOL,CC(O)CC(c1ccccc1)c1c(O)c2ccccc2oc1=O
WARFARIN TRIFLATE,CC(=O)CC(c1ccccc1)c1c(OS(=O)(=O)C(F)(F)F)c2ccc(O)cc2oc1=O
PONAPENSIN,COc1ccc([C@]23Oc4cc(OC)cc(OC)c4[C@](O)([C@H](C(=O)N4CCC[C@@H]4OC)[C@H]2c2ccccc2)[C@@H]3O)cc1
PHENPROCOUMON,CCC(c1ccccc1)c1c(O)c2ccccc2oc1=O
DICUMAROL,O=c1oc2ccccc2c(O)c1Cc1c(O)c2ccccc2oc1=O
BRODIFACOUM,O=c1oc2ccccc2c(O)c1C1CC(c2ccc(-c3ccc(Br)cc3)cc2)Cc2ccccc21
ISOPRENYLCOUMARIN,CC(C)=CCc1c(O)c2ccccc2oc1=O
ROCAGLAMIDE,COc1ccc([C@@]23Oc4cc(OC)cc(OC)c4[C@]2(O)[C@H](O)[C@H](C(=O)N(C)C)[C@H]3c2ccccc2)cc1
AGLAFOLIN,COC(=O)[C@H]1[C@@H](O)[C@@]2(O)c3c(OC)cc(OC)cc3O[C@@]2(c2ccc(OC)cc2)[C@@H]1c1ccccc1
GERANYLGERANYLCOUMARIN,CC(C)=CCC/C(C)=C/CC/C(C)=C/CC/C(C)=C/Cc1c(O)c2ccccc2oc1=O
DIMETHYLFERULENOL,CC(C)=CCC/C(C)=C/CC/C(C)=C/Cc1c(O)c2cc(C)c(C)cc2oc1=O
OLEYLCOUMARIN,CCCCCCCC/C=C\CCCCCCCCc1c(O)c2cc(C)c(C)cc2oc1=O
4-EPIAGLAIN A,CCC(C)C(=O)N[C@@H]1CCCN1C(=O)[C@@H]1[C@@H](c2ccccc2)[C@]2(c3ccc(OC)cc3)Oc3cc(OC)cc(OC)c3[C@@]1(O)[C@@H]2OC(C)=O
AGLAIN B,CCC(C)C(=O)N[C@@H]1CCCN1C(=O)[C@H]1[C@H](c2ccccc2)[C@]2(c3ccc(OC)cc3)Oc3cc(OC)cc(OC)c3[C@@]1(O)[C@@H]2O
NOCICEPTIN-NH2,CC(C)C[C@H](NC(=O)[C@H](CCCCN)NC(=O)[C@H](CCCNC(=N)N)NC(=O)[C@H](C)NC(=O)[C@H](CO)NC(=O)[C@H](CCCCN)NC(=O)[C@H](CCCNC(=N)N)NC(=O)[C@H](C)NC(=O)CNC(=O)[C@@H](NC(=O)[C@H](Cc1ccccc1)NC(=O)CNC(=O)CNC(=O)[C@@H](N)Cc1ccccc1)[C@@H](C)O)C(=O)N[C@@H](C)C(=O)N[C@@H](CC(N)=O)C(=O)N[C@@H](CCC(N)=O)C(N)=O
NOCICEPTIN,CC(C)C[C@H](NC(=O)[C@H](CCCCN)NC(=O)[C@H](CCCNC(=N)N)NC(=O)[C@H](C)NC(=O)[C@H](CO)NC(=O)[C@H](CCCCN)NC(=O)[C@H](CCCNC(=N)N)NC(=O)[C@H](C)NC(=O)CNC(=O)[C@@H](NC(=O)[C@H](Cc1ccccc1)NC(=O)CNC(=O)CNC(=O)[C@@H](N)Cc1ccccc1)[C@@H](C)O)C(=O)N[C@@H](C)C(=O)N[C@@H](CC(N)=O)C(=O)N[C@@H](CCC(N)=O)C(=O)O
SODIUM SULFATE ANHYDROUS,O=S(=O)([O-])[O-].[Na+].[Na+]
SODIUM SULFAMATE,NS(=O)(=O)[O-].[Na+]
BX 471 FREE BASE,C[C@@H]1CN(Cc2ccc(F)cc2)CCN1C(=O)COc1ccc(Cl)cc1NC(N)=O
NECTRISINE,OC[C@H]1N=C[C@@H](O)[C@@H]1O
ALLYL ALCOHOL,C=CCO
ALLYL ISOTHIOCYANATE,C=CCN=C=S
DIBROMOPHAKELLSTATIN,O=C1N[C@H]2n3c(cc(Br)c3Br)C(=O)N3CCC[C@]23N1
TELAPREVIR,CCC[C@H](NC(=O)[C@@H]1[C@H]2CCC[C@H]2CN1C(=O)[C@@H](NC(=O)[C@@H](NC(=O)c1cnccn1)C1CCCCC1)C(C)(C)C)C(=O)C(=O)NC1CC1
SCHWEINFURTHIN A,CC(C)=CCC/C(C)=C/Cc1c(O)cc(/C=C/c2cc(O)c3c(c2)C[C@@H]2C(C)(C)[C@H](O)[C@H](O)C[C@@]2(C)O3)cc1O
SCHWEINFURTHIN B,COc1cc(/C=C/c2cc(O)c(C/C=C(\C)CCC=C(C)C)c(O)c2)cc2c1O[C@]1(C)C[C@@H](O)[C@@H](O)C(C)(C)[C@H]1C2
3-DEOXYSCHWEINFURTHIN B,COc1cc(/C=C/c2cc(O)c(C/C=C(\C)CCC=C(C)C)c(O)c2)cc2c1O[C@]1(C)CC[C@@H](O)C(C)(C)[C@H]1C2
BETADEX,OC[C@H]1O[C@@H]2O[C@H]3[C@H](O)[C@@H](O)[C@@H](O[C@H]4[C@H](O)[C@@H](O)[C@@H](O[C@H]5[C@H](O)[C@@H](O)[C@@H](O[C@H]6[C@H](O)[C@@H](O)[C@@H](O[C@H]7[C@H](O)[C@@H](O)[C@@H](O[C@H]8[C@H](O)[C@@H](O)[C@@H](O[C@H]1[C@H](O)[C@H]2O)O[C@@H]8CO)O[C@@H]7CO)O[C@@H]6CO)O[C@@H]5CO)O[C@@H]4CO)O[C@@H]3CO
ARCTIIN,COc1ccc(C[C@H]2COC(=O)[C@@H]2Cc2ccc(O[C@@H]3O[C@H](CO)[C@@H](O)[C@H](O)[C@H]3O)c(OC)c2)cc1OC
BENZAMIDEADENINEDINUCLEOSIDE,NC(=O)c1cccc([C@@H]2O[C@H](COP(=O)(O)OP(=O)(O)OC[C@H]3O[C@@H](n4cnc5c(N)ncnc54)[C@H](O)[C@@H]3O)[C@@H](O)[C@H]2O)c1
TETRABUTYHYDROXYTOLUENE,CCCCc1c(C)c(O)c(CCCC)c(CCCC)c1CCCC
ALLOPURINOL,Oc1ncnc2[nH]ncc12
PHENYLGLYOXAL,O=CC(=O)c1ccccc1
BENZIODARONE,CCc1oc2ccccc2c1C(=O)c1cc(I)c(O)c(I)c1
ARBUTIN,OC[C@H]1O[C@@H](Oc2ccc(O)cc2)[C@H](O)[C@@H](O)[C@@H]1O
MEPAZINE,CN1CCCC(CN2c3ccccc3Sc3ccccc32)C1
GW620972X,N#Cc1c(NC(=O)c2cccc3ccccc23)sc2c1CCCC2
GW572738X,N#Cc1c(NC(=O)c2ccccc2F)sc2c1CCCC2
GW846105X,N#Cc1c(NC(=O)c2cccc3ccccc23)sc2c1CCCN2C(=O)C1CC1
DIRLOTAPIDE,CN(Cc1ccccc1)C(=O)[C@@H](NC(=O)c1cc2cc(NC(=O)c3ccccc3-c3ccc(C(F)(F)F)cc3)ccc2n1C)c1ccccc1
AMITROLE,Nc1nc[nH]n1
AAPTAMINE,COc1cc2ccnc3c2c(c1OC)NC=C3
PHENYLACETYLENE,C#Cc1ccccc1
MK0686,COC(=O)c1c(Cl)cccc1-c1ccc([C@@H](C)NC(=O)C2(NC(=O)C(F)(F)F)CC2)c(F)c1
INTRICATINOL,COc1ccc(/C=C2\COc3c(ccc(O)c3O)C2=O)cc1
INTRICATIN,COc1ccc(/C=C2\COc3c(ccc(OC)c3O)C2=O)cc1
RIFABUTIN,CO[C@H]1/C=C/O[C@@]2(C)Oc3c(C)c(O)c4c(c3C2=O)C2=NC3(CCN(CC(C)C)CC3)NC2=C(NC(=O)/C(C)=C\C=C\[C@H](C)[C@H](O)[C@@H](C)[C@@H](O)[C@@H](C)[C@H](OC(C)=O)[C@@H]1C)C4=O
2'-O-DEMETHYLBIDWILLOL B,CC(C)=CCc1c(O)ccc(-c2cc3ccc(O)cc3o2)c1O
ADDISOFURAN A,COc1cc(O)c(CC=C(C)C)cc1-c1cc2ccc(O)cc2o1
ADDISOFURAN B,COc1cc(O)ccc1-c1cc2cc(CC=C(C)C)c(O)cc2o1
TERNATIN (PEPTIDE),CC[C@H](C)[C@H]1NC(=O)[C@@H]([C@H](O)C(C)C)NC(=O)[C@@H](C)N(C)C(=O)[C@H](C)N(C)C(=O)[C@H](CC(C)C)NC(=O)[C@H](CC(C)C)N(C)C(=O)[C@H](C)N(C)C1=O
APIXABAN,COc1ccc(-n2nc(C(N)=O)c3c2C(=O)N(c2ccc(N4CCCCC4=O)cc2)CC3)cc1
"(Z)-1,2-DIPHENYLETHENE",C(=C\c1ccccc1)\c1ccccc1
CARBOCYSTEINE,N[C@@H](CSCC(=O)O)C(=O)O
S-TRITYL-L-CYSTEINE,N[C@@H](CSC(c1ccccc1)(c1ccccc1)c1ccccc1)C(=O)O
PHENYLBUTANOIC ACID,O=C(O)CCCc1ccccc1
PEPLUANONE,CC(=O)O[C@@H]1[C@H]2[C@@H](OCc3ccccc3)[C@@H](C)C[C@]2(O)[C@H](OC(C)=O)[C@@]2(C)[C@@H]3C[C@@](C)(OC(C)=O)CC(=O)[C@@H]3C[C@@]12C
PARALIANONE,CC(=O)OC[C@@]12C[C@H]3C(=O)C(C)(C)[C@H](O)[C@H]3[C@]1(C)[C@@H](OC(C)=O)[C@]1(O)[C@H]([C@@H](OCc3ccccc3)[C@@H](C)[C@H]1OC(C)=O)[C@H]2OC(C)=O
PEPLUENE,CC(=O)OC[C@@]12Cc3ccc(C)c(O)c3[C@]1(C)[C@@H](OC(C)=O)[C@]1(O)[C@H]([C@@H](OCc3ccccc3)[C@@H](C)[C@H]1OC(C)=O)[C@H]2O
RIFALAZIL,CO[C@H]1/C=C/O[C@@]2(C)Oc3c(C)c(O)c4c(=O)c(c5oc6cc(N7CCN(CC(C)C)CC7)cc(O)c6nc-5c4c3C2=O)NC(=O)/C(C)=C\C=C\[C@H](C)[C@H](O)[C@@H](C)[C@@H](O)[C@@H](C)[C@H](OC(C)=O)[C@@H]1C
RIFAMYCIN,CO[C@H]1/C=C/O[C@@]2(C)Oc3c(C)c(O)c4c(O)c(cc(O)c4c3C2=O)NC(=O)/C(C)=C\C=C\[C@H](C)[C@H](O)[C@@H](C)[C@@H](O)[C@@H](C)[C@H](OC(C)=O)[C@@H]1C
RIFAMYCIN S,CO[C@H]1/C=C/O[C@@]2(C)Oc3c(C)c(O)c4c(c3C2=O)C(=O)C=C(NC(=O)/C(C)=C\C=C\[C@H](C)[C@H](O)[C@@H](C)[C@@H](O)[C@@H](C)[C@H](OC(C)=O)[C@@H]1C)C4=O
GW559768X,Cc1ccc(O)cc1Nc1ccnc2ccc(S(C)(=O)=O)cc12
OSAJIN,CC(C)=CCc1c2c(c3occ(-c4ccc(O)cc4)c(=O)c3c1O)C=CC(C)(C)O2
POMIFERIN,CC(C)=CCc1c2c(c3occ(-c4ccc(O)c(O)c4)c(=O)c3c1O)C=CC(C)(C)O2
TERREIN,C/C=C/C1=CC(=O)[C@@H](O)[C@@H]1O
EPIERENONE,COC(=O)[C@@H]1CC2=CC(=O)CC[C@]2(C)C2C1C1CC[C@@]3(CCC(=O)O3)[C@@]1(C)[C@H]1O[C@@H]21
TAXODISTINE A,CO[C@@H]1c2cc(C(C)C)c(O)c(O)c2[C@@]2(C)CCCC(C)(C)[C@@H]2[C@H]1O
TAXODISTINE B,CO[C@@H]1c2cc(C(C)C)c(O)cc2[C@@]2(C)CCCC(C)(C)[C@@H]2[C@H]1O
TAXODIONE,CC(C)C1=CC2=CC(=O)[C@H]3C(C)(C)CCC[C@]3(C)C2=C(O)C1=O
LINALOOL (+),C=C[C@](C)(O)CCC=C(C)C
PERILLYL ALCOHOL,C=C(C)[C@@H]1CC=C(CO)CC1
ISOPULEGOL,C=C(C)[C@@H]1CC[C@@H](C)C[C@H]1O
(-)-LIMONENE,C=C(C)[C@@H]1CC=C(C)CC1
CITRONELLOL,CC(C)=CCCC(C)CCO
COROSOLIC ACID,C[C@H]1[C@H](C)CC[C@]2(C(=O)O)CC[C@]3(C)C(=CC[C@@H]4[C@@]5(C)C[C@@H](O)[C@H](O)C(C)(C)[C@@H]5CC[C@]43C)[C@H]12
PYGENIC ACID A,C[C@H]1[C@H](C)CC[C@]2(C(=O)O)CC[C@]3(C)C(=CC[C@@H]4[C@@]5(C)C[C@@H](O)[C@@H](O)C(C)(C)[C@@H]5CC[C@]43C)[C@H]12
COROSOLIC ACID METHYL ESTER,COC(=O)[C@]12CC[C@@H](C)[C@H](C)[C@H]1C1=CC[C@@H]3[C@@]4(C)C[C@@H](O)[C@H](O)C(C)(C)[C@@H]4CC[C@@]3(C)[C@]1(C)CC2
CINNAMIC ACID HYDROXAMATE,O=C(/C=C/c1ccc(Cl)cc1Cl)NO
TIPIRACIL,N=C1CCCN1Cc1[nH]c(=O)[nH]c(=O)c1Cl
DIPHOSPHOMELAVONATE,C[C@@](O)(CCOP(=O)(O)OP(=O)(O)O)CC(=O)O
TACEDINALINE,CC(=O)Nc1ccc(C(=O)Nc2ccccc2N)cc1
APREPITANT,C[C@@H](O[C@H]1OCCN(Cc2n[nH]c(=O)[nH]2)[C@H]1c1ccc(F)cc1)c1cc(C(F)(F)F)cc(C(F)(F)F)c1
GS-39783,CSc1nc(NC2CCCC2)c([N+](=O)[O-])c(NC2CCCC2)n1
HYPSERPANINE A,CCN(CC)C1=CC(=O)[C@]2([C@@H](Cl)C[C@@]34C(OC)=C(OC)C(=O)C[C@@]23CCN4C)[C@H]1O
PHENOLBETAIN,COc1c(O)cc2c(c1OC)C=[N+](C)CC2
ACUTUMINE,COC1=CC(=O)[C@@]2([C@@H]1O)[C@@H](Cl)C[C@@]13C(OC)=C(OC)C(=O)C[C@@]21CCN3C
ACUTUMIDINE,COC1=CC(=O)[C@@]2([C@@H]1O)[C@@H](Cl)C[C@]13NCC[C@]21CC(=O)C(OC)=C3OC
DECHLOROACUTUMINE,COC1=CC(=O)[C@]2(CC[C@@]34C(OC)=C(OC)C(=O)C[C@]32CCN4C)[C@@H]1O
DAURICUMINE,COC1=CC(=O)[C@]2([C@@H](Cl)C[C@@]34C(OC)=C(OC)C(=O)C[C@@]23CCN4C)[C@H]1O
DAURICUMIDINE,COC1=CC(=O)[C@]2([C@@H](Cl)C[C@]34NCC[C@]23CC(=O)C(OC)=C4OC)[C@H]1O
PRONUCIFERINE,COc1cc2c3c(c1OC)C1(C=CC(=O)C=C1)C[C@H]3N(C)CC2
(S)-RETICULINE,COc1ccc(C[C@H]2c3cc(O)c(OC)cc3CCN2C)cc1O
HYPSERPANINE B,COc1ccc2c3c1-c1c(ccc(O)c1O)C[C@@H]3[N+](C)(C)CC2
MAGNOFLORINE,COc1ccc2c(c1O)-c1c(O)c(OC)cc3c1[C@H](C2)[N+](C)(C)CC3
LAURIFOLINE,COc1cc2c(cc1O)C[C@H]1c3c(cc(OC)c(O)c3-2)CC[N+]1(C)C
BOSWELLIC ACID,C[C@H]1[C@H](C)CC[C@]2(C)CC[C@]3(C)C(=CC[C@@H]4[C@@]5(C)CC[C@@H](O)[C@](C)(C(=O)O)[C@@H]5CC[C@]43C)[C@H]12
11-KETO BOSWELLIC ACID,C[C@H]1[C@H](C)CC[C@]2(C)CC[C@]3(C)C(=CC(=O)[C@@H]4[C@@]5(C)CC[C@@H](O)[C@](C)(C(=O)O)[C@@H]5CC[C@]43C)[C@H]12
AKBA,CC(=O)O[C@@H]1CC[C@@]2(C)[C@@H](CC[C@]3(C)[C@@H]2C(=O)C=C2[C@@H]4[C@@H](C)[C@H](C)CC[C@]4(C)CC[C@]23C)[C@@]1(C)C(=O)O
LINAGLIPTIN,CC#CCn1c(N2CCC[C@@H](N)C2)nc2c1c(=O)n(Cc1nc(C)c3ccccc3n1)c(=O)n2C
NICOTINAMIDE RIBOSIDE,NC(=O)c1ccc[n+]([C@@H]2O[C@H](CO)[C@@H](O)[C@H]2O)c1
1-ALPHA-HYDROXYSALVINORIN A,COC(=O)[C@@H]1C[C@H](OC(C)=O)[C@H](O)[C@H]2[C@@]1(C)CC[C@H]1C(=O)O[C@H](c3ccoc3)C[C@]21C
1-ALPHA-MESYLOXYSALVINORIN A,COC(=O)[C@@H]1C[C@H](OC(C)=O)[C@H](OS(C)(=O)=O)[C@H]2[C@@]1(C)CC[C@H]1C(=O)O[C@H](c3ccoc3)C[C@]21C
"1-DEOXO-1,10-DEHYDROSALVINORIN A",COC(=O)[C@@H]1C[C@H](OC(C)=O)C=C2[C@@]1(C)CC[C@H]1C(=O)O[C@H](c3ccoc3)C[C@]21C
PHYTOSPHINGOSINE,CCCCCCCCCCCCCC[C@@H](O)[C@@H](O)[C@@H](N)CO
GLOBOSTELLATIC ACID F METHYL ESTER,COC(=O)[C@]1(C)[C@@H]2CC[C@]3(C)/C(=C(C)\C=C\C=C(C)\C=C\C(O)C(C)(C)O)C(=O)C[C@H]3[C@@]2(C)CC[C@H]1OC(C)=O
ACETYLJASPIFERAL E,CC(=O)O[C@@H]1CC[C@@]2(C)[C@@H](CC[C@]3(C)/C(=C(C)/C=C/C=O)C(=O)C[C@@H]23)[C@@]1(C)C(=O)O
ACETYLJASPIFERAL B METHYL ESTER,COC(=O)[C@]1(C)[C@@H]2CC[C@]3(C)/C(=C(C)\C=C\C=C(C)\C=C\C=O)C(=O)C[C@H]3[C@@]2(C)CC[C@H]1OC(C)=O
PROTIRELIN,NC(=O)[C@@H]1CCCN1C(=O)[C@H](Cc1c[nH]cn1)NC(=O)[C@@H]1CCC(=O)N1
BETA-2'-C-METHYL-7-DEAZA-ADENOSINE,C[C@@]1(O)[C@H](O)[C@@H](CO)O[C@H]1n1ccc2c(N)ncnc21
SUBSTANCE P,CSCC[C@H](NC(=O)[C@H](CC(C)C)NC(=O)CNC(=O)[C@H](Cc1ccccc1)NC(=O)[C@H](Cc1ccccc1)NC(=O)[C@H](CCC(N)=O)NC(=O)[C@H](CCC(N)=O)NC(=O)[C@@H]1CCCN1C(=O)[C@H](CCCCN)NC(=O)[C@@H]1CCCN1C(=O)[C@@H](N)CCCN=C(N)N)C(N)=O
VALOPICITABINE,CC(C)[C@H](N)C(=O)O[C@@H]1[C@@H](CO)O[C@@H](n2ccc(N)nc2=O)[C@]1(C)O
MUMBAISTATIN,O=C(O)CC(O)CCC(=O)c1cccc(O)c1C(=O)c1c(C(=O)O)c(O)cc2c1C(=O)c1c(O)cccc1C2=O
CALLIPELTIN B,CO[C@H](c1ccc(O)cc1)[C@H]1NC(=O)[C@H](CCC(N)=O)N(C)C(=O)[C@H](CC(C)C)NC(=O)[C@@H](CCCNC(=N)N)NC(=O)[C@@H]([C@@H](C)O)NC(=O)[C@H](NC(=O)[C@H]2NC(=O)[C@H](C)[C@@H]2C)[C@@H](C)OC(=O)[C@H](C)N(C)C1=O
DESMETHOXYCALLIPELTIN B,CC(C)C[C@@H]1NC(=O)[C@@H](CCCNC(=N)N)NC(=O)[C@@H]([C@@H](C)O)NC(=O)[C@H](NC(=O)[C@H]2NC(=O)[C@H](C)[C@@H]2C)[C@@H](C)OC(=O)[C@H](C)N(C)C(=O)[C@@H](Cc2ccc(O)cc2)NC(=O)[C@H](CCC(N)=O)N(C)C1=O
DEMETHYLOXY-AAPTAMINE,COC1=Cc2ccnc3ccnc(c23)C1=O
FLUTICASONE PROPIONATE,CCC(=O)O[C@]1(C(=O)SCF)[C@H](C)C[C@H]2[C@@H]3C[C@H](F)C4=CC(=O)C=C[C@]4(C)[C@@]3(F)[C@@H](O)C[C@@]21C
SPERMATINAMINE,COc1c(Br)cc(C/C(=N\O)C(=O)NCCCC(=O)N(C)CCCCN(C)CCCNC(=O)/C(Cc2cc(Br)c(OC)c(Br)c2)=N/O)cc1Br
3-NITROBENZALDEHYDE,O=Cc1cccc([N+](=O)[O-])c1
VINDESINE,CC[C@]1(O)C[C@@H]2CN(CCc3c([nH]c4ccccc34)[C@@](C(=O)OC)(c3cc4c(cc3OC)N(C)[C@H]3[C@@](O)(C(N)=O)[C@H](O)[C@]5(CC)C=CCN6CC[C@]43[C@@H]65)C2)C1
MONASTROL,CCOC(=O)C1=C(C)NC(=S)NC1c1cccc(O)c1
DIMETHYLENASTRON,CC1(C)CC(=O)C2=C(C1)NC(=S)NC2c1cccc(O)c1
TECADENOSON,OC[C@H]1O[C@@H](n2cnc3c(N[C@@H]4CCOC4)ncnc32)[C@H](O)[C@@H]1O
ISO-IANTHERAN A,O=S(=O)([O-])OC(=C\c1cc(Br)c2oc(-c3ccc(O)c(Br)c3)cc2c1)/C(=C/c1cc(Br)c2oc(-c3ccc(O)c(Br)c3)cc2c1)OS(=O)(=O)[O-].[Na+].[Na+]
8-CARBOXY-ISO-IANTHERAN A,O=C(O)c1c(-c2ccc(O)c(Br)c2)oc2c(Br)cc(/C=C(OS(=O)(=O)[O-])/C(=C/c3cc(Br)c4oc(-c5ccc(O)c(Br)c5)cc4c3)OS(=O)(=O)[O-])cc12.[Na+].[Na+]
TELCAGEPANT,O=C(N[C@@H]1CC[C@@H](c2cccc(F)c2F)CN(CC(F)(F)F)C1=O)N1CCC(n2c(=O)[nH]c3ncccc32)CC1
TRIOXSALEN,Cc1cc2cc3c(C)cc(=O)oc3c(C)c2o1
PHELLIGRIDIN E,CC1=CC(=O)C2(O1)C(c1cc3oc(=O)c4cc(O)c(O)cc4c3c(=O)o1)=Cc1cc(O)c(O)cc12
PHELLIGRIDIN G,O=C1C=C(/C=C/c2ccc(O)c(O)c2)OC12C(c1cc3oc(=O)c4cc(O)c(O)cc4c3c(=O)o1)=Cc1cc(O)c(O)cc12
TEREPHTHALAMIDE,NC(=O)c1ccc(C(N)=O)cc1
N-BENZYLANILINE,c1ccc(CNc2ccccc2)cc1
CEPHARADIONE B,COc1cc2c3c(cc4ccccc4c3c1OC)N(C)C(=O)C2=O
CEPHARADIONE A,CN1C(=O)C(=O)c2cc3c(c4c2c1cc1ccccc14)OCO3
ACENAPHTHOQUINONE,O=C1C(=O)c2cccc3cccc1c23
CLAUSINE E,COC(=O)c1cc(O)c2[nH]c3ccccc3c2c1
MUKONINE,COC(=O)c1cc(OC)c2[nH]c3ccccc3c2c1
CLIOXANIDE,CC(=O)Oc1c(I)cc(I)cc1C(=O)Nc1ccc(Cl)cc1
CERIVASTATIN,COCc1c(C(C)C)nc(C(C)C)c(/C=C/[C@@H](O)C[C@@H](O)CC(=O)O)c1-c1ccc(F)cc1
PRONTOCIL,CC(=O)Nc1cc2c(O)c(/N=N/c3ccc(S(N)(=O)=O)cc3)c(S(=O)(=O)O)cc2cc1S(=O)(=O)O
N-BENZYL-4-METHOXYANILINE,COc1ccc(NCc2ccccc2)cc1
N-BENZYL-4-METHYLANILINE,Cc1ccc(NCc2ccccc2)cc1
THYMIDINE MONOPHOSPHATE,Cc1cn([C@H]2C[C@H](O)[C@@H](COP(=O)(O)O)O2)c(=O)[nH]c1=O
MGB-BP-3,Cn1cc(NC(=O)c2cc(NC(=O)c3ccc(/C=C/c4cnc5ccccc5c4)cc3)cn2C)cc1C(=O)NCCN1CCOCC1
"UK-396,082",CCCn1cnc(C[C@H](CCCN)C(=O)O)c1
TIAZOFURIN ADENINE DINUCLEOTIDE,NC(=O)c1csc([C@@H]2O[C@H](COP(=O)(O)OP(=O)(O)OC[C@H]3O[C@@H](n4cnc5c(N)ncnc54)[C@H](O)[C@@H]3O)[C@@H](O)[C@H]2O)n1
SOFINICLINE,Clc1cc(N2C[C@@H]3CN[C@@H]3C2)cnc1Cl
CAMALEXIN,c1ccc2c(-c3nccs3)c[nH]c2c1
5-FLUOROCAMALEXIN,Fc1ccc2[nH]cc(-c3nccs3)c2c1
3-PHENYLINDOLE,c1ccc(-c2c[nH]c3ccccc23)cc1
6-FLUORO-3-PHENYLINDOLE,Fc1ccc2c(-c3ccccc3)c[nH]c2c1
LITHOCHOLIC ACID,C[C@H](CCC(=O)O)[C@H]1CC[C@H]2[C@@H]3CC[C@@H]4C[C@H](O)CC[C@]4(C)[C@H]3CC[C@]12C
CHENODIOL,C[C@H](CCC(=O)O)[C@H]1CC[C@H]2[C@@H]3[C@H](O)C[C@@H]4C[C@H](O)CC[C@]4(C)[C@H]3CC[C@]12C
6-FLUOROCAMALEXIN,Fc1ccc2c(-c3nccs3)c[nH]c2c1
PAZUFLOXACIN,C[C@H]1COc2c(C3(N)CC3)c(F)cc3c(=O)c(C(=O)O)cn1c23
NOVOBIOCIC ACID,CC(C)=CCc1cc(C(=O)Nc2c(O)c3ccc(O)c(C)c3oc2=O)ccc1O
CYCLONOVOBIOCIC ACID,Cc1c(O)ccc2c(O)c(NC(=O)c3ccc4c(c3)CCC(C)(C)O4)c(=O)oc12
PYRIDOXAL BENZOYL HYDRAZONE,Cc1ncc(CO)c(/C=N/NC(=O)c2ccccc2)c1O
PYRIDOXAL THIOBENZOYL HYDRAZONE,Cc1ncc(CO)c(/C=N/NC(=S)c2ccccc2)c1O
SALICYLALDEHYDE THIOBENZOYL HYDRAZONE,Oc1ccccc1/C=N/NC(=S)c1ccccc1
DANAZOL,C#C[C@]1(O)CC[C@H]2[C@@H]3CCC4=Cc5oncc5C[C@]4(C)[C@H]3CC[C@@]21C
FELODIPINE,CCOC(=O)C1=C(C)NC(C)=C(C(=O)OC)C1c1cccc(Cl)c1Cl
GLIMEPIRIDE,CCC1=C(C)CN(C(=O)NCCc2ccc(S(=O)(=O)NC(=O)N[C@H]3CC[C@H](C)CC3)cc2)C1=O
LIPOXIN A4,CCCCC[C@H](O)/C=C/C=C\C=C\C=C\[C@@H](O)[C@@H](O)CCCC(=O)O
TANAPROGET,Cn1c(C#N)ccc1-c1ccc2c(c1)C(C)(C)OC(=S)N2
CAPURIDE,CCC(C)C(CC)C(=O)NC(N)=O
OCTANOYLUREA,CCCCCCC(=O)NC(N)=O
ERYTHROCARPINE A,COC(=O)C[C@H]1C(C)(C)[C@H](OC(=O)c2ccccc2)[C@@H]2C=C3C4=CC(=O)O[C@@H](c5ccoc5)[C@]4(C)CC[C@@H]3[C@@]1(C)C2=O
ERYTHROCARPINE B,COC(=O)C[C@H]1C(C)(C)[C@H](OC(=O)c2ccccc2)[C@@H]2C=C3[C@H](CC[C@@]4(C)[C@H](c5ccoc5)OC(=O)C[C@@]34O)[C@@]1(C)C2=O
ERYTHROCARPINE C,COC(=O)C[C@H]1C(C)(C)[C@H](OC(=O)/C=C/c2ccccc2)[C@@H]2C=C3[C@H](CC[C@@]4(C)[C@H](c5ccoc5)OC(=O)C[C@@]34O)[C@@]1(C)C2=O
HEPTANAMIDE,CCCCCCC(N)=O
ERYTHROCARPINE D,COC(=O)C[C@H]1[C@@]2(C)CO[C@]3(O)[C@@H](C=C4C5=CC(=O)O[C@@H](c6ccoc6)[C@]5(C)CC[C@@H]4[C@]13C)[C@H]2OC(=O)/C=C/c1ccccc1
ERYTHROCARPINE E,COC(=O)C[C@H]1[C@@]2(C)CO[C@]3(O)[C@@H](C=C4[C@H](CC[C@@]5(C)[C@H](c6ccoc6)OC(=O)C[C@@]45O)[C@]13C)[C@H]2OC(=O)/C=C/c1ccccc1
MYCOPHENOLIC HYDROXAMIC ACID,COc1c(C)c2c(c(O)c1C/C=C(\C)CCC(=O)NO)C(=O)OC2
DAMIPIPECOLIN,O=C(O[C@@H]1CCN[C@@H](C(=O)O)C1)c1cc(Br)c[nH]1
DAMITURICIN,C[N+]1(C)C[C@H](OC(=O)c2cc(Br)c[nH]2)C[C@@H]1C(=O)[O-]
QUINPIROLE,CCCN1CCC[C@@H]2Cc3n[nH]cc3C[C@H]21
EUSCAPHIC ACID,C[C@@H]1CC[C@]2(C(=O)O)CC[C@]3(C)C(=CC[C@@H]4[C@@]5(C)C[C@@H](O)[C@@H](O)C(C)(C)[C@@H]5CC[C@]43C)[C@@H]2[C@]1(C)O
TOMENTIC ACID,C[C@@H]1CC[C@]2(C(=O)O)CC[C@]3(C)C(=CC[C@@H]4[C@@]5(C)C[C@@H](O)[C@H](O)C(C)(C)[C@@H]5CC[C@]43C)[C@@H]2[C@]1(C)O
EGTAZIC ACID,O=C(O)CN(CCOCCOCCN(CC(=O)O)CC(=O)O)CC(=O)O
GRANULATIMIDE,O=C1NC(=O)c2c1c1[nH]cnc1c1[nH]c3ccccc3c21
MISCHELLAMINE B,COc1cc(C)cc2c(-c3c(O)cc(O)c4c3C[C@@H](C)N[C@@H]4C)cc(-c3ccc4c(-c5c(O)cc(O)c6c5C[C@@H](C)N[C@@H]6C)c(C)cc(OC)c4c3O)c(O)c12
NEODYSIDENIN,C[C@H](c1nccs1)N(C)C(=O)[C@H](C[C@H](C)C(Cl)(Cl)Cl)NC(=O)C[C@H](C)C(Cl)(Cl)Cl
NOR-BETA-LAPACHONE,CC1(C)CC2=C(O1)c1ccccc1C(=O)C2=O
DYSIDENIN,C[C@H](NC(=O)[C@H](C[C@H](C)C(Cl)(Cl)Cl)N(C)C(=O)C[C@H](C)C(Cl)(Cl)Cl)c1nccs1
DILMEFONE,COc1ccc(C(=O)/C=C/c2ccncc2)c(OC)c1
LEIOCARPIN,CC1(C)C=Cc2c(ccc3c2OCC2c4cc5c(cc4OC32)OCO5)O1
MEDICARPIN,Oc1ccc2c(c1)OC1c3ccc(O)cc3OCC21
LASELIPAG,CC(C)N(CCCCOCC(=O)O)c1cnc(-c2ccccc2)c(-c2ccccc2)n1
SELEXIPAG,CC(C)N(CCCCOCC(=O)NS(C)(=O)=O)c1cnc(-c2ccccc2)c(-c2ccccc2)n1
"5-FLUORO-8-HYDROXY-6-METHYLNAPHTHALENE-1,4-DIONE",Cc1cc(O)c2c(c1F)C(=O)C=CC2=O
"5-CHLORO-8-HYDROXY-6-METHYLNAPHTHALENE-1,4-DIONE",Cc1cc(O)c2c(c1Cl)C(=O)C=CC2=O
"5-BROMO-8-HYDROXY-6-METHYLNAPHTHALENE-1,4-DIONE",Cc1cc(O)c2c(c1Br)C(=O)C=CC2=O
"8-CHLORO-5-HYDROXY-6-METHYLNAPHTHALENE-1,4-DIONE",Cc1cc(Cl)c2c(c1O)C(=O)C=CC2=O
NEODIOSPYRIN,Cc1cc(O)c2c(c1)C(=O)C=C(c1c(C)cc(O)c3c1C(=O)C=CC3=O)C2=O
SHINANOLONE,Cc1cc(O)c2c(c1)[C@H](O)CCC2=O
BUTIROSIN A,NCC[C@H](O)C(=O)N[C@@H]1C[C@H](N)[C@@H](O[C@H]2O[C@H](CN)[C@@H](O)[C@H](O)[C@H]2N)[C@H](O[C@@H]2O[C@H](CO)[C@H](O)[C@H]2O)[C@H]1O
CORTISTATIN A,CN(C)[C@H]1C[C@@]23CC[C@@]4(O2)C(=CC[C@]2(C)[C@@H](c5cccc6ccncc56)CC[C@H]24)C=C3[C@@H](O)[C@@H]1O
CORTISTATIN B,CN(C)[C@H]1C[C@@]23CC[C@@]4(O2)C(=CC[C@@]2(C)[C@H]4C[C@H](O)[C@@H]2c2cccc4ccncc24)C=C3[C@@H](O)[C@@H]1O
CORTISTATIN C,CN(C)[C@H]1C[C@@]23CC[C@@]4(O2)C(=CC[C@]2(C)[C@@H](c5cccc6ccncc56)C(=O)C[C@H]24)C=C3[C@@H](O)[C@@H]1O
CORTISTATIN D,CN(C)[C@H]1C[C@@]23CC[C@@]4(O2)C(=CC[C@@]2(C)[C@H]4CC(=O)[C@]2(O)c2cccc4ccncc24)C=C3[C@@H](O)[C@@H]1O
CORTISTATIN E,CC1CN(C)CCC1CCC(C)[C@H]1CC[C@@H]2[C@]1(C)CCC1=CC3=CC[C@@H](N(C)C)C[C@]34CC[C@@]12O4
CORTISTATIN G,Cc1cnccc1/C=C/C(C)[C@H]1CC[C@@H]2[C@]1(C)CCC1=CC3=CC[C@@H](N(C)C)C[C@]34CC[C@@]12O4
CORTISTATIN H,Cc1cnccc1CCC(C)[C@H]1CC[C@@H]2[C@]1(C)CCC1=CC3=CC[C@@H](N(C)C)C[C@]34CC[C@@]12O4
CORTISTATIN K,CN(C)[C@@H]1CC=C2C=C3CC[C@]4(C)[C@@H](c5ccc6ccncc6c5)CC[C@H]4[C@@]34CC[C@]2(C1)O4
CORTISTATIN F,CC1CN(C)CCC1CCC(C)[C@H]1CC[C@@H]2[C@]1(C)CC=C1C=C3C=C[C@@H](N(C)C)C[C@]34CC[C@@]12O4
CORTISTATIN J,CN(C)[C@@H]1C=CC2=CC3=CC[C@]4(C)[C@@H](c5ccc6ccncc6c5)CC[C@H]4[C@@]34CC[C@]2(C1)O4
CORTISTATIN L,CN(C)[C@H]1C[C@@]23CC[C@@]4(O2)C(=CC3=C[C@@H]1O)CC[C@]1(C)[C@@H](c2ccc3ccncc3c2)CC[C@H]14
BETHANECHOL,CC(C[N+](C)(C)C)OC(N)=O
"2-Chloro-3-morpholino-1,4-naphthoquinone",O=C1C(Cl)=C(N2CCOCC2)C(=O)c2ccccc21
LAWSONE,O=C1C=C(O)C(=O)c2ccccc21
ALBENDAZOLE,CCCSc1ccc2[nH]c(NC(=O)OC)nc2c1
16-AMINOLUOTONIN A,Nc1cccc2c(=O)n3c(nc12)-c1nc2ccccc2cc1C3
16-CHLOROLUOTONIN A,O=c1c2cccc(Cl)c2nc2n1Cc1cc3ccccc3nc1-2
"17,18-DIMETHOXYLUOTONIN A",COc1cc2nc3n(c(=O)c2cc1OC)Cc1cc2ccccc2nc1-3
16-AZALUOTONIN A,O=c1c2cccnc2nc2n1Cc1cc3ccccc3nc1-2
16-ACETAMIDOLUOTONIN A,CC(=O)Nc1cccc2c(=O)n3c(nc12)-c1nc2ccccc2cc1C3
"17,18-DIHYDROXYLUOTONIN A",O=c1c2cc(O)c(O)cc2nc2n1Cc1cc3ccccc3nc1-2
10-METHOXYLUOTONIN A,COc1ccc2nc3c(cc2c1)Cn1c-3nc2ccccc2c1=O
10-HYDROXYLUOTONIN A,O=c1c2ccccc2nc2n1Cc1cc3cc(O)ccc3nc1-2
ORGANON,COc1ccc(C)c(OC(CCN2CCC(n3c(=O)[nH]c4ccccc43)CC2)C(C)C)c1
MYRALACT,CCCCCCCCCCCCCCNCCO
METHYL ROSMARINATE,COC(=O)[C@@H](Cc1ccc(O)c(O)c1)OC(=O)/C=C/c1ccc(O)c(O)c1
ETHYL ROSMARINATE,CCOC(=O)[C@@H](Cc1ccc(O)c(O)c1)OC(=O)/C=C/c1ccc(O)c(O)c1
FORMONETIN,COc1ccc(-c2coc3cc(O)c(O)cc3c2=O)cc1
DEGUELIN,COc1cc2c(cc1OC)[C@@H]1C(=O)c3ccc4c(c3O[C@@H]1CO2)C=CC(C)(C)O4
TEPHROSIN,COc1cc2c(cc1OC)[C@]1(O)C(=O)c3ccc4c(c3O[C@@H]1CO2)C=CC(C)(C)O4
ROTENOLONE,C=C(C)[C@H]1Cc2c(ccc3c2O[C@@H]2COc4cc(OC)c(OC)cc4[C@]2(O)C3=O)O1
CALYCOSIN,COc1ccc(-c2coc3cc(O)ccc3c2=O)cc1O
OROBOL,O=c1c(-c2ccc(O)c(O)c2)coc2cc(O)cc(O)c12
3'-O-METHYLOROBOL,COc1cc(-c2coc3cc(O)cc(O)c3c2=O)ccc1O
ERYCIBENIN A,CC(C)(O)[C@@H](O)Cc1c(O)cc2occ(-c3ccc(O)cc3)c(=O)c2c1O
ERYCIBENIN B,CC(C)(O)[C@@H](O)Cc1c(O)cc(O)c2c(=O)c(-c3ccc(O)cc3)coc12
WIGHTEONE,CC(C)=CCc1c(O)cc2occ(-c3ccc(O)cc3)c(=O)c2c1O
ALPINUMISOFLAVONE,CC1(C)C=Cc2c(cc3occ(-c4ccc(O)cc4)c(=O)c3c2O)O1
DERRONE,CC1(C)C=Cc2c(cc(O)c3c(=O)c(-c4ccc(O)cc4)coc23)O1
HOMOPTEROCARPIN,COc1ccc2c(c1)O[C@H]1c3ccc(OC)cc3OC[C@@H]21
SECUNDIFLOROL I,COc1cc2c(cc1OC)[C@@H]1COc3cc(O)ccc3[C@@H]1O2
ERYCIBENIN C,COc1ccc2c(c1)OC[C@@]1(OC)c3cc4c(cc3O[C@@H]21)OCO4
ERYCEBENIN E,COc1ccc([C@@H]2CCc3c(OC)cc(OC)cc3O2)c(O)c1
ERYCIBENIN F,COc1ccc([C@@H]2CCc3c(OC)cc(OC)cc3O2)c(OC)c1
ERYCIBENIN D,COc1cc([C@H]2Oc3cc(O)ccc3C(=O)[C@@H]2O)ccc1O
LASIODIPLODIN,COc1cc(O)cc2c1C(=O)O[C@@H](C)CCCCCCC2
SEROFENDIC ACID METHYLESTER,COC(=O)[C@@]1(C)CCC[C@@]2(C)[C@@H]3C[C@@H]4CC[C@@]3(CC[C@@H]21)[C@H](O)[C@H]4C[S+](C)[O-]
AFZELIN,C[C@@H]1O[C@@H](Oc2c(-c3ccc(O)cc3)oc3cc(O)cc(O)c3c2=O)[C@H](O)[C@H](O)[C@H]1O
ATORVASTATIN CALCIUM,CC(C)c1c(C(=O)Nc2ccccc2)c(-c2ccccc2)c(-c2ccc(F)cc2)n1CC[C@@H](O)C[C@@H](O)CC(=O)[O-].CC(C)c1c(C(=O)Nc2ccccc2)c(-c2ccccc2)c(-c2ccc(F)cc2)n1CC[C@@H](O)C[C@@H](O)CC(=O)[O-].[Ca+2]
OROIDIN,Nc1ncc(/C=C/CNC(=O)c2cc(Br)c(Br)[nH]2)[nH]1
CRYPTADINE A,CC(=O)N1CCCC2=C(C[C@H]3CCC[C@H](CC4=C5CCCN(C)[C@H]5C[C@@H](C)C4)N3)C[C@H](C)C[C@@H]21
CRYPTADINE B,CC(=O)N1CCCC2=C(C[C@H]3CCC[C@H](CC4=C5CCCN(C)[C@H]5C[C@H](C)C4)N3)C[C@H](C)C[C@@H]21
OROIDIN TFA SALT,Nc1ncc(/C=C/CNC(=O)c2cc(Br)c(Br)[nH]2)[nH]1.O=C(O)C(F)(F)F
TAURINE,NCCS(=O)(=O)O
FALLYPRIDE,C=CCN1CCC[C@H]1CNC(=O)c1cc(CCCF)cc(OC)c1OC
GANODEROL B,C/C(=C\CC[C@@H](C)[C@H]1CC[C@@]2(C)C3=CC[C@H]4C(C)(C)[C@@H](O)CC[C@]4(C)C3=CC[C@]12C)CO
ETHISTERONE,C#C[C@]1(O)CC[C@H]2[C@@H]3CCC4=CC(=O)CC[C@]4(C)[C@H]3CC[C@@]21C
alpha-TOCHOPHERYL ACETATE,CC(=O)Oc1c(C)c(C)c2c(c1C)CCC(C)(CCCC(C)CCCC(C)CCCC(C)C)O2
TRICETIN,O=c1cc(-c2cc(O)c(O)c(O)c2)oc2cc(O)cc(O)c12
NICARDIPINE,COC(=O)C1=C(C)NC(C)=C(C(=O)OCCN(C)Cc2ccccc2)C1c1cccc([N+](=O)[O-])c1
L-MIMOSINE,N[C@@H](Cn1ccc(=O)c(O)c1)C(=O)O
ZERUMBONE,C/C1=C\CC(C)(C)/C=C/C(=O)/C(C)=C/CC1
HALOPEMIDE,O=C(NCCN1CCC(n2c(=O)[nH]c3cc(Cl)ccc32)CC1)c1ccc(F)cc1
ISOXAZOLOPYRIDINONE,O=c1[nH]c(-c2ccccc2)cc2onc(-c3ccccc3)c12
BETA-HYDROXYISOVALERYLSHIKONIN,CC(C)=CC[C@@H](OC(=O)CC(C)(C)O)C1=CC(=O)c2c(O)ccc(O)c2C1=O
MACROCARPAL A,CC(C)C[C@@H](c1c(O)c(C=O)c(O)c(C=O)c1O)[C@@]1(C)CC[C@@H]2[C@@H]1[C@H]1[C@@H](CC[C@@]2(C)O)C1(C)C
MACROCARPAL B,CC(C)C[C@H](c1c(O)c(C=O)c(O)c(C=O)c1O)[C@@]1(C)CC[C@@H]2[C@@H]1[C@H]1[C@@H](CC[C@@]2(C)O)C1(C)C
CYPELLOCARPA C,Cc1cc(=O)c2c(O)cc(O[C@@H]3O[C@H](COC(=O)C4=CC[C@H](C(C)(C)O)CC4)[C@@H](O)[C@H](O)[C@H]3O)cc2o1
FENOBAM ANHYDROUS,CN1CC(=O)N=C1NC(=O)Nc1cccc(Cl)c1
SINOMENINE,COC1=C[C@@H]2[C@@H]3Cc4ccc(OC)c(O)c4[C@]2(CCN3C)CC1=O
OXYPHENISATINE,O=C1Nc2ccccc2C1(c1ccc(O)cc1)c1ccc(O)cc1
GW856804X,Nc1ncc(-c2cccc(S(N)(=O)=O)c2)c2scc(-c3ccc(F)c(Cl)c3)c12
4'-AZIDOCYTIDINE,[N-]=[N+]=N[C@]1(CO)O[C@@H](n2ccc(N)nc2=O)[C@H](O)[C@@H]1O
CAPSAZEPINE,Oc1cc2c(cc1O)CN(C(=S)NCCc1ccc(Cl)cc1)CCC2
HARPAGIDE,C[C@]1(O)C[C@@H](O)[C@]2(O)C=CO[C@@H](O[C@H]3O[C@H](CO)[C@@H](O)[C@H](O)[C@H]3O)[C@@H]21
CYSMETHYNIL,CCCCCCCCn1cc(CC(N)=O)c2cc(-c3cccc(C)c3)ccc21
ARCHAZOLID A,CNC(=O)O[C@@H](CC(C)C)c1nc([C@H]2OC(=O)/C(C)=C/C/C(C)=C/[C@@H](O)[C@@H](C)/C=C(C)\C=C(C)/C=C/[C@@H](O)[C@H](C)[C@H](OC)/C(C)=C/C=C/[C@@H]2C)cs1
ARCHAZOLID B,CNC(=O)O[C@@H](CC(C)C)c1nc([C@H]2OC(=O)/C=C/C/C(C)=C/[C@@H](O)[C@@H](C)/C=C(C)\C=C(C)/C=C/[C@@H](O)[C@H](C)[C@H](OC)/C(C)=C/C=C/[C@@H]2C)cs1
DEHYDROARCHAZOLID,CNC(=O)O[C@@H](CC(C)C)c1nc([C@H]2OC(=O)/C(C)=C/C/C(C)=C/[C@@H](O)[C@@H](C)/C=C(C)\C=C(C)/C=C/C(=O)[C@H](C)[C@H](OC)/C(C)=C/C=C/[C@@H]2C)cs1
ISOORIENTIN,O=c1cc(-c2ccc(O)c(O)c2)oc2cc(O)c([C@@H]3O[C@H](CO)[C@@H](O)[C@H](O)[C@H]3O)c(O)c12
PRELADENANT,COCCOc1ccc(N2CCN(CCn3ncc4c3nc(N)n3nc(-c5ccco5)nc43)CC2)cc1
4'-HYDROXYWOGONIN,COc1c(O)cc(O)c2c(=O)cc(-c3ccc(O)cc3)oc12
CHYMOSTATIN,CC(C)C[C@H](NC(=O)[C@@H](NC(=O)N[C@@H](Cc1ccccc1)C(=O)O)C1CCNC(=N)N1)C(=O)N[C@H](C=O)Cc1ccccc1
SILDENAFIL,CCCc1nn(C)c2c(=O)[nH]c(-c3cc(S(=O)(=O)N4CCN(C)CC4)ccc3OCC)nc12
PFICHAFQ,CC[C@H](C)[C@H](NC(=O)[C@H](Cc1ccccc1)NC(=O)[C@@H]1CCCN1)C(=O)N[C@@H](CC1CCCCC1)C(=O)N[C@@H](Cc1ccccc1)C(=O)N[C@@H](CCC(N)=O)C(=O)O
YCHAHCHAYT,C[C@@H](O)[C@H](NC(=O)[C@H](Cc1ccc(O)cc1)NC(=O)[C@H](CC1CCCCC1)NC(=O)[C@H](Cc1cnc[nH]1)NC(=O)[C@H](CC1CCCCC1)NC(=O)[C@@H](N)Cc1ccc(O)cc1)C(=O)O
AYRR(Lac-)TI,CC[C@H](C)[C@H](NC(=O)[C@@H](NC(=O)[C@H](CCCNC(=N)N)NC(=O)[C@H](CCCNC(=N)N)NC(=O)[C@H](Cc1ccc(O)cc1)NC(=O)[C@H](C)N)[C@@H](C)O[C@H]1O[C@H](CO)[C@@H](O[C@@H]2O[C@H](CO)[C@H](O)[C@H](O)[C@H]2O)[C@H](O)[C@H]1O)C(=O)O
7-NITROINDAZOLE,O=[N+]([O-])c1cccc2cn[nH]c12
ARGININE,N=C(N)NCCC[C@H](N)C(=O)O
TAXUYUNNANINE C,C=C1[C@@H](OC(C)=O)CC[C@@]2(C)C[C@H](OC(C)=O)C3=C(C)C[C@H](OC(C)=O)[C@@H]([C@@H](OC(C)=O)[C@H]12)C3(C)C
YUNNANXANE,C=C1[C@@H](OC(C)=O)CC[C@@]2(C)C[C@H](OC(C)=O)C3=C(C)C[C@H](OC(=O)C(C)C(C)O)[C@@H]([C@@H](OC(C)=O)[C@H]12)C3(C)C
PEMAFIBRATE,CC[C@@H](Oc1cccc(CN(CCCOc2ccc(OC)cc2)c2nc3ccccc3o2)c1)C(=O)O
HYDRANGEAIC ACID,O=C(O)c1c(O)cccc1/C=C/c1ccc(O)cc1
HOLOTHURIN B,C[C@H]1O[C@@H](O[C@H]2[C@H](O[C@H]3CC[C@]4(C)C5=C[C@H](O)C67C(=O)O[C@@](C)(C8CCC(C)(C)O8)[C@@]6(O)CC[C@@]7(C)[C@@H]5CCC4C3(C)C)OC[C@@H](OS(=O)(=O)[O-])[C@@H]2O)[C@H](O)[C@@H](O)[C@@H]1O.[Na+]
NAAMINE A,COc1ccc(Cc2[nH]c(=N)n(C)c2Cc2ccc(O)cc2)cc1
METAXON,Cc1cc(Cl)ccc1OCC(=O)O
OLIGOPORIN A,C/C(=C/CC[C@@H](C)[C@H]1CC[C@@]2(C)C3=CC[C@H]4C(C)(C)C(=O)CC[C@]4(C)C3=C[C@@H](O[C@@H]3O[C@H](CO)[C@@H](O)[C@H](O)[C@H]3O)[C@]12C)C(=O)O
OLIGOPORIN B,C/C(=C/CC[C@@H](C)[C@H]1CC[C@@]2(C)C3=CC[C@H]4C(C)(C)[C@H](O)CC[C@]4(C)C3=C[C@@H](O[C@@H]3O[C@H](CO)[C@@H](O)[C@H](O)[C@H]3O)[C@]12C)C(=O)O
OLIGOPORIN C,C/C(=C/CC[C@@H](C)[C@H]1CC[C@@]2(C)C3=C(C[C@@H](O[C@@H]4O[C@H](CO)[C@@H](O)[C@H](O)[C@H]4O)[C@]12C)[C@@]1(C)CC[C@@H](O)C(C)(C)[C@@H]1CC3=O)C(=O)O
5-FLUORONICOTINIC ACID,O=C(O)c1cncc(F)c1
[125I]I-OZAPINE,CN1CCN(C2=Nc3cc([125I])ccc3Nc3ccccc32)CC1
[123I]I-OZAPINE,CN1CCN(C2=Nc3cc([123I])ccc3Nc3ccccc32)CC1
JNJ-17166864 CATION,C[N+](C)(Cc1ccc(NC(=O)c2ccc(Cl)c(Cl)c2)cc1)C1CCOCC1
OLEOYL DOPAMINE,CCCCCCCC/C=C\CCCCCCCC(=O)NCCc1ccc(O)c(O)c1
OBELIN,COc1cccc2c1C[C@H]1C[C@@H](C(=O)N3CCN(c4ccc([N+](=O)[O-])cc4)CC3)CN(C)[C@@H]1C2
THIOLACTOMYCIN,C=C/C(C)=C/[C@@]1(C)SC(=O)C(C)=C1O
SCH-351591,COc1ccc(C(=O)Nc2c(Cl)c[n+]([O-])cc2Cl)c2ccc(C(F)(F)F)nc12
GW782612X,NC(=O)c1cccc(Nc2nccc(Nc3cccc4[nH]ncc34)n2)c1
BMS-345541,Cc1ccc2nc(NCCN)c3ncc(C)n3c2c1
CADALENE,COc1cc(C)c2cc(O)c(C)cc2c1C(C)C
MYXOPYRONIN B,CCCC/C(C)=C/C=C(\C)C(=O)c1c(O)cc([C@H](C)CC/C=C/NC(=O)OC)oc1=O
GW770249X,Nc1ncnc2occ(-c3ccc(NC(=O)Nc4cc(C(F)(F)F)ccc4F)cc3)c12
GW795486X,Nc1ncnc2occ(-c3ccc(NC(=O)Nc4cc(C(F)(F)F)cc(C(F)(F)F)c4)cc3)c12
GW795493X,Nc1ncnc2occ(-c3ccc(NC(=O)Nc4cccc(C(F)(F)F)c4)cc3)c12
COMBRETASTATIN,COc1ccc(C[C@@H](O)c2cc(OC)c(OC)c(OC)c2)cc1O
CYCONATSUDAMINE A,CC(C)C[C@@H]1NC(=O)[C@H](Cc2ccc(O)cc2)NC(=O)CNC(=O)[C@H](CO)NC(=O)[C@@H]2CCCN2C(=O)[C@@H]2CCCN2C(=O)[C@H](CC(C)C)NC1=O
METHYLSELENINIC ACID,C[Se](=O)O
SORBIC ACID,C/C=C/C=C/C(=O)O
SAPPANONE A,O=C1/C(=C/c2ccc(O)c(O)c2)COc2cc(O)ccc21
METHYL SORBATE,C/C=C/C=C/C(=O)OC
(S)-TYLOPHORINE,COc1cc2c3c(c4cc(OC)c(OC)cc4c2cc1OC)CN1CCC[C@H]1C3
TYLOPHORIDICINE C,COc1ccc2c3c(c4cc(OC)c(O)cc4c2c1)C[N+]1([O-])CCC[C@H]1[C@H]3O
TYLOPHORIDICINE F,COc1ccc2c3c(c4cc(OC)c(OC)cc4c2c1)C[N+]1([O-])CCC[C@H]1[C@@H]3O
TYLOPHORININE,COc1ccc2c3c(c4cc(OC)c(OC)cc4c2c1)CN1CCC[C@H]1[C@@H]3O
TYLOPHORINIDINE,COc1ccc2c3c(c4cc(OC)c(O)cc4c2c1)CN1CCC[C@H]1[C@H]3O
OXYMORPHINDOLE,CN1CC[C@]23c4c5ccc(O)c4O[C@H]2c2[nH]c4ccccc4c2C[C@@]3(O)[C@H]1C5
CHLORANTRANILIPROLE,CNC(=O)c1cc(Cl)cc(C)c1NC(=O)c1cc(Br)nn1-c1ncccc1Cl
PENTAERYTHRITYL MONONITRATE,O=[N+]([O-])OCC(CO)(CO)CO
DEXPRAMIPEXOLE,CCCN[C@@H]1CCc2nc(N)sc2C1
TICAGRELOR,CCCSc1nc(N[C@@H]2C[C@H]2c2ccc(F)c(F)c2)c2nnn([C@@H]3C[C@H](OCCO)[C@@H](O)[C@H]3O)c2n1
RAC-3-N-BUTYLPHTHALIDE,CCCCC1OC(=O)c2ccccc21
Z-butylidenephthalide,CCC/C=C1\OC(=O)c2ccccc21
(3S)-BUTYLPHTHALIDE,CCCC[C@@H]1OC(=O)c2ccccc21
KAEMPFERITRIN,C[C@@H]1O[C@@H](Oc2cc(O)c3c(=O)c(O[C@@H]4O[C@@H](C)[C@H](O)[C@@H](O)[C@H]4O)c(-c4ccc(O)cc4)oc3c2)[C@H](O)[C@H](O)[C@H]1O
QUERCIMERITRIN,O=c1c(O)c(-c2ccc(O)c(O)c2)oc2cc(O[C@@H]3O[C@H](CO)[C@@H](O)[C@H](O)[C@H]3O)cc(O)c12
TENOFOVIR DISOPROXIL FUMARATE,CC(C)OC(=O)OCOP(=O)(CO[C@H](C)Cn1cnc2c(N)ncnc21)OCOC(=O)OC(C)C.O=C(O)/C=C/C(=O)O
ATORVASTATIN,CC(C)c1c(C(=O)Nc2ccccc2)c(-c2ccccc2)c(-c2ccc(F)cc2)n1CC[C@@H](O)C[C@@H](O)CC(=O)O
BUFOGENIN,C[C@]12CC[C@H](O)C[C@H]1CC[C@@H]1[C@@H]2CC[C@]2(C)[C@@H](c3ccc(=O)oc3)C[C@H]3O[C@]132
CINOBUFAGIN,CC(=O)O[C@H]1[C@H]2O[C@]23[C@@H]2CC[C@@H]4C[C@@H](O)CC[C@]4(C)[C@H]2CC[C@]3(C)[C@H]1c1ccc(=O)oc1
BUFALIN,C[C@]12CC[C@H](O)C[C@H]1CC[C@@H]1[C@@H]2CC[C@]2(C)[C@@H](c3ccc(=O)oc3)CC[C@]12O
RANBEZOLID,CC(=O)NC[C@H]1CN(c2ccc(N3CCN(Cc4ccc([N+](=O)[O-])o4)CC3)c(F)c2)C(=O)O1
LINTITRIPT,O=C(O)Cn1c(C(=O)Nc2nc(-c3ccccc3Cl)cs2)cc2ccccc21
"2,5-XYLIDINE",Cc1ccc(C)c(N)c1
4-PHENOXYANILINE,Nc1ccc(Oc2ccccc2)cc1
AMINOPYRENE,Nc1ccc2ccc3cccc4ccc1c2c34
URACIL MUSTARD,Oc1ncc(N(CCCl)CCCl)c(O)n1
VERNOMENIN,C=C[C@@]12COC(=O)C(=C)[C@@H]1[C@@H](O)[C@@H]1C(=C)C(=O)O[C@H]1C2
VERNOMENIN ACETATE,C=C[C@]12COC(=O)C(=C)[C@H]1[C@H](OC(C)=O)[C@H]1C(=C)C(=O)O[C@@H]1C2
TAMAULIPIN B,C=C1C(=O)O[C@@H]2/C=C(\C)[C@H](O)C/C=C(\C)CC[C@@H]12
ELEPHANTOL,C=C1C(=O)O[C@H]2CC3=C[C@@H](C[C@]4(C)O[C@@H]4[C@@H](O)[C@H]12)OC3=O
CORONOPILIN,C=C1C(=O)O[C@@H]2[C@H]1CC[C@H](C)[C@]1(O)CCC(=O)[C@@]21C
DESACETYLCONFERTIFLORIN,C=C1C(=O)O[C@@H]2[C@H]1[C@@H](O)C[C@H](C)[C@@H]1CCC(=O)[C@@]21C
PARTHENIN,C=C1C(=O)O[C@@H]2[C@H]1CC[C@H](C)[C@]1(O)C=CC(=O)[C@@]21C
EUPACHLORIN,C=C1C(=O)O[C@H]2[C@H]1[C@H](OC(=O)/C(C)=C\C)C[C@](O)(CCl)[C@@H]1[C@H](O)C=C(C)[C@]21O
VERNOLEPIN ACETATE,C=C[C@@]12COC(=O)C(=C)[C@@H]1[C@H]1OC(=O)C(=C)[C@@H]1[C@@H](OC(C)=O)C2
EUPACHLORIN ACETATE,C=C1C(=O)O[C@H]2[C@H]1[C@H](OC(=O)/C(C)=C\C)C[C@](O)(CCl)[C@@H]1[C@H](OC(C)=O)C=C(C)[C@]21O
CHAMISSONIN DIACETATE,C=C1C(=O)O[C@H]2C/C(C)=C/C[C@@H](OC(C)=O)/C(C)=C/[C@@H](OC(C)=O)[C@H]12
EUPATOCUNIN,C=C1C(=O)O[C@@H]2/C=C(\C)[C@@H](OC(C)=O)C/C=C(/C)C(O)[C@@H](OC(=O)/C(C)=C\C)[C@@H]12
AZACITIDINE,Nc1ncn([C@@H]2O[C@H](CO)[C@@H](O)[C@H]2O)c(=O)n1
PERICIAZINE,N#Cc1ccc2c(c1)N(CCCN1CCC(O)CC1)c1ccccc1S2
TRIHEXYPHENIDYL,OC(CCN1CCCCC1)(c1ccccc1)C1CCCCC1
(S)-ALAPROCLATE,C[C@H](N)C(=O)OC(C)(C)Cc1ccc(Cl)cc1
ALVERINE,CCN(CCCc1ccccc1)CCCc1ccccc1
BENFLUOREX,CC(Cc1cccc(C(F)(F)F)c1)NCCOC(=O)c1ccccc1
METHYL PYRAZINYLKETONE ISONICOTINOYL HYDRAZONE,C/C(=N\NC(=O)c1ccncc1)c1cnccn1
METHYL PYRAZINYLKETONE BENZOYL HYDRAZONE,C/C(=N\NC(=O)c1ccccc1)c1cnccn1
BROMHEXINE,CN(Cc1cc(Br)cc(Br)c1N)C1CCCCC1
BROMOPRIDE,CCN(CC)CCNC(=O)c1cc(Br)c(N)cc1OC
CAMYLOFIN,CCN(CC)CCNC(C(=O)OCCC(C)C)c1ccccc1
CLOPERASTINE,Clc1ccc(C(OCCN2CCCCC2)c2ccccc2)cc1
CLORICROMEN,CCOC(=O)COc1ccc2c(C)c(CCN(CC)CC)c(=O)oc2c1Cl
METHYL PYRAZINYLKETONE THIOPHENECARBOXYL HYDRAZONE,C/C(=N\NC(=O)c1cccs1)c1cnccn1
DROFENINE,CCN(CC)CCOC(=O)C(c1ccccc1)C1CCCCC1
FIPEXIDE,O=C(COc1ccc(Cl)cc1)N1CCN(Cc2ccc3c(c2)OCO3)CC1
PRIDINOL,OC(CCN1CCCCC1)(c1ccccc1)c1ccccc1
TOFISOPAM,CCC1C(C)=NN=C(c2ccc(OC)c(OC)c2)c2cc(OC)c(OC)cc21
DIPHENYLPYRALINE,CN1CCC(OC(c2ccccc2)c2ccccc2)CC1
FENDILINE,CC(NCCC(c1ccccc1)c1ccccc1)c1ccccc1
FLAVOXATE,Cc1c(-c2ccccc2)oc2c(C(=O)OCCN3CCCCC3)cccc2c1=O
FLUPIRTINE,CCOC(=O)Nc1ccc(NCc2ccc(F)cc2)nc1N
LERCANIDIPINE,COC(=O)C1=C(C)NC(C)=C(C(=O)OC(C)(C)CN(C)CCC(c2ccccc2)c2ccccc2)C1c1cccc([N+](=O)[O-])c1
NORFLUOXETINE,NCCC(Oc1ccc(C(F)(F)F)cc1)c1ccccc1
OXYPHENCYCLIMINE,CN1CCCN=C1COC(=O)C(O)(c1ccccc1)C1CCCCC1
SULOCTIDIL,CCCCCCCCNC(C)C(O)c1ccc(SC(C)C)cc1
JEZONOCINOL A,Oc1cc(O)cc([C@@H]2c3c(cc(O)c4c3O[C@H](c3ccc(O)c(O)c3)[C@@H](O)C4)O[C@H]2c2ccc(O)c(O)c2)c1
JEZONOCINOL B,Oc1cc(O)cc([C@H]2c3c(cc(O)c4c3O[C@H](c3ccc(O)c(O)c3)[C@@H](O)C4)O[C@@H]2c2ccc(O)c(O)c2)c1
JEZONOCINOL C,O=C1C=C2O[C@H](c3ccc(O)c(O)c3)[C@@H](O)[C@@H]3c4c(O)cc(O)cc4[C@H](C23)[C@H](c2ccc(O)c(O)c2)C1
KADLONGILACTONE A,CC1=C[C@@H]2CC3=C([C@H](O)C[C@]4(C)[C@H]3C[C@]3(O)C=C5C=CC(=O)OC(C)(C)[C@@H]5CC[C@@H]43)[C@H](C)[C@@H]2OC1=O
KADLONGILACTONE C,CO[C@@H]1C[C@]2(C)[C@@H](C[C@]3(O)C=C4C=CC(=O)OC(C)(C)[C@@H]4CC[C@@H]23)C2=C1[C@H](C)[C@@H]1OC(=O)C(C)=C[C@@H]1C2
KADLONGILACTONE D,CC1=C[C@@H]2CC3=C([C@@H](O)C[C@]4(C)[C@H]3C[C@]3(O)C=C5C=CC(=O)OC(C)(C)[C@@H]5CC[C@@H]43)[C@H](C)[C@@H]2OC1=O
KADLONGILACTONE E,CO[C@H]1C[C@]2(C)[C@@H](C[C@]3(O)C=C4C=CC(=O)OC(C)(C)[C@@H]4CC[C@@H]23)C2=C1[C@H](C)[C@@H]1OC(=O)C(C)=C[C@@H]1C2
DIHYDRODEHYDRODICONIFERYL ALCOHOL,COc1cc([C@@H]2Oc3c(OC)cc(CCCO)cc3[C@H]2CO)ccc1O
ISOLARICIRESINOL,COc1cc([C@H]2c3cc(O)c(OC)cc3C[C@@H](CO)[C@@H]2CO)ccc1O
NORDEXFENFLURAMINE,C[C@H](N)Cc1cccc(C(F)(F)F)c1
FLAVOKAWAIN C,COc1cc(O)c(C(=O)/C=C/c2ccc(O)cc2)c(OC)c1
"18,19-SECO-APICULAREN A",C=CC[C@H]1C[C@H]2C[C@H](O)C[C@H](Cc3cccc(O)c3C(=O)O1)O2
(-)-NICOLAIOIDESIN B,COc1cc(O)c(C(=O)[C@@H]2CC=C(C)[C@@H](CC=C(C)C)[C@H]2c2ccccc2)c(O)c1
PINOSTROBIN,COc1cc(O)c2c(c1)O[C@H](c1ccccc1)CC2=O
PINOCEMBRIN,O=C1C[C@@H](c2ccccc2)Oc2cc(O)cc(O)c21
ABT-102,CC(C)(C)c1ccc2c(c1)CC[C@H]2NC(=O)Nc1cccc2[nH]ncc12
BOESENBERGIN A,COc1cc(O)c(C(=O)/C=C/c2ccccc2)c2c1C=CC(C)(CCC=C(C)C)O2
BOESENBERGIN B,COc1cc2c(c(O)c1C(=O)/C=C/c1ccccc1)C=CC(C)(CCC=C(C)C)O2
DESMETHOXYYANGONIN,COc1cc(/C=C/c2ccccc2)oc(=O)c1
IDEBENONE,COC1=C(OC)C(=O)C(CCCCCCCCCCO)=C(C)C1=O
RHAMNOCITRIN,COc1cc(O)c2c(=O)c(O)c(-c3ccc(O)cc3)oc2c1
S-MENASTROL,CCOC(=O)C1=C(C)NC(=S)N[C@H]1c1cccc(O)c1
ROSUVASTATIN,CC(C)c1nc(N(C)S(C)(=O)=O)nc(-c2ccc(F)cc2)c1/C=C/[C@@H](O)C[C@@H](O)CC(=O)O
TOMENTODIPLACOL,C=C(C)C(O)CC/C(C)=C/Cc1c(O)cc2c(c1O)C(=O)[C@H](O)[C@@H](c1ccc(O)c(OC)c1)O2
[2Nal2]hNPS,CSCC[C@H](NC(=O)CNC(=O)[C@@H](NC(=O)CNC(=O)[C@@H](NC(=O)CNC(=O)[C@H](CC(N)=O)NC(=O)[C@H](CCCNC(=N)N)NC(=O)[C@H](Cc1ccc2ccccc2c1)NC(=O)[C@@H](N)CO)C(C)C)[C@@H](C)O)C(=O)N[C@@H](CCCCN)C(=O)N[C@@H](CCCCN)C(=O)N[C@H](C(=O)N[C@@H](CO)C(=O)N[C@@H](Cc1ccccc1)C(=O)N[C@@H](CCC(N)=O)C(=O)N[C@@H](CCCNC(=N)N)C(=O)N[C@@H](C)C(=O)N[C@@H](CCCCN)C(=O)N[C@@H](CO)C(=O)O)[C@@H](C)O
6-AZAURIDINE,O=c1cnn([C@@H]2O[C@H](CO)[C@@H](O)[C@H]2O)c(=O)[nH]1
MACROLACTIN O,C[C@@H]1CCC/C=C/CCC(=O)C[C@@H](O)C/C=C\C=C\[C@@H](O[C@H]2O[C@@H](CO)[C@H](O)[C@@H](O)[C@@H]2O)C/C=C/C=C\C(=O)O1
MACROLACTINN P,CC[C@@H]1CCC/C=C/C=C/[C@H](O)C[C@@H](O)C/C=C\C=C\[C@@H](O[C@H]2O[C@@H](CO)[C@H](O)[C@@H](O)[C@@H]2O)C/C=C/C=C\C(=O)O1
MACROLACTIN Q,C[C@@H]1CCC/C=C\C=C\[C@H](O)C[C@@H](O)C/C=C\C=C\[C@@H](O[C@H]2O[C@@H](CO)[C@H](O)[C@@H](O)[C@@H]2O)C/C=C/C=C\C(=O)O1
MACROLACTIN R,C[C@@H]1CCC/C=C/C=C/[C@H](O)C[C@@H](O)C/C=C/C=C/[C@@H](O[C@H]2O[C@@H](CO)[C@H](O)[C@@H](O)[C@@H]2O)C/C=C/C=C\C(=O)O1
LAURENDECUMALLENE A,CC[C@H]1O[C@@H]2C[C@@H](C=C=CBr)O[C@@H]2C[C@@H](O)[C@H](O)C[C@@H]1Br
LAURENDECUMALLENE B,CC[C@@H](Br)[C@H]1C[C@H](O)[C@H](O)C[C@H]2O[C@H](C=C=CBr)C[C@H]2O1
LAURENDECUMENYNE A,C#C/C=C\C[C@H]1O[C@@H]2C[C@H](Br)[C@@H](CC)O[C@H]1C[C@H]2OO
LAURENDECUMENYNE B,C#C/C=C\C[C@@H]1O[C@@H]2C[C@H](Br)[C@H](CC)O[C@@H]2C[C@@H]1Cl
HIRTUSNEANOSIDE,COC(=O)[C@@]12Oc3cc(C)c(-c4c(C)cc5c(c4O)C(=O)C4=C(O)C[C@@H](C)[C@@H](O)[C@@]4(CO[C@@H]4O[C@@H](C)[C@H](O)[C@@H](O)[C@H]4O)O5)c(O)c3C(=O)C1=C(O)[C@H](C)[C@@H](C)[C@@H]2O
SPIROINDANYLOXYMORPHONE,CN1CC[C@]23c4c5ccc(O)c4O[C@H]2C(=O)C2(Cc4ccccc4C2)C[C@@]3(O)[C@H]1C5
BNTX,O=C1/C(=C/c2ccccc2)C[C@@]2(O)[C@H]3Cc4ccc(O)c5c4[C@@]2(CCN3CC2CC2)[C@H]1O5
LUMINESPIB,CCNC(=O)c1noc(-c2cc(C(C)C)c(O)cc2O)c1-c1ccc(CN2CCOCC2)cc1
PSEUDOLARIC ACID A2,CC(=O)O[C@]12CC[C@](C)(O)C=C[C@]13CC[C@H]2[C@@](C)(/C=C/C=C(\C)C(=O)O)OC3=O
PSEUDOLARIC ACID B3,COC(=O)C1=CC[C@@]23CC[C@@H]([C@@](C)(CCC(=O)O)OC2=O)[C@@]3(OC(C)=O)CC1
BRUNNEIN A,CC1=N[C@H](C(=O)O)Cc2c1[nH]c1cc(O)ccc21
PORDAMACRINE A,COC(=O)[C@@H]1C[C@@]23C4=C(CCC5CN6C[C@@H](C)C(O)(C=CC52CO)C63O)CC[C@@H]41
PORDAMACRINE B,COC(=O)[C@@H]1C[C@@]23C4=C(CCC5CN6C[C@@H](C)C(C=CC52CO)C63O)CC[C@@H]41
LUCENTAMYCIN A,C/C=C1\CN(C(=O)[C@H](CCCCNC(=N)N)NC(=O)c2ccccc2)[C@H](C(=O)N[C@@H](CC(C)C)C(=O)O)[C@@H]1C
LUCENTAMYCIN B,C/C=C1/CN(C(=O)[C@H](CCCCNC(=N)N)NC(=O)CC(C)C)[C@H](C(=O)N[C@@H](Cc2c[nH]c3ccccc23)C(=O)O)[C@@H]1C
LUCENTAMYCIN C,C/C=C1\CN(C(=O)[C@H](CCCCNC(=N)N)NC(=O)CC(C)C)[C@H](C(=O)N[C@@H](CC(C)C)C(=O)O)[C@@H]1C
LUCENTAMYCIN D,C/C=C1\CN(C(=O)[C@H](CCCCNC(=N)N)NC(=O)C=C(C)C)[C@H](C(=O)N[C@@H](CC(C)C)C(=O)O)[C@@H]1C
XYLARIAQUINONE A,COc1cc2c3c(oc2c(C)c1O)C(=O)C(C)=CC3=O
SOLANAPYRONE J,COc1cc([C@@]2(C)[C@@H]3[C@@H](C)CCC[C@@H]3C=C[C@@H]2C)oc(=O)c1C=O
SOLANAPYRONE K,C[C@H]1CCC[C@@H]2C=C[C@H](C)[C@@](C)(C3=CC(=O)/C(=C\NCCO)C(=O)O3)[C@H]12
SOLANAPYRONE L,C[C@H]1CCC[C@@H]2C=C[C@H](C)[C@@](C)(C3=CC(=O)/C(=C/N)C(=O)O3)[C@H]12
SOLANAPYRONE M,COc1cc([C@@]2(C)[C@H]3[C@H](C=C[C@H]2C)CCC[C@@H]3C)oc(=O)c1CO
CIPATRIJUGIN A,C=C1[C@@H]2C[C@@]3(C)[C@H](c4ccoc4)OC(=O)C[C@]13O[C@H]1C[C@@H](OC(C)=O)C(C)(C)[C@H](CC(=O)OC)[C@@]1(C)C2=O
CIPATRIJUGIN B,C=C1[C@]2(O)C[C@@]3(C)[C@H](c4ccoc4)OC(=O)C[C@]13O[C@H]1C[C@@H](OC(C)=O)C(C)(C)[C@H](CC(=O)OC)[C@@]1(C)C2=O
CIPATRIJUGIN C,C=C1[C@]2(OC(C)=O)C[C@@]3(C)[C@H](c4ccoc4)OC(=O)C[C@]13O[C@H]1C[C@@H](OC(C)=O)C(C)(C)[C@H](CC(=O)OC)[C@@]1(C)C2=O
CIPATRIJUGIN D,C=C1[C@H]2C(=O)[C@@]3(C)[C@H](C[C@@H](OC(C)=O)C(C)(C)[C@@H]3CC(=O)OC)O[C@@]13CC(=O)O[C@@H](c1ccoc1)[C@]3(C)[C@H]2OC(C)=O
CIPADESIN A,COC(=O)C[C@H]1C(C)(C)[C@H](OC(C)=O)[C@H](OC(C)=O)[C@@H]2O[C@]34CC(=O)O[C@@H](c5ccoc5)[C@]3(C)[C@@H](OC(C)=O)[C@@H](C(=O)[C@@H]4C)[C@@]21C
FILIPIN,CCCCC[C@@H](O)[C@H]1C(=O)O[C@H](C)[C@@H](O)/C=C/C=C/C=C/C=C/C=C(\C)[C@@H](O)C[C@H](O)C[C@H](O)C[C@H](O)C[C@H](O)C[C@H](O)C[C@@H]1O
UVAOL,C[C@H]1[C@H](C)CC[C@]2(CO)CC[C@]3(C)C(=CC[C@@H]4[C@@]5(C)CC[C@H](O)C(C)(C)[C@@H]5CC[C@]43C)[C@H]12
ERYTHRODIOL,CC1(C)CC[C@]2(CO)CC[C@]3(C)C(=CC[C@@H]4[C@@]5(C)CC[C@H](O)C(C)(C)[C@@H]5CC[C@]43C)[C@@H]2C1
STIGMASTANOL,CC[C@H](CC[C@@H](C)[C@H]1CC[C@H]2[C@@H]3CC[C@H]4C[C@@H](O)CC[C@]4(C)[C@H]3CC[C@]12C)C(C)C
STIGMASTEROL,CC[C@H](/C=C/[C@@H](C)[C@H]1CC[C@H]2[C@@H]3CC=C4C[C@@H](O)CC[C@]4(C)[C@H]3CC[C@]12C)C(C)C
CLEROSTEROL,C=C(C)[C@@H](CC)CC[C@@H](C)[C@H]1CC[C@H]2[C@@H]3CC=C4C[C@@H](O)CC[C@]4(C)[C@H]3CC[C@]12C
SARINGOSTEROL,C=CC(O)(CC[C@@H](C)[C@H]1CC[C@H]2[C@@H]3CC=C4C[C@@H](O)CC[C@]4(C)[C@H]3CC[C@]12C)C(C)C
PLANKTOCYCLIN,CSCC[C@@H]1NC(=O)[C@H](C(C)C)NC(=O)[C@H](CC(C)C)NC(=O)CNC(=O)[C@@H]2CCCN2C(=O)[C@H](C(C)C)NC(=O)CNC(=O)[C@H](Cc2ccccc2)NC1=O
BETAMETHASONE VALERATE,CCCCC(=O)O[C@]1(C(=O)CO)[C@@H](C)C[C@H]2[C@@H]3CCC4=CC(=O)C=C[C@]4(C)[C@@]3(F)[C@@H](O)C[C@@]21C
BUTETHAL,CCCCC1(CC)C(=O)NC(=O)NC1=O
CHLOROXYLENOL,Cc1cc(O)cc(C)c1Cl
CORTODOXONE,C[C@]12CCC(=O)C=C1CC[C@@H]1[C@@H]2CC[C@@]2(C)[C@H]1CC[C@]2(O)C(=O)CO
DESOXYCORTICOSTERONE,C[C@]12CC[C@H]3[C@@H](CCC4=CC(=O)CC[C@@]43C)[C@@H]1CC[C@@H]2C(=O)CO
CORTISONE,C[C@]12CCC(=O)C=C1CC[C@@H]1[C@@H]2C(=O)C[C@@]2(C)[C@H]1CC[C@]2(O)C(=O)CO
DIGITOXIN,C[C@H]1O[C@@H](O[C@H]2[C@@H](O)C[C@H](O[C@H]3[C@@H](O)C[C@H](O[C@H]4CC[C@@]5(C)[C@H](CC[C@@H]6[C@@H]5CC[C@]5(C)[C@@H](C7=CC(=O)OC7)CC[C@]65O)C4)O[C@@H]3C)O[C@@H]2C)C[C@H](O)[C@@H]1O
DIHYDROMORPHINE,CN1CC[C@]23c4c5ccc(O)c4O[C@H]2[C@@H](O)CC[C@H]3[C@H]1C5
JULICHROME Q 6 GLUCURONIDE,CC(=O)O[C@H](C)[C@@H]1c2cc3cccc(O[C@@H]4O[C@H](C(=O)O)[C@@H](O)[C@H](O)[C@H]4O)c3c(O)c2C(=O)C[C@]1(C)O
LYNGBYASTATIN 5,C/C=C1\NC(=O)[C@@H](NC(=O)[C@H](CCc2ccc(O)cc2)NC(=O)[C@H](C)NC(=O)[C@H](O)CO)[C@@H](C)OC(=O)[C@H](C(C)C)NC(=O)[C@H](Cc2ccc(O)cc2)N(C)C(=O)[C@H](Cc2ccccc2)N2C(=O)[C@H](CC[C@H]2O)NC1=O
LYNGBYASTATIN 6,C/C=C1\NC(=O)[C@@H](NC(=O)[C@H](CCc2ccc(O)cc2)NC(=O)[C@H](C)NC(=O)[C@H](O)COS(=O)(=O)[O-])[C@@H](C)OC(=O)[C@H](C(C)C)NC(=O)[C@H](Cc2ccc(O)cc2)N(C)C(=O)[C@H](Cc2ccccc2)N2C(=O)[C@H](CC[C@H]2OC)NC1=O.[Na+]
LYNGBYASTATIN 7,C/C=C1\NC(=O)[C@@H](NC(=O)[C@H](CCC(N)=O)NC(=O)CCCCC)[C@@H](C)OC(=O)[C@H](C(C)C)NC(=O)[C@H](Cc2ccc(O)cc2)N(C)C(=O)[C@H](Cc2ccccc2)N2C(=O)[C@H](CC[C@H]2O)NC1=O
SOMAMIDE B,C/C=C1\NC(=O)[C@@H](NC(=O)[C@H](CCC(N)=O)NC(=O)CCC)[C@@H](C)OC(=O)[C@H](C(C)C)NC(=O)[C@H](Cc2ccc(O)cc2)N(C)C(=O)[C@H](Cc2ccccc2)N2C(=O)[C@H](CC[C@H]2O)NC1=O
LYNGBYASTATIN 4,C/C=C1\NC(=O)[C@@H](NC(=O)[C@H](CCc2ccc(O)cc2)NC(=O)[C@H](C)NC(=O)[C@H](O)COS(=O)(=O)O)[C@@H](C)OC(=O)[C@H](C(C)C)NC(=O)[C@H](Cc2ccc(O)cc2)N(C)C(=O)[C@H](Cc2ccccc2)N2C(=O)[C@H](CC[C@H]2O)NC1=O
FLUOCINONIDE,CC(=O)OCC(=O)[C@@]12OC(C)(C)O[C@@H]1C[C@H]1[C@@H]3C[C@H](F)C4=CC(=O)C=C[C@]4(C)[C@@]3(F)[C@@H](O)C[C@@]12C
COCHINCHINENENE A,COc1ccc(C(CCc2ccc(O)cc2OC)c2c(OC)cc(/C=C/c3ccc(O)cc3)cc2OC)cc1
COCHINCHINENENE B,COc1ccc(C(CCc2ccc(O)cc2OC)c2c(O)cc(OC)cc2/C=C/c2ccc(O)cc2)cc1
COCHINCHINENENE C,COc1cc(O)ccc1CCC(c1ccc(O)cc1)c1c(/C=C/c2ccc(O)cc2)cc(O)cc1OC
COCHINCHINENENE D,COc1cc(O)ccc1CCC(c1ccc(O)cc1)c1c(O)cc(O)cc1/C=C/c1ccc(O)cc1
COCHINCHINENIN B,COc1cc(OC)c(C(CCc2ccc(O)cc2OC)c2ccc(O)cc2)cc1CCC(=O)c1ccc(O)cc1
COCHINCHINENIN C,COc1ccc(C(CCc2ccc(O)cc2OC)c2cc(CCC(=O)c3ccc(O)cc3)c(OC)cc2O)cc1
COCHINCHINENONE,COC1=CC(=O)C=C(OC)C1(O)CCC(=O)c1ccc(O)cc1
GLYCOLIC ACID,O=C(O)CO
HYDROMORPHONE,CN1CC[C@]23c4c5ccc(O)c4O[C@H]2C(=O)CC[C@H]3[C@H]1C5
PANTOPRAZOLE,COc1ccnc(C[S+]([O-])c2nc3cc(OC(F)F)ccc3[nH]2)c1OC
OMEPRAZOLE,COc1ccc2[nH]c([S+]([O-])Cc3ncc(C)c(OC)c3C)nc2c1
PREGNENOLONE,CC(=O)[C@H]1CC[C@H]2[C@@H]3CC=C4C[C@@H](O)CC[C@]4(C)[C@H]3CC[C@]12C
SUCROSE,OC[C@H]1O[C@@](CO)(O[C@H]2O[C@H](CO)[C@@H](O)[C@H](O)[C@H]2O)[C@@H](O)[C@@H]1O
TRIAMCINOLONE ACETONIDE,CC1(C)O[C@@H]2C[C@H]3[C@@H]4CCC5=CC(=O)C=C[C@]5(C)[C@@]4(F)[C@@H](O)C[C@]3(C)[C@]2(C(=O)CO)O1
RTP,NC(=O)c1ncn([C@@H]2O[C@H](COP(=O)(O)OP(=O)(O)OP(=O)(O)O)[C@@H](O)[C@H]2O)n1
GOSSYPETIN,O=c1c(O)c(-c2ccc(O)c(O)c2)oc2c(O)c(O)cc(O)c12
GLABRANIN,CC(C)=CCc1c(O)cc(O)c2c1O[C@H](c1ccccc1)CC2=O
(R)-PINOCEMBRIN,O=C1C[C@H](c2ccccc2)Oc2cc(O)cc(O)c21
OCIMUMOSIDE A,CCCCCCCCCCCCCCCCCCCCCC(=O)O[C@H](COC(=O)CCCCCCCCCCCCCCC)CO[C@H]1O[C@H](CN)[C@@H](O)[C@H](O)[C@H]1O
OCIMUMOSIDE B,CCCCCCCCCCCCCCCCCC(=O)OC[C@H](CO[C@@H]1O[C@H](CO[C@H]2O[C@H](CO)[C@H](O)[C@H](O)[C@H]2O)[C@H](O)[C@H](O)[C@H]1O)OC(=O)CCCCCCCCCCCCC
OCIMARIN,Cc1c(CCO)c(=O)oc2cc(O)ccc12
11-O-METHYLPSEUROTIN A,CC/C=C\[C@H](OC)[C@H](O)C1=C(C)C(=O)[C@]2(O1)C(=O)N[C@@](OC)(C(=O)c1ccccc1)[C@@H]2O
PSEUROTIN A,CC/C=C\[C@H](O)[C@H](O)C1=C(C)C(=O)[C@]2(O1)C(=O)N[C@@](OC)(C(=O)c1ccccc1)[C@@H]2O
ANSACARBAMITOCIN A,CNC(=O)O[C@H]1CC(=O)N([C@H]2O[C@@H](COC(C)=O)[C@H](OC(N)=O)[C@@H](OC)[C@@H]2O)c2cc(cc(O)c2Cl)C/C(C)=C/C=C/[C@@H](OC)[C@@]2(O)C[C@H](OC(=O)N2)[C@@H](C)[C@H]2O[C@@]12C
ANSACARBAMITOCIN B,CNC(=O)O[C@H]1CC(=O)N([C@H]2O[C@@H](COC(C)=O)[C@H](OC(N)=O)[C@@H](O)[C@@H]2O)c2cc(cc(O)c2Cl)C/C(C)=C/C=C/[C@@H](OC)[C@@]2(O)C[C@H](OC(=O)N2)[C@@H](C)[C@H]2O[C@@]12C
ANSACARBAMITOCIN C,CNC(=O)O[C@H]1CC(=O)N([C@H]2O[C@@H](CO)[C@H](OC(N)=O)[C@@H](OC)[C@@H]2O)c2cc(cc(O)c2Cl)C/C(C)=C/C=C/[C@@H](OC)[C@@]2(O)C[C@H](OC(=O)N2)[C@@H](C)[C@H]2O[C@@]12C
ANSACARBAMITOCIN D,CNC(=O)O[C@H]1CC(=O)N([C@H]2O[C@@H](CO)[C@H](OC(N)=O)[C@@H](O)[C@@H]2O)c2cc(cc(O)c2Cl)C/C(C)=C/C=C/[C@@H](OC)[C@@]2(O)C[C@H](OC(=O)N2)[C@@H](C)[C@H]2O[C@@]12C
ANSACARBAMITOCIN E,CNC(=O)O[C@H]1CC(=O)N([C@H]2O[C@@H](CO)[C@H](O)[C@@H](OC)[C@@H]2O)c2cc(cc(O)c2Cl)C/C(C)=C/C=C/[C@@H](OC)[C@@]2(O)C[C@H](OC(=O)N2)[C@@H](C)[C@H]2O[C@@]12C
ANSACARBAMITOCIN F,CNC(=O)O[C@H]1CC(=O)N([C@H]2O[C@@H](CO)[C@H](O)[C@@H](O)[C@@H]2O)c2cc(cc(O)c2Cl)C/C(C)=C/C=C/[C@@H](OC)[C@@]2(O)C[C@H](OC(=O)N2)[C@@H](C)[C@H]2O[C@@]12C
ANSACARBAMITOCIN A1,CNC(=O)O[C@H]1CC(=O)N([C@H]2O[C@@H](COC(C)=O)[C@H](OC(N)=O)[C@@H](OC)[C@@H]2O)c2cc(cc(O)c2Cl)C/C(C)=C/C=C/[C@@H](OC)[C@@]2(O)C[C@H](OC(=O)N2)[C@@H](C)/C=C/1C
ANSACARBAMITOCIN B1,CNC(=O)O[C@H]1CC(=O)N([C@H]2O[C@@H](COC(C)=O)[C@H](OC(N)=O)[C@@H](O)[C@@H]2O)c2cc(cc(O)c2Cl)C/C(C)=C/C=C/[C@@H](OC)[C@@]2(O)C[C@H](OC(=O)N2)[C@@H](C)/C=C/1C
"THIOUREA, N-(5-BROMO-2-PYRIDINYL)-N'-(2-(2-CHLORO-3-ETHOXY-6-FLUOROPHENYL)ETHYL)-",CCOc1ccc(F)c(CCNC(=S)Nc2ccc(Br)cn2)c1Cl
COMPSTATIN,CC[C@H](C)[C@H](N)C(=O)N[C@H]1CSSC[C@@H](C(=O)N[C@H](C(N)=O)[C@@H](C)O)NC(=O)[C@H](CCCNC(=N)N)NC(=O)[C@H](Cc2cnc[nH]2)NC(=O)[C@H](Cc2cnc[nH]2)NC(=O)CNC(=O)[C@H](Cc2c[nH]c3ccccc23)NC(=O)[C@H](CC(=O)O)NC(=O)[C@H](CCC(N)=O)NC(=O)[C@H](C(C)C)NC(=O)[C@H](C(C)C)NC1=O
E-GUGGULSTERONE,C/C=C1/C(=O)C[C@H]2[C@@H]3CCC4=CC(=O)CC[C@]4(C)[C@H]3CC[C@]12C
DAPHNIMACROPODINE A,C[C@@H]1CN2C(=O)CC[C@@]34C5=CCC[C@@H]5CCC5[C@H](O)OC[C@]53CC[C@H]1[C@H]24
DAPHNIMACROPODINE B,C[C@@H]1CN(C=O)[C@H]2[C@@H]1CC[C@@]1(CO)C(=O)CC[C@H]3CCC=C3[C@@]21CCC(=O)O
DAPHNIMACROPODINE C,C[C@@H]1CN(C=O)[C@H]2[C@@H]1CC[C@]13COC(=O)CC[C@]21C1=CCC[C@@H]1CCC3=O
DAPHNIMACROPODINES D,COC(=O)CC[C@@]12C3=CCC[C@@H]3CC[C@@H]3CN4C[C@@H](C)C(CC[C@@]31CO)C42
AMPHIDINOLIDE B7,C=C1/C=C(\C)[C@@H](C)C[C@H](O)CC(=O)[C@H](O)[C@@H](O)[C@H](C)C[C@H](C)OC(=O)/C(C)=C/CC/C=C/[C@@H]2O[C@H]2C[C@H](C)C1
AMPHIDINOLIDE B6,C=C1/C=C(\C)[C@@H](C)C[C@H](O)CC(=O)[C@H](O)[C@@H](O)[C@H](C)C[C@H](C)OC(=O)[C@@H](C)[C@@H](O)CCCC[C@@H]2O[C@H]2C[C@H](C)C1
AMPHIDINOLIDE H,C=C1/C=C(\C)[C@@H](C)C[C@H](O)CC(=O)[C@H](O)[C@@H](O)[C@H](C)C[C@H](CO)OC(=O)/C(C)=C/CC/C=C/[C@@H]2O[C@H]2C[C@H](C)C1
CORDYHEPTAPEPTIDE B,CC[C@H](C)[C@@H]1NC(=O)[C@H](Cc2ccccc2)N(C)C(=O)[C@H](Cc2ccccc2)NC(=O)CN(C)C(=O)[C@@H]2CCCN2C(=O)[C@@H](Cc2ccccc2)NC(=O)[C@H](CC(C)C)NC1=O
FURANOLIPID,CCCCCCC/C(C)=C/CC/C(C)=C/CCc1ccoc1
SCALARHERBACIN A,CC(=O)O[C@@H]1C[C@H]2[C@]3(C)CC[C@H]4C(C)(C)CCC[C@]4(C)[C@H]3C[C@H](O)[C@]2(C)[C@@H](C=O)[C@@H]1C(C)=O
EUJAVANICOL A,CC[C@@H](C)[C@H]1C=C[C@H]2[C@H](O)[C@H](O)C[C@@H](C)[C@@H]2[C@@]1(C)C(=O)CCO
EUJAVANICOL B,CC[C@@H](C)[C@H]1C=C[C@H]2[C@H](O)[C@@H](O)C[C@@H](C)[C@@H]2[C@@]1(C)C(=O)CCO
EUJAVANICOL C,CC[C@@H](C)C1=CC(=O)[C@H]2[C@H](O)[C@H](O)C[C@@H](C)[C@@H]2[C@@]1(C)C(=O)CCO
JABOROSALACTONE 43,CC1=C(C)C(=O)O[C@]2(C1)O[C@@]1(O)CC3C(CC=C4CC=CC(=O)[C@@]43C)C3CC[C@@](O)([C@@H]2C)[C@]31C
GISENOSIDE RK1,C=C(CCC=C(C)C)[C@H]1CC[C@]2(C)[C@@H]1[C@H](O)C[C@@H]1[C@@]3(C)CC[C@H](O[C@@H]4O[C@H](CO)[C@@H](O)[C@H](O)[C@H]4O[C@@H]4O[C@H](CO)[C@@H](O)[C@H](O)[C@H]4O)C(C)(C)[C@@H]3CC[C@]12C
GINSENOSIDE RG5,CC(C)=CC/C=C(\C)[C@H]1CC[C@]2(C)[C@@H]1[C@H](O)C[C@@H]1[C@@]3(C)CC[C@H](O[C@@H]4O[C@H](CO)[C@@H](O)[C@H](O)[C@H]4O[C@@H]4O[C@H](CO)[C@@H](O)[C@H](O)[C@H]4O)C(C)(C)[C@@H]3CC[C@]12C
BIDEBILINE E,COc1ccc2c(c1)c(-c1c3c4c(cc5c(c4c4ccc(OC)cc14)OCO5)CCN3)c1c3c(cc4c(c32)OCO4)CCN1
ALPHA-HUMULONE,C/C1=C\CC/C(C)=C/CC(C)(C)/C=C/C1
CODAMINE,COc1cc2c(cc1O)[C@H](Cc1ccc(OC)c(OC)c1)N(C)CC2
LAUDANIDINE,COc1ccc(C[C@H]2c3cc(OC)c(OC)cc3CCN2C)cc1O
PSAMMAPLYSENE C,CN(C)CCCOc1ccc(/C=C/C(=O)N(C)CCCOc2c(Br)cc(CCN(C)C)cc2Br)cc1Br
PSAMMAPLYSENE D,CN(C)CCCOc1c(Br)cc(/C=C/C(=O)N(C)CCCOc2c(Br)cc(CCN(C)C)cc2Br)cc1Br
GIGANTAMIDE A,CC1=CC(O)N(CCCCNC(=O)/C=C/c2ccccc2)C1=O
GRANDIAMIDE D,C=C(C(=O)NCCCCNC(=O)/C=C/c1ccccc1)[C@@H](O)CO
NEOLAMELLARIN A,O=C(Cc1ccc(O)cc1)n1cc(-c2ccc(O)cc2)c(-c2ccc(O)cc2)c1
ABACOPTERIN C,COc1ccc([C@@H]2C[C@@H]3O[C@H]4[C@H](Oc5c(C)c(O)c(C)c(c53)O2)O[C@H](CO)[C@@H](O)[C@@H]4O)cc1
NEOLAMELLARIN B,O=C(Cc1ccc(O)cc1)N1CC(c2ccc(O)cc2)=C(c2ccc(O)cc2)C1=O
5-HYDROXYNEOLAMELLARIN B,O=C(Cc1ccc(O)cc1)N1C(=O)C(c2ccc(O)cc2)=C(c2ccc(O)cc2)C1O
7-(R/S)-HYDROXYLAMELLARIN A,O=C(C(O)c1ccc(O)cc1)n1cc(-c2ccc(O)cc2)c(-c2ccc(O)cc2)c1
ABACOPTERIN E,Cc1c(O)c(C)c2c3c1O[C@@H]1O[C@H](CO)[C@@H](O)[C@H](O)[C@H]1O[C@H]3C[C@@H](c1ccc(O)cc1)O2
ABACOPTERIN F,Cc1c(O)c(C)c2c3c1O[C@@H]1O[C@H](CO)[C@@H](O)[C@H](O)[C@H]1O[C@@H]3C[C@@H](c1ccc(O)cc1)O2
KOPSIJASMININE,COC(=O)C1=C[C@@]23CCCN4CC[C@@]5(c6ccccc6N[C@]15CC2)[C@@H]43
MIRABAMIDE A,CCC(C)/C=C(C)/C=C\C(O)C(C)(O)C(=O)NCC(=O)N[C@H](C(=O)N[C@H](C(=O)N[C@H](C(=O)N[C@H]1C(=O)N[C@H](COC)C(=O)NCC(=O)N[C@@H](C)C(=O)N(C)[C@@H]([C@@H](C)O)C(=O)N[C@H]([C@H](OC)c2ccc(O[C@@H]3O[C@@H](C)[C@H](O)[C@@H](O)[C@H]3O)cc2)C(=O)N2CC[C@H](Cl)C[C@H]2C(=O)O[C@@H]1C(C)C)[C@@H](C)[C@@H](C)C(N)=O)[C@@H](C)N)[C@@H](C)O
MIRABAMIDE B,C/C=C(\NC(=O)[C@@H](NC(=O)CNC(=O)C(C)(O)C(O)/C=C\C(C)=C\C(C)CC)[C@@H](C)O)C(=O)N[C@H](C(=O)N[C@H]1C(=O)N[C@H](COC)C(=O)NCC(=O)N[C@@H](C)C(=O)N(C)[C@@H]([C@@H](C)O)C(=O)N[C@H]([C@H](OC)c2ccc(O[C@@H]3O[C@@H](C)[C@H](O)[C@@H](O)[C@H]3O)cc2)C(=O)N2CC[C@H](Cl)C[C@H]2C(=O)O[C@@H]1C(C)C)[C@@H](C)[C@@H](C)C(N)=O
MIRABAMIDE C,CCC(C)/C=C(C)/C=C\C(O)C(C)(O)C(=O)NCC(=O)N[C@H](C(=O)N[C@H](C(=O)N[C@H](C(=O)N[C@H]1C(=O)N[C@H](COC)C(=O)NCC(=O)N[C@@H](C)C(=O)N(C)[C@@H]([C@@H](C)O)C(=O)N[C@H]([C@H](OC)c2ccc(O)cc2)C(=O)N2CC[C@H](Cl)C[C@H]2C(=O)O[C@@H]1C(C)C)[C@@H](C)[C@@H](C)C(N)=O)[C@@H](C)N)[C@@H](C)O
MIRABAMIDE D,CCC(C)/C=C(C)/C=C\C(O)C(C)(O)C(=O)NCC(=O)N[C@H](C(=O)N[C@H](C(=O)N[C@H](C(=O)N[C@H]1C(=O)N[C@H](COC)C(=O)NCC(=O)N[C@@H](C)C(=O)N(C)[C@@H]([C@@H](C)O)C(=O)N[C@H]([C@H](OC)c2ccc(O[C@@H]3O[C@@H](C)[C@H](O)[C@@H](O)[C@H]3O)cc2)C(=O)N2CCCC[C@H]2C(=O)O[C@@H]1C(C)C)[C@@H](C)[C@@H](C)C(N)=O)[C@@H](C)N)[C@@H](C)O
PAPUAMIDE A,CCC(C)/C=C(C)/C=C\C(O)C(C)(O)C(=O)NCC(=O)N[C@H](C(=O)N[C@H](C(=O)N[C@H](C(=O)N[C@H]1C(=O)N[C@H](COC)C(=O)NCC(=O)N[C@@H](C)C(=O)N(C)[C@@H]([C@@H](C)O)C(=O)N[C@H]([C@H](OC)c2ccc(O)cc2)C(=O)N2CCCC[C@H]2C(=O)O[C@@H]1C(C)C)[C@@H](C)[C@@H](C)C(N)=O)[C@@H](C)N)[C@@H](C)O
ABACOPTERIN G,COCc1c(O)c(C)c2c3c1O[C@@H]1O[C@H](CO)[C@@H](O)[C@H](O)[C@H]1O[C@@H]3C[C@@H](c1ccc(O)cc1)O2
ABACOPTERIN H,COCc1c(O)c(C)c2c3c1O[C@@H]1O[C@H](CO)[C@@H](O)[C@H](O)[C@H]1O[C@@H]3C[C@@H](c1ccc(OC)cc1)O2
ABACOPTERIN I,COc1ccc([C@@H]2C[C@H]3O[C@H]4[C@H](Oc5c(C)c(O[C@@H]6O[C@H](CO)[C@@H](O)[C@H](O)[C@H]6O)c(C)c(c53)O2)O[C@H](CO)[C@@H](O)[C@@H]4O)cc1
NAAMIDINE H,COc1ccc(Cc2[nH]/c(=N\C3=NC(=O)N(C)C3=O)n(C)c2Cc2cc(OC)c(O)c(OC)c2)cc1
NAAMIDINE I,C/N=C1\N=C(/N=c2\[nH]c(Cc3ccc(OC)cc3)c(Cc3cc(OC)c(O)c(OC)c3)n2C)C(=O)N1C
PETROFORMYNIC ACID B,C#C[C@@H](O)/C=C/CCCCCCC#C[C@H](O)C#C/C=C/CC/C=C\CCCC/C=C\CCCCCCCCCCCCCC/C=C\C#CC(=O)O
PETROFORMYNIC ACID C,C#C[C@@H](O)/C=C/CCCCCCC#C[C@H](O)C#C/C=C/CC/C=C\CCCC/C=C\CCCCCCCCCCCCCCCCC#CC(=O)O
ERUBERIN A,COc1ccc([C@@H]2C[C@H]3O[C@H]4[C@H](Oc5c(C)c(O)c(C)c(c53)O2)O[C@H](CO)[C@@H](O)[C@@H]4O)cc1
BRUCEANTINOL B,CC(=O)OC(C)(C)/C(C)=C/C(=O)O[C@H]1C(=O)O[C@@H]2C[C@H]3C(C)=C(O)C(=O)C[C@]3(C)[C@H]3[C@@H](O)[C@H](O)[C@@]4(C(=O)O)OC[C@]32[C@@H]14
BRUCEINE J,CC1=C(O)C(=O)C[C@]2(C)[C@H]3[C@@H](O)[C@H](O)[C@@]4(C(=O)O)OC[C@@]35[C@@H](C[C@@H]12)OC(=O)[C@H](OC(=O)CC(C)C)[C@@H]45
ERUBERIN B,COc1ccc([C@@H]2C[C@@H](O)c3c(O[C@@H]4O[C@H](CO)[C@@H](O)[C@H](O)[C@H]4O)c(C)c(O[C@@H]4O[C@H](CO)[C@@H](O)[C@H](O)[C@H]4O)c(C)c3O2)cc1
TRIPHYLLIN A,COc1ccc([C@@H]2C[C@@H](O)c3c(c(C)c(O[C@@H]4O[C@H](CO)[C@@H](O)[C@H](O)[C@H]4O)c(CO)c3O[C@@H]3O[C@H](CO)[C@@H](O)[C@H](O)[C@H]3O)O2)cc1
ISOQUERCETIN,O=c1c(O[C@@H]2O[C@H](CO)[C@@H](O)[C@H](O)[C@H]2O)c(-c2ccc(O)c(O)c2)oc2cc(O)cc(O)c12
BRUCEINE A,COC(=O)[C@@]12OC[C@]34[C@H]([C@@H](O)[C@@H]1O)[C@@]1(C)CC(=O)C(O)=C(C)[C@@H]1C[C@H]3OC(=O)[C@H](OC(=O)CC(C)C)[C@@H]24
DIHYDROCHELERYTHRINE,COc1ccc2c(c1OC)CN(C)c1c-2ccc2cc3c(cc12)OCO3
LUCIDAMINE A,COc1ccc2c(c1OC)[C@H](CC(C)=O)N(C)c1c-2ccc2cc(O)c(O)cc12
LUCIDAMINE B,C=CC(C)(C)c1c(O)c(O)c(C(C)(C)C=C)c2c3c(ccc12)-c1ccc(OC)c(OC)c1[C@H](CC(C)=O)N3C
SESAMIN,c1cc2c(cc1[C@H]1OC[C@H]3[C@@H]1CO[C@@H]3c1ccc3c(c1)OCO3)OCO2
FOGARAMIDE,CC(C)CNC(=O)/C=C/c1ccc2c(c1)OCO2
SPICATOLIDES D,COCC1=C2/C(=C\[C@@]3(C)CC[C@](O)(O3)[C@@](C)(O)C[C@@H]2O)OC1=O
SPICATOLIDE E,C/C=C(\C)C(=O)O[C@H]1C[C@](C)(O)[C@]2(O)CC[C@](C)(/C=C3/OC(=O)C(COC)=C31)O2
SPICATOLIDE F,COCC1=C2[C@@H](O)C[C@@]3(C)O[C@]2(C[C@](C)(O)CCC3=O)OC1=O
SPICATOLIDE G,COCC1=C2[C@@H](OC(C)=O)C[C@@]3(C)O[C@@]2(OC1=O)[C@H](O)[C@@]1(C)CC[C@]3(O)O1
SPICATOLIDE H,C=C1CC[C@@H]2[C@H](OC(=O)[C@H]2C)[C@H]2[C@H](C)OC(=O)C[C@@H]12
PITOCARPHIN D,CC(=O)OCC1=C2/C(=C\[C@@]3(C)CC[C@](O)(O3)[C@@](C)(O)C[C@@H]2O)OC1=O
SPICATOLIDE A,CC(=O)OCC1=C2[C@@H](OC(C)=O)C[C@@]3(C)O[C@]2(C[C@](C)(O)CCC3=O)OC1=O
CITROMYCIN,Cc1cc(=O)c2c(o1)-c1cc(O)c(O)cc1OC2
MARMYCIN A,CCC[C@]12C[C@@H](O[C@H](C)[C@H]1O)c1ccc3c(c1N2)C(=O)c1ccc2cc(C)ccc2c1C3=O
MARMYCIN B,CCC[C@]12C[C@@H](O[C@H](C)[C@H]1O)c1cc(Cl)c3c(c1N2)C(=O)c1ccc2cc(C)ccc2c1C3=O
EPICOCCIN A,O=C1C[C@H]2SS[C@@]34C[C@@H]1[C@@H]([C@H]2O)N3C(=O)[C@@]12C[C@H]3C(=O)C[C@@H](S1)[C@H](O)[C@H]3N2C4=O
EPICOCCIN B,O=C1C[C@@H]2SS[C@@]34C[C@@H]1[C@@H]([C@H]2O)N3C(=O)[C@@]12C[C@H]3C(=O)[C@H](S1)[C@H](O)[C@H](O)[C@H]3N2C4=O
EPICOCCIN C,O=C1C[C@@H]2SS[C@@]34C[C@@H]1[C@@H]([C@H]2O)N3C(=O)[C@@]12C[C@H]3C(=O)C[C@H](SS1)[C@H](O)[C@H]3N2C4=O
EPICOCCIN D,O=C1C[C@@H]2S[C@@]34C[C@@H]1[C@@H]([C@H]2O)N3C(=O)[C@@]12C[C@H]3C(=O)C[C@H](S1)[C@H](O)[C@H]3N2C4=O
KOPSILOSCINE A,COC(=O)N1c2ccccc2[C@@]23CCN4CC=C[C@]5(CC[C@]12C(O)(C(=O)OC)C5O)[C@H]43
KOPSILOSCINE B,COC(=O)N1c2ccccc2[C@@]23CCN4CCC[C@]5(CC[C@]12[C@](O)(C(=O)OC)[C@H]5O)[C@H]43
KOPSILOSCINE C,COC(=O)N1c2ccccc2[C@@]23CCN4CC[C@H](O)[C@@]5(CC[C@]12[C@](O)(C(=O)OC)[C@H]5O)[C@H]43
KOPSILOSCINE D,COC(=O)N1c2ccc(OC)cc2[C@@]23CCN4CCC[C@]5(CC[C@]12[C@](O)(C(=O)OC)[C@H]5O)[C@H]43
KOPSILOSCINE E,COC(=O)N1c2ccc(OC)cc2[C@@]23CCN4CC[C@H](O)[C@@]5(CC[C@]12[C@](O)(C(=O)OC)[C@H]5O)[C@H]43
KOPSILOSCINE F,COC(=O)N1c2c(OC)cccc2[C@@]23CCN4CC[C@H](O)[C@@]5(CC[C@]12[C@](O)(C(=O)OC)[C@H]5O)[C@H]43
ASPIDOPHYLLINE A,C/C=C1/CN(C=O)[C@H]2C[C@H]1C(C(=O)OC)[C@@]13CCO[C@@]21Nc1ccccc13
VINCOPHYLLINE,C/C=C1/CN2CC[C@@]34c5ccccc5C[C@@]23CC[C@H]1C4(CO)C(=O)OC
BONDUCELLPIN E,COC(=O)[C@@H]1c2ccoc2C[C@H]2[C@H]1[C@@H](OC(C)=O)[C@H](O)[C@@]1(O)C(C)(C)CCC(=O)[C@]21C
BONDUCELLPIN F,C=C1c2ccoc2C[C@H]2[C@H]1[C@@H](OC(C)=O)[C@H](O)[C@@]1(O)C(C)(C)CCC(=O)[C@]21C
BONDUCELLPIN G,C=C1c2ccoc2C[C@H]2[C@H]1[C@@H](O)[C@H](OC(C)=O)[C@@]1(O)C(C)(C)CC[C@H](OC(C)=O)[C@]21C
GLIOCLADININ A,COC1=C(c2ccc(OC)cc2)C(=O)[C@H](O)[C@@](O)(c2ccc(OC)cc2)C1
GLIOCLADININ B,COc1ccc(-c2cc(O)c(-c3ccc(OC)cc3)c(O)c2O[C@@H]2O[C@H](CO)[C@@H](O)[C@H](O)[C@H]2O)cc1
9-N-METHYL-8-METHOXY-MANZAMINE A,COc1cccc2c3ccnc(C4=C[C@@]5(O)CC/C=C\CCCCN6CCC4[C@]4(C[C@@H]7/C=C\CCCCN7[C@H]45)C6)c3n(C)c12
9-N-ETHYL-8-ETHOXY-MANZAMINE A,CCOc1cccc2c3ccnc(C4=C[C@@]5(O)CC/C=C\CCCCN6CCC4[C@]4(C[C@@H]7/C=C\CCCCN7[C@H]45)C6)c3n(CC)c12
9-N-ISOBUTYL-8-ISOBUTYLOXY-MANZAMINE A,CC(C)COc1cccc2c3ccnc(C4=C[C@@]5(O)CC/C=C\CCCCN6CCC4[C@]4(C[C@@H]7/C=C\CCCCN7[C@H]45)C6)c3n(CC(C)C)c12
6-Deoxymanzamine X,O[C@]12C=C(c3nccc4c3[nH]c3ccccc34)C3CCN(CCCC/C=C\CC1)C[C@@]31C[C@]34CC[C@H](CCCN3[C@H]12)O4
TETRAHYDRO-8-HYDROXYMANZAMINE A,Oc1cccc2c1[nH]c1c(C3=C[C@@]4(O)CCCCCCCCN5CCC3[C@]3(C[C@@H]6CCCCCCN6[C@H]34)C5)nccc12
INDIRUBIN 1,CC(=O)O/N=C1C(=C2/C(=O)Nc3cc(Cl)c(Cl)cc32)/Nc2ccccc2/1
INDIRUBIN 2,O=C1Nc2ccc(Br)cc2/C1=C1/Nc2ccccc2/C1=N\O
MANZAMINE E,O=C1CCCN2[C@@H](CC1)C[C@]13CN4CCCC/C=C\CC[C@](O)(C=C(c5nccc6c5[nH]c5ccccc56)C1CC4)[C@H]23
MANZAMINE F,O=C1CCCN2[C@@H](CC1)C[C@]13CN4CCCC/C=C\CC[C@](O)(C=C(c5nccc6c5[nH]c5c(O)cccc56)C1CC4)[C@H]23
"12,13-DEHYDROMANZAMINE A",C1=C(c2nccc3c2[nH]c2ccccc23)C2CCN3CCCC/C=C\C/C=C/1[C@@H]1N4CCCC/C=C\[C@H]4C[C@]21C3
"12,13-DEHYDRO-8-O-ACETYLMANZAMINE A",CC(=O)Oc1cccc2c1[nH]c1c(C3=C/C4=C/C/C=C\CCCCN5CCC3[C@]3(C[C@@H]6/C=C\CCCCN6[C@@H]43)C5)nccc12
HYMENIALDISINE 2,CC(=O)NC1=NC(=O)/C(=C2\CCNC(=O)c3c2cc(Br)n3C(C)=O)N1
4'-METHOXYMAGNALEDEHYDE B,C=CCc1cc(-c2cc(/C=C/C=O)ccc2O)ccc1OC
MAGNOLIGNAN,C=CCc1cc(-c2cc(CC(O)CO)ccc2O)ccc1O
SYRINGIN,COc1cc(/C=C/CO)cc(OC)c1O[C@@H]1O[C@H](CO)[C@@H](O)[C@H](O)[C@H]1O
SINAPALDEHYDE GLUCOSIDE,COc1cc(/C=C/C=O)cc(OC)c1O[C@@H]1O[C@H](CO)[C@@H](O)[C@H](O)[C@H]1O
MAGNALEDEHYDE B,C=CCc1cc(-c2cc(/C=C/C=O)ccc2O)ccc1O
MAGNALEDEHYDE E,C=CCc1cc(-c2cc(C=O)ccc2O)ccc1O
BRANDISIANIN A,COc1cc(-c2coc3cc(O)cc(O)c3c2=O)c(OC)cc1OCC=C(C)C
BRANDISIANIN B,C=C(C)[C@H]1Cc2c(cc(O)c3c(=O)c(-c4cc(OC)c(O)cc4OC)coc23)O1
CESPITULACTAM D,C=C1CC[C@@H]2CCC3=C([C@@H](C/C(C)=C/[C@@H](O)C1)NC3=O)C2(C)C
CESPITULACTAM E,C=C1CC[C@@H]2CCC3=C([C@@H](C/C(C)=C/[C@@H](OC(C)=O)C1)NC3=O)C2(C)C
CESPITULACTAM F,C=C1CC[C@@H]2CCC3=C(C2(C)C)[C@@](O)(C/C(C)=C/[C@@H](O)C1)NC3=O
CESPITULACTAM G,C=C1CC[C@@H]2CCC3=C(C2(C)C)[C@@](O)(C/C(C)=C/[C@@H](O)C1)N(CC)C3=O
CESPITULACTAM H,C=C1CC[C@@H]2CCC3=C([C@@H](C/C(C)=C/[C@@H](O)C1)N(C)C3=O)C2(C)C
CESPITULACTAM I,C=C1CC[C@@H]2CCC3C(=O)N/C(=C/C(C)C[C@@H](O)C1)C3(O)C2(C)C
CESPITULACTAM J,C=C1CC[C@@H]2CCC3=C([C@@H](C/C(C)=C/[C@@H](O)C1)N(CCc1c[nH]c4ccccc14)C3=O)C2(C)C
CESPITULACTAM K,C=C1CC[C@@H]2CC[C@@H]3C(=O)N(CCc4ccc(O)cc4)C(=C3C2(C)C)C/C(C)=C/[C@@H](O)C1
BRANDISIANIN C,COc1cc(-c2coc3c(CC=C(C)C)c(O)cc(O)c3c2=O)c(OC)cc1O
BRANDISIANIN D,COc1cc(-c2coc3c4c(cc(O)c3c2=O)O[C@@](C)(CO)C=C4)c(OC)cc1O
BRANDISIANIN E,COc1cc(-c2coc3c(C/C=C(\C)CO)c(O)cc(O)c3c2=O)c(OC)cc1O
BRANDISIANIN F,COc1cc2c(cc1O)[C@@H]1Oc3c(cc(OC)c(OC)c3O)[C@@H]1CO2
VIRIDIFLORIN,COc1cc(-c2coc3cc(O)c(CC=C(C)C)c(O)c3c2=O)c(OC)cc1O
OLIBERGIN A,COc1cc(-c2coc3cc(O)cc(O)c3c2=O)c(OC)cc1O
VERNOMYGDIN,C=C1C(=O)O[C@@H]2/C=C3\CCC4OC4(C[C@H](OC(=O)C(C)C)[C@@H]12)C(O)OC3
BACILLAMIDE A,CC(=O)c1nc(C(=O)NCCc2c[nH]c3ccccc23)cs1
BACILLAMIDE B,C[C@@H](O)c1nc(C(=O)NCCc2c[nH]c3ccccc23)cs1
BACILLAMIDE C,CC(=O)N[C@H](C)c1nc(C(=O)NCCc2c[nH]c3ccccc23)cs1
EUPATOROXIN,C=C1C(=O)O[C@H]2[C@H]1[C@H](OC(=O)/C(C)=C\C)C[C@]1(CO1)[C@@H]1[C@H](O)[C@H]3O[C@@]3(C)[C@]21O
EUPATUNDIN,C=C1C(=O)O[C@H]2[C@H]1[C@H](OC(=O)/C(C)=C\C)CC(=C)[C@@H]1[C@H](O)[C@H]3O[C@@]3(C)[C@@]12O
EUPAROTIN ACETATE,C=C1C(=O)O[C@H]2[C@H]1[C@H](OC(=O)/C(C)=C\C)C[C@]1(CO1)[C@@H]1[C@H](OC(C)=O)C=C(C)[C@]21O
MIMOSINE,NC(Cn1ccc(=O)c(O)c1)C(=O)O
COELONIN,COc1ccc2c(c1)CCc1cc(O)cc(OC)c1-2
BULBOPHYLLANTHRIN,COc1cc2ccc3cccc(O)c3c2c(OC)c1O
DENBINOBIN,COC1=CC(=O)c2ccc3cc(OC)cc(O)c3c2C1=O
ERIANTHRIDIN,COc1c(O)cc2c(c1OC)-c1ccc(O)cc1CC2
NUDOL,COc1c(O)cc2ccc3cc(O)ccc3c2c1OC
EPHEMERANTHOL A,COc1cc2c(c(O)c1OC)-c1ccc(O)cc1CC2
LUSIANTHRIDIN,COc1cc(O)c2c(c1)CCc1cc(O)ccc1-2
FIMBRIOL B,COc1c(O)c(O)cc2ccc3cccc(O)c3c12
PLICATOL A,COc1c(OC)c2cc(O)cc(OC)c2c2c(O)cccc12
ELEPHANTIN,C=C1C(=O)O[C@H]2[C@H]1[C@@H](OC(=O)C=C(C)C)CC1=C[C@@H](C[C@@]3(C)O[C@H]23)OC1=O
ELEPHANTOPIN,C=C(C)C(=O)O[C@H]1CC2=C[C@@H](C[C@@]3(C)O[C@@H]3[C@H]3OC(=O)C(=C)[C@@H]31)OC2=O
ISODACTYLOXENE,C=C[C@]1(C)CC[C@H]2C(C)=CC[C@@H](C)[C@]2(C)O1
LAURENMARIALLENE,CC/C(Br)=C/C=C\C1=C(Br)[C@H]2O[C@H](C=C=CBr)C[C@H]2O1
VERNODALIN,C=C[C@@]12COC(=O)C(=C)[C@@H]1[C@H]1OC(=O)C(=C)[C@@H]1[C@@H](OC(=O)C(=C)CO)C2
LIATRIN,C=C1C(=O)O[C@@H]2/C=C(/C)[C@@]3(O)C=C[C@@](C)(C[C@@H](OC(=O)/C(=C\C)COC(C)=O)[C@@H]12)O3
ERYLOSIDE R,C[C@H](CCC(C)(O)C(C)(C)C)C1CC[C@@]2(C(=O)O)C3=C(CC[C@]12C)[C@@]1(C)CC[C@H](O[C@@H]2O[C@H](CO)[C@H](O)[C@H](O)[C@H]2O)C(C)(C)[C@@H]1CC3
ERYLOSIDE S,CC(=O)OC(C)(CC[C@@H](C)C1CC[C@@]2(C(=O)O)C3=C(CC[C@]12C)[C@@]1(C)CC[C@H](O[C@@H]2O[C@H](CO)[C@H](O)[C@H](O)[C@H]2O)C(C)(C)[C@@H]1CC3)C(C)C
ERYLOSIDE T,C[C@H](CCC(C)(O)C(C)(C)C)C1CC[C@]23C(=O)O[C@]4(CC[C@]12C)C3=CC[C@H]1C(C)(C)[C@@H](O[C@@H]2O[C@H](CO)[C@H](O)[C@H](O)[C@H]2O)CC[C@@]14C
ERYLOSIDE F6,CC(=O)N[C@H]1[C@H](O[C@H]2[C@H](O[C@H]3CC[C@]4(C)C5=C(CC[C@H]4C3(C)C)[C@]3(C(=O)O)CCC([C@H](C)CCC(C)(OC(C)=O)C(C)C)[C@@]3(C)CC5)O[C@H](CO)[C@H](O)[C@@H]2O)O[C@H](CO)[C@@H](O)[C@@H]1O
ERYLOSIDE F7,C[C@H](CCC(C)(O)C(C)(C)C)C1CC[C@@]2(C(=O)O)C3=C(CC[C@]12C)[C@@]1(C)CC[C@H](O[C@@H]2O[C@H](CO)[C@H](O)[C@H](O[C@@H]4O[C@H](CO)[C@@H](O)[C@H](O)[C@H]4O)[C@H]2O)C(C)(C)[C@@H]1CC3
ERYLOSIDE V,C[C@H](CCC(C)(O)C(C)(C)C)C1CC[C@@]2(C(=O)O)C3=C(CC[C@]12C)[C@@]1(C)CC[C@H](O[C@@H]2OC[C@H](O)[C@H](O[C@@H]4OC[C@@H](O)[C@H](O)[C@H]4O)[C@H]2O[C@@H]2O[C@H](CO)[C@H](O)[C@H](O)[C@H]2O)C(C)(C)[C@@H]1CC3
DIAULUSTEROL B,C[C@H](CCCC(C)(C)O)[C@H]1CC[C@H]2C3=CC(=O)C4=C[C@H](O)[C@H](O)C[C@]4(C)[C@H]3CC[C@]12C
HYOUSTERONE A,C[C@H](CCCC(C)(C)O)[C@H]1CC[C@@]2(O)C3=CC(=O)C4=C[C@H](O)[C@H](O)C[C@]4(C)[C@H]3CC[C@]12C
HYOUSTERONE B,C[C@H](CCCC(C)(C)O)[C@H]1CC[C@]2(O)C3=CC(=O)C4=C[C@H](O)[C@H](O)C[C@]4(C)[C@H]3CC[C@]12C
HYOUSTERONE C,C[C@H](CCCC(C)(C)O)[C@H]1CC[C@@]2(O)C3=CC(=O)C4=C[C@H](O)[C@H](O)C[C@]4(C)[C@@]3(O)CC[C@]12C
HYOUSTERONE D,C[C@H](CCCC(C)(C)O)[C@H]1CC[C@]2(O)C3=CC(=O)C4=C[C@H](O)[C@H](O)C[C@]4(C)[C@@]3(O)CC[C@]12C
ABEOHYOUSTERONE,C[C@H](CCC(C)(C)O)[C@H]1CCC(=O)[C@]23CC(=O)C4=C[C@H](O)[C@H](O)C[C@]4(C)[C@H]2CC[C@]13C
EMECORRGATIN A,CC(=C/C(C)=C\[C@]1(C)O[C@@H](C)[C@]2(C)O[C@@H]21)/C=C(C)\C=C(C)/C=C(\C)[C@@H]1OC(=O)C(C)(C)C(=O)[C@H]1C
COCCIDIOSTATIN A,CC1=C[C@@]2(C)O[C@@H](C)[C@@](C)(O)[C@H]2[C@@H]1/C=C/C=C/C=C/C=C/C1(C)C2OC(=O)C1(C)C(=O)C2C
KADSURALIGNAN H,COc1cc([C@@H]2c3c(cc(OC)c(OC)c3O)C[C@@H](C)[C@H]2C)cc2c1OCO2
KADSURALIGNAN I,C/C=C(\C)C(=O)Oc1c(OC)c(OC)cc2c1-c1c(cc3c(c1OC)OCO3)[C@H](O)[C@H](C)[C@H](C)C2
KADSURALIGNAN J,CCC(C)C(=O)Oc1c(OC)c(OC)cc2c1-c1c(cc3c(c1OC)OCO3)[C@H](O)[C@H](C)[C@H](C)C2
KADSURALIGNAN K,COc1cc2c(c(OC(=O)c3ccccc3)c1OC)-c1c(cc3c(c1OC)OCO3)[C@H](O)[C@H](C)[C@H](C)C2
KADSURALIGNAN E,COC1=C(OC)[C@]23COc4c5c(cc(c42)[C@H](OC(=O)c2ccccc2)[C@H](C)[C@](C)(O)[C@@H](OC(C)=O)C3=CC1=O)OCO5
KADSURALIGNAN F,C/C=C(/C)C(=O)O[C@H]1C2=CC(=O)C(OC)=C(OC)[C@@]23COc2c4c(cc(c23)[C@H](OC(C)=O)[C@H](C)[C@]1(C)O)OCO4
TINOSPOSINENSIDE A,CC(=O)O[C@H]1CCC(=O)[C@]2(CO[C@@H]3O[C@H](CO)[C@@H](O)[C@H](O)[C@H]3O)CC[C@H]3C(=O)O[C@H](c4ccoc4)C[C@@]3(C)[C@H]12
TINOSPOSINENSIDE B,CC(=O)O[C@@H]1[C@@H]2[C@H](CC[C@H]3C(=O)O[C@H](c4ccoc4)C[C@@]23C)[C@H](O[C@@H]2O[C@H](CO)[C@@H](O)[C@H](O)[C@H]2O)C[C@@H]1OC(C)=O
TINOSPOSINENSIDE C,CC(=O)O[C@@H]1[C@@H]2[C@H](CC[C@H]3C(=O)O[C@H](c4ccoc4)C[C@@]23C)[C@H](O[C@@H]2O[C@H](CO)[C@@H](O)[C@H](O)[C@H]2O)C[C@@H]1O
TINOSINENSIDE,CC1=CC(=O)[C@@H]2C3[C@H](C(C)(C)O[C@@H]4O[C@H](CO[C@@H]5OC[C@](O)(CO)[C@H]5O)[C@@H](O)[C@H](O)[C@H]4O)CCC2(C)[C@@H]13
DEHYDROOOPODIN,C=C1C(=O)O[C@@H]2[C@H]1CC[C@]1(C)[C@H](OC(=O)/C(C)=C/C)C=CC(=C)[C@@H]21
OOPODIN,C=C1C=C[C@@H](OC(=O)/C(C)=C/C)[C@@]2(C)CC[C@@H]3[C@@H](OC(=O)[C@@H]3C)[C@H]12
NIPHATOXIN C,C(=C\CCCC[n+]1cccc(C/C=C\CCCCCCc2cccnc2)c1)\CCCCCCc1cccnc1
Rubiadin,Cc1c(O)cc2c(c1O)C(=O)c1ccccc1C2=O
SCUTIFOLAMIDE A,CC(C)CNC(=O)/C=C/C=C\c1ccc2c(c1)OCO2
SCUTIFOLIAMIDE B,CC(=O)C(C)(C)CNC(=O)/C=C/C=C\c1ccc2c(c1)OCO2
PIPEROLACTAM C,COc1c(OC)c(OC)c2c3c(cc4ccccc42)NC(=O)c13
PIPEROVATINE,COc1ccc(C/C=C/C=C/C(=O)NCC(C)C)cc1
PIPERLONGUMININE,CC(C)CNC(=O)/C=C/C=C/c1ccc2c(c1)OCO2
CORCOVADINE,CC(=O)OC(C)(C)CNC(=O)/C=C/C=C/c1ccc2c(c1)OCO2
ISOPIPERLONGUMININE,CC(C)CNC(=O)/C=C\C=C/c1ccc2c(c1)OCO2
ISOCORCOVADINE,CC(=O)OC(C)(C)CNC(=O)/C=C\C=C/c1ccc2c(c1)OCO2
PAVIETIN,CC[C@@H](CO)COc1cc2c(C)cc(=O)oc2cc1O
TAURAMAMIDE,CC(C)CCCCCC(=O)N[C@H](Cc1ccc(O)cc1)C(=O)N[C@@H](CO)C(=O)N[C@H](CC(C)C)C(=O)N[C@@H](Cc1c[nH]c2ccccc12)C(=O)N[C@@H](CCCNC(=N)N)C(=O)O
TAURAMAMIDE ETHYL ESTER,CCOC(=O)[C@H](CCCNC(=N)N)NC(=O)[C@H](Cc1c[nH]c2ccccc12)NC(=O)[C@@H](CC(C)C)NC(=O)[C@H](CO)NC(=O)[C@@H](Cc1ccc(O)cc1)NC(=O)CCCCCC(C)C
VARIECOLORIN A,C=CC(C)(C)c1[nH]c2ccc(C[C@@H](O)C(C)(C)Cl)cc2c1/C=C1\NC(=O)[C@H](C)NC1=O
VARIECOLORIN B,C=CC(C)(C)c1[nH]c2ccc(C[C@@H](Cl)C(C)(C)O)cc2c1/C=C1\NC(=O)[C@H](C)NC1=O
VARIECOLORIN C,C=CC(C)(C)c1[nH]c2ccc(C[C@@H](O)C(=C)C)cc2c1/C=C1\NC(=O)[C@H](C)NC1=O
VARIECOLORIN D,C=CC(C)(C)c1[nH]c2ccc(C[C@H]3OC(C)(C)OC3(C)C)cc2c1/C=C1\NC(=O)[C@H](C)NC1=O
VARIECOLORIN E,C=CC(C)(C)c1[nH]c2ccc(CC(=O)C(C)C)cc2c1/C=C1\NC(=O)[C@H](C)NC1=O
VARIECOLORIN F,C=CC(C)(C)c1[nH]c2c(C[C@@H](O)C(C)(C)Cl)cccc2c1/C=C1\NC(=O)[C@H](C)NC1=O
VARIECOLORIN G,C=CC(C)(C)c1[nH]c2c(CC=C(C)C)cccc2c1/C=C1\NC(=O)[C@H](C)NC1=O
VARIECOLORIN H,C=CC(C)(C)c1[nH]c2ccccc2c1/C=C1\NC(=O)C(C)(OC)NC1=O
VARIECOLORIN I,C=CC(C)(C)c1[nH]c2ccc(CC=C(C)C)cc2c1/C=C1\NC(=O)C(C)(OC)NC1=O
VARIECOLORIN J,C=CC(C)(C)c1[nH]c2ccc(CC=C(C)C)cc2c1/C=C1\NC(=O)C(=O)NC1=O
VARIECOLORIN K,C=CC(C)(C)c1[nH]c2cc3c(cc2c1/C=C1\NC(=O)[C@H](C)NC1=O)C[C@H](C(C)(C)O)OC3(C)C
VARIECOLORIN L,C=CC(C)(C)c1[nH]c2ccc(CC=C(C)C)c(CC=C(C)C)c2c1C[C@@H]1NC(=O)[C@H](C)NC1=O
DIHYDROXYISOECHINULIN A,C=CC(C)(C)c1[nH]c2ccc(C[C@@H](O)C(C)(C)O)cc2c1/C=C1\NC(=O)[C@H](C)NC1=O
ISOECHINULIN A,C=CC(C)(C)c1[nH]c2ccc(CC=C(C)C)cc2c1/C=C1\NC(=O)[C@H](C)NC1=O
NEOECHINULIN A,C=CC(C)(C)c1[nH]c2ccccc2c1/C=C1\NC(=O)[C@H](C)NC1=O
ECHINULIN,C=CC(C)(C)c1[nH]c2c(CC=C(C)C)cc(CC=C(C)C)cc2c1C[C@@H]1NC(=O)[C@H](C)NC1=O
TARDIOXOPIPERAZINE B,C=CC(C)(C)c1[nH]c2c(CC=C(C)C)cccc2c1C[C@@H]1NC(=O)[C@H](C)NC1=O
TARDIOXOPIPERAZINE A,C=CC(C)(C)c1[nH]c2ccc(CC=C(C)C)cc2c1C[C@@H]1NC(=O)[C@H](C)NC1=O
PREECHINULIN,C=CC(C)(C)c1[nH]c2ccccc2c1C[C@@H]1NC(=O)[C@H](C)NC1=O
CRYPTOECHINULINE G,C=CC(C)(C)c1[nH]c2ccc(CC=C(C)C)c(CC=C(C)C)c2c1/C=c1\[nH]c(=O)c(=C)[nH]c1=O
DANKASTERONE A,CC(C)[C@@H](C)/C=C/[C@@H](C)[C@H]1CCC(=O)[C@]23CC(=O)C4=CC(=O)CC[C@]4(C)[C@H]2CC[C@]13C
DANKASTERONE B,CC(C)[C@@H](C)/C=C/[C@@H](C)[C@H]1CCC(=O)[C@]23CC(=O)[C@@H]4CC(=O)CC[C@]4(C)[C@H]2CC[C@]13C
GYMNASTERONE A,CCCCCC[C@H](C)/C=C(C)/C=C/C(=O)N[C@]1(C=O)C[C@H]2C[C@H]([C@H](C)/C=C/[C@H](C)C(C)C)[C@@]3(C)CC[C@H]4C(=C1C(=O)C1=C[C@@H](O)CC[C@@]14C)[C@@]23O
GYMNASTERONE B,CC(C)[C@@H](C)/C=C/[C@@H](C)[C@H]1C[C@H]2O[C@]23C2=CC(=O)[C@@H]4CC(=O)CC[C@]4(C)[C@H]2CC[C@]13C
GYMNASTERONE C,CC(C)[C@@H](C)/C=C/[C@@H](C)[C@H]1CC(=O)C2=C3C=CC4=C[C@@H](O)CC[C@]4(C)[C@H]3CC[C@@]21C
GYMNASTERONE D,CC(C)[C@@H](C)/C=C/[C@@H](C)[C@H]1CC(=O)C2=C3C=CC4=CC(=O)CC[C@]4(C)[C@H]3CC[C@@]21C
SERINOCYCLIN A,NCC[C@H](O)C[C@H]1NC(=O)[C@H](CO)NC(=O)[C@@H]2C[C@@H](O)CN2C(=O)C2(CC2)NC(=O)[C@H](CO)NC(=O)[C@@H](CO)NC(=O)CCNC1=O
ISOECHINULIN B,C=CC(C)(C)c1[nH]c2ccc(CC=C(C)C)cc2c1/C=c1\[nH]c(=O)c(=C)[nH]c1=O
NEOECHINULIN B,C=CC(C)(C)c1[nH]c2ccccc2c1/C=c1\[nH]c(=O)c(=C)[nH]c1=O
COUMAPHOS,CCOP(=S)(OCC)Oc1ccc2c(C)c(Cl)c(=O)oc2c1
CROTONKININ A,C=C1C[C@]23C(=O)C[C@H]4C(C)(C)CCC[C@]4(C)[C@H]2CC[C@H]1[C@@H]3O
VALTRATE,CC(=O)OCC1=CO[C@@H](OC(=O)CC(C)C)[C@H]2C1=C[C@H](OC(=O)CC(C)C)[C@]21CO1
CHARANTOSIDE I,C=C(C)/C=C/C[C@@H](C)[C@H]1CC[C@@]2(C)[C@@H]3C=C[C@@]45O[C@@H](OC)[C@]3(CC[C@]12C)[C@@H]4CC[C@H](O[C@@H]1O[C@H](CO)[C@@H](O)[C@H](O)[C@H]1O)C5(C)C
CHARANTOSIDE II,CO[C@@H]1O[C@]23C=C[C@@H]4[C@@]1(CC[C@]1(C)[C@@H]([C@H](C)C[C@H](C=C(C)C)OC)CC[C@@]41C)[C@@H]2CC[C@H](O[C@@H]1O[C@H](CO)[C@@H](O)[C@@H](O)[C@H]1O)C3(C)C
GOYAGLYCOSIDE C,COC1O[C@]23C=C[C@@H]4[C@@]1(CC[C@]1(C)[C@@H]([C@H](C)C/C=C/C(C)(C)OC)CC[C@@]41C)[C@@H]2CC[C@H](O[C@@H]1O[C@H](CO)[C@@H](O)[C@H](O)[C@H]1O)C3(C)C
GOYAGLYCOSIDE D,COC1O[C@]23C=C[C@@H]4[C@@]1(CC[C@]1(C)[C@@H]([C@H](C)C/C=C/C(C)(C)OC)CC[C@@]41C)[C@@H]2CC[C@H](O[C@@H]1O[C@H](CO)[C@@H](O)[C@@H](O)[C@H]1O)C3(C)C
CHARANTOSIDE III,C=C(C)/C=C/C[C@@H](C)[C@H]1CC[C@@]2(C)[C@@H]3C=C[C@@]45OC[C@]3(CC[C@]12C)[C@@H]4CC[C@H](O[C@@H]1O[C@H](CO)[C@@H](O)[C@H](O)[C@H]1O)C5(C)C
CHARANTOSIDE IV,C=C(C)/C=C/C[C@@H](C)[C@H]1CC[C@@]2(C)[C@@H]3C=C[C@@]45OC[C@]3(CC[C@]12C)[C@@H]4CC[C@H](O[C@@H]1O[C@H](CO)[C@@H](O)[C@@H](O)[C@H]1O)C5(C)C
CHARANTOSIDE V,CO[C@@H](C=C(C)C)C[C@@H](C)[C@H]1CC[C@@]2(C)[C@@H]3C=C[C@@]45OC[C@]3(CC[C@]12C)[C@@H]4CC[C@H](O[C@@H]1O[C@H](CO)[C@@H](O)[C@H](O)[C@H]1O)C5(C)C
CHARANTOSIDE VI,CO[C@H](C=C(C)C)C[C@@H](C)[C@H]1CC[C@@]2(C)[C@@H]3C=C[C@@]45OC[C@]3(CC[C@]12C)[C@@H]4CC[C@H](O[C@@H]1O[C@H](CO)[C@@H](O)[C@@H](O)[C@H]1O)C5(C)C
MOMORDICOSIDE F1,COC(C)(C)/C=C/C[C@@H](C)[C@H]1CC[C@@]2(C)[C@@H]3C=C[C@@]45OC[C@]3(CC[C@]12C)[C@@H]4CC[C@H](O[C@@H]1O[C@H](CO)[C@@H](O)[C@H](O)[C@H]1O)C5(C)C
MOMORDICOSIDE F2,C[C@H](C/C=C/C(C)(C)O)[C@H]1CC[C@@]2(C)[C@@H]3C=C[C@@]45OC[C@]3(CC[C@]12C)[C@@H]4CC[C@H](O[C@@H]1O[C@H](CO)[C@@H](O)[C@@H](O)[C@H]1O)C5(C)C
EXCISANIN C,C=C1C(=O)[C@@]23[C@H](O)C[C@@H]4[C@@](C)(CO)CCC[C@@]4(C)[C@@H]2CC[C@@H]1[C@H]3O
CHLORAMULTILIDE B,CC1=C2C3=C4[C@](C)([C@@H]5C[C@@H]5[C@@]4(O)C[C@@H]4[C@]35OC(=O)C3=C5C[C@H]5[C@](O)(COC(=O)/C=C(\C)COC(=O)CCC(=O)OC3)[C@H]3C[C@@H]3[C@]45C)[C@@H](O)[C@@]2(O)OC1=O
CHARANTOSIDE VII,C=C(C)/C=C/C[C@@H](C)[C@H]1CC[C@@]2(C)[C@@H]3C=C[C@@]45OC(=O)[C@]3(CC[C@]12C)[C@@H]4CC[C@H](O[C@@H]1O[C@H](CO)[C@@H](O)[C@H](O)[C@H]1O)C5(C)C
CHARANTOSIDE VIII,CO[C@H]1C=C2[C@@H](CC[C@H](O[C@@H]3O[C@H](CO)[C@@H](O)[C@H](O)[C@H]3O)C2(C)C)[C@]2(C=O)CC[C@]3(C)[C@@H]([C@H](C)C/C=C/C(C)(C)OC)CC[C@@]3(C)[C@H]12
KARAVILOSIDE I,CO[C@H](C=C(C)C)C[C@@H](C)[C@H]1CC[C@@]2(C)[C@@H]3[C@@H](OC)C=C4[C@@H](CC[C@H](O[C@@H]5O[C@H](CO)[C@@H](O)[C@H](O)[C@H]5O)C4(C)C)[C@]3(C)CC[C@]12C
CHLORAHOLOLIDE B,CC1=C2C3=C4[C@@](C)(C(=O)[C@@]2(O)OC1=O)[C@@H]1C[C@@H]1[C@@]4(O)C[C@@H]1[C@]32OC(=O)C3=C2C[C@H]2[C@](O)(COC(=O)/C=C(\C)COC(=O)CCC(=O)OC3)[C@H]3C[C@@H]3[C@]12C
EPICOCCAMIDE C,CC(=O)OC[C@H]1O[C@@H](OCCCCCCCCCCCCCCC(C)C(=O)C2=C(O)N(C)C(C)C2=O)[C@@H](O)[C@@H](O)[C@@H]1O
EPICOCCAMIDE D,CC(CCCCCCCCCCCCCCCCO[C@@H]1O[C@H](CO)[C@@H](O)[C@H](O)[C@@H]1O)C(=O)C1=C(O)N(C)C(C)C1=O
CATIGUANIN A,COC(=O)C[C@@H]1c2cc(O)c(O)cc2Oc2cc(O)c3c(c21)O[C@H](c1ccc(O)c(O)c1)[C@H](O)C3
CATIGUANIN B,COC(=O)C[C@H]1c2cc(O)c(O)cc2Oc2cc(O)c3c(c21)O[C@H](c1ccc(O)c(O)c1)[C@H](O)C3
CINCHONAIN IA,O=C1C[C@@H](c2ccc(O)c(O)c2)c2c(cc(O)c3c2O[C@H](c2ccc(O)c(O)c2)[C@H](O)C3)O1
CINCHONAIN IB,O=C1C[C@H](c2ccc(O)c(O)c2)c2c(cc(O)c3c2O[C@H](c2ccc(O)c(O)c2)[C@H](O)C3)O1
CINCHONAIN IC,O=C1C[C@H](c2ccc(O)c(O)c2)c2c(O)cc3c(c2O1)C[C@@H](O)[C@@H](c1ccc(O)c(O)c1)O3
CINCHONAIN ID,O=C1C[C@@H](c2ccc(O)c(O)c2)c2c(O)cc3c(c2O1)C[C@@H](O)[C@@H](c1ccc(O)c(O)c1)O3
SECURINEGA AMAMINE B,CO[C@H]1CCN2[C@@H](C1)[C@]13C[C@H]2[C@@H](OC)CC1=CC(=O)O3
SECURINEGA AMAMINE C,CO[C@H]1CC2=CC(=O)O[C@@]23C[C@@H]1N1CCCC[C@@H]13
SECURINEGA AMAMINE D,CO[C@H]1CCN2O[C@@H]3C=CC4=CC(=O)O[C@]4(C3)[C@@H]2C1
PHYLLANTIDINE,O=C1C=C2C=C[C@@H]3C[C@@]2(O1)[C@@H]1CCCCN1O3
ASPINOTRIOL A,C[C@H](O)/C=C(/C=C/[C@@H](C)O)CO
ASPINOTRIOL B,C[C@H](O)/C=C(/C=C/[C@H](C)O)CO
ASPINONEDIOL,CC(=O)/C=C/C(=C/[C@H](C)O)CO
ASPINONENE,C[C@H](O)/C=C/[C@@](O)(CO)[C@@H]1O[C@H]1C
DIHYDROASPYRONE,C[C@H](O)CC1=C[C@H](O)[C@@H](C)OC1=O
RHIZOCHALIN,C[C@@H](N)[C@H](O)CCCCCCCC(=O)CCCCCCCCCCCCCC[C@@H](O[C@@H]1O[C@H](CO)[C@H](O)[C@H](O)[C@H]1O)[C@@H](C)N
OCEANAPISIDE,CC1[C@@H](CO)O[C@@H](O[C@H](CCCCCCCC(=O)CCCCCCCCCCCCCC[C@@H](O)[C@@H](C)N)[C@@H](N)CO)[C@H](O)[C@H]1O
RHIZOCHALIN C,C[C@@H](N)[C@H](O)CCCCCCCC(=O)CCCCCCCCCCCCCC[C@@H](O[C@@H]1O[C@H](CO)[C@H](O)[C@H](O)[C@H]1O)[C@H](N)CO
RHIZOCHALIN D,C[C@@H](N)[C@H](O)CCCCCCCCC(=O)CCCCCCCCCCCCCC[C@@H](O[C@@H]1O[C@H](CO)[C@H](O)[C@H](O)[C@H]1O)[C@@H](C)N
DAPHNIPAXIANINE A,C[C@@H]1CN2C[C@H]3CC[C@]4(O)CC(=O)C5=C4[C@@]4(CC5)C(=O)[C@@H]1C[C@@H]2[C@@]34C
DAPHNIPAXIANINE B,C[C@@H]1CN2C[C@H]3CC[C@@]4(O)CC(=O)C5=C4[C@@]4(CC5)C(=O)[C@@H]1C[C@@H]2[C@@]34C
DAPHNIPAXIANINE C,C[C@@H]1CN2C[C@H]3CCC4=C5[C@](O)(CC4)CC[C@@]54C(=O)[C@@H]1C[C@@H]2[C@@]34C
DAPHNIPAXIANINE D,COC(=O)[C@@H]1C[C@]23CN4CC(CCC5(CCC1C52)C4)[C@@]31CC[C@](OC)(C(C)C)OC1
BOMBAMALONE A,COC1=C2OC(=O)c3c(O)cc(C(C)C)c(c32)C(=O)C1(C)O
BOMBAMALONE B,CC1=C2OC(C)(C)c3cc4c(c(c32)C(=O)C1=O)C(C)(O)C=CO4
BOMBAMALONE C,COc1c(O)c(C)cc2c1C(=O)C(=O)C=C2C(C)C
BOMBAMALONE D,CC1=C(O)C(=O)c2c(C(=O)O)c(O)cc(C(C)C)c2C1=O
BOMBAMALOSIDE,CC1=C2OC(C)(C)c3cc(O[C@@H]4O[C@H](CO)[C@@H](O)[C@H](O)[C@H]4O)c(C(=O)O)c(c32)C(=O)C1=O
BOMBAXQUINONE,CC1=C(O)C(=O)c2c(C=O)c(O)cc(C(C)C)c2C1=O
ALJESACONITINE A,CCN1C[C@]2(COC)[C@H](O)C[C@H](OC)[C@]34C1C([C@H](OC)[C@H]23)[C@]1(OC)[C@H]2[C@@H](OC(=O)c3ccc(OC)cc3)[C@](O)(C[C@H]24)[C@@H](OC)[C@@H]1O
DEOXYJESACONITINE,CCN1C[C@]2(COC)CC[C@H](OC)[C@]34C1C([C@H](OC)[C@H]23)[C@]1(OC(C)=O)[C@H]2[C@@H](OC(=O)c3ccc(OC)cc3)[C@](O)(C[C@H]24)[C@@H](OC)[C@@H]1O
HOKBUSINE A,COC[C@]12CN(C)C3C4[C@H](OC)[C@H]1[C@@]3([C@@H](OC)C[C@H]2O)[C@@H]1C[C@@]2(O)[C@H](OC(=O)c3ccccc3)[C@@H]1[C@]4(OC)[C@@H](O)[C@@H]2OC
HYPACONITINE,COC[C@@]12CC[C@H](OC)[C@]34C(C([C@H](OC)[C@H]13)[C@]1(OC(C)=O)[C@H]3[C@@H](OC(=O)c5ccccc5)[C@](O)(C[C@H]34)[C@@H](OC)[C@@H]1O)N(C)C2
DEOXYACONITINE,CCN1C[C@]2(COC)CC[C@H](OC)[C@]34C1C([C@H](OC)[C@H]23)[C@]1(OC(C)=O)[C@H]2[C@@H](OC(=O)c3ccccc3)[C@](O)(C[C@H]24)[C@@H](OC)[C@@H]1O
DELPHELINE,CCN1C[C@]2(C)CC[C@H](OC)[C@@]34C1[C@@]1(OCO[C@@]15C[C@H](OC)[C@H]1C[C@@H]3[C@@H]5[C@H]1O)[C@@H](O)[C@H]24
LACINILENE C,Cc1cc2c(cc1O)[C@@](C)(O)C(=O)C=C2C(C)C
YESOXINE,CC(=O)O[C@H]1C[C@H]2C3C4C[C@@H]5[C@@]6(C)CC[C@H](OC(C)=O)[C@@]5(C4N(C)C6)[C@@H]3[C@H]1[C@@]1(CO1)[C@H]2O
DEHYDROLUCIDUSCULINE,C=C1[C@@H](OC(C)=O)[C@]23C[C@@H]1[C@@H](O)C[C@H]2[C@@]12C4C3C[C@@H]1[C@@]1(C)CC[C@H]2OC1N4CC
METHYL TETRAHYDROSARCOATE,COC(=O)/C1=C/C(=O)C[C@@H](C)CCC[C@@H](C)C(=O)C[C@@H](C(C)C)C(=O)C1
DIEPOXYNYALOLIDE,COC(=O)[C@]12CC(=O)[C@H](C(C)C)CC(=O)[C@H](C)CCC[C@H](C)CC(=O)[C@H]1CC(C)=C1C[C@H](O)[C@]3(C)O[C@@H]3CC[C@]3(C)O[C@@H]3CC/C(C)=C/[C@@H]12
DIOXANYLOLIDE,COC(=O)[C@]12CC(=O)[C@H](C(C)C)CC(=O)[C@H](C)CCC[C@H](C)CC(=O)[C@H]1CC(C)=C1C[C@H](O)[C@@]3(C)O[C@@H](CC/C(C)=C/[C@@H]12)[C@@]1(C)CC[C@@H]3O1
FARFUGIN A,Cc1cc2c(C)coc2c2c1CCCC2C
HIPPOSULFATE C,CC1=CCCC(C)(C)C1CC/C(C)=C/CCC(CCCc1ccoc1)COS(=O)(=O)O
IGERNELLIN,CC1=CCCC(C)(C)C1CC/C(C)=C/CCC(CO)CCCc1ccoc1
SALYCILIC ACID,Cc1ccc(C(C)(C)C)c(O)c1C(=O)O
KOBUSINE,C=C1[C@H]2C[C@H]3C4N5C[C@]6(C)CCC[C@]47[C@H]([C@H]2O)C3(CC5[C@H]67)[C@@H]1O
PSEUDOKOBUSINE,C=C1[C@H]2C[C@H]3C4N5C[C@]6(C)CCC[C@]47[C@H]([C@H]2O)C3(C[C@]5(O)[C@H]67)[C@@H]1O
ALMOTRIPTAN,CN(C)CCc1c[nH]c2ccc(CS(=O)(=O)N3CCCC3)cc12
(R)-BUFURALOL,CCc1cccc2cc([C@H](O)CNC(C)(C)C)oc12
(S)-BUFURALOL,CCc1cccc2cc([C@@H](O)CNC(C)(C)C)oc12
MEARSAMINE,CCCCCC(=O)NCCC[N+]12CCC[C@@H]1CC1=C(C(=O)CC(C)O1)[C@H]2C
CHLORAMPHENICOL PALMITATE,CCCCCCCCCCCCCCCC(=O)OC[C@@H](NC(=O)C(Cl)Cl)[C@H](O)c1ccc([N+](=O)[O-])cc1
(R)-CHLORTHALIDONE,NS(=O)(=O)c1cc([C@]2(O)NC(=O)c3ccccc32)ccc1Cl
(R)-CITALOPRAM,CN(C)CCC[C@]1(c2ccc(F)cc2)OCc2cc(C#N)ccc21
ESCITALOPRAM,CN(C)CCC[C@@]1(c2ccc(F)cc2)OCc2cc(C#N)ccc21
5-PHENYLVALERIC ACID,O=C(O)CCCCc1ccccc1
(R)-CHLOROQUINE,CCN(CC)CCC[C@@H](C)Nc1ccnc2cc(Cl)ccc12
BERKELEYDIONE,C=C1[C@@]2(C)C[C@H]3C(C)=C4CC(=O)OC(C)(C)C4=CC[C@]3(C)[C@]1(C(=O)OC)C(=O)[C@@](C)(O)C2=O
BERKELEYTRIONE,C=C1[C@@]2(C)C[C@H]3[C@@]4(C)C(=CC[C@]3(C)[C@]1(C(=O)OC)C(=O)[C@@](C)(O)C2=O)C(C)(C)C(=O)C[C@H]4O
BERKELEYACETAL A,COC(=O)[C@]12C(=O)[C@H](C)O[C@@H]3OC(=O)[C@](C)(C[C@H]4C(C)=C5CC(=O)OC(C)(C)C5=CC[C@@]41C)[C@@H]32
BERKELEYACETAL B,COC(=O)[C@]12C(=O)[C@H](C)O[C@@H]3OC(=O)[C@](C)(C[C@H]4[C@]5(CO5)C5=CC(=O)OC(C)(C)C5=CC[C@@]41C)[C@@H]32
PYRROLIDINE DITHIOCARBAMATE,S=C(S)N1CCCC1
BERKELEYACETAL C,C[C@@H]1O[C@@H]2OC(=O)[C@]3(C)C[C@@H]4[C@](C)(C(=O)C=C5C(=CC(=O)OC5(C)C)[C@@]45CO5)[C@H](C1=O)[C@H]23
DIHYDROERGOSINE,CC(C)C[C@H]1C(=O)N2CCC[C@H]2[C@]2(O)O[C@@](C)(NC(=O)[C@@H]3CC4c5cccc6[nH]cc(c56)C[C@H]4N(C)C3)C(=O)N12
CHLOROCYCLINONE A,CCc1c(C(=O)OC)cc2c(c1O)C(=O)c1c(O)cc3cc(C)c(Cl)c(OC)c3c1C2=O
CHLOROCYCLINONE B,COC(=O)c1cc2c(c(O)c1C(C)OC(C)=O)C(=O)c1c(O)cc3cc(C)c(Cl)c(OC)c3c1C2=O
CHLOROCYCLINONE C,COC(=O)c1cc2c(c(O)c1C(C)OC(=O)CO)C(=O)c1c(O)cc3cc(C)c(Cl)c(OC)c3c1C2=O
CHLOROCYCLINONE D,COc1c(Cl)c(C)cc2cc(O)c3c(c12)C(=O)c1cc2c(c(O)c1C3=O)C(C)OC2=O
DIETHYLANILINE,CCN(CC)c1ccccc1
PHENYLHEPTANOIC ACID,O=C(O)CCCCCCc1ccccc1
SPRIOLACTONE,C[C@]12CCC(=O)C=C1CC[C@@H]1[C@@H]2CC[C@@]2(C)[C@H]1CC[C@@]21CCC(=O)O1
(R)-DOXAPRAM,CCN1C[C@H](CCN2CCOCC2)C(c2ccccc2)(c2ccccc2)C1=O
(S)-DOXAPRAM,CCN1C[C@@H](CCN2CCOCC2)C(c2ccccc2)(c2ccccc2)C1=O
DROSPIRENONE,C[C@]12CCC(=O)C=C1[C@@H]1C[C@@H]1[C@H]1[C@@H]3[C@@H]4C[C@@H]4[C@@]4(CCC(=O)O4)[C@@]3(C)CC[C@@H]12
ELETRIPTAN,CN1CCC[C@@H]1Cc1c[nH]c2ccc(CCS(=O)(=O)c3ccccc3)cc12
ENDRALAZINE,N/N=c1/cc2c(n[nH]1)CCN(C(=O)c1ccccc1)C2
EPROXINDINE,CCN(CC)CC(O)CNC(=O)c1c(OC)c2ccccc2n1-c1ccccc1
ESTRADIOL VALERATE,CCCCC(=O)O[C@H]1CC[C@H]2[C@@H]3CCc4cc(O)ccc4[C@H]3CC[C@]12C
(R)-FELODIPINE,CCOC(=O)C1=C(C)NC(C)=C(C(=O)OC)[C@H]1c1cccc(Cl)c1Cl
(S)-FELODIPINE,CCOC(=O)C1=C(C)NC(C)=C(C(=O)OC)[C@@H]1c1cccc(Cl)c1Cl
FENFLUMIZOLE,COc1ccc(-c2nc(-c3ccc(F)cc3F)[nH]c2-c2ccc(OC)cc2)cc1
LEVOFENFLURAMINE,CCN[C@H](C)Cc1cccc(C(F)(F)F)c1
FIBRAURETIN A,C[C@@]12C[C@H](c3ccoc3)OC(=O)[C@@H]1[C@@H](O)C[C@]1(C)[C@H]2[C@@H]2OC(=O)[C@@]1(O)[C@H]1O[C@@H]21
R-FENOPROFEN,C[C@@H](C(=O)O)c1cccc(Oc2ccccc2)c1
(R)-FLECAINIDE,O=C(NC[C@H]1CCCCN1)c1cc(OCC(F)(F)F)ccc1OCC(F)(F)F
FIBRAURETINOSIDE A,C[C@@]12[C@H]3CC=C[C@]1(O[C@@H]1O[C@H](CO)[C@@H](O)[C@H](O)[C@H]1O)C(=O)O[C@@H]2C[C@]1(O)C(=O)O[C@H](c2ccoc2)C[C@@]31C
FLUNISOLIDE,CC1(C)O[C@@H]2C[C@H]3[C@@H]4C[C@H](F)C5=CC(=O)C=C[C@]5(C)[C@H]4[C@@H](O)C[C@]3(C)[C@]2(C(=O)CO)O1
FLUOCORTOLONE,C[C@@H]1C[C@H]2[C@@H]3C[C@H](F)C4=CC(=O)C=C[C@]4(C)[C@H]3[C@@H](O)C[C@]2(C)[C@H]1C(=O)CO
(R)-GATIFLOXACIN,COc1c(N2CCN[C@H](C)C2)c(F)cc2c(=O)c(C(=O)O)cn(C3CC3)c12
EPI-FIBRAURETINOSIDE A,C[C@@]12[C@H]3CC=C[C@@]1(O[C@@H]1O[C@H](CO)[C@@H](O)[C@H](O)[C@H]1O)C(=O)O[C@@H]2C[C@]1(O)C(=O)O[C@H](c2ccoc2)C[C@@]31C
OXALOTERPIN A,C=C[C@@]1(C)CC=C2[C@@H](CC[C@@H]3C(C)(C)[C@H](OC(=O)C(=O)N(O)C(C)=O)CC[C@@]23C)C1
IRBESARTAN,CCCCC1=NC2(CCCC2)C(=O)N1Cc1ccc(-c2ccccc2-c2nnn[nH]2)cc1
(R)-ISRADIPINE,COC(=O)C1=C(C)NC(C)=C(C(=O)OC(C)C)[C@@H]1c1cccc2nonc12
LEVOMETHADYL ACETATE,CC[C@H](OC(C)=O)C(C[C@H](C)N(C)C)(c1ccccc1)c1ccccc1
(R)-LORMETAZEPAM,CN1C(=O)[C@@H](O)N=C(c2ccccc2Cl)c2cc(Cl)ccc21
(R)-MELPHALAN,N[C@H](Cc1ccc(N(CCCl)CCCl)cc1)C(=O)O
(R)-MEPINDOLOL,Cc1cc2c(OC[C@H](O)CNC(C)C)cccc2[nH]1
(S)-MEPINDOLOL,Cc1cc2c(OC[C@@H](O)CNC(C)C)cccc2[nH]1
METHACYCLINE,C=C1c2cccc(O)c2C(=O)C2=C(O)[C@]3(O)C(=O)C(C(N)=O)=C(O)[C@@H](N(C)C)[C@@H]3[C@@H](O)[C@H]12
METHIMAZOLE,Cn1ccnc1S
(R)-METHYLPHENOBARBITAL,CC[C@@]1(c2ccccc2)C(=O)NC(=O)N(C)C1=O
(S)-METHYLPHENOBARBITAL,CC[C@]1(c2ccccc2)C(=O)NC(=O)N(C)C1=O
METOPIMAZINE,CS(=O)(=O)c1ccc2c(c1)N(CCCN1CCC(C(N)=O)CC1)c1ccccc1S2
"1R,2S-MILNACIPRAN",CCN(CC)C(=O)[C@]1(c2ccccc2)C[C@@H]1CN
(R)-MIDODRINE,COc1ccc(OC)c([C@@H](O)CNC(=O)CN)c1
(S)-MIDODRINE,COc1ccc(OC)c([C@H](O)CNC(=O)CN)c1
R-NADOLOL,CC(C)(C)NC[C@@H](O)COc1cccc2c1C[C@H](O)[C@H](O)C2
S-NADOLOL,CC(C)(C)NC[C@H](O)COc1cccc2c1C[C@H](O)[C@H](O)C2
HERBARIN,COc1cc(OC)c2c(c1)C(=O)C1=C(CO[C@@](C)(O)C1)C2=O
DEHYDROHERBARIN,COc1cc(OC)c2c(c1)C(=O)C1=C(COC(C)=C1)C2=O
FIBRAURECDYSIDE A,C[C@H](C[C@@H](O)[C@](C)(O)[C@H]1CC[C@@]2(O)C3=CC(=O)[C@@H]4C[C@@H](O[C@@H]5O[C@H](CO)[C@@H](O)[C@H](O)[C@H]5O)[C@@H](O)C[C@]4(C)[C@H]3CC[C@]12C)C(C)(C)O
FIBRAURINOSIDE,C[C@@]12C[C@H](c3ccoc3)OC(=O)C1=CC[C@]1(C)[C@H]2[C@@H]2OC(=O)[C@@]1(O[C@@H]1O[C@H](CO)[C@@H](O)[C@H](O)[C@H]1O)[C@H]1O[C@@H]21
FIBLEUCINOSIDE,C[C@@]12C[C@H](c3ccoc3)OC(=O)C1=CC[C@]1(C)[C@H]2[C@H]2C=C[C@]1(O[C@@H]1O[C@H](CO)[C@@H](O)[C@H](O)[C@H]1O)C(=O)O2
(S)-NIMODIPINE,COCCOC(=O)C1=C(C)NC(C)=C(C(=O)OC(C)C)[C@H]1c1cccc([N+](=O)[O-])c1
MAKISTERONE A,C[C@H](C[C@@H](O)[C@](C)(O)[C@H]1CC[C@@]2(O)C3=CC(=O)[C@@H]4C[C@@H](O)[C@@H](O)C[C@]4(C)[C@H]3CC[C@]12C)C(C)(C)O
XEROPHILUSINE I,C=C1C(=O)[C@]23[C@H](O)[C@H]1C[C@H](O)[C@H]2[C@]1(C=O)CCCC(C)(C)[C@H]1C(=O)[C@@H]3O
JATRORRHIZINE,COc1cc2c(cc1O)CC[n+]1cc3c(OC)c(OC)ccc3cc1-2
COLUMBAMINE,COc1cc2c(cc1O)-c1cc3ccc(OC)c(OC)c3c[n+]1CC2
STEPHARANINE,COc1cc2c(cc1O)-c1cc3ccc(O)c(OC)c3c[n+]1CC2
(S)-NITRENDIPINE,CCOC(=O)C1=C(C)NC(C)=C(C(=O)OC)[C@@H]1c1cccc([N+](=O)[O-])c1
XEROPHILUSIN II,C=C1C(=O)[C@@]23C(=O)[C@@H](O)[C@@H]4C(C)(C)CCC[C@@]4(C=O)[C@@H]2[C@@H](O)C[C@@H]1[C@H]3O
XEROPHILUSIN IV,C=C1C(=O)[C@]23[C@H](O)[C@H]1CC[C@H]2[C@]12CCC[C@@](C)(CO)[C@H]1[C@H](O)[C@]3(O)OC2
XEROPHILUSIN V,C=C1[C@@H](O)[C@]23[C@H](O)[C@H]1CC[C@H]2[C@@]12CO[C@@]3(O)[C@@H](O)[C@@H]1[C@](C)(CO)CC[C@H]2O
RENIEROSIDE A1,CCCCCC/C=C\CCCCCCCCCCCCCCCCCC[C@@H](O)C(=O)N[C@@H](CO[C@@H]1O[C@H](CO)[C@@H](O)[C@H](O)[C@H]1O)[C@H](O)/C=C/CC/C=C/C=C/CCCCCCC
RENIEROSIDE A2,CCCCCCC/C=C/C=C/CC/C=C/[C@@H](O)[C@H](CO[C@@H]1O[C@H](CO)[C@@H](O)[C@H](O)[C@H]1O)NC(=O)[C@H](O)CCCCCCCCCCCCCC/C=C\CCCCCCCC
RENIEROSIDE A3,CCCCCCC/C=C/C=C/CC/C=C/[C@@H](O)[C@H](CO[C@@H]1O[C@H](CO)[C@@H](O)[C@H](O)[C@H]1O)NC(=O)[C@H](O)CCCCCCCCCCCCC/C=C\CCCCCCCC
RENIEROSIDE A4,CCCCCCC/C=C/C=C/CC/C=C/[C@@H](O)[C@H](CO[C@@H]1O[C@H](CO)[C@@H](O)[C@H](O)[C@H]1O)NC(=O)[C@H](O)CCCCCCCCCCCCCCCCCCCC
RENIEROSIDE A5,CCCCCCC/C=C/C=C/CC/C=C/[C@@H](O)[C@H](CO[C@@H]1O[C@H](CO)[C@@H](O)[C@H](O)[C@H]1O)NC(=O)[C@H](O)CCCCCCCCCCCCCCCCCCCCCC
RENIEROSIDE B1,CCCCCC/C=C\CCCCCCCCCCCCCCCCCC[C@@H](O)C(=O)N[C@@H](CO[C@@H]1O[C@H](CO)[C@@H](O)[C@H](O)[C@H]1O)[C@H](O)/C=C/CC/C=C(C)/C=C/CCCCCCC
RENIEROSIDE B2,CCCCCCC/C=C/C(C)=C/CC/C=C/[C@@H](O)[C@H](CO[C@@H]1O[C@H](CO)[C@@H](O)[C@H](O)[C@H]1O)NC(=O)[C@H](O)CCCCCCCCCCCCCC/C=C\CCCCCCCC
RENIEROSIDE B3,CCCCCC/C=C\CCCCCCCCCCCCCCCCC[C@@H](O)C(=O)N[C@@H](CO[C@@H]1O[C@H](CO)[C@@H](O)[C@H](O)[C@H]1O)[C@H](O)/C=C/CC/C=C(C)/C=C/CCCCCCC
OLMESARTAN,CCCc1nc(C(C)(C)O)c(C(=O)O)n1Cc1ccc(-c2ccccc2-c2nnn[nH]2)cc1
(R)-ONDANSETRON,Cc1nccn1C[C@H]1CCc2c(c3ccccc3n2C)C1=O
(S)-ONDANSETRON,Cc1nccn1C[C@@H]1CCc2c(c3ccccc3n2C)C1=O
BEAUVERICIN G1,CC[C@H]1OC(=O)[C@H](Cc2ccccc2)N(C)C(=O)[C@@H](C(C)C)OC(=O)[C@H](Cc2ccccc2)N(C)C(=O)[C@@H](C(C)C)OC(=O)[C@H](Cc2ccccc2)N(C)C1=O
BEAUVERICIN G2,CC[C@H]1OC(=O)[C@H](Cc2ccccc2)N(C)C(=O)[C@@H](CC)OC(=O)[C@H](Cc2ccccc2)N(C)C(=O)[C@@H](C(C)C)OC(=O)[C@H](Cc2ccccc2)N(C)C1=O
BEAUVERICIN G3,CC[C@H]1OC(=O)[C@H](Cc2ccccc2)N(C)C(=O)[C@@H](CC)OC(=O)[C@H](Cc2ccccc2)N(C)C(=O)[C@@H](CC)OC(=O)[C@H](Cc2ccccc2)N(C)C1=O
OXYTETRACYCLINE,CN(C)[C@@H]1C(O)=C(C(N)=O)C(=O)[C@@]2(O)C(O)=C3C(=O)c4c(O)cccc4[C@@](C)(O)[C@H]3[C@H](O)[C@@H]12
BEAUVERICIN H1,CC(C)[C@H]1OC(=O)[C@H](Cc2cccc(F)c2)N(C)C(=O)[C@@H](C(C)C)OC(=O)[C@H](Cc2ccccc2)N(C)C(=O)[C@@H](C(C)C)OC(=O)[C@H](Cc2ccccc2)N(C)C1=O
BEAUVERICIN H2,CC(C)[C@H]1OC(=O)[C@H](Cc2cccc(F)c2)N(C)C(=O)[C@@H](C(C)C)OC(=O)[C@H](Cc2cccc(F)c2)N(C)C(=O)[C@@H](C(C)C)OC(=O)[C@H](Cc2ccccc2)N(C)C1=O
BEAUVERICIN H3,CC(C)[C@H]1OC(=O)[C@H](Cc2cccc(F)c2)N(C)C(=O)[C@@H](C(C)C)OC(=O)[C@H](Cc2cccc(F)c2)N(C)C(=O)[C@@H](C(C)C)OC(=O)[C@H](Cc2cccc(F)c2)N(C)C1=O
LIPOXAZOLIDINONE A,CCCCCCC/C(C)=C/C(=O)/C=C1\NC(=O)C(CCCC)O1
LIPOXAZOLIDINONE B,CCCCCCC/C(C)=C/C(=O)/C=C1\NC(=O)C(CCCCC)O1
LIPOXAZOLIDINE C,CCCCCC/C(C)=C/C(=O)/C=C1\NC(=O)C(CCCC)O1
FILIASPAROSIDE A,C[C@@H]1CC[C@@]2(OC1)O[C@H]1C[C@H]3[C@@H]4CC[C@H]5C[C@@H](O[C@@H]6O[C@H](CO[C@@H]7OC[C@H](O)[C@H](O)[C@H]7O)[C@@H](O[C@@H]7OC[C@@H](O)[C@H](O)[C@H]7O)[C@H](O)[C@H]6O)CC[C@]5(C)[C@H]4CC(=O)[C@]3(C)[C@H]1[C@@H]2C
FILIASPAROSIDE B,C[C@@H]1CC[C@@]2(OC1)O[C@H]1C[C@H]3[C@@H]4CC[C@H]5C[C@@H](O[C@@H]6O[C@H](CO[C@@H]7OC[C@H](O)[C@H](O)[C@H]7O)[C@@H](O)[C@H](O)[C@H]6O)CC[C@]5(C)[C@H]4CC(=O)[C@]3(C)[C@H]1[C@@H]2C
FILIASPAROSIDE C,C[C@H]1CC[C@@]2(OC1)O[C@H]1C[C@H]3[C@@H]4CC[C@@H]5C[C@@H](O[C@@H]6O[C@H](CO)[C@@H](O[C@H]7C[C@H](O)[C@@H](O)[C@H](C)O7)[C@H](O)[C@H]6O[C@H]6OC[C@H](O)[C@@H](O)[C@@H]6O)CC[C@]5(C)[C@H]4CC[C@]3(C)[C@H]1[C@@H]2C
FILIASPAROSIDE D,C[C@H]1CC[C@@]2(OC1)O[C@H]1C[C@H]3[C@@H]4CC[C@@H]5C[C@@H](O[C@@H]6O[C@H](CO[C@@H]7OC[C@H](O)[C@H](O)[C@H]7O)[C@@H](O)[C@H](O)[C@H]6O)CC[C@]5(C)[C@H]4CC[C@]3(C)[C@H]1[C@@H]2C
ASPAFILIOSIDE A,C[C@H]1CC[C@@]2(OC1)O[C@H]1C[C@H]3[C@@H]4CC[C@@H]5C[C@@H](O[C@@H]6O[C@H](CO)[C@@H](O[C@@H]7OC[C@@H](O)[C@H](O)[C@H]7O)[C@H](O)[C@H]6O)CC[C@]5(C)[C@H]4CC[C@]3(C)[C@H]1[C@@H]2C
ASPAFILIOSIDE B,C[C@H]1CC[C@@]2(OC1)O[C@H]1C[C@H]3[C@@H]4CC[C@@H]5C[C@@H](O[C@H]6C[C@@H](O)[C@@H](O[C@@H]7OC[C@@H](O)[C@H](O)[C@H]7O)[C@@H](CO[C@@H]7OC[C@H](O)[C@H](O)[C@H]7O)O6)CC[C@]5(C)[C@H]4CC[C@]3(C)[C@H]1[C@@H]2C
PHENYLETHYLMALONAMIDE,CCC(C(N)=O)(C(N)=O)c1ccccc1
XEROPHILUSIN VI,C=C1C(=O)[C@]23[C@H](O)[C@H]1C[C@H](O)[C@H]2[C@@]12CO[C@@]3(O)[C@@H](O)[C@@H]1[C@](C)(COC(C)=O)CC[C@H]2O
(R)-PINACIDIL,C[C@@H](N/C(=N/c1ccncc1)NC#N)C(C)(C)C
(S)-PINACIDIL,C[C@H](N/C(=N/c1ccncc1)NC#N)C(C)(C)C
PIPOTIAZINE,CN(C)S(=O)(=O)c1ccc2c(c1)N(CCCN1CCC(CCO)CC1)c1ccccc1S2
VALPARICINE,C=C1C2=Nc3ccccc3[C@@]23CCN2C/C(=C/C)[C@@H]1C[C@H]23
XEROPHILUSIN X,C=C1[C@@H]2C[C@H](OC(C)=O)[C@H]3[C@]45CCCC(C)(C)[C@H]4[C@H](OC(C)=O)[C@](O)(OC5)[C@]3([C@@H]2O)[C@H]1O
XEROPHILUSIN X1,COC[C@@H]1C(=O)[C@]23[C@H](O)[C@H]1C[C@H](OC(C)=O)[C@H]2[C@]12CCCC(C)(C)[C@H]1[C@H](O)[C@]3(O)OC2
ARBORICINE,C/C=C1/CN2CCc3c([nH]c4ccccc34)[C@H]2C[C@@H]1C(C)=O
ARBORICININE,C/C=C1\[C@@H](C(C)=O)CCN2CCc3c([nH]c4ccccc34)[C@H]12
ARBOLOSCINE,CC[C@]12CCCNC13/C(=C\C(=O)OC)c1ccccc1N3C(=O)CC2
VINCADIFFORMINE,CC[C@]12CCCN3CC[C@]4(C(=C(C(=O)OC)C1)Nc1ccccc14)[C@@H]32
XEROPHILUSIN XI,C=C1C(=O)[C@]23[C@H](O)[C@H]1C[C@H](O)[C@H]2[C@]12CCCC(C)(C)[C@H]1[C@H](O)[C@]3(O)O[C@@H]2OC
BOIVINIDE A,CO[C@@H]1[C@@H](O)[C@H](O[C@H]2CC[C@@]3(C=O)[C@@H](CC[C@@H]4[C@@H]3CC[C@]3(C)[C@@H](C5=CC(=O)OC5)CC[C@]43O)C2)O[C@H](C)[C@@H]1O[C@@H]1O[C@H](CO)[C@@H](O)[C@H](O)[C@H]1O
BOIVINIDE B,CO[C@H]1C[C@H](O[C@H]2CC[C@@]3(C=O)[C@@H](CC[C@@H]4[C@@H]3CC[C@]3(C)[C@@H](C5=CC(=O)OC5)CC[C@]43O)C2)O[C@H](C)[C@@H]1O[C@@H]1O[C@H](CO)[C@@H](O)[C@H](O)[C@H]1O
BOIVINIDE C,CO[C@H]1C[C@H](O[C@H]2CC[C@@]3(C=O)[C@@H](CC[C@@H]4[C@@H]3CC[C@]3(C)[C@H](C5=CC(=O)OC5)CC[C@]43O)C2)O[C@H](C)[C@@H]1O[C@@H]1O[C@H](CO)[C@@H](O)[C@H](O)[C@H]1O
XEROPHILUSIN XII,C=C1C(=O)[C@]23[C@H](O)[C@H]1C[C@H](OC(C)=O)[C@H]2[C@]12CCCC(C)(C)[C@H]1[C@H](O)[C@]3(O)O[C@@H]2OC
BOIVINIDE D,C[C@H]1O[C@@H](O[C@H]2CC[C@@]3(C=O)[C@@H](CC[C@@H]4[C@@H]3CC[C@]3(C)[C@@H](C5=CC(=O)OC5)CC[C@]43O)C2)C[C@H](O)[C@H]1O[C@@H]1O[C@H](CO)[C@@H](O)[C@H](O)[C@H]1O
BOIVINIDE E,CO[C@H]1C[C@H](O[C@H]2CC[C@@]3(C(=O)O)[C@@H](CC[C@@H]4[C@@H]3CC[C@]3(C)[C@@H](C5=CC(=O)OC5)CC[C@]43O)C2)O[C@H](C)[C@@H]1O[C@@H]1O[C@H](CO)[C@@H](O)[C@H](O)[C@H]1O
BOIVINIDE F,CO[C@H]1[C@@H](O[C@@H]2O[C@H](CO)[C@@H](O)[C@H](O)[C@H]2O)[C@@H](C)O[C@@H](O[C@H]2CC[C@@]3(C=O)[C@@H](CC[C@@H]4[C@@H]3CC[C@]3(C)[C@@H](C5=CC(=O)OC5)CC[C@]43O)C2)[C@@H]1OC(C)=O
(R)-PROCYCLIDINE,O[C@@](CCN1CCCC1)(c1ccccc1)C1CCCCC1
(S)-PROCYCLIDINE,O[C@](CCN1CCCC1)(c1ccccc1)C1CCCCC1
XEROPHILUSIN H,C=C1C(=O)[C@]23C[C@H]1CC[C@H]2[C@@]12CO[C@@]3(O)[C@@H](O)[C@@H]1[C@](C)(COC(C)=O)CC[C@H]2O
(S)-PROMETHAZINE,C[C@@H](CN1c2ccccc2Sc2ccccc21)N(C)C
LONGIKAURIN B,C=C1C(=O)[C@]23[C@H](O)[C@H]1CC[C@H]2[C@]12CCC[C@@](C)(COC(C)=O)[C@H]1[C@H](O)[C@]3(O)OC2
(R)-PROPIOMAZINE,CCC(=O)c1ccc2c(c1)N(C[C@@H](C)N(C)C)c1ccccc1S2
PROPYLTHIOURACIL,CCCc1cc(=O)[nH]c(=S)[nH]1
LONGIKAURIN D,C=C1C(=O)[C@]23C[C@H]1C[C@@H](O)[C@H]2[C@]12CCC[C@@](C)(COC(C)=O)[C@H]1[C@H](O)[C@]3(O)OC2
MAOECRYSTAL I,C=C1C(=O)[C@]23C[C@H]1CC[C@H]2[C@@]12CO[C@@]3(O)[C@@H](O)[C@@H]1[C@](C)(COC(C)=O)[C@@H](O)C[C@H]2O
PROSCILLARIDIN,C[C@@H]1O[C@@H](O[C@@H]2C=C3CC[C@@H]4[C@H](CC[C@]5(C)[C@@H](c6ccc(=O)oc6)CC[C@]45O)[C@@]3(C)CC2)[C@H](O)[C@H](O)[C@H]1O
ROSTHORIN A,C=C1C(=O)[C@]23[C@H](O)[C@H]1C[C@H](O)[C@H]2[C@]12CCCC(C)(C)[C@H]1[C@H](O)[C@]3(O)OC2
RABDOTERNIN D,C=C1[C@@H](O)[C@]23[C@H](O)[C@H]1C[C@H](O)[C@H]2[C@]12CCCC(C)(C)[C@H]1[C@H](OC(C)=O)[C@]3(O)OC2
RABDOTERNIN C,C=C1[C@@H](OC(C)=O)[C@]23[C@H](O)[C@H]1CC[C@H]2[C@]12CCCC(C)(C)[C@H]1[C@H](OC(C)=O)[C@]3(O)OC2
XEROPHILUSIN I,C=C1C(=O)[C@]23C[C@H]1CC[C@H]2[C@@]12CO[C@@]3(O)[C@@H](O)[C@@H]1C(C)(C)CC[C@H]2O
XEROPHILUSIN K,C=C1C(=O)[C@]23[C@H](O)[C@H]1C[C@H](OC(C)=O)[C@H]2[C@]12CCCC(C)(C)[C@H]1[C@H](O)[C@]3(O)OC2
ISARIOTIN A,O=C(/C=C/CCCCCCCCCO)N[C@H]1C[C@@]2(O)C(=O)[C@H]([C@H](O)[C@@H]3O[C@@H]32)[C@H]1O
ISARIOTIN B,O=C(O)CCCCCCCC/C=C/C(=O)N[C@H]1C[C@@]2(O)C(=O)[C@H]([C@H](O)[C@@H]3O[C@@H]32)[C@H]1O
ISARIOTIN C,CCCCCC(=O)CCC/C=C/C(=O)N[C@H]1C[C@@]2(O)C(=O)[C@H]([C@H](O)[C@@H]3O[C@@H]32)[C@H]1O
ISARIOTIN D,CCCCCCC/C=C/C(=O)N[C@H]1C[C@@]2(O)C(=O)[C@H]([C@H](O)[C@@H]3O[C@@H]32)[C@H]1O
HEBEIRUBESCENSINS G,C=C1C(=O)[C@]23[C@H](O)[C@H]1CC[C@H]2[C@]12[C@H](O)CCC(C)(C)[C@H]1[C@H](O)[C@]3(O)O[C@@H]2O
HEBEIRUBESCENSINS H,C=C1C(=O)[C@]23[C@H](O)[C@H]1CC[C@H]2[C@@]12C(O)O[C@@]3(O)[C@@H](O)[C@@H]1C(C)(C)CC[C@H]2O
RABDOTERNIN E,C=C1C(=O)[C@]23[C@H](O)[C@H]1CC[C@H]2[C@@]12C(OC)O[C@@]3(O)[C@@H](O)[C@@H]1C(C)(C)CC[C@H]2O
XEROPHILUSIN B,C=C1C(=O)[C@@]23[C@@H]4O[C@H]5O[C@@]2(O)[C@@H](O)[C@@H]2C(C)(C)CCC[C@]52[C@@H]3CC[C@@H]14
PONICIDIN,C=C1C(=O)[C@@]23[C@@H]4OC5O[C@@]2(O)[C@@H](O)[C@@H]2C(C)(C)CC[C@@H](O)[C@]52[C@@H]3CC[C@@H]14
MACROCALIN B,C=C1C(=O)[C@@]23[C@@H]4O[C@H]5O[C@@]2(O)[C@@H](O)[C@@H]2C(C)(C)CCC[C@]52[C@@H]3[C@@H](O)C[C@@H]14
XEROPHILUSIN A,C=C1C(=O)[C@@]23[C@@H]4O[C@H]5O[C@@]2(O)[C@@H](O)[C@@H]2C(C)(C)CCC[C@]52[C@@H]3[C@@H](OC(C)=O)C[C@@H]14
XEROPHILUSIN D,C=C1C(=O)[C@]23[C@H](O)[C@H]1CC[C@H]2[C@@]12CCC[C@@]4(C)CO[C@H]1O[C@@]3(O)[C@@H](O)[C@H]42
MONOCILLIN III,C[C@@H]1C[C@H]2O[C@@H]2CC/C=C/C(=O)Cc2cc(O)cc(O)c2C(=O)O1
XEROPHILUSIN N,C=C1C(=O)[C@]23[C@H](O)[C@H]1CC[C@H]2[C@]12CCCC(C)(C)[C@H]1[C@H](O)[C@]3(O)OC2=O
TRICHORABDAL B,C=C1C(=O)[C@]23C[C@H]1C[C@@H](O)[C@@H]2[C@@]1(CCC[C@@](C)(COC(C)=O)[C@H]1C=O)COC3=O
PHYLLOSTACHYSIN A,C=C1C(=O)[C@]23[C@H](O)[C@H]1C[C@H](O)[C@H]2[C@]12CCCC(C)(C)[C@H]1C(=O)[C@]3(O)[C@H]2O
XEROPHILUSIN F,C=C1C(=O)[C@]23[C@H](O)[C@H]1C[C@H](OC(C)=O)[C@H]2[C@]12CCCC(C)(C)[C@H]1C(=O)[C@]3(O)[C@H]2O
NEOCOMANTHERIN,CCCc1cc(=O)c2c(OC)c3c(OC)cc(O)cc3cc2o1
COMANTHERIN,COc1cc(O)cc2cc3oc(C)cc(=O)c3c(OC)c12
COMAPARVIN,CCCc1cc(=O)c2c(O)cc3cc(O)cc(OC)c3c2o1
DEXSOTALOL,CC(C)NC[C@@H](O)c1ccc(NS(C)(=O)=O)cc1
(R)-SUPROFEN,C[C@@H](C(=O)O)c1ccc(C(=O)c2cccs2)cc1
PARAENSIDIMERIN C,Cn1c(=O)c2c(c3ccccc31)OC(C)(C)[C@@H]1[C@@H]2C[C@]2(C)C[C@H]1c1c(c3ccccc3n(C)c1=O)O2
(S)-SUPROFEN,C[C@H](C(=O)O)c1ccc(C(=O)c2cccs2)cc1
TELENZEPINE,Cc1scc2c1N(C(=O)CN1CCN(C)CC1)c1ccccc1NC2=O
GAMMA-FAGARINE,COc1c2ccoc2nc2c(OC)cccc12
HAPLOPINE,COc1c2[nH]c3occc3c(OC)c-2ccc1=O
FRAXIDIN METHYL ETHER,COc1cc2ccc(=O)oc2c(OC)c1OC
EVOFOLIN C,CC(C)=CCOc1ccc(/C=C/CO)cc1
(S)-TOLIPROLOL,Cc1cccc(OC[C@@H](O)CNC(C)C)c1
TRANDOLAPRIL,CCOC(=O)[C@H](CCc1ccccc1)N[C@@H](C)C(=O)N1[C@H](C(=O)O)C[C@H]2CCCC[C@@H]21
(R)-VALGANCICLOVIR,CC(C)[C@H](N)C(=O)OC[C@@H](CO)OCn1cnc2c(=O)nc(N)[nH]c21
(S)-VALGANCICLOVIR,CC(C)[C@H](N)C(=O)OC[C@H](CO)OCn1cnc2c(=O)nc(N)[nH]c21
(S)-VENLAFAXINE,COc1ccc([C@@H](CN(C)C)C2(O)CCCCC2)cc1
VARDENAFIL,CCCc1nc(C)c2c(=O)nc(-c3cc(S(=O)(=O)N4CCN(CC)CC4)ccc3OCC)[nH]n12
(R)-VILOXAZINE,CCOc1ccccc1OC[C@H]1CNCCO1
(S)-VILOXAZINE,CCOc1ccccc1OC[C@@H]1CNCCO1
ZALEPLON,CCN(C(C)=O)c1cccc(-c2ccnc3c(C#N)cnn23)c1
ESZOPICLONE,CN1CCN(C(=O)O[C@H]2c3nccnc3C(=O)N2c2ccc(Cl)cn2)CC1
HYPEROSIDE,O=c1c(O[C@@H]2O[C@H](CO)[C@H](O)[C@H](O)[C@H]2O)c(-c2ccc(O)c(O)c2)oc2cc(O)cc(O)c12
HESPERETIN,COc1ccc([C@@H]2CC(=O)c3c(O)cc(O)cc3O2)cc1O
DEXFENFLURAMINE,CCN[C@@H](C)Cc1cccc(C(F)(F)F)c1
(S)-FENOPROFEN,C[C@H](C(=O)O)c1cccc(Oc2ccccc2)c1
(S)-GATIFLOXACIN,COc1c(N2CCN[C@@H](C)C2)c(F)cc2c(=O)c(C(=O)O)cn(C3CC3)c12
(S)-ISRADIPINE,COC(=O)C1=C(C)NC(C)=C(C(=O)OC(C)C)[C@H]1c1cccc2nonc12
(R)-LORAZEPAM,O=C1Nc2ccc(Cl)cc2C(c2ccccc2Cl)=N[C@@H]1O
(S)-LORAZEPAM,O=C1Nc2ccc(Cl)cc2C(c2ccccc2Cl)=N[C@H]1O
CONVALLATOXIN,C[C@@H]1O[C@@H](O[C@H]2CC[C@]3(C=O)[C@H]4CC[C@]5(C)[C@@H](C6=CC(=O)OC6)CC[C@]5(O)[C@@H]4CC[C@]3(O)C2)[C@H](O)[C@H](O)[C@H]1O
(S)-LORMETAZEPAM,CN1C(=O)[C@H](O)N=C(c2ccccc2Cl)c2cc(Cl)ccc21
(S)-NATEGLINIDE,CC(C)[C@H]1CC[C@H](C(=O)N[C@@H](Cc2ccccc2)C(=O)O)CC1
(R)-NITRENDIPINE,CCOC(=O)C1=C(C)NC(C)=C(C(=O)OC)[C@H]1c1cccc([N+](=O)[O-])c1
PIRAZOLAC,O=C(O)Cc1nn(-c2ccc(F)cc2)cc1-c1ccc(Cl)cc1
(R)-TOLIPROLOL,Cc1cccc(OC[C@H](O)CNC(C)C)c1
DERRUBONE,CC(C)=CCc1c(O)cc2occ(-c3ccc4c(c3)OCO4)c(=O)c2c1O
DERRUSTONE,COc1cc(OC)c2c(=O)c(-c3ccc4c(c3)OCO4)coc2c1
ROBUSTONE,CC1(C)C=Cc2c(cc3occ(-c4ccc5c(c4)OCO5)c(=O)c3c2O)O1
ROBUSTIC ACID,COc1ccc(-c2c(O)c3c(OC)c4c(cc3oc2=O)OC(C)(C)C=C4)cc1
LYCOBETAINE,Oc1cc2c3c(c1)c1cc4c(cc1c[n+]3CC2)OCO4
NORSANGUININE,Oc1ccc2c3c1O[C@H]1C[C@@H](O)C=C[C@@]31CCNC2
LYCORINE,O[C@H]1[C@H]2c3cc4c(cc3CN3CCC(=C[C@@H]1O)[C@H]23)OCO4
(+)-HAEMANTHAMINE,CO[C@@H]1C=C[C@@]23c4cc5c(cc4CN(C[C@@H]2O)[C@H]3C1)OCO5
EPINORGALANTAMINE,COc1ccc2c3c1O[C@H]1C[C@H](O)C=C[C@@]31[C@H](O)CN(C)C2
SANGUININE,CN1CC[C@@]23C=C[C@H](O)C[C@@H]2Oc2c(O)ccc(c23)C1
ASSOANINE,COc1cc2c(cc1OC)-c1cccc3c1N(CC3)C2
PRISMATOMERIN,COC(=O)C1=CO[C@@H]2O[C@H]3/C(=C\c4ccc(O)cc4)C(=O)O[C@]34C=C[C@H]1[C@H]24
ENOXIMONE,CSc1ccc(C(=O)c2[nH]c(=O)[nH]c2C)cc1
ASEBOGENIN,COc1cc(O)c(C(=O)CCc2ccc(O)cc2)c(O)c1
5'-PRENYLBUTEIN,CC(C)=CCc1cc(/C=C/C(=O)c2ccc(O)cc2O)cc(O)c1O
CROTAORIXIN,COc1cc(/C=C/C(=O)c2ccc(O)c(CC=C(C)C)c2O)ccc1O
MEDICAGENIN,CC(C)=CCc1cc(C(=O)/C=C/c2ccc(O)cc2)c(O)c(CC=C(C)C)c1O
XANTHOHUMOL,COc1cc(O)c(CC=C(C)C)c(O)c1C(=O)/C=C/c1ccc(O)cc1
ISOBAVACHALCONE,CC(C)=CCc1c(O)ccc(C(=O)/C=C/c2ccc(O)cc2)c1O
LARREIN,COc1c(O)ccc(C(=O)/C=C/c2ccccc2)c1O
"4,4'-DIMETHYLCHALCONE",Cc1ccc(/C=C/C(=O)c2ccc(C)cc2)cc1
MARINOSTATIN,CSCC[C@@H]1NC(=O)[C@@H](NC(=O)[C@H](C)NC(=O)[C@@H](N)Cc2ccccc2)[C@@H](C)OC(=O)C[C@@H]2NC(=O)[C@H](COC(=O)C[C@@H](C(=O)N[C@@H](CCC(=O)O)C(=O)O)NC(=O)[C@H](CO)NC2=O)NC(=O)[C@@H]2CCCN2C(=O)[C@H](Cc2ccc(O)cc2)NC(=O)[C@H](CCCNC(=N)N)NC1=O
TINGENIN B,CC1=C(O)C(=O)C=C2C1=CC=C1[C@@]2(C)CC[C@@]2(C)[C@@H]3C[C@@H](C)C(=O)[C@@H](O)[C@]3(C)CC[C@]12C
PERMETHRIN,CC1(C)C(C=C(Cl)Cl)C1C(=O)OCc1cccc(Oc2ccccc2)c1
MELLEUMIN B,COC(=O)C[C@H](O)[C@H](Cc1ccc(O)cc1)NC(=O)CNC(=O)[C@@H](NC(=O)c1ccc(OC)cc1)[C@@H](C)O
10-EPI-MELLEUMIN B,COC(=O)C[C@H](O)[C@H](Cc1ccc(O)cc1)NC(=O)CNC(=O)[C@H](NC(=O)c1ccc(OC)cc1)[C@@H](C)O
ABIRATERONE,C[C@]12CC[C@H](O)CC1=CC[C@@H]1[C@@H]2CC[C@]2(C)C(c3cccnc3)=CC[C@@H]12
CHELIDAMIC ACID,O=C(O)c1cc(=O)cc(C(=O)O)[nH]1
GOMISIN J,COc1c(O)cc2c(c1OC)-c1c(cc(O)c(OC)c1OC)C[C@H](C)[C@H](C)C2
WUWEIZISU B,COc1cc2c(c(OC)c1OC)-c1c(cc3c(c1OC)OCO3)C[C@H](C)[C@H](C)C2
BESIGOMSIN,COc1cc2c(c(OC)c1OC)-c1c(cc3c(c1OC)OCO3)C[C@H](C)[C@@](C)(O)C2
GOMISIN B,C/C=C(\C)C(=O)O[C@H]1c2cc(OC)c(OC)c(OC)c2-c2c(cc3c(c2OC)OCO3)C[C@H](C)[C@]1(C)O
SCHIZANDRIN,COc1cc2c(c(OC)c1OC)-c1c(cc(OC)c(OC)c1OC)C[C@](C)(O)[C@@H](C)C2
SCHISANDRIN C,COc1c2c(cc3c1-c1c(cc4c(c1OC)OCO4)C[C@H](C)[C@H](C)C3)OCO2
TIGLOYLGOMISIN P,C/C=C(\C)C(=O)O[C@@H]1c2cc(OC)c(OC)c(OC)c2-c2c(cc3c(c2OC)OCO3)C[C@H](C)[C@@]1(C)O
SCHISANDRIN A,COc1cc2c(c(OC)c1OC)-c1c(cc(OC)c(OC)c1OC)C[C@H](C)[C@H](C)C2
GOMISIN C,COc1cc2c(c(OC)c1OC)-c1c(cc3c(c1OC)OCO3)C[C@H](C)[C@](C)(O)[C@H]2OC(=O)c1ccccc1
RALTEGRAVIR,Cc1nnc(C(=O)NC(C)(C)c2nc(C(=O)NCc3ccc(F)cc3)c(O)c(=O)n2C)o1
LANOSOL,OCc1cc(O)c(O)c(Br)c1Br
7-GEM-DIFLUOROMETHYLENATED GENISTEIN,O=c1c(-c2ccc(O)cc2)coc2cc(OC(F)F)cc(O)c12
"4',7-DI-GEM-DIFLUOROMETHYLENATED GENISTEIN",O=c1c(-c2ccc(OC(F)F)cc2)coc2cc(OC(F)F)cc(O)c12
"4',5-DIMETHOXY-7-GEM-DIFLUOROMETHYLENATED GENISTEIN",COc1ccc(-c2coc3cc(OC(F)F)cc(OC)c3c2=O)cc1
"4',5-DIETHOXY-7-GEM-DIFLUOROMETHYLENATED GENISTEIN",CCOc1ccc(-c2coc3cc(OC(F)F)cc(OCC)c3c2=O)cc1
"4',5-DI-N-PROPOXY-7-GEM-DIFLUOROMETHYLENATED GENISTEIN",CCCOc1ccc(-c2coc3cc(OC(F)F)cc(OCCC)c3c2=O)cc1
"4',5-DIBENZYLOXY-7-GEM-DIFLUOROMETHYLENATED GENISTEIN",O=c1c(-c2ccc(OCc3ccccc3)cc2)coc2cc(OC(F)F)cc(OCc3ccccc3)c12
"4',5-DI-N-HEPTOXY-7-GEM-DIFLUOROMETHYLENATED GENISTEIN",CCCCCCCOc1ccc(-c2coc3cc(OC(F)F)cc(OCCCCCCC)c3c2=O)cc1
"4',5-DI-N-OCTOXY-7-GEM-DIFLUOROMETHYLENATED GENISTEIN",CCCCCCCCOc1ccc(-c2coc3cc(OC(F)F)cc(OCCCCCCCC)c3c2=O)cc1
"N'-TERT-BUTYL-N'-(3,5-DIMETHYLBENZOYL)-N-5-CHLORO-6-CHROMANECARBOHYDRAZIDE",Cc1cc(C)cc(C(=O)N(NC(=O)c2ccc3c(c2Cl)CCCO3)C(C)(C)C)c1
CYCLOPAMINE,CC1=C2C[C@H]3[C@@H](CC=C4C[C@@H](O)CC[C@@]43C)[C@@H]2CC[C@]12O[C@@H]1C[C@H](C)CN[C@H]1[C@H]2C
REBLASTATIN,COc1c(O)cc2cc1C[C@@H](C)C[C@H](OC)[C@H](O)[C@@H](C)/C=C(\C)[C@H](OC(N)=O)[C@@H](OC)CC/C=C(\C)C(=O)N2
"3,4'-O-DIMETHYLQUERCETIN",COc1ccc(C2Oc3cc(O)cc(O)c3C(=O)C2OC)cc1O
ALNUSIN,COc1c(O)cc2oc(-c3ccccc3)c(O)c(=O)c2c1O
ALNUSTINOL,COc1c(O)cc2c(c1O)C(=O)[C@H](O)[C@@H](c1ccccc1)O2
DIHYDROOROXYLIN A,COc1c(O)cc2c(c1O)C(=O)C[C@@H](c1ccccc1)O2
MUCRONULATOL,COc1ccc([C@H]2COc3cc(O)ccc3C2)c(OC)c1O
PRATENSEIN,COc1ccc(-c2coc3cc(O)cc(O)c3c2=O)cc1O
XENOGNOSIN B,COc1ccc(-c2coc3cc(O)ccc3c2=O)c(O)c1
LIQUIRTIGENIN,O=C1C[C@@H](c2ccc(O)cc2)Oc2cc(O)ccc21
GARBANZOL,O=C1c2ccc(O)cc2O[C@H](c2ccc(O)cc2)[C@H]1O
LYSIANADIOIC ACID,N=C(N)NCC/C=C(/CC(=O)O)C(=O)O
TOPOPYRONE C,Cc1cc(=O)c2c(O)cc3c(c2o1)C(=O)c1c(O)cc(O)cc1C3=O
ORE-1001,CC(C)C[C@H](N[C@@H](Cc1cncn1Cc1cc(Cl)cc(Cl)c1)C(=O)O)C(=O)O
ERGOLINE,CN1C[C@H](C(=O)N2CCN(c3cccc(=O)n3C)CC2)C[C@@H]2c3cccc4[nH]c(Br)c(c34)C[C@H]21
ANTHEMINONE A,CC(C)=CCCC(C)(O)[C@H]1CC(=O)C(CO)=C[C@@H]1O
HEXAOXAZOLE DIVALINE,CC(C)[C@@H]1NC(=O)c2coc(n2)-c2coc(n2)-c2coc(n2)[C@H](C(C)C)NC(=O)c2coc(n2)-c2coc(n2)-c2coc1n2
ANTHEMINONE B,C=C(C)C(C)(O)C(C)(O)/C=C\CC(C)(O)[C@H]1CC(=O)C(CO)=C[C@@H]1O
ANTHEMINONE C,C=C1C(=O)C[C@@H](C(C)(O)CCC=C(C)C)[C@H](O)[C@H]1O
FLUCICLOVINE F18,N[C@]1(C(=O)O)C[C@@H]([18F])C1
GS-9148,Nc1ncnc2c1ncn2[C@@H]1O[C@H](OCP(=O)(O)O)C=C1F
AUSTROBAILIGNAN 6,COc1cc(C[C@H](C)[C@H](C)Cc2ccc3c(c2)OCO3)ccc1O
N-ALLYLNORGALANTHAMINE,C=CCN1CC[C@@]23C=C[C@H](O)C[C@@H]2Oc2c(OC)ccc(c23)C1
OSI-632,NC(=O)c1c(OCc2c(F)cc(Br)cc2F)nsc1NC(=O)NCCCCN1CCCC1
2-MERCAPTOETHANOL,OCCS
LUMIRACOXIB,Cc1ccc(Nc2c(F)cccc2Cl)c(CC(=O)O)c1
ANONAINE,c1ccc2c(c1)C[C@H]1NCCc3cc4c(c-2c31)OCO4
NORSTEPHALAGINE,COc1c2c3c(c4c1OCO4)-c1ccccc1C[C@H]3NCC2
ANOLOBINE,Oc1ccc2c(c1)C[C@H]1NCCc3cc4c(c-2c31)OCO4
SUAVEOLINE,COc1cc2c3c(c1OC)-c1c(ccc(O)c1O)CC3N(C)CC2
MELOSMINE,COc1c(O)c2c3c(nccc3c1OC)C(C)(C)c1cc(O)ccc1-2
PREDICENTRINE,COc1cc2c(cc1OC)-c1c(OC)c(O)cc3c1[C@H](C2)N(C)CC3
PUKATEINE,CN1CCc2cc3c(c4c2C1Cc1cccc(O)c1-4)OCO3
LADOSTIGIL,C#CCN[C@@H]1CCc2ccc(OC(=O)N(C)CC)cc21
EKEBERIN D5,CC(=O)OC[C@](C)(O)[C@H](O)CC/C(C)=C/CC/C(C)=C/CC/C=C(\C)CC/C=C(\C)CC[C@@H](O)C(C)(C)O
MICROPEPTIN EI992,CCCC(=O)N[C@@H](CC(=O)O)C(=O)N[C@@H]1C(=O)N[C@@H](CCCNC(=N)N)C(=O)N[C@H]2CC[C@@H](O)N(C2=O)[C@@H](Cc2ccccc2)C(=O)N(C)[C@@H](Cc2ccc(O)cc2)C(=O)N[C@@H]([C@@H](C)CC)C(=O)O[C@@H]1C
MICROPEPTIN SD999,CCCCCC(=O)N[C@@H](CC(=O)O)C(=O)N[C@@H]1C(=O)N[C@@H](CCCNC(=N)N)C(=O)N[C@H]2CC[C@@H](O)N(C2=O)[C@@H]([C@@H](C)CC)C(=O)N(C)[C@@H](CC(=O)c2ccccc2N)C(=O)N[C@@H](C(C)C)C(=O)O[C@@H]1C
EKEBERIN D4,C/C(=C\CC/C=C(\C)CC[C@@H](O)[C@]1(C)CC[C@H](C(C)(C)O)O1)CC[C@@H](O)[C@]1(C)CC[C@H](C(C)(C)O)O1
NOSTOPEPTIN E,CC[C@H](C)[C@@H]1NC(=O)[C@H](Cc2ccc(O)cc2)N(C)C(=O)[C@H](CC(C)C)N2C(=O)[C@H](CC[C@H]2O)NC(=O)[C@H](CC(C)C)NC(=O)[C@@H]2[C@@H](OC1=O)C(C)CN2C(=O)[C@H](CCC(N)=O)NC(C)=O
CYANOPEPTOLIN 963A,CCCCCC(=O)N[C@@H](CC(=O)O)C(=O)N[C@@H]1C(=O)N[C@@H](Cc2ccc(O)cc2)C(=O)N[C@H]2CC[C@@H](O)N(C2=O)[C@@H](CC(C)C)C(=O)N(C)[C@@H](Cc2ccccc2)C(=O)N[C@@H](C(C)C)C(=O)O[C@@H]1C
NOSTOPEPTIN I,CC[C@H](C)[C@@H]1NC(=O)[C@H](Cc2ccc(OC)cc2)N(C)C(=O)[C@H](CC(C)C)N2C(=O)[C@H](CC[C@H]2O)NC(=O)[C@H](CC(C)C)NC(=O)[C@@H]2[C@@H](OC1=O)C(C)CN2C(=O)[C@H](CCC(N)=O)NC(C)=O
CEPHALOSTATIN 11,CO[C@H]1c2nc3c(nc2C[C@@H]2CC[C@H]4C5=CC[C@@H]6[C@@H](C)[C@]7(OC[C@]56C(=O)C[C@@H]4[C@]21C)OC(C)(C)C[C@H]7O)C[C@@]1(C)[C@@H](CC[C@H]2C4=C[C@@H]5O[C@]6(O[C@](C)(CO)C[C@H]6O)[C@@H](C)[C@]5(O)[C@@]4(C)[C@H](O)C[C@@H]21)C3
RITTERAZINE G,C[C@@H]1[C@@]2(CC[C@](C)(O)CO2)O[C@H]2C=C3[C@@H]4[C@@H](O)C[C@H]5Cc6nc7c(nc6C[C@]5(C)[C@H]4C[C@@H](O)[C@]3(C)[C@]21O)C[C@@H]1CC[C@H]2C3=C[C@@H]4O[C@]5(CCC(C)(C)O5)C[C@@H]4[C@@]3(C)[C@H](O)C[C@@H]2[C@@]1(C)C7
CEPHAELINE,CC[C@H]1CN2CCc3cc(OC)c(OC)cc3[C@@H]2C[C@@H]1C[C@H]1NCCc2cc(O)c(OC)cc21
ISOPICRODEOXYPODOPHYLLOTOXIN,COc1cc([C@H]2c3cc4c(cc3C[C@H]3COC(=O)[C@H]32)OCO4)cc(OC)c1OC
BOTRYOLIDE D,C[C@@H]1C[C@H](O)C(=O)CCC(O)CC(=O)O1
CRIBROSTATIN 5,C/C=C(/C)C(=O)OC[C@H]1C2=C(C=C3[C@H]4c5c(O)c(OC)c(C)c(O)c5C(=O)[C@@H](C(=O)N31)N4C)C(=O)C(C)=C(OC)C2=O
BOTRYOLIDES B,C[C@@H]1C[C@@H]2O[C@@H]2/C=C/[C@H](O)CC(=O)O1
BOTRYOLIDES C,C[C@@H]1C[C@@H]2O[C@@H]2/C=C/[C@]2(CC(=O)O1)C[C@@H](O)C(=O)O2
GALLOYL TYRAMINE,NCCc1ccc(OC(=O)c2cc(O)c(O)c(O)c2)cc1.O=C(O)C(F)(F)F
ALEURITOLIC ACID,CC1(C)CC[C@]2(C(=O)O)CC=C3[C@]4(C)CC[C@H]5C(C)(C)[C@@H](O)CC[C@]5(C)[C@H]4CC[C@@]3(C)[C@@H]2C1
HOPENOL B,C=C(C)[C@H]1CC[C@]2(C)[C@H]3CC[C@@H]4[C@@]5(C)CC[C@H](O)C(C)(C)[C@@H]5CC[C@@]4(C)[C@]3(C)CC[C@@H]12
ACETYLCORDIAQUINOL C,C=C[C@@]1(C)Cc2c(OC(C)=O)ccc(OC(C)=O)c2C[C@H]1C(=C)C
NOSTOPEPTIN J,CC[C@H](C)[C@@H]1NC(=O)[C@H](Cc2ccc(OC)cc2)N(C)C(=O)[C@H](CC(C)C)N2C(=O)[C@H](CC[C@H]2OC)NC(=O)[C@H](CC(C)C)NC(=O)[C@@H]2[C@@H](OC1=O)C(C)CN2C(=O)[C@H](CCC(N)=O)NC(C)=O
PLANKTOPEPTIN BL1125,CC[C@H](C)[C@@H]1NC(=O)[C@H](Cc2ccc(OC)cc2)N(C)C(=O)[C@H]([C@@H](C)O)N2C(=O)[C@H](CC[C@H]2O)NC(=O)[C@H](CC(C)C)NC(=O)[C@@H](NC(=O)[C@H](CCC(N)=O)NC(=O)[C@H](CCc2ccc(O)cc2)NC(=O)[C@@H](O)CO)[C@@H](C)OC1=O
CEPHALOSTATIN 9,C[C@@H]1[C@H]2CC=C3[C@@H]4CC[C@H]5Cc6nc7c(nc6C[C@]5(C)[C@H]4CC(=O)[C@@]32COC1(O)[C@H](O)CC(C)(C)O)C[C@@H]1CC[C@H]2C3=C[C@@H]4O[C@]5(O[C@](C)(CO)C[C@H]5O)[C@@H](C)[C@]4(O)[C@@]3(C)[C@H](O)C[C@@H]2[C@@]1(C)C7
RITTERAZINE E,C[C@@H]1[C@@]2(CC[C@](C)(O)CO2)O[C@H]2C=C3[C@@H]4[C@@H](O)C[C@H]5Cc6nc7c(nc6C[C@]5(C)[C@H]4C[C@@H](O)[C@]3(C)[C@]21O)C[C@@H]1CC[C@@H]2[C@H](CC(=O)[C@]23C[C@@H]2O[C@]4(C[C@H](C)C(C)(C)O4)[C@@H](C)[C@@H]2[C@]3(C)O)[C@@]1(C)C7
RITTERAZINE F,C[C@@H]1[C@@]2(CC[C@](C)(O)CO2)O[C@H]2C=C3[C@@H]4[C@@H](O)C[C@H]5Cc6nc7c(nc6C[C@]5(C)[C@H]4C[C@@H](O)[C@]3(C)[C@]21O)C[C@@H]1CC[C@H]2[C@H]3C[C@@H]4O[C@]5(CCC(C)(C)O5)C[C@@H]4[C@@]3(C)[C@H](O)C[C@@H]2[C@@]1(C)C7
DANKASTATIN B,CCCCCC[C@@H](C)/C=C(C)/C=C/C(=O)N[C@@H]1CO[C@H]2[C@@H](Cl)C(=O)C(Cl)=C[C@@]2(O)C1
BOTRYOLIDES A,C[C@@H]1C[C@@H]2O[C@@H]2[C@H]2O[C@@H]2[C@@H](O)CC(=O)O1
ACREMOLIDE D,CC(O)CCCCC(C)C1CC(O)C(C)C(=O)N[C@H](C(C)C)C(=O)N2CCC[C@H]2C(=O)O1
ACULEATINS B,CCCCCCCCCCCCC[C@@H]1C[C@@H](O)C[C@@]2(CCC3(C=CC(=O)C=C3)O2)O1
ACULEATIN E,CCCCCCCCCCC[C@@H]1C[C@H](O)C[C@@]2(CCC3(C=CC(=O)C=C3)O2)O1
Cordiaquinol C,C=C[C@@]1(C)CC2=C(C[C@H]1C(=C)C)C(O)C=CC2O
ALLIODORIN,C/C(C=O)=C\CC/C(C)=C/Cc1cc(O)ccc1O
UVARIBONIN,CCCCCCCCCCCC[C@@H](O)[C@H]1CC[C@H]([C@@H](C[C@H](O)CCCCCCCCCC(O)CCC2=CC(C)OC2=O)OC(C)=O)O1
PHYTOLACCOSIDE B,COC(=O)[C@@]1(C)CC[C@]2(C(=O)O)CC[C@]3(C)C(=CC[C@@H]4[C@@]5(C)C[C@H](O)[C@H](O[C@@H]6OC[C@@H](O)[C@H](O)[C@H]6O)[C@@](C)(CO)[C@@H]5CC[C@]43C)[C@@H]2C1
MICROPEPTIN 88F,CCCC(=O)N[C@@H](Cc1ccccc1)C(=O)N[C@@H](CCC(=O)OC)C(=O)N[C@@H]1C(=O)N[C@@H](Cc2ccc(O)cc2)C(=O)N[C@H]2CC[C@@H](O)N(C2=O)[C@@H](C(C)C)C(=O)N(C)[C@@H](Cc2ccccc2)C(=O)N[C@@H]([C@@H](C)CC)C(=O)O[C@@H]1C
MICROPEPTIN SD1002,CCCCCC(=O)N[C@@H](CC(=O)O)C(=O)N[C@@H]1C(=O)N[C@@H](Cc2ccc(O)cc2)C(=O)N[C@H]2CC[C@@H](O)N(C2=O)[C@@H]([C@@H](C)CC)C(=O)N(C)[C@@H](Cc2c[nH]c3ccccc23)C(=O)N[C@@H](C(C)C)C(=O)O[C@@H]1C
MICROPEPTIN B,CCCCCC(=O)N[C@@H](CCC(=O)O)C(=O)N[C@@H]1C(=O)N[C@@H](CCCNC(=N)N)C(=O)N[C@H]2CC[C@@H](O)N(C2=O)[C@@H](CC(C)C)C(=O)N(C)[C@@H](Cc2ccc(O)cc2)C(=O)N[C@@H](C(C)C)C(=O)O[C@@H]1C
NARCISSIN,COc1cc(-c2oc3cc(O)cc(O)c3c(=O)c2O[C@@H]2O[C@H](CO[C@@H]3O[C@@H](C)[C@H](O)[C@@H](O)[C@H]3O)[C@@H](O)[C@H](O)[C@H]2O)ccc1O
MICROPEPTIN 88A,CC[C@H](C)[C@@H]1NC(=O)[C@H](Cc2ccccc2)N(C)C(=O)[C@H](C(C)C)N2C(=O)[C@H](CC[C@H]2O)NC(=O)[C@H](CC2C=CC(O)CC2)NC(=O)[C@@H](NC(=O)[C@@H](N)CCC(=O)O)[C@@H](C)OC1=O
CEPHALOSTATIN 8,C[C@@H]1C[C@]2(O[C@H]3C=C4[C@@H]5CC[C@H]6Cc7nc8c(nc7C[C@]6(C)[C@H]5C[C@@H](O)[C@]4(CO)[C@H]3[C@@H]2C)C[C@@H]2CC[C@H]3C4=C[C@@H]5O[C@]6(O[C@](C)(CO)C[C@H]6O)[C@@H](C)[C@]5(O)[C@@]4(C)[C@H](O)C[C@@H]3[C@@]2(C)C8)OC1(C)C
RITTERAZINE D,C[C@@H]1[C@@]2(CC[C@](C)(O)CO2)O[C@H]2C=C3[C@@H]4[C@@H](O)C[C@H]5Cc6nc7c(nc6C[C@]5(C)[C@H]4C[C@@H](O)[C@]3(C)[C@]21O)C[C@@H]1CC[C@@H]2[C@H](CC(=O)[C@]23C[C@@H]2O[C@]4(CCC(C)(C)O4)[C@@H](C)[C@@H]2[C@]3(C)O)[C@@]1(C)C7
DANKASTATIN A,CCCCCC[C@@H](C)/C=C(C)/C=C/C(=O)N[C@H]1C[C@@]2(O)C=C(Cl)C(=O)[C@@H](Cl)[C@H]2O[C@@H]1OC
DEBROMOHYMENIALDISINE,NC1=N/C(=C2/CCNC(=O)c3[nH]ccc32)C(=O)N1
ACREMOLIDE B,CC(=O)CCCCC(C)C1CC(O)C(C)C(=O)N[C@H](Cc2ccccc2)C(=O)N2CCC[C@H]2C(=O)O1
ACREMOLIDE C,CC[C@@H](C)[C@H]1NC(=O)C(C)C(O)CC(C(C)CCCCC(C)O)OC(=O)[C@@H]2CCCN2C1=O
ACREMOLIDE A,CC(O)CCCCC(C)C1CC(O)C(C)C(=O)N[C@H](Cc2ccccc2)C(=O)N2CCC[C@H]2C(=O)O1
LATRUNCULIN A,C/C1=C/C(=O)O[C@@H]2C[C@@H](CC[C@H](C)/C=C\C=C\CC1)O[C@@](O)([C@@H]1CSC(=O)N1)C2
ACULEATIN A,CCCCCCCCCCCCC[C@@H]1C[C@@H](O)C[C@]2(CCC3(C=CC(=O)C=C3)O2)O1
Cordiachrome C,C=C[C@@]1(C)CC2=C(C[C@H]1C(=C)C)C(=O)C=CC2=O
CLAVIGERIN B,CC(=O)O[C@H]1O[C@@H]2C=C(C)[C@H]3C[C@@H]2[C@@]13CC(=O)C=C(C)C
CLAVIGERIN C,CC(=O)O[C@H]1O[C@@H]2C=C(C)[C@H]3C[C@@H]2[C@@]13CC(=O)CC(C)C
CLAVIGERIN A,CC(=O)OC(C(=O)C=C(C)C)[C@]12[C@@H](OC(C)=O)O[C@@H]3C=C(C)[C@H]1C[C@@H]32
MICROPEPTIN T1,CCCCCC(=O)N[C@@H](CCC(N)=O)C(=O)N[C@@H]1C(=O)N[C@@H](Cc2ccc(O)cc2)C(=O)N[C@H]2CC[C@@H](O)N(C2=O)[C@@H](Cc2ccccc2)C(=O)N(C)[C@@H](Cc2ccc(O)cc2)C(=O)N[C@@H](C(C)C)C(=O)O[C@@H]1C
MICROPEPTIN SF995,CCCCCC(=O)N[C@@H](CC(=O)O)C(=O)N[C@@H]1C(=O)N[C@@H](CCCNC(=N)N)C(=O)N[C@H]2CC[C@@H](O)N(C2=O)[C@@H]([C@@H](C)CC)C(=O)N(C)[C@@H](Cc2c[nH]c3ccccc23)C(=O)N[C@@H](C(C)C)C(=O)O[C@@H]1C
SYMPLOCAMIDE A,CCCC(=O)N[C@@H](CCC(N)=O)C(=O)N[C@@H]1C(=O)N[C@@H](CCCNC(N)=O)C(=O)N[C@H]2CC[C@@H](O)N(C2=O)[C@@H]([C@@H](C)CC)C(=O)N(C)[C@@H](Cc2ccc(OC)c(Br)c2)C(=O)N[C@@H](C(C)C)C(=O)O[C@@H]1C
CEPHALOSTATIN 6,C[C@H]1[C@H]2C[C@@H](O)c3c4c(cc(c32)OC12OC(C)(C)C[C@H]2O)[C@@]1(C)Cc2nc3c(nc2C[C@@H]1CC4)C[C@@]1(C)[C@@H](CC[C@H]2C4=C[C@@H]5O[C@@]6(C[C@]5(O)[C@@]4(C)[C@H](O)C[C@@H]21)O[C@](C)(CO)C[C@H]6O)C3
CEPHALOSTATIN 7,C[C@@H]1[C@]2(O[C@H]3C=C4[C@@H]5CC[C@H]6Cc7nc8c(nc7C[C@]6(C)[C@H]5C[C@@H](O)[C@]4(C)[C@]31O)C[C@@H]1CC[C@H]3C4=C[C@@H]5O[C@]6(CC[C@](C)(O)CO6)C[C@]5(O)[C@@]4(C)[C@H](O)C[C@@H]3[C@@]1(C)C8)O[C@](C)(CO)C[C@H]2O
NEO-KAULUAMINE,O[C@@H]1CCCN2CC[C@@H]1O[C@@]13CC[C@@H](OC[C@]45CN6CCCC/C=C\CC[C@](O)(C=C(c7nccc8c7[nH]c7ccccc78)[C@@H]4CC6)[C@H]25)[C@@H](O)CCN1[C@@H]1[C@]2(CN4CCCC/C=C\CC[C@]1(O)C=C(c1nccc5c1[nH]c1ccccc15)[C@@H]2CC4)C3
RITTERAZINE Z,C[C@@H]1[C@H](C)[C@]2(OC[C@]34C(=O)C[C@@H]5[C@@H](CC[C@H]6Cc7nc8c(nc7C[C@@]65C)C[C@@H]5CC[C@@H]6[C@H](CC(=O)[C@]67C[C@@H]6O[C@@]9(CCC(C)(C)O9)[C@@H](C)[C@@H]6[C@]7(C)O)[C@@]5(C)C8)[C@H]3C[C@H](O)[C@@H]4[C@H]2C)OC1(C)C
MANZAMINE A HCL,Cl.O[C@]12C=C(c3nccc4c3[nH]c3ccccc34)[C@@H]3CCN(CCCC/C=C\CC1)C[C@@]31C[C@@H]3/C=C\CCCCN3[C@H]12
JASPAMIDE,C/C1=C\[C@H](C)C[C@H](C)OC(=O)C[C@H](c2ccc(O)cc2)NC(=O)[C@@H](Cc2c(Br)[nH]c3ccccc23)N(C)C(=O)[C@H](C)NC(=O)[C@@H](C)C1
CILIATAMIDES B,CCCCCCCC(=O)N(C)[C@@H](Cc1ccccc1)C(=O)N[C@H]1CCCCNC1=O
CILIATAMIDES C,C=CCCCCCCCC(=O)N(C)[C@@H](Cc1ccccc1)C(=O)N[C@H]1CCCNC1=O
19-O-ACETYLCHAETOGLOBOSIN B,CC(=O)O[C@H]1C(=O)/C=C/C(=O)[C@@]23C(=O)N[C@@H](Cc4c[nH]c5ccccc45)[C@@H]2C(C)=C(C)[C@@H](O)[C@@H]3/C=C/C[C@H](C)/C=C\1C
PSOROXANTHIN,O=c1c2c(O)cccc2oc2ccc3c(c12)CC(C1(CO)CO1)O3
CILIATAMIDES A,C=CCCCCCCCC(=O)N(C)[C@@H](Cc1ccccc1)C(=O)N[C@H]1CCCCNC1=O
PROTOSTEMODIOL,COC1=C(C)C(=O)O/C1=C(\O)[C@@H](C)[C@H]1[C@@H](O)CCCN2[C@H]1CC[C@H]2[C@@H]1C[C@H](C)C(=O)O1
CORDIACHROME A,CC1=CCC[C@@]2(C)CC3=C(C[C@@H]12)C(=O)C=CC3=O
CORDIACHROME B,C=C1CCC[C@@]2(C)CC3=C(C[C@@H]12)C(=O)C=CC3=O
CINNAMOSMOLIDE,CC(=O)O[C@@H]1C=C2C(=O)OC[C@]2(O)[C@@]2(C)CCCC(C)(C)[C@H]12
CASSYTHINE,COc1cc2c(cc1O)C[C@@H]1NCCc3c(OC)c4c(c-2c31)OCO4
NEOLITSINE,CN1CCc2cc3c(c4c2[C@@H]1Cc1cc2c(cc1-4)OCO2)OCO3
POLYGODIAL,CC1(C)CCC[C@]2(C)[C@@H](C=O)C(C=O)=CC[C@@H]12
CASSYTHIC ACID,COc1ccc2c(c1C(=O)O)-c1c3c(c(OC)c4c1[C@H](C2)NCC4)OCO3
OSCILLAPEPTIN E,CC[C@@H](C)[C@@H]1NC(=O)[C@H](Cc2ccccc2)N(C)C(=O)[C@H]([C@@H](C)CC)N2C(=O)[C@H](CC[C@H]2O)NC(=O)[C@H](CCc2ccc(O)cc2)NC(=O)[C@@H](NC(=O)[C@@H](CCc2ccc(O)cc2)NC(=O)[C@@H](COS(=O)(=O)O)OC)[C@@H](C)OC1=O
OSCILLAPEPTIN C,CC[C@@H](C)[C@@H]1NC(=O)[C@H](Cc2ccccc2)N(C)C(=O)[C@H]([C@@H](C)CC)N2C(=O)[C@H](CC[C@H]2OC)NC(=O)[C@H](CC2C=CC(O)C=C2)NC(=O)[C@@H](NC(=O)[C@@H](CCc2ccc(O)cc2)NC(=O)[C@@H](CO)OC)[C@@H](C)OC1=O
MICROPEPTIN T2,CCCCCC(=O)N[C@@H](CCC(=O)O)C(=O)N[C@@H]1C(=O)N[C@@H](CCCCN)C(=O)N[C@H]2CC[C@@H](O)N(C2=O)[C@@H](Cc2ccccc2)C(=O)N(C)[C@@H](Cc2c[nH]c3ccccc23)C(=O)N[C@@H](C(C)C)C(=O)O[C@@H]1C
OSCILLAPEPTIN F,CC[C@@H](C)[C@@H]1NC(=O)[C@H](Cc2ccccc2)N(C)C(=O)[C@H]([C@@H](C)CC)N2C(=O)[C@H](CC[C@H]2O)NC(=O)[C@H](CCCCN)NC(=O)[C@@H](NC(=O)[C@@H](CCc2ccccc2)NC(=O)[C@@H](COS(=O)(=O)O)OC)[C@@H](C)OC1=O
RITTERAZINE Y,C[C@H]1[C@H]2[C@H](C=C3[C@@H]4CC[C@H]5Cc6nc7c(nc6C[C@]5(C)[C@@H]4C[C@@H](O)[C@@]32C)C[C@@H]2CC[C@H]3[C@H]4C[C@@H]5O[C@@]6(CCC(C)(C)O6)[C@@H](C)[C@@H]5[C@@]4(C)[C@H](O)C[C@@H]3[C@@]2(C)C7)O[C@]12CC[C@](C)(O)CO2
BENGAMIDE A,CCCCCCCCCCCCCC(=O)O[C@H]1CC[C@H](NC(=O)[C@H](OC)[C@H](O)[C@@H](O)[C@H](O)/C=C/C(C)C)C(=O)NC1
BENGAZOLE E,CCCCCCCCCCCCCCC(=O)O[C@@H](c1cnco1)c1nc([C@@H](O)C[C@@H](O)[C@@H](O)[C@@H](C)O)co1
PSOROXANTHIN CHLOROHYDRIN,O=c1c2c(O)cccc2oc2ccc3c(c12)CC(C(O)(CO)CCl)O3
EDULITINE,COc1cc(=O)[nH]c2c(OC)cccc12
FUJIANMYCIN A,C[C@H]1CC(=O)c2c(ccc3c2C(=O)c2cccc(O)c2C3=O)[C@@H]1O
RUTAEVIN,CC1(C)O[C@H]2CC(=O)OC[C@]23[C@H]2CC[C@@]4(C)[C@H](c5ccoc5)OC(=O)[C@H]5O[C@]54[C@]2(C)[C@@H](O)C(=O)[C@@H]13
PERENIPORIN B,CC1(C)CCC[C@@]2(C)[C@H]1[C@H](O)C=C1C(=O)OC[C@@]12O
UGANDENSOLIDE,CC(=O)O[C@@H]1[C@@H](O)C2=C(C(=O)OC2)[C@@]2(C)CCCC(C)(C)[C@H]12
ISOFILIFORMINE,COc1cc2c(cc1O)C(=O)c1nccc3c(OC)c4c(c-2c13)OCO4
CINNAMADIN,CC(=O)O[C@@H]1[C@@H](O)C2=C(COC2=O)[C@@]2(C)CCCC(C)(C)[C@H]12
MICROPEPTIN SD979,CCCCCC(=O)N[C@@H](CC(=O)O)C(=O)N[C@@H]1C(=O)N[C@@H](Cc2ccc(O)cc2)C(=O)N[C@H]2CC[C@@H](O)N(C2=O)[C@@H]([C@@H](C)CC)C(=O)N(C)[C@@H](Cc2ccc(O)cc2)C(=O)N[C@@H](C(C)C)C(=O)O[C@@H]1C
PTEROCELLIN F,COc1cn2c(c(Cc3c4n(cc(OC)c3=O)-c3c(ccnc3CC(C)C)C4=O)c1=O)C(=O)c1ccnc(CC(C)C)c1-2
PTEROCELLIN A,COc1cn2c(cc1=O)C(=O)c1ccnc(CC(C)C)c1-2
PTEROCELLIN B,COc1cn2c(cc1=O)C(=O)c1ccnc(Cc3ccccc3)c1-2
BENGAZOLE B,CC(C)CCCCCCCCCCCC(=O)O[C@@H](c1cnco1)c1nc([C@@H](O)C[C@@H](O)[C@@H](O)[C@@H](C)O)co1
FRONDOSIDE A,CO[C@@H]1[C@@H](O)[C@H](O[C@@H]2[C@@H](O)[C@H](O[C@H]3[C@H](O)[C@@H](O[C@@H]4OC[C@@H](O)[C@H](O)[C@H]4O)[C@H](O[C@H]4[C@H](OC5CC[C@]6(C)[C@H]7CCC89C(=O)O[C@@](C)(CCCC(C)C)C8[C@@H](OC(C)=O)C[C@@]9(C)C7=CC[C@H]6C5(C)C)OC[C@@H](OS(=O)(=O)[O-])[C@@H]4O)O[C@@H]3C)OC[C@H]2O)O[C@H](CO)[C@H]1O.[Na+]
"31BETA-HYDROXY-32,33-DIHYDRO-8-HYDROXYMANZAMINE A",Oc1cccc2c1[nH]c1c(C3=C[C@]4(O)CC/C=C\CCCCN5CC[C@H]3[C@@]3(C[C@H]6CC[C@H](O)CCCN6[C@@H]34)C5)nccc12
"31ALPHA-HYDROXY-32,33-DIHYDRO-8-HYDROXYMANZAMINE A",Oc1cccc2c1[nH]c1c(C3=C[C@]4(O)CC/C=C\CCCCN5CC[C@H]3[C@@]3(C[C@H]6CC[C@@H](O)CCCN6[C@@H]34)C5)nccc12
RITTERAZINE W,C[C@H]1[C@H]2[C@H](C=C3[C@@H]4CC[C@H]5Cc6nc7c(nc6C[C@]5(C)[C@@H]4C[C@@H](O)[C@@]32C)C[C@@H]2CC[C@@H]3[C@H](CC(=O)[C@]34C[C@@H]3O[C@@]5(CCC(C)(C)O5)[C@@H](C)[C@@H]3[C@]4(C)O)[C@@]2(C)C7)O[C@]12C[C@](C)(CO)CO2
RITTERAZINE X,C[C@H]1[C@H]2[C@H](C=C3[C@@H]4CC[C@H]5Cc6nc7c(nc6C[C@]5(C)[C@@H]4C[C@@H](O)[C@@]32C)C[C@@H]2CC[C@@H]3[C@H](CC(=O)[C@]34C[C@@H]3O[C@]5(CCC(C)(C)O5)[C@@H](C)[C@@H]3[C@]4(C)O)[C@@]2(C)C7)O[C@]12C[C@](C)(CO)CO2
BENGAZOLE A,CCCCCCCCCCCCCC(=O)O[C@@H](c1cnco1)c1nc([C@@H](O)C[C@@H](O)[C@@H](O)[C@@H](C)O)co1
ROBUSTINE,COc1c2ccoc2nc2c(O)cccc12
AXINASTATIN 5,CC[C@H](C)[C@@H]1NC(=O)[C@H](CC(C)C)NC(=O)[C@@H]2CCCN2C(=O)[C@H](C(C)C)NC(=O)[C@H](Cc2ccc(O)cc2)NC(=O)[C@@H]2CCCN2C(=O)[C@@H]2CCCN2C(=O)[C@H](CC(C)C)NC1=O
OBACUNONE,CC1(C)OC(=O)C=C[C@]2(C)[C@H]3CC[C@@]4(C)[C@H](c5ccoc5)OC(=O)[C@H]5O[C@]54[C@]3(C)C(=O)C[C@@H]12
APLYSINOPSIN,CN1C(=N)N(C)/C(=C/c2c[nH]c3ccccc23)C1=O
OSCILLAPEPTIN A,CC[C@@H](C)[C@@H]1NC(=O)[C@H](Cc2ccc(OC)cc2)N(C)C(=O)[C@H]([C@@H](C)CC)N2C(=O)[C@H](CC[C@H]2O)NC(=O)[C@H](CCc2ccc(O)cc2)NC(=O)[C@@H](NC(=O)[C@H](CCc2ccc(O)cc2)NC(=O)[C@@H](COS(=O)(=O)O)OC)[C@@H](C)OC1=O
PLANKTOPEPTIN BL1061,CC[C@H](C)[C@@H]1NC(=O)[C@H](Cc2ccc(OC)cc2)N(C)C(=O)[C@H]([C@@H](C)O)N2C(=O)[C@H](CC[C@H]2O)NC(=O)[C@H](CC(C)C)NC(=O)[C@@H](NC(=O)[C@H](CCC(N)=O)NC(=O)[C@@H](NC(=O)[C@@H](O)CO)C(C)C)[C@@H](C)OC1=O
NOSTOPEPTIN D,CCC(=O)N[C@@H](CCC(N)=O)C(=O)N1CC(C)[C@@H]2OC(=O)[C@H]([C@@H](C)CC)NC(=O)[C@H](Cc3ccc(O)cc3)N(C)C(=O)[C@H]([C@@H](C)CC)N3C(=O)[C@H](CC[C@H]3O)NC(=O)[C@H](CC(C)C)NC(=O)[C@H]21
PTEROCELLIN E,COc1cn2c(c(-c3c4n(cc(OC)c3=O)-c3c(ccnc3CC(C)C)C4=O)c1=O)C(=O)c1ccnc(CC(C)C)c1-2
ERYVARIN A,COc1ccc2c(c1)OC[C@@]1(O)c3ccc4c(c3O[C@@H]21)C[C@H](O)C(C)(C)O4
ABYSSINONE V,CC(C)=CCc1cc([C@@H]2CC(=O)c3c(O)cc(O)cc3O2)cc(CC=C(C)C)c1O
NARDOSINANOL C,C[C@@H](C=O)[C@H]1C(=O)CCC2=C[C@@H](O)C[C@H](C)[C@]21C
NARDOSINANOL G,CC(=O)[C@H]1C[C@H](O)C2=CCC[C@H](C)[C@@]2(C)[C@H]1C(C)=O
LEMNAFRICANOL,CC(=O)O[C@H]1C[C@H](O)[C@@]23C(=O)[C@@H](C)[C@@H]1[C@]2(C)[C@@H](C)CC[C@@H]3O
RITTERAZINE V,C[C@H]1[C@H]2[C@H](C[C@]3(C(=O)C[C@@H]4[C@H]3CC[C@H]3Cc5nc6c(nc5C[C@@]34C)C[C@@H]3CC[C@@H]4[C@H](CC(=O)[C@]45C[C@@H]4O[C@@]7(CCC(C)(C)O7)[C@@H](C)[C@@H]4[C@]5(C)O)[C@@]3(C)C6)C2(C)C)O[C@]12CC[C@](C)(O)CO2
GYMNASTATIN R,CCCCCC[C@@H](C)/C=C(C)/C=C/C(=O)N[C@H]1C[C@]2(O)C=C(Cl)C(=O)[C@@](Cl)(C2)[C@H]1O
STELLETTIN B,CC(/C=C/C=C(\C)c1ccc(C)c(=O)o1)=C1/C(=O)C[C@H]2[C@@]3(C)CCC(=O)C(C)(C)[C@@H]3CC[C@]12C
OKHOTOSIDE B3,C=C(C)CCC[C@]1(C)OC(=O)C23CC[C@H]4C(=CC[C@H]5C(C)(C)C(O[C@@H]6OC[C@@H](O)[C@H](O)[C@H]6O[C@@H]6O[C@H](CO)[C@@H](O[C@@H]7O[C@H](COS(=O)(=O)[O-])[C@@H](O)[C@H](O[C@@H]8O[C@H](COS(=O)(=O)[O-])[C@@H](O)[C@H](OC)[C@H]8O)[C@H]7O)[C@H](O)[C@H]6O[C@@H]6OC[C@@H](O)[C@H](O)[C@H]6O)CC[C@]45C)[C@]2(C)C[C@H](OC(C)=O)C31.[Na+].[Na+]
BARETTIN,N=C(N)NCCC[C@@H]1NC(=O)/C(=C/c2c[nH]c3cc(Br)ccc23)NC1=O
AVICENNOL METHYL ETHER,COc1c2c(c3ccc(=O)oc3c1/C=C/C(C)(C)OC)OC(C)(C)C=C2
CALODENDROLIDE,CC1=CCC[C@@]2(C)[C@H](c3ccoc3)OC(=O)[C@H]3O[C@]132
DICTAMDIOL,CC1=C2[C@H](O)C(=O)O[C@@H](c3ccoc3)[C@]2(C)CC[C@@H]1O
FRAXINELLONE,CC1=C2C(=O)O[C@@H](c3ccoc3)[C@]2(C)CCC1
FRAXINELLONONE,CC1=C2C(=O)O[C@@H](c3ccoc3)[C@]2(C)CCC1=O
PTEROCELLIN D,COc1cn2c(c(C(C)C)c1=O)C(=O)c1ccnc(CC(C)C)c1-2
POLYDISCAMIDE D,CC(C)[C@@H](NC(=O)[C@@H]1CCCN1C(=O)[C@H](Cc1ccc(Br)cc1)NC(=O)[C@@H](C)NC=O)C(=O)N[C@H](C(=O)N[C@H](Cc1c[nH]c2ccccc12)C(=O)N[C@@H](CCCNC(=N)N)C(=O)N[C@H](CS(=O)(=O)O)C(=O)N[C@@H]1C(=O)N(C)[C@@H](CCC(N)=O)C(=O)N[C@H](C(C)C)C(=O)N2CCC[C@H]2C(=O)N[C@H](CC(=O)O)C(=O)O[C@@H]1C)C(C)(C)C
STAGONOLIDE E,C[C@@H]1CC[C@@H](O)/C=C/C=C\C(=O)O1
STAGONOLIDE F,C[C@@H]1C/C=C/[C@@H](O)CCCC(=O)O1
GIBBEROSENE F,CC(=O)O[C@@H]1/C(C)=C/CC/C(C)=C/[C@H](O)C/C(C)=C\C=C(/C(C)C)[C@H]1OC(C)=O
GIBBEROSENE G,C/C1=C/C=C(\C(C)C)CC/C(C)=C/C(O)C/C(C)=C/CC1
NOSTOPEPTIN BN920,CC(=O)N[C@@H](CCC(N)=O)C(=O)N[C@@H]1C(=O)N[C@@H](CC(C)C)C(=O)N[C@H]2CC[C@@H](O)N(C2=O)[C@@H](Cc2ccccc2)C(=O)N(C)[C@@H](Cc2ccc(O)cc2)C(=O)N[C@@H](C(C)C)C(=O)O[C@@H]1C
PTEROCELLIN C,COc1cn2c(c(CCCCC(C)=O)c1=O)C(=O)c1ccnc(CC(C)C)c1-2
LESPEDEZAFLAVANONE B,CC(C)=CCc1cc([C@@H]2CC(=O)c3c(O)cc(O)c(CC=C(C)C)c3O2)ccc1O
OKHOTOSIDE B2,C=C(C)CCC[C@]1(C)OC(=O)C23CC[C@H]4C(=CC[C@H]5C(C)(C)C(O[C@@H]6OC[C@@H](OS(=O)(=O)[O-])[C@H](O)[C@H]6O[C@@H]6O[C@H](CO)[C@@H](O[C@@H]7O[C@H](COS(=O)(=O)[O-])[C@@H](O)[C@H](O[C@@H]8O[C@H](CO)[C@@H](O)[C@H](OC)[C@H]8O)[C@H]7O)[C@H](O)[C@H]6O[C@@H]6OC[C@@H](O)[C@H](O)[C@H]6O)CC[C@]45C)[C@]2(C)C[C@H](OC(C)=O)C31.[Na+].[Na+]
MANZAMINE A,O[C@]12C=C(c3nccc4c3[nH]c3ccccc34)[C@@H]3CCN(CCCC/C=C\CC1)C[C@@]31C[C@@H]3/C=C\CCCCN3[C@H]12
TETRAHYDROMANZAMINE A,O[C@]12C=C(c3nccc4c3[nH]c3ccccc34)[C@@H]3CCN(CCCCCCCC1)C[C@@]31C[C@@H]3CCCCCCN3[C@H]12
"15,16,32,33-TETRAHYDRO-8-HYDROXYMANZAMINE A",Oc1cccc2c1[nH]c1c(C3=C[C@@]4(O)CCCCCCCCN5CC[C@@H]3[C@]3(C[C@@H]6CCCCCCN6[C@H]34)C5)nccc12
"10,11,15,16,32,33-HEXAHYDRO-8-HYDROXYMANZAMINE A",Oc1cccc2c1[nH]c1c([C@H]3C[C@@]4(O)CCCCCCCCN5CC[C@@H]3[C@]3(C[C@@H]6CCCCCCN6[C@@H]43)C5)nccc12
RITTERAZINE T,C[C@H]1[C@H]2[C@H](C=C3[C@@H]4CC[C@H]5Cc6nc7c(nc6C[C@]5(C)[C@@H]4C[C@@H](O)[C@@]32C)C[C@@H]2CC[C@@H]3[C@H](CC(=O)[C@]34C[C@@H]3O[C@@]5(CCC(C)(C)O5)[C@@H](C)[C@@H]3[C@]4(C)O)[C@@]2(C)C7)O[C@]12CC[C@](C)(O)CO2
RITTERAZINE U,C[C@H]1[C@H]2[C@H](C[C@]3(C(=O)C[C@H]4[C@H]3CC[C@H]3Cc5nc6c(nc5C[C@@]34C)C[C@@H]3CC[C@@H]4[C@@H](CC(=O)[C@]5(C)[C@@H]7[C@H](C[C@]45O)O[C@]4(CC[C@](C)(O)CO4)[C@H]7C)[C@@]3(C)C6)[C@@]2(C)O)O[C@@]12CCC(C)(C)O2
VOGELIN C,CC(C)=CCc1c(O)cc(O)cc1-c1cc(=O)c2c(O)cc(O)c(CC=C(C)C)c2o1
AVICENNOL,COc1c2c(c3ccc(=O)oc3c1/C=C/C(C)(C)O)OC(C)(C)C=C2
MAJUSCULAMIDE C,CCC1NC(=O)[C@H](C)NC(=O)C(C)(C)C(=O)[C@H](C)NC(=O)[C@H](Cc2ccc(OC)cc2)N(C)C(=O)[C@H](C(C)C)N(C)C(=O)CNC(=O)[C@H]([C@@H](C)CC)N(C)C(=O)CNC(=O)[C@H]([C@@H](C)CC)OC(=O)C1C
STELLETIN A,C/C(=C\C=C\C(C)=C1\C(=O)C[C@H]2[C@@]3(C)CCC(=O)C(C)(C)[C@@H]3CC[C@]12C)c1ccc(C)c(=O)o1
CEPHALOSTATIN 2,C[C@@H]1[C@]2(O[C@H]3C=C4[C@@H]5CC[C@H]6Cc7nc8c(nc7C[C@]6(C)[C@H]5C[C@@H](O)[C@]4(C)[C@]31O)C[C@@H]1CC[C@H]3C4=CC[C@@H]5[C@H](C)[C@@]6(OC[C@]45C(=O)C[C@]3(O)[C@@]1(C)C8)OC(C)(C)C[C@H]6O)O[C@](C)(CO)C[C@H]2O
DICTAMDIOL A,CC1=C2[C@@H](O)C(=O)O[C@@H](c3ccoc3)[C@]2(C)CC[C@@H]1O
DICTAMDIOL B,CC1=C2[C@H](O)C(=O)O[C@@H](c3ccoc3)[C@]2(C)CC[C@H]1O
DICTAMNUSINE,C[C@H]1C2=C(O)C(=O)O[C@@H](c3ccoc3)[C@]2(C)CC[C@@H]1O[C@@H]1O[C@H](CO)[C@@H](O)[C@H](O)[C@H]1O
TAURANIN,C=C1CC[C@H]2C(C)(C)CCC[C@]2(C)[C@H]1CC1=C(O)C(=O)C(CO)=CC1=O
GIBBEROSENE D,CC(=O)O[C@H]1/C=C(C(C)C)\C=C\[C@@](C)(O)CC/C=C(\C)CC[C@@H]2O[C@@]12C
GIBBEROSENE E,CC(=O)O[C@@H]1/C(C)=C/C[C@H](O)/C(C)=C/CC/C(C)=C\C=C(/C(C)C)[C@H]1OC(C)=O
STAGONOLIDE D,C[C@@H]1OC(=O)CC[C@H](O)/C=C/[C@@H]2O[C@H]12
LARGAMIDE G,CC(C)[C@H](NC(=O)[C@@H](C)NC(=O)[C@H](CCCc1ccc(O)cc1)NC(=O)[C@H](O)CO)C(=O)N[C@@H]1C(=O)N[C@@H](CCc2ccc(O)cc2)C(=O)N[C@H]2CC[C@@H](O)N(C2=O)[C@@H]([C@@H](C)O)C(=O)N(C)[C@@H](Cc2ccc(O)c(Br)c2)C(=O)N[C@@H](C(C)C)C(=O)O[C@@H]1C
GIBBEROSENE B,CC(=O)O[C@H]1C/C(C(C)C)=C/C=C(/C)CC/C=C(\C)CC[C@@H]2O[C@@]12C
GIBBEROSENE C,C/C1=C\CC[C@]2(C)O[C@H]2/C=C(\C(C)C)C[C@H](O)[C@]2(C)O[C@H]2CC1
OSCILLAPEPTIN B,CC[C@@H](C)[C@@H]1NC(=O)[C@H](Cc2ccc(OC)cc2)N(C)C(=O)[C@H]([C@@H](C)CC)N2C(=O)[C@H](CC[C@H]2O)NC(=O)[C@H](CCc2ccc(OC)cc2)NC(=O)[C@@H](NC(=O)[C@H](CCc2ccc(O)cc2)NC(=O)[C@@H](COS(=O)(=O)O)OC)[C@@H](C)OC1=O
ENT-8-HYDROXYMENZAMINE A,Oc1cccc2c1[nH]c1c(C3=C[C@]4(O)CC/C=C\CCCCN5CC[C@H]3[C@@]3(C[C@H]6/C=C\CCCCN6[C@@H]34)C5)nccc12
CEPHALOSTATIN 5,C[C@H]1[C@@H](O)C2(Oc3cc4c(c5c3[C@H](C[C@H]5O)[C@@H]2C)CC[C@H]2Cc3nc5c(nc3C[C@]42C)C[C@@H]2CC[C@H]3C4=C[C@@H]6O[C@@]7(C[C@]6(O)[C@@]4(C)[C@H](O)C[C@@H]3[C@@]2(C)C5)O[C@](C)(CO)C[C@H]7O)OC1(C)C
"32,33-DIHYDROMANZAMINE A",O[C@]12C=C(c3nccc4c3[nH]c3ccccc34)[C@@H]3CCN(CCCC/C=C\CC1)C[C@@]31C[C@@H]3CCCCCCN3[C@H]12
RITTERAZINE S,C[C@H]1[C@H]2[C@H](C[C@@H]3[C@@H]4CC[C@H]5Cc6nc7c(nc6C[C@]5(C)[C@@H]4C[C@@H](O)[C@]23C)C[C@@H]2CC[C@H]3[C@H]4C[C@@H]5O[C@@]6(CCC(C)(C)O6)[C@@H](C)[C@@H]5[C@@]4(C)[C@H](O)C[C@@H]3[C@@]2(C)C7)O[C@]12CCC(C)(C)O2
BASTADIN 24,O=C1NCCc2cc(Br)c(c(Br)c2)Oc2cc(cc(Br)c2O)CCNC(=O)/C(=N/O)C(O)c2cc(Br)c(c(Br)c2)Oc2cc(cc(Br)c2O)C/C1=N\O
GYMNASTATIN Q,CCCCCC[C@@H](C)/C=C(C)/C=C/C(=O)N[C@H]1C[C@]2(O)C=C(Cl)C(=O)[C@](Cl)([C@@H]1O)[C@H]2OC
OKHOTOSIDE B1,C=C(C)CCC[C@]1(C)OC(=O)C23CC[C@H]4C(=CC[C@H]5C(C)(C)C(O[C@@H]6OC[C@@H](OS(=O)(=O)[O-])[C@H](O)[C@H]6O[C@@H]6O[C@H](CO)[C@@H](O[C@@H]7O[C@H](CO)[C@@H](O)[C@H](O[C@@H]8O[C@H](CO)[C@@H](O)[C@H](OC)[C@H]8O)[C@H]7O)[C@H](O)[C@H]6O[C@@H]6OC[C@@H](O)[C@H](O)[C@H]6O)CC[C@]45C)[C@]2(C)C[C@H](OC(C)=O)C31.[Na+]
CEPHALOSTATIN 1,C[C@@H]1[C@]2(O[C@H]3C=C4[C@@H]5CC[C@H]6Cc7nc8c(nc7C[C@]6(C)[C@H]5C[C@@H](O)[C@]4(C)[C@]31O)C[C@@H]1CC[C@H]3C4=CC[C@@H]5[C@H](C)[C@@]6(OC[C@]45C(=O)C[C@@H]3[C@@]1(C)C8)OC(C)(C)C[C@H]6O)O[C@](C)(CO)C[C@H]2O
LUVANGETIN,COc1c2c(cc3ccc(=O)oc13)C=CC(C)(C)O2
STYLOPEPTIDE 2,CC(C)C[C@@H]1NC(=O)[C@H](Cc2ccccc2)NC(=O)[C@@H]2CCCN2C(=O)[C@H]([C@@H](C)O)NC(=O)[C@@H]2CCCN2C(=O)[C@H](Cc2ccc(O)cc2)NC(=O)[C@@H]2CCCN2C(=O)[C@H](Cc2ccccc2)NC(=O)[C@@H]2CCCN2C(=O)[C@H](CC(C)C)NC1=O
PANGLIMYCIN F,CC1CC(=O)C2(O)C(O)(CCC34OC32C(=O)c2cccc(O)c2C4O)C1
PANGLIMYCIN E,C[C@@H]1CC(=O)C2=C(C1)C1OC1[C@]1(O)[C@H]2C(=O)c2cccc(O)c2[C@@H]1O
OCHROMYCINONE,C[C@@H]1CC(=O)c2c(ccc3c2C(=O)c2cccc(O)c2C3=O)C1
KOPSIMALINE E,COC(=O)N1c2c(OC)cccc2[C@@]23CCN4C[C@@H]5O[C@@H]5[C@]5(CC[C@]12[C@](O)(C(=O)OC)[C@@H]5O)[C@H]43
KOPSILOSCINE J,CCOC(=O)[C@@H]1[C@@H](O)[C@@]23C=CCN4CC[C@@]5(c6ccccc6N[C@]15CC2)[C@@H]43
ACANTHOSULFATE,CC1(C)CCC[C@]2(C)[C@H]3CC[C@]4(C)[C@H](CC[C@]5(C)c6c(c(S(=O)(=O)O)cc(O)c6S(=O)(=O)O)C[C@@H]45)[C@]3(C)CC[C@@H]12
KOPSIMALINE D,COC(=O)N1c2c(ccc3c2OCO3)[C@@]23CCN4C[C@@H]5O[C@@H]5[C@@]5([C@@H](O)[C@@](O)(C(=O)OC)[C@@]12C[C@@H]5O)[C@H]43
GIBBEROSENE A,CC(=O)O[C@H]1c2oc(cc2C(C)C)[C@@H](C)CC/C=C(\C)CC[C@@H]2O[C@]21C
POLYDISCAMIDE C,CCC(C)(C)[C@H](NC(=O)[C@H](NC(=O)[C@@H]1CCCN1C(=O)[C@H](Cc1ccc(Br)cc1)NC(=O)[C@@H](C)NC=O)C(C)C)C(=O)N[C@H](Cc1c[nH]c2ccccc12)C(=O)N[C@@H](CCCNC(=N)N)C(=O)N[C@H](CS(=O)(=O)O)C(=O)N[C@@H]1C(=O)N(C)[C@@H](CCC(N)=O)C(=O)N[C@H](C(C)C)C(=O)N2CCC[C@H]2C(=O)N[C@H](CC(=O)O)C(=O)O[C@@H]1C
EUDISTOMIN Y4,O=C(c1ccc(O)c(Br)c1)c1nccc2c1[nH]c1ccc(Br)cc12
EUDISTOMIN Y1,O=C(c1ccc(O)cc1)c1nccc2c1[nH]c1ccccc12
PLANKTOPEPTIN BL843,CC[C@H](C)[C@@H]1NC(=O)[C@H](Cc2ccc(OC)cc2)N(C)C(=O)[C@H]([C@@H](C)O)N2C(=O)[C@H](CC[C@H]2O)NC(=O)[C@H](CC(C)C)NC(=O)[C@@H](NC(=O)[C@H](CCC(N)=O)NC(=O)[C@@H]2CCC(=O)N2)[C@@H](C)OC1=O
MICROPEPTIN 88N,CCCC(=O)N[C@@H](CC(C)C)C(=O)N[C@@H](CCC(=O)O)C(=O)N[C@@H]1C(=O)N[C@@H](Cc2ccc(O)cc2)C(=O)N[C@H]2CC[C@@H](O)N(C2=O)[C@@H](C(C)C)C(=O)N(C)[C@@H](Cc2ccccc2)C(=O)N[C@@H]([C@@H](C)CC)C(=O)O[C@@H]1C
CEPHALOSTATIN 4,C[C@@H]1[C@]2(O[C@H]3C=C4[C@@H]5CC[C@H]6Cc7nc8c(nc7C[C@]6(C)[C@H]5C[C@@H](O)[C@]4(C)[C@]31O)C[C@@H]1CC[C@H]3[C@@]45O[C@@H]4C[C@@H]4[C@H](C)[C@@]6(OC[C@@]45C(=O)C[C@]3(O)[C@@]1(C)C8)OC(C)(C)C[C@H]6O)O[C@](C)(CO)C[C@H]2O
SPONGOSORITIN A,CC/C=C/[C@H](CC)C[C@]1(C)C=C(CC)/C(=C/C(=O)OC)O1
RITTERAZINE B,C[C@@H]1[C@@]2(CC[C@](C)(O)CO2)O[C@H]2C=C3[C@@H]4[C@@H](O)C[C@H]5Cc6nc7c(nc6C[C@]5(C)[C@H]4C[C@@H](O)[C@]3(C)[C@]21O)C[C@@H]1CC[C@H]2[C@H]3C[C@@H]4O[C@@]5(CCC(C)(C)O5)C[C@@H]4[C@@]3(C)[C@H](O)C[C@@H]2[C@@]1(C)C7
RITTERAZINE C,C[C@@H]1[C@@]2(CC[C@@](C)(CO)O2)O[C@H]2C=C3[C@@H]4[C@@H](O)C[C@H]5Cc6nc7c(nc6C[C@]5(C)[C@H]4C[C@@H](O)[C@]3(C)[C@]21O)C[C@@H]1CC[C@H]2[C@H]3C[C@@H]4O[C@]5(CCC(C)(C)O5)[C@@H](C)[C@@H]4[C@@]3(C)[C@H](O)C[C@@H]2[C@@]1(C)C7
RITTERAZINE Q,C[C@H]1[C@H]2[C@H](C[C@@H]3[C@@H]4CC[C@H]5Cc6nc7c(nc6C[C@]5(C)[C@H]4C[C@@H](O)[C@]23C)C[C@@H]2CC[C@@H]3[C@@H](CC(=O)[C@]34C[C@@H]3O[C@]5(CCC(C)(C)O5)[C@@H](C)[C@@H]3[C@]4(C)O)[C@@]2(C)C7)O[C@@]12CCC(C)(C)O2
RITTERAZINE R,C[C@H]1[C@H]2[C@H](C[C@@H]3[C@@H]4CC[C@H]5Cc6nc7c(nc6C[C@]5(C)[C@@H]4C[C@@H](O)[C@]23C)C[C@@H]2CC[C@H]3[C@H]4C[C@@H]5O[C@@]6(CCC(C)(C)O6)[C@@H](C)[C@@H]5[C@@]4(C)[C@H](O)C[C@@H]3[C@@]2(C)C7)O[C@@]12CCC(C)(C)O2
EPOLONE A,Cc1cc(=O)c(O)cc2c1C[C@H]1CC(C)(C)/C=C/C[C@@]3(C)Oc4cc(O)cc(C)c4C[C@@H]3C[C@H](O)[C@]1(C)O2
PANGLIMYCIN C,C[C@@H]1CC(=O)C2=C(CC[C@]3(O)[C@H]2C(=O)c2cccc(O)c2[C@@H]3O)C1
PANGLIMYCIN D,C[C@@H]1CC(=O)C2=C(C3OC3[C@]3(O)[C@H]2C(=O)c2cccc(O)c2[C@@H]3O)[C@H]1O
KOPSIMALINE C,COC(=O)N1c2c(ccc(OC)c2O)[C@@]23CCN4C[C@@H]5O[C@@H]5[C@]5(CC[C@]12[C@](O)(C(=O)OC)[C@@H]5O)[C@H]43
PANGLIMYCIN B,C[C@@H]1CC(=O)C2=C(C[C@@H](O)[C@]3(O)[C@H]2C(=O)c2cccc(O)c2[C@@H]3O)[C@H]1O
KOPSIMALINE B,COC(=O)N1c2c(O)cccc2[C@@]23CCN4C[C@@H]5O[C@@H]5[C@]5(CC[C@]12[C@](O)(C(=O)OC)[C@@H]5O)[C@H]43
KOPSIMALINE A,COC(=O)N1c2c(ccc3c2OCO3)[C@@]23CCN4C[C@@H]5O[C@@H]5[C@]5(CC[C@]12[C@](O)(C(=O)OC)[C@@H]5O)[C@H]43
EUDISTOMIN Y6,O=C(c1cc(Br)c(O)c(Br)c1)c1nccc2c1[nH]c1ccc(Br)cc12
POLYDISCAMIDE B,CCC(C)(C)[C@H](NC(=O)[C@H](NC(=O)[C@@H]1CCCN1C(=O)[C@H](Cc1ccc(Br)cc1)NC(=O)[C@@H](C)NC=O)C(C)(C)C)C(=O)N[C@H](Cc1c[nH]c2ccccc12)C(=O)N[C@@H](CCCNC(=N)N)C(=O)N[C@H](CS(=O)(=O)O)C(=O)N[C@@H]1C(=O)N(C)[C@@H](CCC(N)=O)C(=O)N[C@H](C(C)C)C(=O)N2CCC[C@H]2C(=O)N[C@H](CC(=O)O)C(=O)O[C@@H]1C
LARGAMIDE E,CC(C)C[C@@H]1NC(=O)[C@@H](NC(=O)[C@@H](NC(=O)[C@@H](C)NC(=O)[C@H](CCCc2ccc(O)cc2)NC(=O)[C@H](O)CO)C(C)C)[C@@H](C)OC(=O)[C@H](C(C)C)NC(=O)[C@H](Cc2ccc(O)c(Cl)c2)N(C)C(=O)[C@H]([C@@H](C)O)N2C(=O)[C@H](CC[C@H]2O)NC1=O
PLAKORTIDE N,CC/C=C/[C@H](CC)C/C(=C/[C@@]1(CC)C[C@H](CC)[C@H](CC(=O)O)OO1)CC
CEPHALOSTATIN 3,C[C@@H]1[C@]2(O[C@H]3C=C4[C@@H]5CC[C@H]6Cc7nc8c(nc7C[C@]6(C)[C@H]5C[C@@H](O)[C@]4(C)[C@]31O)C[C@@H]1CC[C@H]3C4=CC[C@@H]5[C@H](C)[C@@]6(OC[C@]45C(=O)C[C@]3(O)[C@@]1(C)C8)OC(C)(C)[C@@H](C)[C@H]6O)O[C@](C)(CO)C[C@H]2O
RITTERAZINE A,C[C@@H]1[C@@]2(CC[C@](C)(O)CO2)O[C@H]2C=C3[C@@H]4[C@@H](O)C[C@H]5Cc6nc7c(nc6C[C@]5(C)[C@H]4C[C@@H](O)[C@]3(C)[C@]21O)C[C@@H]1CC[C@@H]2[C@H](CC(=O)[C@]23C[C@@H]2O[C@@]4(CCC(C)(C)O4)[C@@H](C)[C@@H]2[C@]3(C)O)[C@@]1(C)C7
RITTERAZINE P,C[C@H]1[C@H]2[C@H](C[C@@H]3[C@@H]4CC[C@H]5Cc6nc7c(nc6C[C@]5(C)[C@H]4C[C@@H](O)[C@]23C)C[C@@H]2CC[C@@H]3[C@@H](CC(=O)[C@]34C[C@@H]3O[C@@]5(CCC(C)(C)O5)[C@@H](C)[C@@H]3[C@]4(C)O)[C@@]2(C)C7)O[C@@]12CCC(C)(C)O2
BIPINNATIN E,C=C(C=O)[C@H]1Cc2oc(cc2C(=O)OC)[C@H]2O[C@]2(C)C[C@@H]2OC(=O)[C@]3(O[C@@H]23)[C@H](OC(C)=O)C1
BIPINNATIN Q,C=C(C=O)[C@H]1CC(=O)[C@@H](C(=O)OC)[C@@H]2O[C@@](C)(CC2=O)C[C@@H]2OC(=O)[C@]3(O[C@@H]23)[C@@H](OC(C)=O)C1
BIPINNATIN N,C=C(C)[C@@H]1CCC2=C[C@H](C[C@@]3(C)O[C@@H]3[C@]3(O)C=C(C)C(=O)[C@H]1O3)OC2=O
ACULEATOL E,CCCCCCCCCCCCC[C@@H]1C[C@@H](O)C[C@@]2(CC[C@]3(C=CC(=O)C[C@@H]3O)O2)O1
PYCNIDIONE,Cc1cc(=O)c(O)cc2c1C[C@H]1CC(C)(C)/C=C/C[C@@]3(C)Oc4cc(O)c(=O)cc(C)c4C[C@@H]3C[C@H](O)[C@]1(C)O2
PANGLIMYCIN A,C[C@@H]1CC(=O)C2=C(C1)C[C@@H](O)[C@]1(O)[C@H]2C(=O)c2cccc(O)c2[C@@H]1O
STAGONOLIDE B,CCC[C@H]1OC(=O)CC[C@@H](O)/C=C/[C@H](O)[C@@H]1O
STAGONOLIDE C,C[C@@H]1C[C@H](O)/C=C/[C@@H](O)CCC(=O)O1
STAGONOLIDE,CCC[C@H]1OC(=O)CCC/C=C/C(=O)[C@@H]1O
LARGAMIDE D,CC(C)C[C@@H]1NC(=O)[C@@H](NC(=O)[C@@H](NC(=O)[C@H](C)NC(=O)[C@H](CCCc2ccc(O)cc2)NC(=O)[C@H](O)CO)C(C)C)[C@@H](C)OC(=O)[C@H](C(C)C)NC(=O)[C@H](Cc2ccc(O)c(Br)c2)N(C)C(=O)[C@H]([C@@H](C)O)N2C(=O)[C@H](CC[C@H]2O)NC1=O
TILARGININE,CNC(=N)NCCC[C@H](N)C(=O)O
BIPINNATIN P,C=C(C(=O)OC)[C@@H]1C[C@H](OC(C)=O)C2=C[C@H](C[C@@]3(C)O[C@H]3C(=O)/C=C(/C)C(=O)[C@H]1OC(C)=O)OC2=O
RITTERAZINE N,C[C@H]1[C@H]2[C@H](C[C@]3(C(=O)C[C@@H]4[C@H]3CC[C@H]3Cc5nc6c(nc5C[C@@]34C)C[C@@H]3CC[C@@H]4[C@H](CC(=O)[C@]45C[C@@H]4O[C@@]7(CCC(C)(C)O7)[C@@H](C)[C@@H]4[C@]5(C)O)[C@@]3(C)C6)[C@@]2(C)O)O[C@@]12CCC(C)(C)O2
RITTERAZINE O,C[C@H]1[C@H]2[C@H](C[C@]3(C(=O)C[C@@H]4[C@H]3CC[C@H]3Cc5nc6c(nc5C[C@@]34C)C[C@@H]3CC[C@@H]4[C@H](CC(=O)[C@]45C[C@@H]4O[C@@]7(CCC(C)(C)O7)[C@@H](C)[C@@H]4[C@]5(C)O)[C@@]3(C)C6)[C@@]2(C)O)O[C@]12CCC(C)(C)O2
BIPINNATIN M,C=C(C(=O)OC)[C@@H]1C[C@@H](OC(C)=O)C2=C[C@H](C[C@@]3(C)O[C@@H]3[C@@]3(O)C=C(C)[C@](O)(O3)[C@H]1OC(C)=O)OC2=O
ACULEATIN F,CCCCCCCCCCC[C@@H]1C[C@@H](O)C[C@]2(CCC3(C=CC(=O)C=C3)O2)O1
MALLEASTRONE B,CC[C@H](C)C(=O)O[C@H]1[C@H](O)[C@@H]2[C@@]3(C)C=CC(=O)[C@]4(C)CO[C@](OC(C)=O)(C(=O)[C@@]2(C)[C@@]25O[C@@H]2C[C@@H](c2ccoc2)[C@]15C)[C@H]34
MALLEASTRONE C,CC(=O)O[C@]12OC[C@@]3(C)C(=O)C[C@@H](O)[C@@](C)([C@@H]13)[C@H]1[C@@H](O)[C@H](OC(=O)C(C)C)[C@@]3(C)[C@H](c4ccoc4)C[C@H]4O[C@]43[C@]1(C)C2=O
PITHELUCOSIDE C,C/C(=C\CO)CC/C=C(\CO)C(=O)O[C@H]1C[C@]2(C(=O)O[C@@H]3O[C@H](CO)[C@@H](O)[C@H](O)[C@H]3O[C@@H]3O[C@@H](C)[C@H](O[C@@H]4O[C@@H](CO)[C@H](O)[C@H]4O)[C@@H](O[C@@H]4O[C@H](CO)[C@@H](O)[C@H](O)[C@H]4O)[C@H]3O)[C@H](O)C[C@]3(C)C(=CC[C@@H]4[C@@]5(C)CC[C@H](O[C@@H]6O[C@H](CO[C@@H]7O[C@H](C)[C@H](O)[C@H](O)[C@H]7O[C@@H]7OC[C@@H](O)[C@H](O)[C@H]7O)[C@@H](O)[C@H](O)[C@H]6O)C(C)(C)[C@@H]5CC[C@]43C)[C@@H]2CC1(C)C
JULIBROSIDE J29,C=C[C@@](C)(CC/C=C(\CO)C(=O)O[C@H]1C[C@]2(C(=O)O[C@@H]3O[C@H](CO)[C@@H](O)[C@H](O)[C@H]3O[C@@H]3O[C@@H](C)[C@H](O[C@@H]4O[C@@H](CO)[C@H](O)[C@H]4O)[C@@H](O[C@@H]4O[C@H](CO)[C@@H](O)[C@H](O)[C@H]4O)[C@H]3O)[C@H](O)C[C@]3(C)C(=CC[C@@H]4[C@@]5(C)CC[C@H](O[C@@H]6O[C@H](CO[C@@H]7O[C@H](C)[C@H](O)[C@H](O)[C@H]7O[C@@H]7OC[C@@H](O)[C@H](O)[C@H]7O)[C@@H](O)[C@H](O)[C@H]6NC(C)=O)C(C)(C)[C@@H]5CC[C@]43C)[C@@H]2CC1(C)C)O[C@@H]1O[C@H](C)[C@@H](O)[C@H](O)[C@H]1O
URCEOLATOL,CO[C@@H]1Oc2c(O)c(Br)cc3c2-c2c1cc(Br)c(O)c2O[C@H]3OC
MICROPEPTIN 88E,CCCC(=O)N[C@@H](Cc1ccccc1)C(=O)N[C@@H](CCC(=O)O)C(=O)N[C@@H]1C(=O)N[C@@H](CC(C)C)C(=O)N[C@H]2CC[C@@H](O)N(C2=O)[C@@H](C(C)C)C(=O)N(C)[C@@H](Cc2ccccc2)C(=O)N[C@@H]([C@@H](C)CC)C(=O)O[C@@H]1C
MICROPEPTIN 88D,CCCC(=O)N[C@@H](Cc1ccccc1)C(=O)N[C@@H](CCC(=O)O)C(=O)N[C@@H]1C(=O)N[C@@H](CC2C=CC(O)CC2)C(=O)N[C@H]2CC[C@@H](O)N(C2=O)[C@@H](C(C)C)C(=O)N(C)[C@@H](Cc2ccccc2)C(=O)N[C@@H]([C@@H](C)CC)C(=O)O[C@@H]1C
TAPRIZOSIN,COc1cc2nc(N3CCc4c(cccc4NS(C)(=O)=O)C3)nc(N)c2c(-c2ccccn2)c1OC
MICROPEPTIN T 20,CC[C@H](C)[C@@H]1NC(=O)[C@H](Cc2ccc(O)cc2)N(C)C(=O)[C@H](Cc2ccccc2)N2C(=O)[C@H](CC[C@H]2O)NC(=O)[C@H](Cc2ccccc2)NC(=O)[C@@H](NC(=O)[C@@H](O)COP(=O)([O-])[O-])[C@@H](C)OC1=O.[Na+].[Na+]
ACREMINE B,CC(C)(O)/C=C/C1=CC(=O)[C@](C)(O)CC1=O
CEPHALOSTATIN 17,C[C@@H]1[C@H]2CC=C3[C@H]4CC[C@H]5Cc6nc7c(nc6C[C@]5(C)[C@@]4(O)CC(=O)[C@@]32CO[C@]12OC(C)(C)C[C@H]2O)C[C@@H]1CC[C@H]2C3=C[C@@H]4O[C@]5(O[C@](C)(CO)C[C@H]5O)[C@@H](C)[C@]4(O)[C@@]3(C)[C@H](O)C[C@@H]2[C@@]1(C)C7
RITTERAZINE M,C[C@@H]1[C@@]2(CC[C@](C)(O)CO2)O[C@H]2C=C3[C@@H]4CC[C@H]5Cc6nc7c(nc6C[C@]5(C)[C@H]4C[C@@H](O)[C@]3(C)[C@]21O)C[C@@H]1CC[C@H]2C3=C[C@@H]4O[C@@]5(CC[C@](C)(O)CO5)[C@@H](C)[C@@H]4[C@@]3(C)[C@H](O)C[C@@H]2[C@@]1(C)C7
BIPINNATIN J,C=C(C)[C@@H]1CCC2=C[C@H](C/C(C)=C\c3cc(C)c(o3)[C@H]1O)OC2=O
BIPINNATIN K,C=C1C(=O)O[C@@H]2c3oc(cc3C)[C@@H](OC)[C@](C)(O)C[C@H]3C=C(C(=O)O3)[C@H](OC(C)=O)C[C@@H]12
MALLEASTRONE A,CC(=O)O[C@]12OC[C@@]3(C)C(=O)C=C[C@@](C)([C@@H]13)[C@H]1[C@@H](O)[C@H](OC(=O)C(C)C)[C@@]3(C)[C@H](c4ccoc4)C[C@H]4O[C@]43[C@]1(C)C2=O
CLEOMISCOSIN D,COc1cc([C@@H]2Oc3c(c(OC)cc4ccc(=O)oc34)O[C@H]2CO)cc(OC)c1O
ACETYL ALEURITOLIC ACID,CC(=O)O[C@H]1CC[C@]2(C)[C@H]3CC[C@]4(C)C(=CC[C@@]5(C(=O)O)CCC(C)(C)C[C@H]54)[C@]3(C)CC[C@H]2C1(C)C
PITHELUCOSIDE A,C=C[C@@](C)(CC/C=C(\CO)C(=O)O[C@H]1C[C@]2(C(=O)O[C@@H]3O[C@H](CO)[C@@H](O)[C@H](O)[C@H]3O[C@@H]3O[C@@H](C)[C@H](O[C@@H]4O[C@@H](CO)[C@H](O)[C@H]4O)[C@@H](O[C@@H]4O[C@H](C)[C@@H](O)[C@H](O)[C@H]4O)[C@H]3O)[C@H](O)C[C@]3(C)C(=CC[C@@H]4[C@@]5(C)CC[C@H](O[C@@H]6O[C@H](CO[C@@H]7O[C@H](C)[C@H](O)[C@H](O)[C@H]7O[C@@H]7OC[C@@H](O)[C@H](O)[C@H]7O)[C@@H](O)[C@H](O)[C@H]6O)C(C)(C)[C@@H]5CC[C@]43C)[C@@H]2CC1(C)C)O[C@@H]1O[C@H](C)[C@@H](O)[C@H](O)[C@H]1O
GARCINIELLIPTONE FB,C=C(C)CC[C@@H](C[C@@H]1C[C@]2(CC=C(C)C)C(=O)[C@@](C(=O)c3ccc(O)c(O)c3)(C(=O)C3=C2O[C@@H](C(C)(C)O)C3)C1(C)C)C(=C)C
PITHELUCOSIDE B,C=C[C@](C)(O)CC/C=C(\CO)C(=O)O[C@H]1C[C@]2(C(=O)O[C@@H]3O[C@H](CO)[C@@H](O)[C@H](O)[C@H]3O[C@@H]3O[C@@H](C)[C@H](O[C@@H]4O[C@@H](CO)[C@H](O)[C@H]4O)[C@@H](O[C@@H]4O[C@H](CO)[C@@H](O)[C@H](O)[C@H]4O)[C@H]3O)[C@H](O)C[C@]3(C)C(=CC[C@@H]4[C@@]5(C)CC[C@H](O[C@@H]6O[C@H](CO[C@@H]7O[C@H](C)[C@H](O)[C@H](O)[C@H]7O[C@@H]7OC[C@@H](O)[C@H](O)[C@H]7O)[C@@H](O)[C@H](O)[C@H]6O)C(C)(C)[C@@H]5CC[C@]43C)[C@@H]2CC1(C)C
SECOCEMBRANOID,CC(=O)/C=C/C(CC/C(C)=C/CC/C(C)=C/C(C)=O)C(C)C
MICROPEPTIN 88C,CCCC(=O)N[C@@H](Cc1ccccc1)C(=O)N[C@@H](CCC(=O)O)C(=O)N[C@@H]1C(=O)N[C@@H](Cc2ccc(O)cc2)C(=O)N[C@H]2CC[C@@H](O)N(C2=O)[C@@H](C(C)C)C(=O)N(C)[C@@H](Cc2ccccc2)C(=O)N[C@@H]([C@@H](C)CC)C(=O)O[C@@H]1C
MICROPEPTIN 88B,CCCC(=O)N[C@@H](Cc1ccccc1)C(=O)N[C@@H](CCC(=O)O)C(=O)N[C@@H]1C(=O)N[C@@H](CCC(=O)O)C(=O)N[C@H]2CC[C@@H](O)N(C2=O)[C@@H](C(C)C)C(=O)N(C)[C@@H](Cc2ccccc2)C(=O)N[C@@H]([C@@H](C)CC)C(=O)O[C@@H]1C
JOLKINOLIDE B,CC1=C2[C@H]3O[C@]34CC[C@@H]3C(C)(C)CCC[C@@]3(C)[C@@H]4[C@H]3O[C@@]23OC1=O
ACREMINE A,CC(C)(O)/C=C/C1=CC(=O)[C@](C)(O)C[C@@H]1O
CEPHALOSTATIN 15,C[C@@H]1[C@H]2C[C@@H]3O[C@@]34[C@]3(O)CC[C@H]5Cc6nc7c(nc6C[C@]5(C)C3=CC(=O)[C@]24CO[C@]12OC(C)(C)[C@@H](C)[C@H]2O)C[C@@H]1CC[C@H]2C3=C[C@@H]4O[C@]5(O[C@](C)(CO)C[C@H]5O)[C@@H](C)[C@]4(O)[C@@]3(C)[C@H](O)C[C@@H]2[C@@]1(C)C7
RITTERAZINE K,C[C@@H]1[C@@]2(CC[C@](C)(O)CO2)O[C@H]2C=C3[C@H]4CC[C@H]5Cc6nc7c(nc6C[C@]5(C)[C@H]4C[C@@H](O)[C@]3(C)[C@]21O)C[C@@H]1CC[C@H]2C3=C[C@@H]4O[C@]5(CC[C@@](C)(O)CO5)[C@@H](C)[C@]4(O)[C@@]3(C)[C@H](O)C[C@@H]2[C@@]1(C)C7
RITTERAZINE L,C[C@@H]1[C@@]2(CC[C@](C)(O)CO2)O[C@H]2C=C3[C@@H]4CC[C@H]5Cc6nc7c(nc6C[C@]5(C)[C@H]4C[C@@H](O)[C@]3(C)[C@]21O)C[C@@H]1CC[C@H]2C3=C[C@@H]4O[C@]5(CC[C@@](C)(O)CO5)[C@@H](C)[C@@H]4[C@@]3(C)[C@H](O)C[C@@H]2[C@@]1(C)C7
BASTADIN 9,O=C1NCCc2cc(Br)c(O)c(c2)Oc2c(Br)cc(cc2Br)C(O)CNC(=O)/C(=N/O)Cc2cc(Br)c(O)c(c2)Oc2ccc(cc2Br)C/C1=N\O
GARCINIELLIPTONE F,C=C(C)CC[C@@H](C[C@H]1C[C@@]2(CC=C(C)C)C(=O)C(CC=C(C)C)=C(O)[C@@](C(=O)c3ccc(O)c(O)c3)(C2=O)C1(C)C)C(=C)C
LARGAMIDE F,CC(C)[C@H](NC(=O)[C@@H](C)NC(=O)[C@H](CCCc1ccc(O)cc1)NC(=O)[C@H](O)CO)C(=O)N[C@@H]1C(=O)N[C@@H](Cc2ccc(O)cc2)C(=O)N[C@H]2CC[C@@H](O)N(C2=O)[C@@H]([C@@H](C)O)C(=O)N(C)[C@@H](Cc2ccc(O)c(Br)c2)C(=O)N[C@@H](C(C)C)C(=O)O[C@@H]1C
MICROPEPTIN SF909,CC[C@H](C)[C@@H]1NC(=O)[C@H](Cc2ccc(O)cc2)N(C)C(=O)[C@H](CC(C)C)N2C(=O)[C@H](CC[C@H]2O)NC(=O)[C@H](CCC(N)=O)NC(=O)[C@@H](NC(=O)[C@@H](O)Cc2ccc(O)cc2)[C@@H](C)OC1=O
MICROPEPTIN SD944,CCCCCC(=O)N[C@@H](CC(=O)O)C(=O)N[C@@H]1C(=O)N[C@@H](CCCCN)C(=O)N[C@H]2CC[C@@H](O)N(C2=O)[C@@H]([C@@H](C)CC)C(=O)N(C)[C@@H](Cc2ccc(O)cc2)C(=O)N[C@@H](C(C)C)C(=O)O[C@@H]1C
GINGEROL,CCCCC[C@H](O)CC(=O)CCc1ccc(O)c(OC)c1
CEPHALOSTATIN 14,C[C@@H]1[C@H]2C[C@@H]3O[C@@]34[C@]3(O)CC[C@H]5Cc6nc7c(nc6C[C@]5(C)C3=CC(=O)[C@]24CO[C@]12OC(C)(C)C[C@H]2O)C[C@@H]1CC[C@H]2C3=C[C@@H]4O[C@]5(O[C@](C)(CO)C[C@H]5O)[C@@H](C)[C@]4(O)[C@@]3(C)[C@H](O)C[C@@H]2[C@@]1(C)C7
RITTERAZINE J,C[C@@H]1[C@@]2(CC[C@](C)(O)CO2)O[C@H]2C=C3[C@@H]4[C@@H](O)C[C@H]5Cc6nc7c(nc6C[C@]5(C)[C@H]4C[C@@H](O)[C@]3(C)[C@]21O)C[C@@H]1CC[C@H]2C3=C[C@@H]4O[C@]5(CC[C@@](C)(O)CO5)[C@@H](C)[C@]4(O)[C@@]3(C)[C@H](O)C[C@@H]2[C@@]1(C)C7
MIRABILIN MACROLIDE LACTUM,CO[C@@H]1[C@@H]2O[C@H](C[C@@H](O)[C@H](C)[C@@H](O)/C(C)=C/[C@H](C)[C@H](O)/C=C/CC(O)CC(C(NC(=O)CC(C)CCC(C)C(O)/C(C)=C/C(C)[C@@H](O)[C@H](NC(=O)/C=C/C(C)(C)C(=O)[C@@H](C)[C@@H](O)C(C)C)[C@@H](O)C(C)C)C(C)O)OC(=O)C(C(O)C(=O)O)NC(=O)/C=C/C=C/C=C/C=C/C=C/[C@H]2OC)C[C@@H]1C
FDM E,C/C=C/C=C/c1cc2cc3c(c(O)c2c(=O)[nH]1)[C@@]1(CC3)C(=O)C(=O)c2c(c(O)c3c(O)c(OC)cc(O)c3c2O)C1=O
HALICHONADIN E,C=C1CCC[C@]2(C)CC[C@@H](C(C)C)[C@H](NC(=O)N[C@]3(C)CC[C@@H]4[C@H]([C@@H]5[C@H](C)CC[C@H]53)C4(C)C)[C@@H]12
NOREUPENIFELDIN,Cc1cc(=O)c(O)cc2c1C[C@@H]1CC(C)(C)/C=C/C[C@@]3(C)Oc4cc(O)cc(C)c4C[C@@H]3C[C@@H](O)[C@]1(C)O2
GARCINIELLIPTONE HF,CC(C)=CC[C@]12C[C@H](O)C(C)(C)O[C@@H](C(C)(C)O)C[C@@](O)(C(=O)C(C(=O)C(C)C)=C1O)C2=O
MICROPEPTIN E1964,CC[C@H](C)[C@@H]1NC(=O)[C@H](Cc2ccc(O)cc2)N(C)C(=O)[C@H](Cc2ccccc2)N2C(=O)[C@H](CC[C@H]2O)NC(=O)[C@H](CCCNC(=N)N)NC(=O)[C@@H](NC(=O)[C@H](CC(=O)O)NC(C)=O)[C@@H](C)OC1=O
MICROPEPTIN 103,CCCCCC(=O)NCC(=O)N[C@H](C(=O)N[C@@H]1C(=O)N[C@@H](CCC(N)=O)C(=O)N[C@H]2CC[C@@H](O)N(C2=O)[C@@H](Cc2ccccc2)C(=O)N(C)[C@@H](Cc2c[nH]c3ccccc23)C(=O)N[C@@H](C(C)C)C(=O)O[C@@H]1C)[C@@H](C)O
MICROPEPTIN 88Y,CC[C@H](C)[C@@H]1NC(=O)[C@H](Cc2ccccc2)N(C)C(=O)[C@H](C(C)C)N2C(=O)[C@H](CC[C@H]2O)NC(=O)[C@H](Cc2ccc(O)cc2)NC(=O)[C@@H](NC(=O)[C@H](CCC(=O)O)NC(=O)[C@H](Cc2ccc(O)cc2)NC(C)=O)[C@@H](C)OC1=O
NOSTOPEPTIN F,CC[C@H](C)[C@@H]1NC(=O)[C@H](Cc2ccc(O)cc2)N(C)C(=O)[C@H](CC(C)C)N2C(=O)[C@H](CC[C@H]2OC)NC(=O)[C@H](CC(C)C)NC(=O)[C@@H]2[C@@H](OC1=O)C(C)CN2C(=O)[C@H](CCC(N)=O)NC(C)=O
FDM A,C/C=C/C=C/c1cc2cc3c(c(O)c2c(=O)[nH]1)[C@@]1(CC3)C(=O)c2c(O)c3c(c(O)c2C1=O)C(=O)C(OC)=CC3=O
CEPHALOSTATIN 12,C[C@@H]1[C@]2(O[C@H]3C=C4[C@@H]5CC[C@H]6Cc7nc8c(nc7C[C@]6(C)[C@H]5C[C@@H](O)[C@]4(C)[C@]31O)C[C@@H]1CC[C@H]3C4=C[C@@H]5O[C@]6(O[C@](C)(CO)C[C@H]6O)[C@@H](C)[C@]5(O)[C@@]4(C)[C@H](O)C[C@@H]3[C@@]1(C)C8)O[C@](C)(CO)C[C@H]2O
CEPHALOSTATIN 13,C[C@@H]1[C@]2(O[C@H]3C=C4[C@@H]5CC[C@H]6Cc7nc8c(nc7C[C@]6(C)[C@H]5C[C@@H](O)[C@]4(C)[C@]31O)C[C@@H]1CC[C@H]3C4=C[C@@H]5O[C@]6(O[C@](C)(CO)C[C@H]6O)[C@@H](C)[C@]5(O)[C@@]4(C)[C@H](O)C[C@@H]3[C@@]1(C)[C@H]8O)O[C@](C)(CO)C[C@H]2O
RITTERAZINE H,C[C@@H]1[C@@]2(CC[C@](C)(O)CO2)O[C@H]2C=C3[C@@H]4[C@@H](O)C[C@H]5Cc6nc7c(nc6C[C@]5(C)[C@H]4C[C@@H](O)[C@]3(C)[C@]21O)C[C@@H]1CC[C@H]2[C@H]3C[C@@H]4O[C@@]5(CCC(C)(C)O5)C[C@@H]4[C@@]3(C)C(=O)C[C@@H]2[C@@]1(C)C7
RITTERAZINE I,C[C@@H]1[C@@]2(CC[C@](C)(O)CO2)O[C@H]2C=C3[C@@H]4[C@@H](O)C[C@H]5Cc6nc7c(nc6C[C@]5(C)[C@H]4C[C@@H](O)[C@]3(C)[C@]21O)C[C@@H]1CC[C@@H]2[C@H](CC(=O)[C@]3(C)[C@H]4C[C@@]5(CCC(C)(C)O5)O[C@H]4C[C@]23O)[C@@]1(C)C7
PODOCARPUSFLAVONE B,COc1ccc(-c2cc(=O)c3c(O)cc(O)c(-c4cc(-c5cc(=O)c6c(O)cc(OC)cc6o5)ccc4O)c3o2)cc1
EUPENIFELDIN,Cc1cc(=O)c(O)cc2c1C[C@@H]1CC(C)(C)/C=C/C[C@@]3(C)Oc4cc(O)c(=O)cc(C)c4C[C@@H]3C[C@@H](O)[C@]1(C)O2
SEQUOIAFLAVONE,COc1cc(O)c2c(=O)cc(-c3ccc(O)c(-c4c(O)cc(O)c5c(=O)cc(-c6ccc(O)cc6)oc45)c3)oc2c1
METHOXY CLAVIGERIN C,CO[C@H]1O[C@@H]2C=C(C)[C@H]3C[C@@H]2[C@@]13CC(=O)CC(C)C
CORDYLANE C,C[C@H]1c2ccoc2C[C@H]2[C@H]1CC[C@H]1[C@@](CO)(C(=O)O)CCC[C@]21C
CORDYLANE A,CC(=O)OC[C@@]1(CO)CCC[C@]2(C)[C@H]3Cc4occc4[C@H](C)[C@@H]3C[C@@H](OC(C)=O)[C@@H]12
CORDYLANE B,CC(=O)OC[C@]1(CO)CCC[C@]2(C)[C@H]3Cc4occc4[C@H](C)[C@@H]3C[C@@H](OC(C)=O)[C@@H]12
AZUMAMIDE C,CC(C)[C@H]1NC(=O)[C@@H](C)[C@@H](C/C=C\CCC(=O)O)NC(=O)[C@@H](Cc2ccc(O)cc2)NC(=O)[C@@H](C)NC1=O
AZUMAMIDE D,C[C@@H]1C(=O)N[C@H](C)C(=O)N[C@H](C)C(=O)N[C@H](Cc2ccccc2)C(=O)N[C@@H]1C/C=C\CCC(N)=O
AZUMAMIDE B,CC(C)[C@H]1NC(=O)[C@@H](C)[C@@H](C/C=C\CCC(N)=O)NC(=O)[C@@H](Cc2ccc(O)cc2)NC(=O)[C@@H](C)NC1=O
AZUMAMIDE A,CC(C)[C@H]1NC(=O)[C@@H](C)[C@@H](C/C=C\CCC(N)=O)NC(=O)[C@@H](Cc2ccccc2)NC(=O)[C@@H](C)NC1=O
MURAGLITAZAR GLUCURONIDE,COc1ccc(OC(=O)N(CC(=O)O[C@H]2O[C@@H](O)[C@H](O)[C@@H](O)[C@@H]2C(=O)O)Cc2ccc(OCCc3nc(-c4ccccc4)oc3C)cc2)cc1
Nopol,CC1(C)C2CC=C(CCO)C1C2
MENTHOL,CC1CCC(C(C)C)C(O)C1
ENDECAPHYLLACIN B,CC1(C)C(=O)C(O)=C[C@@H]2C1=CC[C@@H]1[C@@]2(C)C(=O)C[C@]2(C)CC(=O)C[C@@]12C
ENDECAPHYLLACIN A,CC1(C)C(=O)[C@@H](O)C[C@@H]2C1=CC[C@@H]1[C@@]2(C)C(=O)C[C@]2(C)CC(=O)C[C@@]12C
PUGNAC,CC(=O)N[C@H]1/C(=N/OC(=O)Nc2ccccc2)O[C@H](CO)[C@@H](O)[C@@H]1O
GRAMINE,CN(C)Cc1c[nH]c2ccccc12
THEAFLAVIN DIGALLTE,O=C(O[C@H]1Cc2c(O)cc(O)cc2OC1c1cc(O)c(=O)c2c(O)c(O)cc([C@H]3Oc4cc(O)cc(O)c4C[C@H]3OC(=O)c3cc(O)c(O)c(O)c3)c2c1)c1cc(O)c(O)c(O)c1
TUBULYSIN-A,CC[C@H](C)[C@H](NC(=O)[C@H]1CCCCN1C)C(=O)N(COC(=O)CC(C)C)[C@H](C[C@@H](OC(C)=O)c1nc(C(=O)N[C@@H](Cc2ccc(O)cc2)C[C@H](C)C(=O)O)cs1)C(C)C
ERASTIN,CCOc1ccccc1-n1c(C(C)N2CCN(C(=O)COc3ccc(Cl)cc3)CC2)nc2ccccc2c1=O
SYNDISTATIN,CC(C)[C@H](O)C(=O)N[C@H]1Cc2ccc3c(c2)[C@]24c5cccc(c5O[C@@H]2O3)-c2cccc3[nH]c(Cl)c(c23)-c2oc(nc2Cl)-c2nc(oc24)[C@H](C(C)C)NC1=O
SODIUM FLUORIDE,[F-].[Na+]
BISNORDIHYDROTOXIFERINE,C/C=C1/CN2CC[C@@]34c5ccccc5N5/C=C6/[C@H]7C[C@@H]8N(CC[C@@]89c8ccccc8N(/C=C(/[C@H]1C[C@H]23)[C@H]54)[C@@H]69)C/C7=C/C
DIPHENIDOL HYDROCHLORIDE,Cl.OC(CCCN1CCCCC1)(c1ccccc1)c1ccccc1
DIAZONAMIDE A,CC(C)[C@H](O)C(=O)N[C@H]1Cc2ccc3c(c2)[C@]24c5cccc(c5N[C@@H]2O3)-c2cccc3[nH]c(Cl)c(c23)-c2oc(nc2Cl)-c2nc(oc24)[C@H](C(C)C)NC1=O
ATALUREN,O=C(O)c1cccc(-c2noc(-c3ccccc3F)n2)c1
ICILLIN,O=C1NC(c2cccc([N+](=O)[O-])c2)=CCN1c1ccccc1O
FIG 1,Cn1c(-c2ccccc2)nnc1C12CC3CC(CC(C3)C1)C2
IODOACETAMIDE ALKYNE,C#CCCCCNC(=O)CI
AZUMAMIDE E,CC(C)[C@H]1NC(=O)[C@@H](C)[C@@H](C/C=C\CCC(=O)O)NC(=O)[C@@H](Cc2ccccc2)NC(=O)[C@@H](C)NC1=O
PENTENAL,CC/C=C/C=O
PROPARGYL ISOTHIOCYANATE,C#CCN=C=S
CORDYLANE D,C=C1c2ccoc2C[C@H]2[C@H]1CC[C@H]1[C@@](CO)(C(=O)O)CCC[C@]21C
MONENSIN,CC[C@@]1([C@@H]2O[C@@H]([C@H]3O[C@@](O)(CO)[C@H](C)C[C@@H]3C)C[C@@H]2C)CC[C@H]([C@]2(C)CC[C@]3(C[C@H](O)[C@@H](C)[C@@H]([C@@H](C)[C@@H](OC)[C@H](C)C(=O)O)O3)O2)O1
(R)-RETICULINE,COc1ccc(C[C@@H]2c3cc(O)c(OC)cc3CCN2C)cc1O
SALUTARIDINE,COC1=C[C@]23CCN(C)[C@H](Cc4ccc(OC)c(O)c42)C3=CC1=O
SALUTARIDINOL,COC1=C[C@]23CCN(C)[C@H](Cc4ccc(OC)c(O)c42)C3=C[C@@H]1O
THEBAINE,COC1=CC=C2[C@H]3Cc4ccc(OC)c5c4[C@@]2(CCN3C)[C@H]1O5
CODEINONE,COc1ccc2c3c1O[C@H]1C(=O)C=C[C@H]4[C@@H](C2)N(C)CC[C@]314
NILOTINIB,Cc1cn(-c2cc(NC(=O)c3ccc(C)c(Nc4nccc(-c5cccnc5)n4)c3)cc(C(F)(F)F)c2)cn1
MORPHINONE,CN1CC[C@]23c4c5ccc(O)c4O[C@H]2C(=O)C=C[C@H]3[C@H]1C5
ORIPAVINE,COC1=CC=C2[C@H]3Cc4ccc(O)c5c4[C@@]2(CCN3C)[C@H]1O5
MONEPANTEL,C[C@](C#N)(COc1cc(C#N)ccc1C(F)(F)F)NC(=O)c1ccc(SC(F)(F)F)cc1
GLYCERYL MONOOLEATE,CCCCCCCC/C=C\CCCCCCCC(=O)OCC(O)CO
GLYCERYL MONOSTEARATE,CCCCCCCCCCCCCCCCCC(=O)OCC(O)CO
STRICTOSIDINE,C=C[C@H]1[C@H](O[C@@H]2O[C@H](CO)[C@@H](O)[C@H](O)[C@H]2O)OC=C(C(=O)OC)[C@H]1C[C@@H]1NCCc2c1[nH]c1ccccc21
EVOLITRINE,COc1ccc2c(OC)c3ccoc3nc2c1
(+)-TRANYLCYPROMINE,N[C@H]1C[C@@H]1c1ccccc1
ISO RHODOPSIN,CC1=C(/C=C/C(C)=C\C=C\C(C)=C\C=O)C(C)(C)CCC1
DABUZALGRON,Cc1c(OCC2=NCCN2)ccc(Cl)c1NS(C)(=O)=O
AVL-3288,Cc1cc(/C(=C/Nc2ccc(Cl)cc2)C(=O)Nc2ccc(Cl)cc2)on1
XANTHOSINE,OC[C@H]1O[C@@H](n2cnc3c(O)nc(O)nc32)[C@H](O)[C@@H]1O
MILNACIPRAN,CCN(CC)C(=O)C1(c2ccccc2)CC1CN
PX-12,CCC(C)SSc1ncc[nH]1
KETOBEMIDONE OXALATE,CCC(=O)C1(c2cccc(O)c2)CCN(C)CC1.O=C(O)C(=O)O
BEMIDONE,CCOC(=O)C1(c2cccc(O)c2)CCN(C)CC1.O=C(O)C(=O)O
PETHIDINE OXALATE,CCOC(=O)C1(c2ccccc2)CCN(C)CC1.O=C(O)C(=O)O
TAPINAROF,CC(C)c1c(O)cc(/C=C/c2ccccc2)cc1O
TRICHODERMAMIDE B,COc1ccc2cc(NC(=O)C3=NO[C@H]4[C@H](O)C=C[C@@H](Cl)[C@@]4(O)C3)c(=O)oc2c1OC
TRICHODERMAMIDE C,COc1ccc2cc(N(C)C(=O)C3=NO[C@H]4[C@H](O)C=C[C@@H](O)[C@@]4(O)C3)c(=O)oc2c1OC
"(S,S)-MEFLOQUINE",O[C@@H](c1cc(C(F)(F)F)nc2c(C(F)(F)F)cccc12)[C@@H]1CCCCN1
"(R,R)-MEFLOQUINE",O[C@H](c1cc(C(F)(F)F)nc2c(C(F)(F)F)cccc12)[C@H]1CCCCN1
NITRILOTRI(METHYLPHOSPHONIC ACID),O=P(O)(O)CN(CP(=O)(O)O)CP(=O)(O)O
IMINOBIS(METHYLPHOSPHONIC ACID),O=P(O)(O)CNCP(=O)(O)O
"(R,S)-MEFLOQUINE",O[C@H](c1cc(C(F)(F)F)nc2c(C(F)(F)F)cccc12)[C@@H]1CCCCN1
GAMBOGIC AMIDE,CC(C)=CCC[C@]1(C)C=Cc2c(O)c3c(c(CC=C(C)C)c2O1)O[C@]12C(=C[C@@H]4CC1C(C)(C)O[C@@]2(C/C=C(/C)C(N)=O)C4=O)C3=O
IMIDODIPHOSPHATE,O=P(O)(O)NP(=O)(O)O
POLYPORUSTERONE B,C=C(C[C@@H](O)[C@](C)(O)[C@H]1CC[C@@]2(O)C3=CC(=O)[C@@H]4C[C@@H](O)[C@@H](O)C[C@]4(C)[C@H]3CC[C@]12C)C(C)C
POLYPORUSTERONE G,C=C(C[C@@H](O)[C@@H](C)[C@H]1CC[C@@]2(O)C3=CC(=O)[C@@H]4C[C@@H](O)[C@@H](O)C[C@]4(C)[C@H]3CC[C@]12C)C(C)C
THIOSEMICARBAZONE STANDARD,Cc1ccc(/C(=N\NC(N)=S)c2cc(C(F)(F)F)cc(C(F)(F)F)c2)cc1
POLYPORUSTERONE C,CC(C)C(C)C1O[C@H]1[C@](C)(O)[C@H]1CC[C@@]2(O)C3=CC(=O)[C@@H]4C[C@@H](O)[C@@H](O)C[C@]4(C)[C@H]3CC[C@]12C
POLYPORUSTERONE A,CC(C)C(C)C[C@@H](O)[C@](C)(O)[C@H]1CC[C@@]2(O)C3=CC(=O)[C@@H]4C[C@@H](O)[C@@H](O)C[C@]4(C)[C@H]3CC[C@]12C
POLYPOROID C,CC(C)C(C)C[C@@H](O)[C@](C)(O)[C@H]1[C@@H](O)C[C@@]2(O)C3=CC(=O)[C@@H]4C[C@@H](O)[C@@H](O)C[C@]4(C)[C@H]3CC[C@]12C
POLYPOROID B,C[C@@H]1[C@H]([C@@H](O)[C@](C)(O)[C@H]2CC[C@@]3(O)C4=CC(=O)[C@@H]5C[C@@H](O)[C@@H](O)C[C@]5(C)[C@H]4CC[C@]23C)OC[C@H]1C
POLYPOROID A,CC(C)C(C)[C@H](O)[C@@H]1O[C@H]2C[C@@]3(O)C4=CC(=O)[C@@H]5C[C@@H](O)[C@@H](O)C[C@]5(C)[C@H]4CC[C@]3(C)[C@H]2[C@@]1(C)O
PHENYLTHIOUREA,NC(=S)Nc1ccccc1
MLN-8054,O=C(O)c1ccc(Nc2ncc3c(n2)-c2ccc(Cl)cc2C(c2c(F)cccc2F)=NC3)cc1
EOSIN,O=C1OC2(c3ccccc31)c1cc(Br)c(O)c(Br)c1Oc1c2cc(Br)c(O)c1Br
2-METHYLINDOLE,Cc1cc2ccccc2[nH]1
METHYL URSOLATE,COC(=O)[C@]12CC[C@@H](C)[C@H](C)[C@H]1C1=CC[C@@H]3[C@@]4(C)CC[C@H](O)C(C)(C)[C@@H]4CC[C@@]3(C)[C@]1(C)CC2
CLOTHIANIDINE,CN/C(=N\[N+](=O)[O-])NCc1cnc(Cl)s1
IMIDACLOPRID,O=[N+]([O-])/N=C1\NCCN1Cc1ccc(Cl)nc1
NITENPYRAM,CCN(Cc1ccc(Cl)nc1)/C(=C/[N+](=O)[O-])NC
ETONOGESTREL,C#C[C@]1(O)CC[C@H]2[C@@H]3CCC4=CC(=O)CC[C@@H]4[C@H]3C(=C)C[C@@]21CC
QUINETHAZONE,CCC1NC(=O)c2cc(S(N)(=O)=O)c(Cl)cc2N1
(R)-INDOPROFEN,C[C@@H](C(=O)O)c1ccc(N2Cc3ccccc3C2=O)cc1
ACETAMIPRID,C/C(=N\C#N)N(C)Cc1ccc(Cl)nc1
ANALOG OF DYNORPHIN A,CC[C@H](C)[C@H](NC(=O)[C@H](CCCNC(=N)N)NC(=O)[C@H](CCCNC(=N)N)NC(=O)[C@H](CC(C)C)NC(=O)[C@H](Cc1ccccc1)NC(=O)CNC(=O)CNC(=O)[C@@H](N)Cc1ccc(O)cc1)C(=O)N[C@@H](CCCNC(=N)N)C(=O)N1CCC[C@H]1C(=O)N[C@@H](CCCCN)C(=O)N[C@@H](CC(C)C)C(=O)N[C@@H](CCCCN)C(=O)O
ACETYLBAKUCHIOL,C=C[C@@](C)(/C=C/c1ccc(OC(C)=O)cc1)CCC=C(C)C
ANGIOTENSIN IV,CC[C@H](C)[C@H](NC(=O)[C@H](Cc1ccc(O)cc1)NC(=O)[C@@H](N)C(C)C)C(=O)N[C@@H](Cc1cnc[nH]1)C(=O)N1CCC[C@H]1C(=O)N[C@@H](Cc1ccccc1)C(=O)O
N6-PHENYLADENOSINE,OC[C@H]1O[C@@H](n2cnc3c(Nc4ccccc4)ncnc32)[C@H](O)[C@@H]1O
BOLASTERONE,C[C@@H]1CC2=CC(=O)CC[C@]2(C)[C@H]2CC[C@@]3(C)[C@@H](CC[C@]3(C)O)[C@H]12
MESTANOLONE,C[C@]12CCC(=O)C[C@@H]1CC[C@@H]1[C@@H]2CC[C@@]2(C)[C@H]1CC[C@]2(C)O
BAKUCHIOL,C=C[C@@](C)(/C=C/c1ccc(O)cc1)CCC=C(C)C
BUTHIONINE SULFOXIME,CCCCS(=N)(=O)CC[C@H](N)C(=O)O
ANGIOTENSIN II,CC[C@H](C)[C@H](NC(=O)[C@H](Cc1ccc(O)cc1)NC(=O)[C@@H](NC(=O)[C@H](CCCNC(=N)N)NC(=O)[C@@H](N)CC(=O)O)C(C)C)C(=O)N[C@@H](Cc1cnc[nH]1)C(=O)N1CCC[C@H]1C(=O)N[C@@H](Cc1ccccc1)C(=O)O
OBATOCLAX,COC1=CC(c2cc3ccccc3[nH]2)=N/C1=C\c1[nH]c(C)cc1C
DESOGESTREL,C#C[C@]1(O)CC[C@H]2[C@@H]3CCC4=CCCC[C@@H]4[C@H]3C(=C)C[C@@]21CC
Coenzyme Q4,COC1=C(OC)C(=O)C(C/C=C(\C)CC/C=C(\C)CC/C=C(\C)CCC=C(C)C)=C(C)C1=O
RIBOFLAVIN,Cc1cc2nc3c(=O)[nH]c(=O)nc-3n(C[C@H](O)[C@H](O)[C@H](O)CO)c2cc1C
MESTEROLONE,C[C@H]1CC(=O)C[C@@H]2CC[C@H]3[C@@H]4CC[C@H](O)[C@@]4(C)CC[C@@H]3[C@]21C
CAZPAULLONE,N#Cc1ccc2[nH]c3c(c2c1)CC(=O)Nc1cccnc1-3
6BIO,O=C1Nc2cc(Br)ccc2/C1=C1/Nc2ccccc2/C1=N\O
SARGAHYDROQUINOIC ACID,CC(C)=CCC/C(=C/CC/C(C)=C/CC/C(C)=C/Cc1cc(O)cc(C)c1O)C(=O)O
LADUVIGLUSIB,Cc1cnc(-c2cnc(NCCNc3ccc(C#N)cn3)nc2-c2ccc(Cl)cc2Cl)[nH]1
"GLN-TA, TEMPORIN A",CC[C@H](C)[C@H](NC(=O)CNC(=O)[C@H](CO)NC(=O)[C@H](CC(C)C)NC(=O)[C@@H](NC(=O)[C@H](CCCNC(=N)N)NC(=O)CNC(=O)[C@@H](NC(=O)[C@H](CC(C)C)NC(=O)[C@H](CCC(N)=O)NC(=O)[C@H](CC(C)C)NC(=O)[C@@H](N)Cc1ccccc1)[C@@H](C)CC)C(C)C)C(=O)N[C@@H](CC(C)C)C(N)=O
MOFEZOLAC,COc1ccc(-c2noc(CC(=O)O)c2-c2ccc(OC)cc2)cc1
TEMPORIN L,CC[C@H](C)[C@H](NC(=O)[C@H](CCCNC(=N)N)NC(=O)CNC(=O)[C@H](CC(C)C)NC(=O)[C@H](Cc1ccccc1)NC(=O)[C@H](CCCCN)NC(=O)[C@H](CO)NC(=O)[C@H](Cc1ccccc1)NC(=O)[C@H](Cc1c[nH]c2ccccc12)NC(=O)[C@H](CCC(N)=O)NC(=O)[C@@H](NC(=O)[C@@H](N)Cc1ccccc1)C(C)C)C(=O)N[C@@H](CC(C)C)C(N)=O
EVOFOSFAMIDE,Cn1c(COP(=O)(NCCBr)NCCBr)cnc1[N+](=O)[O-]
TEMPORIN A,CC[C@H](C)[C@H](NC(=O)CNC(=O)[C@H](CO)NC(=O)[C@H](CC(C)C)NC(=O)[C@@H](NC(=O)[C@H](CCCNC(=N)N)NC(=O)CNC(=O)[C@@H](NC(=O)[C@H](CC(C)C)NC(=O)[C@@H]1CCCN1C(=O)[C@H](CC(C)C)NC(=O)[C@@H](N)Cc1ccccc1)[C@@H](C)CC)C(C)C)C(=O)N[C@@H](CC(C)C)C(N)=O
THIOPERAMIDE,S=C(NC1CCCCC1)N1CCC(c2cnc[nH]2)CC1
HYDROXYCHLOROQUINE,CCN(CCO)CCCC(C)Nc1ccnc2cc(Cl)ccc12
"IODOMETOMIDATE I-123, R-",COC(=O)c1cncn1[C@H](C)c1ccc(I)cc1
TRICHOLOMIC ACID,NC(C(=O)O)C1CC(O)=NO1
PHENOLSULFONPHTHALEIN,O=S1(=O)OC(c2ccc(O)cc2)(c2ccc(O)cc2)c2ccccc21
THIOUREA,NC(N)=S
CYTOCHALASIN D,C=C1[C@@H](C)[C@H]2[C@H](Cc3ccccc3)NC(=O)[C@]23[C@H](OC(C)=O)/C=C/[C@@](C)(O)C(=O)[C@@H](C)C/C=C/[C@H]3[C@@H]1O
RHODAMINE,CCN(CC)c1ccc2c(-c3ccccc3C(=O)O)c3ccc(=[N+](CC)CC)cc-3oc2c1.[Cl-]
GS 6201,CCCn1c(=O)c2[nH]c(-c3cnn(Cc4cccc(C(F)(F)F)c4)c3)nc2n(CC)c1=O
FURAFYLLINE,Cc1nc2c([nH]1)c(=O)n(C)c(=O)n2Cc1ccco1
PYRRHOCORICIN,CC[C@H](C)[C@H](N)C(=O)N[C@@H](Cc1ccc(O)cc1)C(=O)N[C@@H](CC(N)=O)C(=O)N[C@@H](CCCNC(=N)N)C(=O)N[C@@H](CC(N)=O)C(=O)OC(=O)[C@]1(C(=O)[C@@H]2CCCN2C(=O)[C@H](CCCNC(=N)N)NC(=O)[C@@H]2CCCN2C(=O)[C@@H](N)CC(C)C)CCCN1C(=O)[C@H](CCCNC(=N)N)NC(=O)[C@@H]1CCCN1C(=O)[C@@H]1CCCN1C(=O)[C@@H](NC(=O)[C@H](Cc1ccc(O)cc1)NC(=O)[C@H](CO)NC(=O)CNC(=O)[C@H](CCCCN)NC(=O)[C@H](CC(=O)O)NC(=O)[C@@H](N)C(C)C)[C@@H](C)OC1O[C@H](CO)[C@H](O)[C@H](O)[C@H]1NC(C)=O
PAXILLINE,CC(C)(O)[C@H]1O[C@H]2CC[C@@]3(C)[C@@](O)(CC[C@H]4Cc5c([nH]c6ccccc56)[C@@]43C)C2=CC1=O
CYTOCHALASIN B,C=C1[C@@H](C)[C@H]2[C@H](Cc3ccccc3)NC(=O)[C@]23OC(=O)/C=C/[C@H](O)CCC[C@@H](C)C/C=C/[C@H]3[C@@H]1O
TENOFOVIR DIPHOSPHATE,C[C@@H](Cn1cnc2c(N)ncnc21)OCP(=O)(O)OP(=O)(O)OP(=O)(O)O
6-BROMOINDIRUBIN-3'-ACETOXIME,CC(=O)O/N=C1C(=C2/C(=O)Nc3cc(Br)ccc32)/Nc2ccccc2/1
ERGOCALCIFEROL,C=C1CC[C@H](O)C/C1=C/C=C1\CCC[C@]2(C)[C@@H]([C@H](C)/C=C/[C@H](C)C(C)C)CC[C@@H]12
LICARINE A,C/C=C/c1cc(OC)c2c(c1)[C@@H](C)[C@H](c1ccc(O)c(OC)c1)O2
CAGAYANINE,C[C@@H]1[C@@H](c2ccc3c(c2)OCO3)c2cc3c(cc2C[C@H]1C)OCO3
LICARINE B,C/C=C/c1cc(OC)c2c(c1)[C@@H](C)[C@H](c1ccc3c(c1)OCO3)O2
QUINOXALINE1,Nc1n[nH]c2nc3ccccc3nc12
DIACYLGLYCEROL KINASE INHIBITOR II,O=c1c2ccccc2[nH]c(=S)n1CCN1CCC(=C(c2ccc(F)cc2)c2ccc(F)cc2)CC1
MACHILIN A,C[C@H](Cc1ccc2c(c1)OCO2)[C@@H](C)Cc1ccc2c(c1)OCO2
OLEIFERIN C,C[C@@H]([C@H](C)Cc1ccc2c(c1)OCO2)[C@@H](O)c1ccc2c(c1)OCO2
OLEIFERIN D,COc1cc(C(=O)[C@@H](C)[C@H](C)Cc2ccc3c(c2)OCO3)ccc1O
ALPHA LIPOYL,C[C@@H]1CC[C@@]2(OC1)O[C@H]1C[C@H]3[C@@H]4CC=C5C[C@@H](O[C@@H]6O[C@H](CO)[C@@H](O)[C@H](O)[C@H]6NC(=O)CCCCC6CCSS6)CC[C@]5(C)[C@H]4CC[C@]3(C)[C@H]1[C@@H]2C
OCTADECYL SULFATE,CCCCCCCCCCCCCCCCCCOS(=O)(=O)O
LATRUNCULIN B,C/C1=C/C(=O)O[C@@H]2C[C@@H](CC[C@H](C)/C=C\CC1)O[C@@](O)([C@@H]1CSC(=O)N1)C2
DIMETHYL YELLOW,CN(C)c1ccc(/N=N/c2ccccc2)cc1
ORANGE G SODIUM,O=S(=O)([O-])c1cc(S(=O)(=O)[O-])c2c(/N=N/c3ccccc3)c(O)ccc2c1.[Na+].[Na+]
MECLOCYCLINE SULFOSALICYLATE,C=C1c2c(Cl)ccc(O)c2C(=O)C2=C(O)[C@]3(O)C(=O)C(C(N)=O)=C(O)[C@@H](N(C)C)[C@@H]3[C@@H](O)[C@H]12.O=C(O)c1cc(S(=O)(=O)O)ccc1O
IBIPINABANT,CN/C(=N\S(=O)(=O)c1ccc(Cl)cc1)N1C[C@H](c2ccccc2)C(c2ccc(Cl)cc2)=N1
EOSIN Y SODIUM,O=C([O-])c1ccccc1-c1c2cc(Br)c(=O)c(Br)c-2oc2c(Br)c([O-])c(Br)cc12.[Na+].[Na+]
NOTOPTEROL,CC(C)=CC(O)C/C(C)=C/COc1c2ccoc2cc2oc(=O)ccc12
BASIC BLUE 41,CCN(CCO)c1ccc(/N=N/c2sc3cc(OC)ccc3[n+]2C)cc1.COS(=O)(=O)[O-]
TACHYPLESIN III,CC[C@H](C)[C@H](NC(=O)CNC(=O)[C@H](CCCNC(=N)N)NC(=O)[C@H](Cc1ccc(O)cc1)NC(=O)[C@H](CS)NC(=O)[C@@H](NC(=O)[C@H](CCCNC(=N)N)NC(=O)[C@H](Cc1ccccc1)NC(=O)[C@H](CS)NC(=O)[C@H](Cc1c[nH]c2ccccc12)NC(=O)[C@@H](N)CCCCN)C(C)C)C(=O)N[C@@H](CS)C(=O)N[C@@H](Cc1ccc(O)cc1)C(=O)N[C@@H](CCCNC(=N)N)C(=O)N[C@@H](CCCCN)C(=O)N[C@@H](CS)C(=O)N[C@@H](CCCNC(=N)N)C(N)=O
ANISOCOUMARIN H,CC(C)=CC(O)C/C(C)=C/COc1ccc2ccc(=O)oc2c1
KRN-633,CCCNC(=O)Nc1ccc(Oc2ncnc3cc(OC)c(OC)cc23)cc1Cl
AZURE C,CNc1ccc2nc3ccc(N)cc3[s+]c2c1.[Cl-]
CIAFTALAN,c1ccc2c(c1)-c1nc-2nc2[nH]c(nc3nc(nc4[nH]c(n1)c1ccccc41)-c1ccccc1-3)c1ccccc21
IKARUGAMYCIN,CC[C@H]1[C@@H]2C=C[C@H]3[C@@H](C[C@H]4/C=C/C(=O)C5=C[C@H](CCCNC(=O)/C=C\C[C@H]34)NC5=O)[C@H]2C[C@H]1C
DIMETHYLADENINE,CN(C)c1ncnc2nc[nH]c12
THIAPORPHYRIN,O=C(O)COc1c(OCC(=O)O)c2cc3nc(c(-c4ccccc4)c4ccc([nH]4)c(-c4ccccc4)c4nc(cc1s2)C=C4)C=C3
E6 BERBAMINE,COc1cc2c3cc1Oc1c(OC)c(OC)cc4c1[C@@H](Cc1ccc(OC(=O)c5ccc([N+](=O)[O-])cc5)c(c1)Oc1ccc(cc1)C[C@@H]3N(C)CC2)N(C)CC4
SU-9516,COc1ccc2c(c1)/C(=C/c1cnc[nH]1)C(=O)N2
NIGULDIPINE,COC(=O)C1=C(C)NC(C)=C(C(=O)OCCCN2CCC(c3ccccc3)(c3ccccc3)CC2)[C@H]1c1cccc([N+](=O)[O-])c1
WISKOSTATIN,CN(C)C[C@H](O)Cn1c2ccc(Br)cc2c2cc(Br)ccc21
NIGERICIN,CO[C@@H]1C[C@@H](C[C@H]2CC[C@H](C)[C@H]([C@@H](C)C(=O)O)O2)O[C@]2(O[C@](C)([C@H]3CC[C@@](C)([C@@H]4O[C@@H]([C@H]5O[C@@](O)(CO)[C@H](C)C[C@@H]5C)C[C@@H]4C)O3)C[C@H]2C)[C@@H]1C
AZACONAZOLE,Clc1ccc(C2(Cn3cncn3)OCCO2)c(Cl)c1
MICILLINAM,CC1(C)S[C@@H]2[C@H](/N=C\N3CCCCCC3)C(=O)N2[C@H]1C(=O)O
TRIARIMOL,OC(c1ccccc1)(c1cncnc1)c1ccc(Cl)cc1Cl
GUSPERIMUS,N=C(N)NCCCCCCC(=O)NC(O)C(=O)NCCCCNCCCN
FALNIDAMOL,CN1CCC(Nc2ncc3ncnc(Nc4ccc(F)c(Cl)c4)c3n2)CC1
AZLOCILLIN,CC1(C)S[C@@H]2[C@H](NC(=O)[C@H](NC(=O)N3CCNC3=O)c3ccccc3)C(=O)N2[C@H]1C(=O)O
TENOFOVIR DISOPROXIL,CC(C)OC(=O)OCOP(=O)(CO[C@H](C)Cn1cnc2c(N)ncnc21)OCOC(=O)OC(C)C
SULFADOXINE,COc1ncnc(NS(=O)(=O)c2ccc(N)cc2)c1OC
HIAZOLIDINEDIONE1,CCOc1ccc(/C=C2/SC(=O)N(CCN)C2=O)cc1
ALSTERPAULLONE 2,N#CCCc1ccc2c(c1)-c1[nH]c3ccc([N+](=O)[O-])cc3c1CC(=O)N2
ANALOGUE A,O=C(N[C@@H](Cc1ccccc1Cl)C(=O)N1CCC(O)CC1)c1cc2cc(Cl)ccc2[nH]1
PENCICLOVIR,Nc1nc(O)c2ncn(CCC(CO)CO)c2n1
FASCAPLYSIN CHLORIDE,O=C1c2ccccc2-[n+]2ccc3c([nH]c4ccccc43)c21.[Cl-]
EDGEWORIN,O=c1ccc2ccc(Oc3cc4ccc(O)cc4oc3=O)cc2o1
CEFIXIME,C=CC1=C(C(=O)O)N2C(=O)[C@@H](NC(=O)/C(=N\OCC(=O)O)c3csc(N)n3)[C@H]2SC1
PENITREM A,C=C(C)[C@H]1O[C@H]2CC[C@@]3(C)[C@@](O)(CC[C@H]4[C@@H]5OC(C)(C)[C@H]6C[C@@H]7C(=C)Cc8c(Cl)cc9[nH]c(c5c9c8[C@@]76O)[C@@]43C)[C@@]23O[C@H]3[C@H]1O
GW632580X,COc1ccc(COc2ccc(Cc3cnc(N)nc3N)cc2OC)cc1
CHELERYTHRINE CHLORIDE,COc1ccc2c(c[n+](C)c3c4cc5c(cc4ccc23)OCO5)c1OC.[Cl-]
DIMETHYLNITRAMIDE,CN(C)[N+](=O)[O-]
NIFURIMIDE,CC1CN(/N=C/c2ccc([N+](=O)[O-])o2)C(=O)N1
NIFURADENE,O=C1NCCN1/N=C/c1ccc([N+](=O)[O-])o1
TETRANITROMETHANE,O=[N+]([O-])C([N+](=O)[O-])([N+](=O)[O-])[N+](=O)[O-]
NITHIAZIDE,CCNC(=O)Nc1ncc([N+](=O)[O-])s1
HC BLUE NO. 1,CNc1ccc(N(CCO)CCO)cc1[N+](=O)[O-]
NEFIRACETAM,Cc1cccc(C)c1NC(=O)CN1CCCC1=O
METHYLNITRAMIDE,CN[N+](=O)[O-]
BIS(PIVALOYLOXYMETHYL)ESTER,CN(O)C(=O)COCP(=O)(OCOC(=O)C(C)(C)C)OCOC(=O)C(C)(C)C
NILE BLUE HYDROCHLORIDE,CC[N+](CC)=c1ccc2nc3c(cc(N)c4ccccc43)oc-2c1.[Cl-]
DANOPREVIR,CC(C)(C)OC(=O)N[C@H]1CCCCC/C=C\[C@@H]2C[C@@]2(C(=O)NS(=O)(=O)C2CC2)NC(=O)[C@@H]2C[C@@H](OC(=O)N3Cc4cccc(F)c4C3)CN2C1=O
CORBOXYLIC ACID,COc1ccc2c(O[C@@H]3C[C@@H](C(=O)O)N(C(=O)[C@@H](NC(=O)OC(C)(C)C)C(C)(C)C)C3)cc(-c3ccccc3)nc2c1
AZATHIOPRINE,Cn1cnc([N+](=O)[O-])c1Sc1ncnc2[nH]cnc12
KINETIN RIBOSIDE,OC[C@H]1O[C@@H](n2cnc3c(NCc4ccco4)ncnc32)[C@H](O)[C@@H]1O
DEAZANEBULARIN,C[C@@]1(O)[C@@](C)(CO)O[C@@H](n2ccc3cncnc32)[C@]1(C)O
ULIPRISTAL ACETATE,CC(=O)O[C@]1(C(C)=O)CC[C@H]2[C@@H]3CCC4=CC(=O)CCC4=C3[C@@H](c3ccc(N(C)C)cc3)C[C@@]21C
ASOPRISNIL,COC[C@]1(OC)CC[C@H]2[C@@H]3CCC4=CC(=O)CCC4=C3[C@@H](c3ccc(/C=N/O)cc3)C[C@@]21C
GYPSOGENIN,CC1(C)CC[C@]2(C(=O)O)CC[C@]3(C)C(=CCC4[C@@]5(C)CC[C@H](O)[C@@](C)(O)[C@@H]5CC[C@]43C)[C@@H]2C1
QUILLAIC ACID,CC1(C)CC[C@]2(C(=O)O)[C@H](O)C[C@]3(C)C(=CC[C@@H]4[C@@]5(C)CC[C@H](O)[C@@](C)(C=O)[C@@H]5CC[C@]43C)[C@@H]2C1
MENAQUINONE-2,CC(C)=CCC/C(C)=C/CC1=C(C)C(=O)c2ccccc2C1=O
WHI-P131,COc1cc2ncnc(Nc3ccc(O)cc3)c2cc1OC
TALAROFLAVONE,COc1cc(O)c2c(c1)C1(OC2=O)C(C)=CC(=O)C1O
MENATETRENONE,CC(C)=CCC/C(C)=C/CC/C(C)=C/CC/C(C)=C/CC1=C(C)C(=O)c2ccccc2C1=O
METHYLENE BLUE ANHYDROUS,CN(C)c1ccc2nc3ccc(N(C)C)cc3[s+]c2c1.[Cl-]
ONITISIN,Cc1c(O)c2c(c(C)c1CCO)C(=O)C(C)(O)C2
ONITIN,Cc1c(O)c2c(c(C)c1CCO)C(=O)C(C)(C)C2
DITHIOTHREITOL,O[C@@H](CS)[C@@H](O)CS
EUGLOBAL G2,CC(C)CC(=O)c1c(O)c(C=O)c2c(c1O)C[C@H]1C[C@H]3C[C@H](C3(C)C)[C@@]1(C)O2
CHAVIBETOL,C=CCc1ccc(OC)c(O)c1
IMINORIBITOL,OC[C@H]1NC[C@H](O)[C@@H]1O
GLUTATHIONE,N[C@@H](CCC(=O)N[C@@H](CS)C(=O)NCC(=O)O)C(=O)O
FUMITREMORGIN,COc1ccc2c3c([nH]c2c1)[C@H](C=C(C)C)N1C(=O)[C@@H]2CCCN2C(=O)[C@@H]1C3
DIGERANYL BISPHOSPHONATE,CC(C)=CCC/C(C)=C/CC(C/C=C(\C)CCC=C(C)C)(P(=O)(O)O)P(=O)(O)O
ERYTHROMYCIN A DIHYDRATE,CC[C@H]1OC(=O)[C@H](C)[C@@H](O[C@H]2C[C@](C)(OC)[C@H](O)[C@@H](C)O2)[C@H](C)[C@@H](O[C@@H]2O[C@@H](C)C[C@@H](N(C)C)[C@@H]2O)[C@](C)(O)C[C@@H](C)C(=O)[C@H](C)[C@@H](O)[C@]1(C)O
TAUTOMYCIN DIACID,CO[C@@H]([C@H](O)CC(=O)[C@@H](C)[C@@H](O)CC[C@@H](C)[C@@H]1O[C@]2(CC[C@@H](C)[C@H](CC[C@H](C)C(C)=O)O2)CC[C@@H]1C)[C@H](OC(=O)C[C@@H](O)/C(C(=O)O)=C(\C)C(=O)O)C(C)C
ROBUSTADIAL B,CC(C)C[C@H]1C[C@]2(CC[C@@H]3C[C@H]2C3(C)C)Oc2c(C=O)c(O)c(C=O)c(O)c21
PHATHALIMIDE,O=C1c2ccccc2C(=O)N1c1nc2ccc(OC(F)(F)F)cc2s1
POTASSIUM GALACTOISOLESPEDEZATE,O=C([O-])/C(=C/c1ccc(O)cc1)O[C@@H]1O[C@H](CO)[C@H](O)[C@H](O)[C@H]1O.[K+]
POTASSIUM GALACTOLESPEDEZATE,O=C([O-])/C(=C\c1ccc(O)cc1)O[C@@H]1O[C@H](CO)[C@H](O)[C@H](O)[C@H]1O.[K+]
POTASSIUM ISOLESPEDEZATE,O=C([O-])/C(=C/c1ccc(O)cc1)O[C@@H]1O[C@H](CO)[C@@H](O)[C@H](O)[C@H]1O.[K+]
POTASSIUM LESPEDEZATE,O=C([O-])/C(=C\c1ccc(O)cc1)O[C@@H]1O[C@H](CO)[C@@H](O)[C@H](O)[C@H]1O.[K+]
CANTHARIDIMIDE,C[C@@]12C(=O)N(c3nc4ccc(OC(F)(F)F)cc4s3)C(=O)[C@]1(C)[C@H]1CC[C@@H]2O1
TETRAMETHOXYCURCUMIN,COc1ccc(/C=C/C(=O)CC(=O)/C=C/c2ccc(OC)c(OC)c2)cc1OC
RICCARDI C,Oc1ccc2c(c1)CCc1ccc(cc1)Oc1cc(ccc1O)CCc1ccc-2c(O)c1
KAKKALIDE,COc1ccc(-c2coc3cc(O[C@@H]4O[C@H](COC5OC[C@@H](O)[C@H](O)[C@H]5O)[C@@H](O)[C@H](O)[C@H]4O)c(OC)c(O)c3c2=O)cc1
GALLOCATECHIN GALLATE,O=C(O[C@@H]1Cc2c(O)cc(O)cc2O[C@H]1c1cc(O)c(O)c(O)c1)c1cc(O)c(O)c(O)c1
LIOTHYRONINE,N[C@@H](Cc1cc(I)c(Oc2ccc(O)c(I)c2)c(I)c1)C(=O)O
MODITHROMYCIN,CC[C@H]1OC(=O)[C@H](C)C(=O)[C@H](C)[C@@H](O[C@@H]2O[C@H](C)C[C@H](N(C)C)[C@H]2O)[C@@]2(C)C[C@@H](C)/C(=N\C(C)=O)[C@H](C)[C@@H](OC/C(=N\OCc3ccc(-n4cccn4)nc3)CO2)[C@]1(C)O
EUGENYL BENZOAT,C=CCc1ccc(OC(=O)c2ccccc2)c(OC)c1
IRISOLIDONE,COc1ccc(-c2coc3cc(O)c(OC)c(O)c3c2=O)cc1
FILOCICLOVIR,Nc1nc2c(ncn2/C=C2/CC2(CO)CO)c(=O)[nH]1
DEOXYRICCARDIN C,c1cc2cc(c1)Oc1ccc(cc1)CCc1ccccc1-c1ccc(cc1)CC2
TIZOXANIDE GLUCURONIDE,Cc1cccc(C(=O)Nc2ncc([N+](=O)[O-])s2)c1OC(=O)[C@H](O)[C@@H](O)[C@H](O)[C@@H](C)O
INDIPLON,CC(=O)N(C)c1cccc(-c2ccnc3c(C(=O)c4cccs4)cnn23)c1
TIZOXANIDE,O=C(Nc1ncc([N+](=O)[O-])s1)c1ccccc1O
EUPALININ A,C=C1C(=O)O[C@@H]2/C=C(/C)[C@@H](OC(C)=O)C[C@H]3O[C@]3(C)C[C@@H](OC(=O)/C(=C/C)CO)[C@@H]12
(-)-GALLOCATECHIN,Oc1cc(O)c2c(c1)O[C@@H](c1cc(O)c(O)c(O)c1)[C@H](O)C2
CYCLORGDFV,CC(C)[C@@H]1NC(=O)[C@@H](Cc2ccccc2)NC(=O)[C@H](CC(=O)O)NC(=O)CNC(=O)[C@H](CCCN=C(N)N)NC1=O
CILENGITIDE,CC(C)[C@H]1C(=O)N[C@@H](CCCNC(=N)N)C(=O)NCC(=O)N[C@@H](CC(=O)O)C(=O)N[C@H](Cc2ccccc2)C(=O)N1C
REGRELOR DISODIUM,CCNC(=O)Nc1ncnc2c1ncn2[C@@H]1O[C@H](COP(=O)([O-])[O-])[C@H]2O[C@H](/C=C/c3ccccc3)O[C@H]21.[Na+].[Na+]
ISAVUCONAZOLE,C[C@@H](c1nc(-c2ccc(C#N)cc2)cs1)[C@](O)(Cn1cncn1)c1cc(F)ccc1F
ISEPAMICIN,CN[C@@H]1[C@@H](O)[C@@H](O[C@@H]2[C@@H](O)[C@H](O[C@H]3O[C@H](CN)[C@@H](O)[C@H](O)[C@H]3O)[C@@H](N)C[C@H]2NC(=O)[C@@H](O)CN)OC[C@]1(C)O
FIALURIDINE,O=c1[nH]c(=O)n([C@@H]2O[C@H](CO)[C@@H](O)[C@@H]2F)cc1I
FIACITABINE,Nc1nc(=O)n([C@@H]2O[C@H](CO)[C@@H](O)[C@@H]2F)cc1I
TRIFLUORIDINE,O=c1[nH]cc(C(F)(F)F)c(=O)[nH]1
ASIATIC ACID,C[C@H]1[C@H](C)CC[C@]2(C(=O)O)CC[C@]3(C)C(=CC[C@@H]4[C@@]5(C)C[C@@H](O)[C@H](O)[C@@](C)(CO)[C@@H]5CC[C@]43C)[C@H]12
P-METHOXY-ACETOPHENONE,COc1ccc(C(C)=O)cc1
SULFOMETURON,Cc1cc(C)nc(NC(=O)NS(=O)(=O)c2ccccc2C(=O)O)n1
THIOSEMICARBAZIDE,NNC(N)=S
RHODAMINE 6G HYDROCHLORIDE,CC/N=c1\cc2oc3cc(NCC)c(C)cc3c(-c3ccccc3C(=O)OCC)c-2cc1C.Cl
(+/-)-VARITRIOL,COc1cccc(/C=C/C2OC(C)C(O)C2O)c1CO
ACETOPHENONE-THIOSEMICARBAZONE,C/C(=N/NC(N)=S)c1ccccc1
AZIDOTHYMIDINE MONOPHOSPHATE,Cc1cn([C@H]2C[C@H](N=[N+]=[N-])[C@@H](COP(=O)(O)O)O2)c(=O)[nH]c1=O
MECOPROP,Cc1cc(Cl)ccc1OC(C)C(=O)O
PTERIDINONE,CCOC(=O)c1nc2cnc(Nc3ccccc3)nc2n(-c2ccccc2)c1=O
FORSYTHIALAN B,COc1cc(O)cc([C@H]2OC[C@H](C(=O)c3ccc(OC)c(OC)c3)[C@@H]2CO)c1
FORSYTHIALAN A,COc1cc(O)cc([C@H]2OC[C@H](C(=O)c3ccc(O)c(OC)c3)[C@@H]2CO)c1
PSEUDOTHIOHYDANTOIN,COc1ccc(/C=C2\SC(=N)NC2=O)cc1OC1CCCC1
PIPERUNDECALIDIENE,O=C(/C=C/C=C/CCCC/C=C/c1ccc2c(c1)OCO2)N1CCCCC1
PIPERCHABAMIDE B,O=C(/C=C/CCCCCC/C=C/c1ccc2c(c1)OCO2)N1CCCCC1
EPLIVANSERIN,CN(C)CCO/N=C(/C=C/c1ccc(O)cc1)c1ccccc1F
BOMBESIN,CSCC[C@H](NC(=O)[C@H](CC(C)C)NC(=O)[C@H](Cc1cnc[nH]1)NC(=O)CNC(=O)[C@@H](NC(=O)[C@H](C)NC(=O)[C@H](Cc1c[nH]c2ccccc12)NC(=O)[C@H](CCC(N)=O)NC(=O)[C@H](CC(N)=O)NC(=O)CNC(=O)[C@H](CC(C)C)NC(=O)[C@H](CCCNC(=N)N)NC(=O)[C@H](CCC(N)=O)NC(=O)[C@@H]1CCC(=O)N1)C(C)C)C(N)=O
PIPERNONALINE,O=C(/C=C/CCCC/C=C/c1ccc2c(c1)OCO2)N1CCCCC1
MOCETINOSTAT,Nc1ccccc1NC(=O)c1ccc(CNc2nccc(-c3cccnc3)n2)cc1
EFEGATRAN,CN[C@H](Cc1ccccc1)C(=O)N1CCC[C@H]1C(=O)N[C@H](C=O)CCCNC(=N)N
CYCLOPROPYLCYFUSINE,O=c1cccc2n1CC13CNCC21C3
PIPERROLEIN B,O=C(CCCCCC/C=C/c1ccc2c(c1)OCO2)N1CCCCC1
CYFUSINE,O=c1cccc2n1CC1CNCC21
PIPERANINE,O=C(/C=C/CCc1ccc2c(c1)OCO2)N1CCCCC1
PELLITORIN,CCCCC/C=C/C=C/C(=O)NCC(C)C
PIPERCHABAMIDE A,O=C1C=CCCN1C(=O)CCc1ccccc1
BRACHYSTAMIDE B,CC(C)CNC(=O)/C=C/C=C/CCCCCCCC/C=C/c1ccc2c(c1)OCO2
PIPERONAL,O=Cc1ccc2c(c1)OCO2
GUINEENSINE,CC(C)CNC(=O)/C=C/C=C/CCCCCC/C=C/c1ccc2c(c1)OCO2
RETROFRACTAMIDE B,CC(C)CNC(=O)/C=C/C=C/CCCC/C=C/c1ccc2c(c1)OCO2
PIPERCHABAMIDE D,CC(C)CNC(=O)/C=C/CCCCCC/C=C/c1ccc2c(c1)OCO2
BELINOSTAT,O=C(/C=C/c1cccc(S(=O)(=O)Nc2ccccc2)c1)NO
RETROFRACTAMIDE A,CC(C)CNC(=O)/C=C/C=C/CC/C=C/c1ccc2c(c1)OCO2
RETROFRACTAMIDE C,CC(C)CNC(=O)/C=C/CCCC/C=C/c1ccc2c(c1)OCO2
ALVIMOPAN,C[C@H]1CN(C[C@H](Cc2ccccc2)C(=O)NCC(=O)O)CC[C@@]1(C)c1cccc(O)c1
ROSABULIN,Cc1cc(NC(=O)C(=O)c2cc(Cc3ccc(C#N)cc3)n3ccccc23)sn1
"4,5-DIHYDROPIPERLONGUMININE",CC(C)CNC(=O)/C=C/CCc1ccc2c(c1)OCO2
PIPERCHABAMIDE C,O=C(/C=C/C=C/CCCCCC/C=C/c1ccc2c(c1)OCO2)N1CCCCC1
MANDIPROPAMID,C#CCOc1ccc(CCNC(=O)C(OCC#C)c2ccc(Cl)cc2)cc1OC
BIS(2-ETHYLHEXYL)PHTHALATE,CCCC[C@@H](CC)COC(=O)c1ccccc1C(=O)OC[C@@H](CC)CCCC
DIBUTYL PHTHALATE,CCCCOC(=O)c1ccccc1C(=O)OCCCC
(-)-11-DEMETHYL CORDATOLIDE A,Cc1cc(=O)oc2c3c(c4c(c12)OC(C)(C)C=C4)O[C@@H](C)C[C@H]3O
(+)-11-DEMETHYL CORDATOLIDE A,Cc1cc(=O)oc2c3c(c4c(c12)OC(C)(C)C=C4)O[C@H](C)C[C@@H]3O
HYDROXYAMPHETAMINE,CC(N)Cc1ccc(O)cc1
TOZASERTIB,Cc1cc(Nc2cc(N3CCN(C)CC3)nc(Sc3ccc(NC(=O)C4CC4)cc3)n2)n[nH]1
DANUSERTIB,CO[C@@H](C(=O)N1Cc2[nH]nc(NC(=O)c3ccc(N4CCN(C)CC4)cc3)c2C1)c1ccccc1
(-)-11-DEMETHYL CALANOLIDE A,CCCc1cc(=O)oc2c3c(c4c(c12)OC(C)(C)C=C4)O[C@@H](C)C[C@H]3O
(+)-11-DEMETHYL CALANOLIDE A,CCCc1cc(=O)oc2c3c(c4c(c12)OC(C)(C)C=C4)O[C@H](C)C[C@@H]3O
MILFASARTAN,CCCCc1nc(C)n(Cc2sccc2C(=O)OC)c(=O)c1Cc1ccc(-c2ccccc2-c2nnn[nH]2)cc1
(-)-CORDATOLIDE A,Cc1cc(=O)oc2c3c(c4c(c12)OC(C)(C)C=C4)O[C@@H](C)[C@H](C)[C@H]3O
SPIRAEOSIDE,O=c1c(O)c(-c2ccc(O[C@@H]3O[C@H](CO)[C@@H](O)[C@H](O)[C@H]3O)c(O)c2)oc2cc(O)cc(O)c12
(+)-CORDATOLIDE A,Cc1cc(=O)oc2c3c(c4c(c12)OC(C)(C)C=C4)O[C@H](C)[C@@H](C)[C@@H]3O
"N,N-DIMETHYL MILNACIPRAN",CCN(CC)C(=O)C1(c2ccccc2)CC1CN(C)C
PHEOPHORBIDE A ETHANOLAMIDE,C=Cc1c(C)c2cc3nc(c(CC(=O)OC)c4[nH]c(cc5nc(cc1[nH]2)C(C)=C5CC)c(C)c4C(=O)NCCO)C(CCC(=O)OC)C3C
BENGACARBOLINE,NCCc1c(C2(c3c[nH]c4ccccc34)NCCc3c2[nH]c2ccccc32)[nH]c2ccccc12
HEMATOPORPHYRIN PROPYLETHER ETHANOLAMIDE,CCCOC(C)C1=C(C)c2cc3[nH]c(cc4nc(cc5[nH]c(cc1n2)c(C)c5CCC(=O)NCCO)C(CCC(=O)NCCO)=C4C)c(C)c3C(C)OCCC
OZ277,CC(C)(N)CNC(=O)C[C@H]1CC[C@]2(CC1)OO[C@]1(O2)C2CC3CC(C2)CC1C3
POLYHEMATOPORPHYRIN,CCc1c(C)c2cc3nc(cc4[nH]c(cc5nc(cc1[nH]2)C(C)=C5C(C)O)c(C)c4CCC(=O)O)C(CCC(=O)O)=C3C
HEMATOPORPHYRIN,CC1=C(CCC(=O)O)c2cc3[nH]c(cc4nc(cc5[nH]c(cc1n2)c(C)c5C(C)O)C(C)=C4C(C)O)c(C)c3CCC(=O)O
CORT 108297,CCOC[C@]12Cc3cnn(-c4ccc(F)cc4)c3C=C1CCN(S(=O)(=O)c1ccc(C(F)(F)F)cc1)C2
SELENOMILFASARTAN,CCCCc1nc(C)n(Cc2[se]ccc2C(=O)OC)c(=O)c1Cc1ccc(-c2ccccc2-c2nnn[nH]2)cc1
SELENOEPROSARTAN,CCCCc1ncc(/C=C(/Cc2ccc[se]2)C(=O)O)n1Cc1ccc(C(=O)O)cc1
ACARBOSE,C[C@H]1O[C@H](O[C@H]2[C@H](O)[C@@H](O)[C@@H](O[C@H]3[C@H](O)[C@@H](O)C(O)O[C@@H]3CO)O[C@@H]2CO)[C@H](O)[C@@H](O)[C@@H]1N[C@H]1C=C(CO)[C@@H](O)[C@H](O)[C@H]1O
BUTAPROST,CCCC1([C@H](O)C/C=C/[C@H]2[C@H](O)CC(=O)[C@@H]2CCCCCCC(=O)OC)CCC1
TYLOPHORINE,COc1cc2c3c(c4cc(OC)c(OC)cc4c2cc1OC)CN1CCC[C@@H]1C3
THIAMINE THIAZOLONE,Cc1ncc(Cn2c(C)c(CCO)sc2=O)c(N)n1
THIAMINE ION,Cc1ncc(C[n+]2csc(CCO)c2C)c(N)n1
OHIOENSIN B,O=C1C[C@@H]2c3ccccc3O[C@H]3c4cccc(O)c4-c4c(O)cc(O)c1c4[C@H]23
OHIOENSIN A,O=C1C[C@@H]2c3ccccc3O[C@H]3c4cc(O)ccc4-c4c(O)cc(O)c1c4[C@H]23
OHIOENSIN F,O=C1C[C@]2(O)c3ccccc3O[C@H]3c4cc(O)ccc4-c4c(O)cc(O)c1c4[C@@H]32
OHIOENSIN G,O=C1c2c(O)cc(O)c3c2[C@@H]2[C@@H](c4ccccc4O[C@H]2c2cccc(O)c2-3)[C@H]1O
DELPHINIDIN,Oc1cc(O)c2cc(O)c(-c3cc(O)c(O)c(O)c3)[o+]c2c1
TRYPDRONATE,COc1cc(COC(=O)NC(Cc2c[nH]c3ccccc23)C(=O)O)cc(OC)c1OC(=O)OCCCCCCC(P(=O)(O)O)P(=O)(O)O
OENIN,COc1cc(-c2[o+]c3cc(O)cc(O)c3cc2O[C@@H]2O[C@H](CO)[C@@H](O)[C@H](O)[C@H]2O)cc(OC)c1O
KUROMANIN,OC[C@H]1O[C@@H](Oc2cc3c(O)cc(O)cc3[o+]c2-c2ccc(O)c(O)c2)[C@H](O)[C@@H](O)[C@@H]1O
MALVIDIN,COc1cc(-c2[o+]c3cc(O)cc(O)c3cc2O)cc(OC)c1O
CYANIDIN,Oc1cc(O)c2cc(O)c(-c3ccc(O)c(O)c3)[o+]c2c1
CAMDRONATE,CC[C@@]1(OC(=O)CCC(P(=O)(O)O)P(=O)(O)O)C(=O)OCc2c1cc1n(c2=O)Cc2cc3ccccc3nc2-1
CURCULIGOSIDE D,COc1ccc(O)c(OC)c1C(=O)OCc1ccccc1O[C@@H]1O[C@H](CO)[C@@H](O)[C@H](O)[C@H]1O
CURCULIGOSIDE A,COc1cccc(OC)c1C(=O)OCc1cc(O)ccc1O[C@@H]1O[C@H](CO)[C@@H](O)[C@H](O)[C@H]1O
CURCULIGOSIDE B,COc1cccc(O)c1C(=O)OCc1cc(O)ccc1O[C@@H]1O[C@H](CO)[C@@H](O)[C@H](O)[C@H]1O
3-DEAZATHIAMINE,Cc1ncc(Cc2csc(CCO)c2C)c(N)n1
DEOXYBOUVARDIN,COc1ccc(C[C@H]2C(=O)N[C@@H](C)C(=O)N(C)[C@H]3Cc4ccc(cc4)Oc4cc(ccc4O)C[C@@H](C(=O)N[C@H](C)C(=O)N[C@@H](C)C(=O)N2C)N(C)C3=O)cc1
MARAVIROC,Cc1nnc(C(C)C)n1[C@H]1C[C@H]2CC[C@@H](C1)N2CC[C@H](NC(=O)C1CCC(F)(F)CC1)c1ccccc1
PARVIFLORENE F,Cc1cc(O)c2c(c1)[C@H](C(C)C)Cc1cc3c(cc1-2)[C@@H](O)[C@@H](C(C)C)c1cc(C)cc(O)c1-3
SALVINORIN B ETHOXYMETHYL ETHER,CCOCO[C@H]1C[C@@H](C(=O)OC)[C@]2(C)CC[C@H]3C(=O)O[C@H](c4ccoc4)C[C@]3(C)[C@H]2C1=O
ABIRATERONE ACETATE,CC(=O)O[C@H]1CC[C@@]2(C)C(=CC[C@@H]3[C@@H]2CC[C@]2(C)C(c4cccnc4)=CC[C@@H]32)C1
GW607117X,Cc1nnc(-c2ccc(C)c(-c3ccc(C(=O)Nc4cccc(C#N)c4)cc3)c2)o1
RETOSIBAN,CC[C@H](C)[C@@H]1C(=O)N[C@H](C2Cc3ccccc3C2)C(=O)N1[C@@H](C(=O)N1CCOCC1)c1coc(C)n1
CHLORTETRACYCLINE,CN(C)[C@@H]1C(O)=C(C(N)=O)C(=O)[C@@]2(O)C(O)=C3C(=O)c4c(O)ccc(Cl)c4[C@@](C)(O)[C@H]3C[C@@H]12
NITROBLUE TETRAZOLIUM CHLORIDE,COc1cc(-c2ccc(-[n+]3nc(-c4ccccc4)nn3-c3ccc([N+](=O)[O-])cc3)c(OC)c2)ccc1-[n+]1nc(-c2ccccc2)nn1-c1ccc([N+](=O)[O-])cc1.[Cl-].[Cl-]
TETRAZOLIUM BLUE CHLORIDE,COc1cc(-c2ccc(-n3nc(-c4ccccc4)n[n+]3-c3ccccc3)c(OC)c2)ccc1-n1nc(-c2ccccc2)n[n+]1-c1ccccc1.[Cl-].[Cl-]
EFIPLADIB,O=C(O)c1ccc(CCCc2c(CCNS(=O)(=O)Cc3ccc(Cl)c(Cl)c3)n(C(c3ccccc3)c3ccccc3)c3ccc(Cl)cc23)cc1
SALVINORIN A PROPYL ETHER,CCCO[C@H]1C[C@@H](C(=O)OC)[C@]2(C)CC[C@H]3C(=O)O[C@H](c4ccoc4)C[C@]3(C)[C@H]2C1=O
THIAZOYL BLUE TETRAZOLIUM BROMIDE,Cc1nc(-[n+]2nc(-c3ccccc3)nn2-c2ccc(I)cc2)sc1C.[Br-]
TETRAZOLIUM VIOLET,[Cl-].c1ccc(-c2nn(-c3ccccc3)[n+](-c3cccc4ccccc34)n2)cc1
IODONITROTETRAZOLIUM CHLORIDE,O=[N+]([O-])c1ccc(-n2nc(-c3ccccc3)n[n+]2-c2ccc(I)cc2)cc1.[Cl-]
NALFURAFINE,CN(C(=O)/C=C/c1ccoc1)[C@@H]1CC[C@@]2(O)[C@H]3Cc4ccc(O)c5c4[C@@]2(CCN3CC2CC2)[C@H]1O5
GW734508X,Cc1nnc(-c2cccc(-c3ccc(C(=O)NCC4CC4)cc3)c2)o1
TETRAZOLIUM RED,[Cl-].c1ccc(-c2nn(-c3ccccc3)[n+](-c3ccccc3)n2)cc1
PIERICIDIN A,C/C=C(\C)[C@H](O)[C@H](C)/C=C(C)/C=C/C/C(C)=C/Cc1nc(OC)c(OC)c(O)c1C
IROMYCIN SO,CCCc1c(C/C=C(\C)C/C=C/C(C)(C)C)oc(=O)c(C)c1O
IROMYCIN AO,CCCc1c(C/C=C(\C)C/C=C/C(C)C)oc(=O)c(C)c1O
IROMYCIN S,CCCc1c(C/C=C(\C)C/C=C/C(C)(C)C)[nH]c(=O)c(C)c1O
SALVINORIN B METHOXYMETHYL ETHER,COCO[C@H]1C[C@@H](C(=O)OC)[C@]2(C)CC[C@H]3C(=O)O[C@H](c4ccoc4)C[C@]3(C)[C@H]2C1=O
IROMYCIN M,CCCCC/C(C)=C/Cc1[nH]c(=O)c(C)c(O)c1CCC
IROMYCIN MO,CCCCC/C(C)=C/Cc1oc(=O)c(C)c(O)c1CCC
IROMYCIN BA,CCCc1c(C/C=C(\C)C/C=C/C(C)(C)O)[nH]c(=O)c(C)c1OC(C)=O
IROMYCIN AA,CCCc1c(C/C=C(\C)C/C=C/C(C)C)[nH]c(=O)c(C)c1OC(C)=O
GW701032X,COc1ccc(CNC(=O)c2ccc(-c3cc(-c4nnc(C)o4)ccc3C)cc2)cc1
GW708893X,Cc1nnc(-c2ccc(C)c(-c3ccc(C(=O)NCc4ccc(Cl)cc4)cc3)c2)o1
IROMYCIN AM,CCCc1c(C/C=C(\C)C/C=C/C(C)C)[nH]c(=O)c(C)c1OC
IROMYCIN BM,CCCc1c(C/C=C(\C)C/C=C/C(C)(C)O)[nH]c(=O)c(C)c1OC
ACID BLUE 25,Nc1c(S(=O)(=O)[O-])cc(Nc2ccccc2)c2c1C(=O)c1ccccc1C2=O.[Na+]
BROMAMINIC ACID,Nc1c(S(=O)(=O)[O-])cc(Br)c2c1C(=O)c1ccccc1C2=O.[Na+]
SALVINORIN B FLUOROMETHYL ETHER,COC(=O)[C@@H]1C[C@H](OCF)C(=O)[C@H]2[C@@]1(C)CC[C@H]1C(=O)O[C@H](c3ccoc3)C[C@]21C
SALVINORIN B METHYLTHIOMETHYL ETHER,COC(=O)[C@@H]1C[C@H](OCSC)C(=O)[C@H]2[C@@]1(C)CC[C@H]1C(=O)O[C@H](c3ccoc3)C[C@]21C
SALVINORIN B BENZYLOXYMETHYL ETHER,COC(=O)[C@@H]1C[C@H](OCOCc2ccccc2)C(=O)[C@H]2[C@@]1(C)CC[C@H]1C(=O)O[C@H](c3ccoc3)C[C@]21C
IROMYCIN AH,CCCc1c(CCC(C)CCCC(C)C)[nH]c(=O)c(C)c1O
IROMYCIN F,CCCC1=C(C/C=C(\C)C/C=C/C(C)C)N=C(O)C(C)(O)C1=O
IROMYCIN E,CCCC1(O)C(C/C=C(\C)C/C=C/C(C)C)=NC(=O)C(C)=C1O
IROMYCIN D,CCCc1c(C/C=C(\C)C/C=C/C(C)O)[nH]c(=O)c(C)c1O
SALVINORIN B ISOPROPOXYMETHYL ETHER,COC(=O)[C@@H]1C[C@H](OCOC(C)C)C(=O)[C@H]2[C@@]1(C)CC[C@H]1C(=O)O[C@H](c3ccoc3)C[C@]21C
NALORPHINE,C=CCN1CC[C@]23c4c5ccc(O)c4O[C@H]2[C@@H](O)C=C[C@H]3[C@H]1C5
METAZOCINE,C[C@H]1[C@@H]2Cc3ccc(O)cc3[C@]1(C)CCN2C
ZD-6126,COc1cc2c(c(OC)c1OC)-c1ccc(OP(=O)(O)O)cc1[C@@H](NC(C)=O)CC2
IROMYCIN C,CC/C=C/C/C(C)=C/Cc1[nH]c(=O)c(C)c(O)c1CCC
IROMYCIN A,CCCc1c(C/C=C(\C)C/C=C/C(C)C)[nH]c(=O)c(C)c1O
IROMYCIN B,CCCc1c(C/C=C(\C)C/C=C/C(C)(C)O)[nH]c(=O)c(C)c1O
SALVINORIN B PROPOXYMETHYL ETHER,CCCOCO[C@H]1C[C@@H](C(=O)OC)[C@]2(C)CC[C@H]3C(=O)O[C@H](c4ccoc4)C[C@]3(C)[C@H]2C1=O
SALVINORIN B BUTOXYMETHYL ETHER,CCCCOCO[C@H]1C[C@@H](C(=O)OC)[C@]2(C)CC[C@H]3C(=O)O[C@H](c4ccoc4)C[C@]3(C)[C@H]2C1=O
MAKALUVAMINE K,Cn1cc2c3c1C(=O)C(NCCc1ccc(O)cc1)=CC3=NCC2
BERGENIN,COc1c(O)cc2c(c1O)[C@@H]1O[C@H](CO)[C@@H](O)[C@H](O)[C@H]1OC2=O
NONACOSANE,CCCCCCCCCCCCCCCCCCCCCCCCCCCCC
HENTRIACONTANE,CCCCCCCCCCCCCCCCCCCCCCCCCCCCCCC
METHANE BORONIC ACID,CB(O)O
GUGGULSTERONE,C/C=C1\C(=O)C[C@H]2[C@@H]3CCC4=CC(=O)CC[C@]4(C)[C@H]3CC[C@]12C
TAIWANIAFLAVONE,O=c1cc(-c2ccc(O)c(-c3c(-c4ccc(O)cc4)oc4cc(O)cc(O)c4c3=O)c2)oc2cc(O)cc(O)c12
SUMAFLAVONE,O=c1cc(-c2ccc(O)c(-c3c(O)c(O)c(O)c4c(=O)cc(-c5ccc(O)cc5)oc34)c2)oc2cc(O)cc(O)c12
HYDROCORTISONE CYPIONATE,C[C@]12CCC(=O)C=C1CC[C@@H]1[C@@H]2[C@@H](O)C[C@@]2(C)[C@H]1CC[C@]2(O)C(=O)COC(=O)CCC1CCCC1
[11C]SA4503,COc1ccc(CCN2CCN(CCCc3ccccc3)CC2)cc1OC
PODOSCYPHIC ACID,CCCCCCCCCCCC(=O)C(=O)/C=C/C(=O)O
ETACONAZOLE,CCC1COC(Cn2cncn2)(c2ccc(Cl)cc2Cl)O1
BROMUCONAZOLE,Clc1ccc(C2(Cn3cncn3)CC(Br)CO2)c(Cl)c1
O-ACETYLURSOLIC ACID,CC(=O)O[C@H]1CC[C@]2(C)[C@H]3CC=C4[C@@H]5[C@@H](C)[C@H](C)CC[C@]5(C(=O)O)CC[C@@]4(C)[C@]3(C)CC[C@H]2C1(C)C
CIPROFLOXACIN ACRYLATE,C=CC(=O)O[C@@H]1[C@@H]2OC(C)(C)O[C@@H]2O[C@@H]1C(COC(C)=O)OC(=O)CCC(=O)N1CCN(c2cc3c(cc2F)c(=O)c(C(=O)O)cn3C2CC2)CC1
LACTAM MONOMER,C=CC(=O)O[C@@H]1[C@H]2OC(C)(C)O[C@H]2O[C@@H]1C(COC(=O)CCC(=O)O[C@H]1C(=O)N(SC(C)CC)[C@H]1c1ccccc1Cl)OC(=O)CCC(=O)O[C@H]1C(=O)N(SC(C)CC)[C@H]1c1ccccc1Cl
"114, 10,10-DIMETHYL-11-DEMETHYL-12-OXO CALANOLIDE A",CCCc1cc(=O)oc2c3c(c4c(c12)OC(C)(C)C=C4)OC(C)(C)CC3=O
GROSSHEIMIN,C=C1C(=O)O[C@H]2[C@H]1[C@@H](O)CC(=C)[C@@H]1CC(=O)[C@@H](C)[C@H]21
TELEKIN,C=C1C(=O)O[C@@H]2C[C@@]3(C)CCCC(=C)[C@]3(O)C[C@H]12
TRIS(HYDROXYMETHYL)PHOSPHINE,OCP(CO)CO
PULCHELLIN C,C=C1C(=O)O[C@@H]2C[C@@]3(C)C[C@@H](O)[C@H](O)C(=C)[C@@H]3C[C@H]12
ASPERILIN,C=C1C(=O)O[C@@H]2C[C@@]3(C)[C@H](O)CCC(=C)[C@@H]3C[C@H]12
VACHANIC ACID METHYLESTER,C=C(C(=O)OC)[C@@H]1CC[C@@]2(C)CCC[C@@](C)(O)[C@@H]2C1
"11BETA,13-DIHYDRO-PARTHENOLIDE",C/C1=C\CC[C@@]2(C)O[C@@H]2[C@H]2OC(=O)[C@@H](C)[C@@H]2CC1
GW301784X,CC(C)(CO)CNC(=O)c1ccc2c(c1)/C(=N/Nc1ccc(S(N)(=O)=O)cc1)C(=O)N2
6-O-BENZYLGUANINE,Nc1nc(OCc2ccccc2)c2nc[nH]c2n1
SANTONIN,CC1=C2[C@H]3OC(=O)[C@@H](C)[C@@H]3CC[C@@]2(C)C=CC1=O
ILICIC ACID,C=C(C(=O)O)[C@@H]1CC[C@@]2(C)CCC[C@@](C)(O)[C@@H]2C1
1BETA-HYDROXY-8BETA-EPOXYANGELOYLOXYARBUSCULIN B,C=C1C(=O)O[C@@H]2C3=C(C)CC[C@@H](O)[C@]3(C)C[C@@H](OC(=O)C3(C)OC3C)[C@@H]12
GW300657X,NS(=O)(=O)c1ccc(N/N=C2\C(=O)Nc3ccc(C(=O)NCc4ccncc4)cc32)cc1
GW290597X,NS(=O)(=O)c1ccc(N/N=C2\C(=O)Nc3ccc(C(=O)NCCCn4ccnc4)cc32)cc1
GW300660X,NS(=O)(=O)c1ccc(N/N=C2\C(=O)Nc3ccc(C(=O)NCCc4c[nH]cn4)cc32)cc1
REYNOSIN,C=C1CC[C@@H](O)[C@]2(C)CC[C@H]3C(=C)C(=O)O[C@@H]3[C@@H]12
A-76928,CC(C)[C@H](NC(=O)N(C)Cc1ccccn1)C(=O)N[C@@H](Cc1ccccc1)[C@H](O)[C@@H](O)[C@H](Cc1ccccc1)NC(=O)[C@@H](NC(=O)N(C)Cc1ccccn1)C(C)C
GW416981X,CC(C)COC(=O)c1ccc2c(c1)/C(=C/Nc1ccc(S(N)(=O)=O)cc1)C(=O)N2
TATRIDIN B,C=C1C(=O)O[C@H]2CC(=C)[C@@H](O)CC/C(C)=C/[C@@H](O)[C@H]12
GW396574X,CC(C)=Cc1cccc2c1/C(=N/Nc1ccc(S(N)(=O)=O)cc1)C(=O)N2
SCHKUHRIOLIDE,C=C1C(=O)O[C@@H]2C/C(C=O)=C/CC/C(C)=C/[C@@H](O)[C@H]12
GW416469X,CN(C)c1ccc2c(c1)/C(=C/Nc1ccc(S(N)(=O)=O)cc1)C(=O)N2
CINERENIN ACETATE,C=C1C(=O)O[C@@H]2/C=C(/COC(C)=O)CC[C@H](OCC)C3=C[C@@H](OC3=O)[C@@H]12
GW276655X,NS(=O)(=O)c1ccc(N/N=C2\C(=O)Nc3ccc(-c4cnco4)cc32)cc1
CINERENIN,C=C1C(=O)O[C@@H]2/C=C(/CO)CC[C@H](OCC)C3=C[C@@H](OC3=O)[C@@H]12
GLAUCOLIDE A,C=C(C)C(=O)O[C@@H]1C[C@@H](OC(C)=O)C(=O)CC[C@]2(C)O[C@H]2[C@@H]2OC(=O)C(COC(C)=O)=C21
GW280670X,NS(=O)(=O)c1ccc(N/N=C2\C(=O)Nc3ccc(Cl)cc32)cc1
GW335962X,C/C(Nc1ccc(S(N)(=O)=O)cc1)=C1/C(=O)Nc2ccccc21
BRIVANIB ALANINATE,Cc1cc2c(F)c(Oc3ncnn4cc(OC[C@@H](C)OC(=O)[C@H](C)N)c(C)c34)ccc2[nH]1
ALATOLIDE,C=C1C(=O)O[C@@H]2/C=C(\CO)CC/C=C(\CO)C[C@H](OC(=O)C(C)C)[C@@H]12
CONFERTIFLORIN,C=C1C(=O)O[C@@H]2[C@H]1[C@@H](OC(C)=O)C[C@H](C)[C@@H]1CCC(=O)[C@@]21C
PSILOSTACHYIN A,C=C1C(=O)O[C@@H]2[C@H]1CC[C@H](C)[C@]1(CCC(=O)O1)[C@@]2(C)O
SALONITENOLIDE,C=C1C(=O)O[C@@H]2/C=C(\CO)CC/C=C(\C)C[C@H](O)[C@@H]12
GW275944X,Cc1ccc2c(c1)/C(=N/Nc1ccc(S(N)(=O)=O)cc1)C(=O)N2
SONOLISIB,C=CCN(/C=C1/C(=O)O[C@H](COC)[C@@]2(C)C1=C(O)C(=O)C1=C2[C@H](OC(C)=O)C[C@]2(C)C(=O)CC[C@@H]12)CC=C
INUCHINENOLIDE C,C=C1C(=O)O[C@H]2C[C@H](C)[C@@H]3C(OC(C)=O)CC(OC(C)=O)[C@@]3(C)[C@@H](O)[C@H]12
GEIGERININ,C=C1C(=O)O[C@H]2C[C@@H](C)[C@@H]3C[C@@H](O)[C@H](O)[C@@]3(C)[C@H](O)[C@H]12
URSINIOLIDE B,C=C1C(=O)O[C@H]2/C=C(\C)[C@@H](OC(C)=O)C/C=C(\C)C[C@@H](OC(=O)C(C)(O)C(C)OC(C)=O)[C@@H]12
URSINIOLIDE A,C=C1C(=O)O[C@H]2/C=C(\C)[C@@H](OC(C)=O)C/C=C(\C)C[C@@H](OC(=O)C3(C)OC3C)[C@@H]12
LINIFOLIN A,C=C1C(=O)O[C@H]2C[C@@H](C)[C@@H]3C=CC(=O)[C@@]3(C)[C@H](OC(C)=O)[C@H]12
"1,10-EPOXYCOSTUNOLIDE",C=C1C(=O)O[C@@H]2/C=C(\C)CC[C@H]3O[C@]3(C)CC[C@@H]12
XERANTOLIDE,C=C1C(=O)O[C@H]2C[C@H](C)[C@@H]3CC(=O)C(C)=C3C[C@H]12
STIZOLICIN,C=C1C(=O)O[C@H]2[C@H]1[C@@H](OC(=O)/C(=C/CO)CO)C/C(C)=C/CC[C@@]1(C)O[C@H]21
ARTECANIN,C=C1C(=O)O[C@H]2[C@H]1CC[C@@](C)(O)[C@]13O[C@H]1[C@H]1O[C@@]1(C)[C@H]23
CENTAUREPENSIN,C=C1C(=O)O[C@H]2[C@H]1[C@@H](OC(=O)[C@](C)(O)CCl)CC(=C)[C@@H]1C[C@H](O)[C@](O)(CCl)[C@H]21
GW305178X,NS(=O)(=O)c1ccc(N/N=C2\C(=O)Nc3ccc4ncccc4c32)cc1
GW300653X,CC(C)c1ccc2c(c1)NC(=O)/C2=N/Nc1ccc(S(N)(=O)=O)cc1
GW297361X,NS(=O)(=O)c1ccc(N/C=C2\C(=O)Nc3ccc4ncsc4c32)cc1
KELLARIN,CC(=O)O[C@H]1CC[C@]2(C)[C@H](CC[C@@](C)(O)[C@@H]2COc2ccc3ccc(=O)oc3c2)C1(C)C
FARNESIFEROL B,C=C1CC[C@@H](O)C(C)(C)C1CC/C(C)=C/COc1ccc2ccc(=O)oc2c1
FARNESIFEROL,C/C(=C\COc1ccc2ccc(=O)oc2c1)CCC1C(C)(C)[C@H]2CC[C@]1(C)O2
MICROLOBIDENE,C[C@H]1CC=C2[C@H](CC[C@H](O)C2(C)C)[C@@]1(C)COc1ccc2ccc(=O)oc2c1
BAY-11-7085,CC(C)(C)c1ccc(S(=O)(=O)/C=C/C#N)cc1
DELANZOMIB,CC(C)C[C@H](NC(=O)[C@@H](NC(=O)c1cccc(-c2ccccc2)n1)[C@@H](C)O)B(O)O
BROMOTRIPHENYLMETHANE,BrC(c1ccccc1)(c1ccccc1)c1ccccc1
"3-DEOXY-2,3-DIDEHYDRO-EPO A",C/C(=C\c1csc(C)n1)[C@@H]1C[C@@H]2O[C@@H]2CCC[C@H](C)[C@H](O)[C@@H](C)C(=O)C(C)(C)/C=C/C(=O)O1
DEHYDRO-ALPHA-LAPACHONE,CC1(C)C=CC2=C(O1)C(=O)c1ccccc1C2=O
CHLOROTRIPHENYLMETHANE,ClC(c1ccccc1)(c1ccccc1)c1ccccc1
3-DEOXY-EPO A,C/C(=C\c1csc(C)n1)[C@@H]1C[C@@H]2O[C@@H]2CCC[C@H](C)[C@H](O)[C@@H](C)C(=O)C(C)(C)CCC(=O)O1
MERIOLIN 9,COc1ccnc2c1c(-c1ccnc(N)n1)cn2C
MERIOLIN 8,Cn1cc(-c2ccnc(N)n2)c2c(O)ccnc21
MERIOLIN 7,COCCOc1ccnc2[nH]cc(-c3ccnc(N)n3)c12
TUBULYSIN A,CC[C@@H](C)[C@H](NC(=O)[C@H]1CCCCN1C)C(=O)N(COC(=O)CC(C)C)[C@H](C[C@@H](OC(C)=O)c1nc(C(=O)N[C@@H](Cc2ccc(O)cc2)C[C@H](C)C(=O)O)cs1)C(C)C
o-tolyl(trityl)sulfane,Cc1ccccc1SC(c1ccccc1)(c1ccccc1)c1ccccc1
MERIOLIN 6,CC(C)Oc1ccnc2[nH]cc(-c3ccnc(N)n3)c12
MERIOLIN 3,COc1ccnc2[nH]cc(-c3ccnc(N)n3)c12
MERIOLIN 4,CCOc1ccnc2[nH]cc(-c3ccnc(N)n3)c12
MERIOLIN 5,CCCOc1ccnc2[nH]cc(-c3ccnc(N)n3)c12
MERIOLIN 2,Nc1nccc(-c2c[nH]c3nccc(O)c23)n1
PHYTONADIONE,CC1=C(C/C=C(\C)CCC[C@H](C)CCC[C@H](C)CCCC(C)C)C(=O)c2ccccc2C1=O
DAPAGLIFLOZIN,CCOc1ccc(Cc2cc([C@@H]3O[C@H](CO)[C@@H](O)[C@H](O)[C@H]3O)ccc2Cl)cc1
MERIOLIN 1,Nc1nccc(-c2c[nH]c3ncccc23)n1
SERGLIFLOZIN A,COc1ccc(Cc2ccccc2O[C@@H]2O[C@H](CO)[C@@H](O)[C@H](O)[C@H]2O)cc1
BENZYL(TRITYL)SULFANE,c1ccc(CSC(c2ccccc2)(c2ccccc2)c2ccccc2)cc1
ETHYL(TRITYL)SULFANE,CCSC(c1ccccc1)(c1ccccc1)c1ccccc1
TRIPHENYLMETHANETHIOL,SC(c1ccccc1)(c1ccccc1)c1ccccc1
METHOXYTRIPHENYLMETHANE,COC(c1ccccc1)(c1ccccc1)c1ccccc1
TRIPHENYLMETHANAMINE,NC(c1ccccc1)(c1ccccc1)c1ccccc1
PRASTERONE SULFURIC ACID,C[C@]12CC[C@H](OS(=O)(=O)O)CC1=CC[C@@H]1[C@@H]2CC[C@]2(C)C(=O)CC[C@@H]12
EPIANDROSTERONE,C[C@]12CC[C@H](O)C[C@@H]1CC[C@@H]1[C@@H]2CC[C@]2(C)C(=O)CC[C@@H]12
MUROCHOLIC ACID,C[C@H](CCC(=O)O)[C@H]1CC[C@H]2[C@@H]3C[C@@H](O)[C@@H]4C[C@H](O)CC[C@]4(C)[C@H]3CC[C@]12C
HYODEOXYCHOLIC_ACID,C[C@H](CCC(=O)O)[C@H]1CC[C@H]2[C@@H]3C[C@H](O)[C@@H]4C[C@H](O)CC[C@]4(C)[C@H]3CC[C@]12C
3 ALPHA-HYDROXY-7 ALPHA-FLUORO-5 BETA-CHOLAN-24-OIC A,C[C@H](CCC(=O)O)[C@H]1CC[C@H]2[C@@H]3[C@H](F)C[C@@H]4C[C@H](O)CC[C@]4(C)[C@H]3CC[C@]12C
URSODIOL,C[C@H](CCC(=O)O)[C@H]1CC[C@H]2[C@@H]3[C@@H](O)C[C@@H]4C[C@H](O)CC[C@]4(C)[C@H]3CC[C@]12C
EPIETIOCHOLANOLONE,C[C@]12CC[C@H](O)C[C@H]1CC[C@@H]1[C@@H]2CC[C@]2(C)C(=O)CC[C@@H]12
LAGODEOXYCHOLATE,C[C@H](CCC(=O)O)[C@H]1CC[C@H]2[C@@H]3CC[C@@H]4C[C@H](O)CC[C@]4(C)[C@H]3C[C@@H](O)[C@]12C
PREGNANDIOL,C[C@H](O)[C@H]1CC[C@H]2[C@@H]3CC[C@@H]4C[C@H](O)CC[C@]4(C)[C@H]3CC[C@]12C
DEOXYCHOLIC ACID,C[C@H](CCC(=O)O)[C@H]1CC[C@H]2[C@@H]3CC[C@@H]4C[C@H](O)CC[C@]4(C)[C@H]3C[C@H](O)[C@]12C
ISOLITHOCHOLIC ACID,C[C@H](CCC(=O)O)[C@H]1CC[C@H]2[C@@H]3CC[C@@H]4C[C@@H](O)CC[C@]4(C)[C@H]3CC[C@]12C
TG100-801,Cc1cc(-c2cc(OC(=O)c3ccccc3)ccc2Cl)cc2nnc(Nc3ccc(OCCN4CCCC4)cc3)nc12
SENICAPOC,NC(=O)C(c1ccccc1)(c1ccc(F)cc1)c1ccc(F)cc1
URSOCHOLANIC ACID,C[C@H](CCC(=O)O)[C@H]1CC[C@H]2[C@@H]3CC[C@@H]4CCCC[C@]4(C)[C@H]3CC[C@]12C
TRIPHENYLACETIC ACID METHYL ESTER,COC(=O)C(c1ccccc1)(c1ccccc1)c1ccccc1
ULODESINE,O=c1[nH]cnc2c(CN3C[C@H](CO)[C@@H](O)C3)c[nH]c12
GLYCOURSODEOXYCHOLIC ACID,C[C@H](CCC(=O)NCC(=O)O)[C@H]1CC[C@H]2[C@@H]3[C@@H](O)C[C@@H]4C[C@H](O)CC[C@]4(C)[C@H]3CC[C@]12C
GLYCODEOXYCHOLATE,C[C@H](CCC(=O)NCC(=O)O)[C@H]1CC[C@H]2[C@@H]3CC[C@@H]4C[C@H](O)CC[C@]4(C)[C@H]3C[C@H](O)[C@]12C
LITHOGLYCOCHOLATE,C[C@H](CCC(=O)NCC(=O)O)[C@H]1CC[C@H]2[C@@H]3CC[C@@H]4C[C@H](O)CC[C@]4(C)[C@H]3CC[C@]12C
GLYCOCHOLIC ACID,C[C@H](CCC(=O)NCC(=O)O)[C@H]1CC[C@H]2[C@@H]3[C@H](O)C[C@@H]4C[C@H](O)CC[C@]4(C)[C@H]3C[C@H](O)[C@]12C
GLYCOCHENODEOXYCHOLATE,C[C@H](CCC(=O)NCC(=O)O)[C@H]1CC[C@H]2[C@@H]3[C@H](O)C[C@@H]4C[C@H](O)CC[C@]4(C)[C@H]3CC[C@]12C
TAURURSODIOL,C[C@H](CCC(=O)NCCS(=O)(=O)O)[C@H]1CC[C@H]2[C@@H]3[C@@H](O)C[C@@H]4C[C@H](O)CC[C@]4(C)[C@H]3CC[C@]12C
XANTHINE AMINE CONGENER,CCCn1c(=O)c2[nH]c(-c3ccc(OCC(=O)NCCN)cc3)nc2n(CCC)c1=O
ETIOCHOLANDIOL,C[C@]12CC[C@@H](O)C[C@H]1CC[C@@H]1[C@@H]2CC[C@]2(C)[C@@H](O)CC[C@@H]12
TAURODEOXYCHOLIC ACID,C[C@H](CCC(=O)NCCS(=O)(=O)O)[C@H]1CC[C@H]2[C@@H]3CC[C@@H]4C[C@H](O)CC[C@]4(C)[C@H]3C[C@H](O)[C@]12C
TAUROLITHOCHOLIC ACID,C[C@H](CCC(=O)NCCS(=O)(=O)O)[C@H]1CC[C@H]2[C@@H]3CC[C@@H]4C[C@H](O)CC[C@]4(C)[C@H]3CC[C@]12C
CLAUSLACTONE H,CC1(O)CC(CC2(C)OC2COc2ccc3ccc(=O)oc3c2)OC1=O
CLAUSLACTONE I,C/C(=C\COc1ccc2ccc(=O)oc2c1)CC1CC(O)(CO)C(=O)O1
FALEOCONITINE,COC[C@]12CN(C=O)C3[C@@H]4[C@H](OC)[C@H]1[C@@]3([C@@H](OC)C[C@H]2O)[C@@H]1C[C@]2(O)[C@@H](OC)C[C@@]4(OC(C)=O)[C@H]1[C@H]2OC(=O)c1ccc(OC)c(OC)c1
PSEUDACONITINE,CCN1C[C@]2(COC)[C@H](O)C[C@H](OC)[C@]34C1[C@H]([C@H](OC)[C@H]23)[C@@]1(OC(C)=O)C[C@H](OC)[C@@]2(O)C[C@@H]4[C@@H]1[C@H]2OC(=O)c1ccc(OC)c(OC)c1
LECANORIN,Cc1cc(O)cc(OC(=O)c2c(C)cc(O)cc2O)c1
GYROPHORIC ACID,Cc1cc(OC(=O)c2c(C)cc(OC(=O)c3c(C)cc(O)cc3O)cc2O)cc(O)c1C(=O)O
METHYL HAEMATOMMATE,COC(=O)c1c(C)cc(O)c(C=O)c1O
ATRARIC ACID,COC(=O)c1c(C)cc(O)c(C)c1O
LICHEXANTHONE,COc1cc(C)c2c(=O)c3c(O)cc(OC)cc3oc2c1
SUBERGORGIC ACID,C[C@@H]1CC(=O)[C@@]23[C@@H](C)C(C(=O)O)=C[C@]2(C)CC[C@@H]13
SUBEROSENOL A,C=C1[C@@H](O)C[C@H]2[C@@H]3CC[C@H](C)[C@]12CC3(C)C
SUBEROSENOL B,C=C1[C@H](O)C[C@H]2[C@@H]3CC[C@H](C)[C@]12CC3(C)C
SUBEROSANONE,C[C@H]1CC[C@H]2[C@@H]3CC(=O)[C@H](C)[C@@]13CC2(C)C
SUBEROSENOL A ACETATE,C=C1[C@@H](OC(C)=O)C[C@H]2[C@@H]3CC[C@H](C)[C@]12CC3(C)C
SUBEROSENOL B ACETATE,C=C1[C@H](OC(C)=O)C[C@H]2[C@@H]3CC[C@H](C)[C@]12CC3(C)C
VINCLOZOLIN,C=CC1(C)OC(=O)N(c2cc(Cl)cc(Cl)c2)C1=O
ISOPIMARIC ACID,C=C[C@@]1(C)CC[C@H]2C(=CC[C@@H]3[C@]2(C)CCC[C@@]3(C)C(=O)O)C1
STOLONIC ACID B,CCCC/C=C\C=C/CCCCCCCC[C@@H]1CC[C@@H]([C@@H]2CC[C@@H](CC(=O)O)OO2)O1
METHYL ORSELLINATE,COC(=O)c1c(C)cc(O)cc1O
SINENSOL A,COc1cc(OC)c2c(c1Cc1ccc(O)cc1)CCc1cc(O)ccc1-2
SINENSOL B,COc1cc(OC)c2c(c1Cc1ccc(O)cc1)CCc1c-2ccc(O)c1CC=C(C)C
SINENSOL C,COc1cc(O)c(Cc2ccc(O)cc2)c2c1-c1ccc(O)c(CC=C(C)C)c1CC2
SINENSOL D,COc1cc(O)c2c(c1Cc1ccc(O)cc1)CCc1c-2ccc2c1C=CC(C)(C)O2
XANTHOCHYMOL,C=C(C)CC[C@H](C[C@]12C[C@H](CC=C(C)C)C(C)(C)[C@](CC=C(C)C)(C(=O)C(C(=O)c3ccc(O)c(O)c3)=C1O)C2=O)C(=C)C
OCTAHYDROXANTHOCHYMOL,CC(C)CC[C@H](C[C@]12C[C@H](CCC(C)C)C(C)(C)[C@](CCC(C)C)(C(=O)C(C(=O)c3ccc(O)c(O)c3)=C1O)C2=O)C(C)C
REMANGIFLAVANONE A,C=C(C)CC[C@H](Cc1c(O)cc(O)c2c1O[C@H](c1ccc(O)cc1)CC2=O)C(=C)C
REMANGIFLAVANONE B,C=C(C)CC[C@H](Cc1c(O)cc(O)c2c1O[C@H](c1ccc(O)cc1O)CC2=O)C(=C)C
APRAMIDE A,C#CCCCC[C@@H](C)C(=O)N(C)[C@@H](C)C(=O)N(C)[C@H](C(=O)N1CCC[C@H]1C(=O)N(C)[C@H](C(=O)N(C)[C@H](C(=O)N(C)[C@@H](Cc1ccc(OC)cc1)C(=O)N(C)Cc1nccs1)C(C)C)C(C)C)C(C)C
APRAMIDE G,C#CCCCC[C@@H](C)C(=O)N(C)[C@@H](C)C(=O)N(C)[C@H](C(=O)N(C)[C@H](C(=O)N(C)[C@H](C(=O)N(C)[C@H](C(=O)N1CCC[C@H]1c1nccs1)C(C)C)C(C)C)C(C)C)C(C)C
APRAMIDE B,C#CCCCCCC(=O)N(C)[C@@H](C)C(=O)N(C)[C@H](C(=O)N1CCC[C@H]1C(=O)N(C)[C@H](C(=O)N(C)[C@H](C(=O)N(C)[C@@H](Cc1ccc(OC)cc1)C(=O)N(C)Cc1nccs1)C(C)C)C(C)C)C(C)C
APRAMIDE C,C=CCCCC[C@@H](C)C(=O)N(C)[C@@H](C)C(=O)N(C)[C@H](C(=O)N1CCC[C@H]1C(=O)N(C)[C@H](C(=O)N(C)[C@H](C(=O)N(C)[C@@H](Cc1ccc(OC)cc1)C(=O)N(C)Cc1nccs1)C(C)C)C(C)C)C(C)C
APRAMIDE D,C#CCCCC[C@@H](C)C(=O)N(C)[C@@H](C)C(=O)N(C)[C@H](C(=O)N1CCC[C@H]1C(=O)N(C)[C@H](C(=O)N(C)[C@H](C(=O)N(C)[C@@H](Cc1ccc(OC)cc1)C(=O)N1CCC[C@H]1c1nccs1)C(C)C)C(C)C)C(C)C
APRAMIDE E,C#CCCCCCC(=O)N(C)[C@@H](C)C(=O)N(C)[C@H](C(=O)N1CCC[C@H]1C(=O)N(C)[C@H](C(=O)N(C)[C@H](C(=O)N(C)[C@@H](Cc1ccc(OC)cc1)C(=O)N1CCC[C@H]1c1nccs1)C(C)C)C(C)C)C(C)C
APRAMIDE F,C=CCCCC[C@@H](C)C(=O)N(C)[C@@H](C)C(=O)N(C)[C@H](C(=O)N1CCC[C@H]1C(=O)N(C)[C@H](C(=O)N(C)[C@H](C(=O)N(C)[C@@H](Cc1ccc(OC)cc1)C(=O)N1CCC[C@H]1c1nccs1)C(C)C)C(C)C)C(C)C
SALPICHROLIDE A,C[C@@H](c1ccc2c(c1)CC[C@H]1[C@H]2C[C@@H]2O[C@@]23CC=CC(=O)[C@]13C)[C@@H]1C[C@@H]2O[C@@H]2[C@H](O)O1
PSOROTHAMNONE B,CC1=c2oc3c(c2C(=O)C(C)(C)C1=O)Oc1ccccc1C=3
DALRUBONE,COC1=C(C)C(=O)C(C)(C)C(=O)/C1=C1\C=Cc2ccccc2O1
EMORYDONE,CC1(C)C(=O)C(=C2C=Cc3ccccc3O2)C(=O)C(C)(C)C1=O
N-AMINOHEXYL-5-CHLORO-1-NAPTHALENESULFONAMIDE HYDROCHLORIDE,Cl.NCCCCCCNS(=O)(=O)c1cccc2c(Cl)cccc12
PSOROTHAMNONE A,CC(=O)C1=c2oc3c(c2Oc2ccccc21)C(=O)C(C)(C)C(=O)C=3C
CASTANIN,COc1ccc(-c2coc3cc(O)c(OC)cc3c2=O)cc1
ODORATIN,COc1ccc(-c2coc3cc(O)c(OC)cc3c2=O)cc1O
GLYCITEIN,COc1cc2c(=O)c(-c3ccc(O)cc3)coc2cc1O
SINENSOL E,COc1cc(O)c2c(c1Cc1ccc(O)cc1)CCc1c-2ccc2c1CC(C(C)(C)O)O2
SINENSOL F,COc1cc(O)c2c(c1Cc1ccc(O)cc1)CCc1c-2cc(Cc2ccc(O)cc2)c(O)c1CC=C(C)C
OLEANONIC ACID,CC1(C)CC[C@]2(C(=O)O)CC[C@]3(C)C(=CC[C@@H]4[C@@]5(C)CCC(=O)C(C)(C)[C@@H]5CC[C@]43C)[C@@H]2C1
SALPICHROLIDE C,C[C@@H](c1ccc2c(c1)CC[C@H]1[C@H]2C[C@@H](O)[C@@]2(O)CC=CC(=O)[C@]12C)[C@@H]1C[C@@H]2O[C@@H]2[C@H](O)O1
SALPICHROLIDE G,C[C@@H](c1cc(O)c2c(c1)CC[C@H]1[C@H]2C[C@@H]2O[C@@]23CC=CC(=O)[C@]13C)[C@@H]1C[C@@H]2O[C@@H]2[C@H](O)O1
SALPICHRODIE G DIACETATE,CC(=O)Oc1cc([C@H](C)[C@@H]2C[C@@H]3O[C@@H]3[C@H](OC(C)=O)O2)cc2c1[C@@H]1C[C@@H]3O[C@@]34CC=CC(=O)[C@]4(C)[C@H]1CC2
CYPELLOCARPIN A,CC(C)(O)[C@H]1CC=C(C(=O)OC[C@H]2O[C@@H](Oc3cc(C(=O)O)cc(O)c3O)[C@H](O)[C@@H](O)[C@@H]2O)CC1
CYPELLOCARPIN B,CC1(O)CC(=O)c2c(O)cc(O[C@@H]3O[C@H](COC(=O)C4=CC[C@H](C(C)(C)O)CC4)[C@@H](O)[C@H](O)[C@H]3O)cc2O1
PSEUDOBAPTOGENIN,O=c1c(-c2ccc3c(c2)OCO3)coc2cc(O)ccc12
FUJIKINETIN,COc1cc2c(=O)c(-c3ccc4c(c3)OCO4)coc2cc1O
CUNEATIN,COc1cc2c(cc1-c1coc3cc(O)ccc3c1=O)OCO2
MALYNGAMIDE O,CCCCCCC[C@@H](C/C=C/CCC(=O)N(C)C/C(=C\Cl)C/C(=C\C(=O)OC)OC)OC
FUSAPYRONE,CCCCCCC(C)C/C(C)=C\C(/C=C(C)/C=C/C(O)C(C)(C)c1cc(O)c([C@@H]2O[C@@H](CO)C[C@@H](O)[C@@H]2O)c(=O)o1)CO
DEXOYFUSAPYRONE,CCCCCCC(C)C/C(C)=C\C(C)/C=C(C)/C=C/C(O)C(C)(C)c1cc(O)c([C@@H]2O[C@@H](CO)C[C@@H](O)[C@@H]2O)c(=O)o1
FUSAPROLIFERIN,CC(=O)OC[C@@H](C)C1=C(O)C(=O)[C@@]2(C)C/C=C(\C)CC/C=C(\C)CC[C@H](O)/C(C)=C/C[C@H]12
STREPTAZONE A,C/C=C1\C(=O)C=C2NCCC3OC213
STREPTAZONE B1,C/C=C1\C(=O)C=C2NCCC=C21
STREPTAZONE C,C/C=C1\C=CC2=C1C(=O)CCN2
STREPTAZONE D,C/C=C/C=C/C1=CC(=O)CCN1
STREPTAZOLIN,C/C=C1/C2=CCCN3C(=O)O[C@H]([C@H]1O)[C@H]23
CAMALDULIN,C[C@H]1[C@H](C)CC[C@@]23CC[C@]4(C)[C@@](C=C[C@@H]5[C@@]6(C)CC[C@H](OC=O)C(C)(C)[C@@H]6CC[C@]54C)(OC2=O)[C@H]13
MALYNGAMIDE P,CCCCCCC[C@@H](C/C=C/CCC(=O)N(C)C/C(=C\Cl)CC(=O)CC(=O)OC)OC
RIISEIN A,CC(=O)OCC(C)CCC[C@@H](C)[C@H]1CC[C@H]2[C@@H]3C[C@@H](O)[C@@]4(O)C[C@@H](O[C@@H]5OC[C@@H](O)[C@@H](OC(C)=O)[C@@H]5O)CC[C@]4(C)[C@H]3CC[C@]12C
RIISEIN B,CC(=O)OCC(C)CCC[C@@H](C)[C@H]1CC[C@H]2[C@@H]3C[C@@H](O)[C@@]4(O)C[C@@H](O[C@@H]5OC[C@@H](OC(C)=O)[C@@H](O)[C@@H]5O)CC[C@]4(C)[C@H]3CC[C@]12C
LYNGBYAPEPTIN A,CC[C@H](C)[C@@H](C(=O)N1CCC[C@H]1c1nccs1)N(C)C(=O)[C@H](CC(C)C)N(C)C(=O)[C@H](Cc1ccc(OC)cc1)N(C)C(=O)/C=C(\C)OC
LYNGBYABELLIN B,CC(C)[C@@H]1NC(=O)CNC(=O)[C@@H]2CSC(=N2)[C@H](C(C)(C)O)OC(=O)C(C)(C)[C@H](CCCC(C)(Cl)Cl)OC(=O)c2csc1n2
2-METHOXYRESORCINOL,COc1c(O)cccc1O
EPIBETULINIC ACID,C=C(C)[C@@H]1CC[C@]2(C(=O)O)CC[C@]3(C)[C@H](CC[C@@H]4[C@@]5(C)CC[C@@H](O)C(C)(C)[C@@H]5CC[C@]43C)[C@@H]12
PROTOPINE,CN1CCc2cc3c(cc2C(=O)Cc2cc4c(cc2C1)OCO4)OCO3
URSOLIC ACID LACTONE ACETATE,CC(=O)O[C@H]1CC[C@]2(C)[C@H]3CC[C@]45OC(=O)[C@@]6(CC[C@@H](C)[C@H](C)[C@H]64)CC[C@@]5(C)[C@]3(C)CC[C@H]2C1(C)C
URSOLIC ACID LACTONE,C[C@H]1[C@H](C)CC[C@@]23CC[C@]4(C)[C@@](CC[C@@H]5[C@@]6(C)CC[C@H](O)C(C)(C)[C@@H]6CC[C@]54C)(OC2=O)[C@H]13
Hederagenin-3-O-beta-D-glucopyranoside,CC1(C)CC[C@]2(C(=O)O)CC[C@]3(C)C(=CC[C@@H]4[C@@]5(C)CC[C@H](O[C@@H]6O[C@H](CO)[C@@H](O)[C@H](O)[C@H]6O)[C@@](C)(CO)[C@@H]5CC[C@]43C)[C@@H]2C1
ACUTOSIDE A,CC1(C)CC[C@]2(C(=O)O)CC[C@]3(C)C(=CC[C@@H]4[C@@]5(C)CC[C@H](O[C@@H]6O[C@H](CO)[C@@H](O)[C@H](O)[C@H]6O[C@@H]6O[C@H](CO)[C@@H](O)[C@H](O)[C@H]6O)C(C)(C)[C@@H]5CC[C@]43C)[C@@H]2C1
SWARTZIATRIOSIDE,CC1(C)CC[C@]2(C(=O)O)CC[C@]3(C)C(=CC[C@@H]4[C@@]5(C)CC[C@H](O[C@@H]6O[C@H](CO)[C@@H](O)[C@H](O[C@@H]7O[C@H](CO)[C@@H](O)[C@H](O)[C@H]7O)[C@H]6O[C@@H]6OC[C@@H](O)[C@H](O)[C@H]6O)C(C)(C)[C@@H]5CC[C@]43C)[C@@H]2C1
ANCHUSOSID 2,CC1(C)CC[C@]2(C(=O)O)CC[C@]3(C)C(=CC[C@@H]4[C@@]5(C)CC[C@H](O[C@@H]6O[C@H](CO)[C@@H](O)[C@H](O[C@@H]7O[C@H](CO)[C@@H](O)[C@H](O)[C@H]7O)[C@H]6O[C@@H]6O[C@H](CO)[C@@H](O)[C@H](O)[C@H]6O)C(C)(C)[C@@H]5CC[C@]43C)[C@@H]2C1
DENTICULATOLIDE,C=C1C(=O)O[C@H]2/C=C(\C)CC[C@H](OC(C)=O)[C@@]3(C)CC[C@H](OO3)/C(C)=C\C[C@@H]12
CATALPIFOLINE,COc1ccc2c(c1OC)-c1c(OC)c(OC)cc3c1[C@H](C2)NCC3
ALLOCRYPTOPINE,COc1ccc2c(c1OC)CN(C)CCc1cc3c(cc1C(=O)C2)OCO3
PROPOLIS-BENZOFURAN A,COc1cc([C@@H]2OC=C(c3cc4cc(O)c(C(C)=O)cc4o3)C[C@H]2COC(C)=O)ccc1O
PROPOLIS-BENZOFURAN B,COc1cc([C@@H]2c3c(oc4cc(C(C)=O)c(O)cc34)C(=O)C[C@H]2COC(C)=O)ccc1O
ANCISTROEALAINE B,COc1cc(OC)c2c(c1-c1ccc(O)c3c(OC)cc(C)cc13)C[C@H](C)N[C@H]2C
POMOLIC ACID,C[C@@H]1CC[C@]2(C(=O)O)CC[C@]3(C)C(=CC[C@@H]4[C@@]5(C)CC[C@H](O)C(C)(C)[C@@H]5CC[C@]43C)[C@@H]2[C@]1(C)O
ARGEMONINE,COc1cc2c(cc1OC)C1Cc3cc(OC)c(OC)cc3[C@H](C2)N1C
BISNORARGEMONINE,COc1cc2c(cc1O)[C@@H]1Cc3cc(O)c(OC)cc3C(C2)N1C
TETRAHYDROPALMATINE,COc1cc2c(cc1OC)[C@@H]1Cc3ccc(OC)c(OC)c3CN1CC2
PELOROL,COC(=O)c1cc(O)c(O)c2c1[C@]1(C)CC[C@H]3C(C)(C)CCC[C@]3(C)[C@H]1C2
ANABAENOPEPTIN I,CC[C@H](C)[C@H](NC(=O)N[C@@H]1CCCCNC(=O)[C@H](CC(C)C)NC(=O)[C@H](C)N(C)C(=O)[C@H](CCc2ccc(O)cc2)NC(=O)[C@H](C(C)C)NC1=O)C(=O)O
ANABAENOPEPTIN J,CC[C@H](C)[C@H](NC(=O)N[C@@H]1CCCCNC(=O)[C@H](Cc2ccccc2)NC(=O)[C@H](C)N(C)C(=O)[C@H](CCc2ccc(O)cc2)NC(=O)[C@H](C(C)C)NC1=O)C(=O)O
ANABAENOPEPTIN T,CC[C@H](C)[C@H](NC(=O)N[C@@H]1CCCCNC(=O)[C@H]([C@@H](C)CC)NC(=O)[C@H](CCc2ccc(O)cc2)N(C)C(=O)[C@H](CCc2ccc(O)cc2)NC(=O)[C@H](C(C)C)NC1=O)C(=O)O
ANABAENOPEPTIN H,CC[C@H](C)[C@@H]1NC(=O)[C@H](NC(=O)N[C@@H](CCCNC(=N)N)C(=O)O)CCCCNC(=O)[C@H]([C@@H](C)CC)NC(=O)[C@H](CCc2ccc(O)cc2)N(C)C(=O)[C@H](CCc2ccc(O)cc2)NC1=O
ANABAENOPEPTIN G,CC[C@H](C)[C@@H]1NC(=O)[C@H](NC(=O)N[C@@H](Cc2ccc(O)cc2)C(=O)O)CCCCNC(=O)[C@H]([C@@H](C)CC)NC(=O)[C@H](CCc2ccc(O)cc2)N(C)C(=O)[C@H](CCc2ccc(O)cc2)NC1=O
ANABAENOPEPTIN E,CC(C)[C@@H]1NC(=O)[C@H](NC(=O)N[C@@H](CCCNC(=N)N)C(=O)O)CCCCNC(=O)[C@H](Cc2ccccc2)NC(=O)[C@H](C)N(C)C(=O)[C@H](CCc2ccc(O)cc2)N(C)C1=O
STEPHOLIDINE,COc1cc2c(cc1O)[C@@H]1Cc3ccc(O)c(OC)c3CN1CC2
NORBOLDINE,COc1cc2c(cc1O)C[C@@H]1NCCc3cc(O)c(OC)c-2c31
CARUIFOLIN C,C=C1[C@@H](O)[C@@H]2[C@H]3[C@H](C(C)=C4[C@H]5OC(=O)[C@@H](C)[C@@H]5CC[C@](C)(O)[C@@H]43)[C@@]13[C@@H]2[C@@](C)(O)CC[C@H]1[C@H](C)C(=O)O[C@@H]13
CARUIFOLIN A,C/C1=C/[C@H]2OC(=O)[C@H](C)[C@H]2CC[C@]2(C)O[C@H]1C[C@H]2O
CARUIFOLIN B,CC1=C2[C@H]3OC(=O)[C@@H](C)[C@@H]3CC[C@](C)(O)[C@@H]2[C@H]2[C@H]3C(=O)[C@H](C)[C@]4([C@@H]3[C@@](C)(O)CC[C@H]3[C@H](C)C(=O)O[C@@H]34)[C@@H]12
CARUIFOLIN D,CC1=C2[C@H]3OC(=O)[C@H](C)[C@@H]3CC[C@@](C)(O)[C@@H]2[C@H]2[C@H]3C[C@]4(C)O[C@@]5(C)CC[C@H]6[C@H](C)C(=O)O[C@@H]6[C@@]4([C@@H]35)[C@@H]12
ANABSIN,CC1=C2[C@H]3OC(=O)[C@@H](C)[C@@H]3CC[C@](C)(O)[C@@H]2[C@H]2[C@@H]3[C@@H]4[C@]5([C@H]6OC(=O)[C@@H](C)[C@@H]6CC[C@]4(C)O[C@@]5(C)[C@H]3O)[C@@H]12
ANABSINTHIN,CC1=C2[C@H]3OC(=O)[C@@H](C)[C@@H]3CC[C@](C)(O)[C@@H]2[C@H]2[C@H]3C[C@]4(C)O[C@@]5(C)CC[C@H]6[C@H](C)C(=O)O[C@@H]6[C@@]4([C@@H]35)[C@@H]12
ABSINTHIN,CC1=C[C@H]2[C@H]3[C@H](C(C)=C4[C@H]5OC(=O)[C@@H](C)[C@@H]5CC[C@](C)(O)[C@@H]43)[C@@]13[C@@H]2[C@@](C)(O)CC[C@H]1[C@H](C)C(=O)O[C@@H]13
ABSINTHOLIDE,C[C@@H]1C(=O)O[C@@H]2C3=C([C@H]4C(=O)[C@]3(C)[C@@H]3[C@H](O)C5=C([C@H]6OC(=O)[C@@H](C)[C@@H]6CC[C@]5(C)O)[C@@]43C)[C@@](C)(O)CC[C@@H]12
SARCOCRASSOLIDE,C=C1C(=O)O[C@@H]2C/C(C)=C/CC/C(C)=C/CC[C@]3(C)O[C@H]3C[C@@H]12
MINQUARTYNOIC ACID,C[C@H](O)C#CC#CC#CC#CCCCCCCCC(=O)O
JUNCEELLOLIDE E,C=C1CC[C@H](OC(C)=O)[C@@]2(C)[C@H]1[C@@H](OC(C)=O)[C@@]1(O)[C@H](/C=C(/C)CC[C@H]2OC(=O)CC)OC(=O)[C@@H]1C
JUNCEELLOLIDE F,CC(=O)O[C@H]1CC[C@]2(CO2)[C@@H]2[C@@H](OC(C)=O)[C@@]3(O)[C@H](/C=C(/C)CC[C@@H](OC(C)=O)[C@@]12C)OC(=O)[C@@H]3C
JUNCEELLOLIDE G,CC(=O)O[C@@H]1[C@@H]2[C@@](C)([C@H](O)CC/C(C)=C\[C@@H]3OC(=O)[C@H](C)[C@]31O)[C@@H](O)CC[C@]2(C)O
SURFACTIN,CC(C)CCCCCCCCC[C@@H]1CC(=O)N[C@@H](CCC(=O)O)C(=O)N[C@@H](CC(C)C)C(=O)N[C@H](CC(C)C)C(=O)N[C@@H](C(C)C)C(=O)N[C@@H](CC(=O)O)C(=O)N[C@H](CC(C)C)C(=O)N[C@@H](CC(C)C)C(=O)O1
ASITROCIN,CCCCCCCCCCCC[C@@H](O)[C@H]1CC[C@H]([C@@H](O)CC[C@H](O)CCCCCCC[C@@H](O)CC2=C[C@H](C)OC2=O)O1
MALYNGAMIDE N,CCCCCCC[C@@H](C/C=C/CCC(=O)N(C)C/C(=C/Cl)[C@]12O[C@H]1CC=C(C)C2=O)OC
HALIGRAMIDE A,CSCC[C@@H]1NC(=O)[C@@H]2CCCN2C(=O)[C@@H]2CCCN2C(=O)[C@H](CCSC)NC(=O)c2csc(n2)[C@H](Cc2ccccc2)NC(=O)[C@@H]2CCCN2C1=O
HALIGRAMIDE B,CSCC[C@@H]1NC(=O)[C@@H]2CCCN2C(=O)[C@@H]2CCCN2C(=O)[C@H](CC[S+](C)[O-])NC(=O)c2csc(n2)[C@H](Cc2ccccc2)NC(=O)[C@@H]2CCCN2C1=O
STIGMALACTAM,COc1c(OC)c(OC)c2c3c(cc4ccc(O)cc42)NC(=O)c13
PICRACIN,CC(=O)OC(C)(C)/C=C/C(=O)[C@@](C)(O)[C@H]1[C@H](O)C[C@@]2(C)[C@@H]3CC=C4[C@@H](C[C@H](O)[C@H](O)C4(C)C)[C@]3(C)CC[C@]12C
DEACETYLPICRACIN,CC(C)(O)/C=C/C(=O)[C@@](C)(O)[C@H]1[C@H](O)C[C@@]2(C)[C@@H]3CC=C4[C@@H](C[C@H](O)[C@H](O)C4(C)C)[C@]3(C)CC[C@]12C
MONTIPORYNE A,CCCCCCCC#CC#C/C=C/C(C)=O
MONTIPORYNE B,CCCCCCCC#CC#C/C=C\C(C)=O
MONTIPORYNE C,C=CCCCCCCCC#CC#C/C=C/C(C)=O
MONTIPORYINE D,C=CCCCCCCCC#CC#C/C=C\C(C)=O
MONTIPORYINE E,CCCCCCCC#CC#CC1=CC(=O)NCCC1
MONTIPORYINE F,CCCCCCCC#CC#CC1CC(=O)C=C(C)C1
ENTEROCARPAM I,COc1cccc2c1c(OC)c1c3c(cc(O)c(OC)c32)C(=O)N1
VELUTINAM,COc1cc2c3c(cc4c(O)cccc4c3c1OC)NC2=O
APHELASTEROSIDE C,CC(C)[C@H](O)C(=O)C[C@@H](C)[C@H]1CC[C@H]2[C@@H]3C[C@H](O[C@H]4O[C@@H](C)[C@H](OS(=O)(=O)[O-])[C@@H](O)[C@@H]4O)[C@H]4C[C@@H](OS(=O)(=O)[O-])CC[C@]4(C)C3=CC[C@]12C.[Na+].[Na+]
ISOPINNATAL,C[C@]12CC[C@@H]3[C@H]1C=C1C(=O)c4cc(O)ccc4C(=O)[C@@]1(O2)[C@]3(C)C=O
KIGELINOL,CC1=C2C=C3C(=O)c4ccc(O)cc4C(=O)C3(O)C(C)=C2CC1
ISOKIGELINOL,CC1=C2C=C3C(=O)c4cc(O)ccc4C(=O)C3(O)C(C)=C2CC1
MICROCYCLAMIDE,CC[C@H](C)[C@@H]1NC(=O)c2nc(oc2C)[C@H](C)NC(=O)c2csc(n2)[C@H](Cc2cncn2C)NC(=O)c2csc1n2
ANCISTROLIKOKINE A,COc1cc(O)c2c(c1-c1ccc(O)c3c(OC)cc(C)cc13)C[C@@H](C)N(C)[C@@H]2C
CAPRARIOLIDE A,C[C@@H]1CC(c2ccoc2)=C[C@]2(C1)C[C@H](C)C(=O)O2
CAPRARIOLIDE B,C[C@@H]1CC(c2ccoc2)=C[C@]2(C1)C[C@@H](C)C(=O)O2
NOSTOCYCLYNE A,CCCC1CCCCCCCCCCCC#Cc2cc(O)c1c(O)c2
COLLETOTRIC ACID,COc1c(C)c(OC(=O)c2c(C)cc(O)cc2O)c(C)c(C(=O)Oc2cc(O)c(C(=O)O)c(C)c2C)c1C
PECILOCIN,CCCC[C@@H](O)/C=C(C)/C=C/C=C/C(=O)N1CCCC1=O
VIRIDITIN,CCCCC(O)/C=C(C)/C=C/C=C/C(=O)N1CCCC1CO
APHELAKETOTRIOL,CC(C)[C@H](O)C(=O)C[C@@H](C)[C@H]1CC[C@H]2[C@@H]3C[C@H](O)[C@H]4C[C@@H](OS(=O)(=O)[O-])CC[C@]4(C)C3=CC[C@]12C.[Na+]
CHELIFEROSIDE L1,CC(=O)[C@H]1CC[C@H]2[C@@H]3C[C@H](O[C@H]4O[C@@H](C)[C@H](OS(=O)(=O)[O-])[C@@H](O)[C@@H]4O)[C@H]4C[C@@H](OS(=O)(=O)[O-])CC[C@]4(C)C3=CC[C@]12C.[Na+].[Na+]
FORBESIDE E3,CC(=O)[C@H]1CC[C@H]2[C@@H]3C[C@H](O[C@H]4O[C@@H](C)[C@H](O)[C@@H](O)[C@@H]4O)[C@H]4C[C@@H](OS(=O)(=O)[O-])CC[C@]4(C)C3=CC[C@]12C.[Na+]
3-O-SULFOTHORNASTEROL A,CC(C)CC(=O)C[C@](C)(O)[C@H]1CC[C@H]2[C@@H]3C[C@H](O)[C@H]4C[C@@H](OS(=O)(=O)[O-])CC[C@]4(C)C3=CC[C@@]21C.[Na+]
KIRKININE,C=C(C)[C@@]12O[C@@]3(/C=C/CCCCCCCCCCCCC)O[C@@H]1[C@@H]1[C@@H]4O[C@]4(CO)[C@@H](O)[C@]4(O)C(=O)C(C)=C[C@H]4[C@@]1(O3)[C@H](C)[C@H]2OC(C)=O
TRICHOCARANE A,CC(C)[C@@]1(O)[C@@H]2CC[C@@]3(C)O[C@H]3C[C@@]2(C)C[C@@H]1O
ANCISTROLIKOKINE B,COc1cc(O)c(-c2ccc(OC)c3c(O)cc(C)cc23)c2c1[C@H](C)N[C@H](C)C2
ANCISTROLIKOKINE C,COc1cc(O)c(-c2ccc(OC)c3c(O)cc(C)cc23)c2c1[C@@H](C)N(C)[C@H](C)C2
KORUPENSAMINE A,COc1cc(C)cc2c(-c3c(O)cc(O)c4c3C[C@@H](C)N[C@@H]4C)ccc(O)c12
PRESKIMMIANINE,COc1ccc2c(OC)c(CC=C(C)C)c(=O)[nH]c2c1OC
TRIADIMEFON,CC(C)(C)C(=O)C(Oc1ccc(Cl)cc1)n1cncn1
MACLURAXANTHONE C,C=CC(C)(C)c1c(O)c(CC=C(C)C)c2oc3c(O)c(O)ccc3c(=O)c2c1O
GARTANIN,CC(C)=CCc1c(O)c(CC=C(C)C)c2oc3c(O)ccc(O)c3c(=O)c2c1O
8-DEOXYGARTANIN,CC(C)=CCc1c(O)c(CC=C(C)C)c2oc3c(O)cccc3c(=O)c2c1O
MATEMONE,COC1(CO)Nc2cc(Br)ccc2C1=O
MACROLACTIN F,C[C@@H]1CCC/C=C/CCC(=O)C[C@@H](O)C/C=C\C=C\[C@@H](O)C/C=C/C=C\C(=O)O1
7-O-SUCCINYL MACROLACTIN A,C[C@@H]1CCC/C=C/C=C/[C@H](O)C[C@@H](O)C/C=C\C=C\[C@@H](OC(=O)CCC(=O)O)C/C=C/C=C\C(=O)O1
TRICHOCARANE B,CC(C)[C@@]1(O)[C@@H]2CCC(CO)=CC[C@@]2(C)C[C@@H]1O
TRICHOCARANE C,CC(C)[C@@]1(O)[C@@H]2CCC(CO)CC[C@@]2(C)C[C@@H]1O
TRICHOCARANE D,CC(C)(O)[C@@]1(O)[C@@H]2CCC(CO)=CC[C@@]2(C)C[C@@H]1O
CALAMISTRIN C,CCCCCCCCCC[C@@H](O)[C@H]1CC[C@H]([C@H](O)CCCCCC(O)CCCCCCCCCCC2=C[C@H](C)OC2=O)O1
CALAMISTRIN D,CCCCCCCCCC[C@H](O)[C@H]1CC[C@H]([C@H](O)CCCCCC(O)CCCCCCCCCCC2=C[C@H](C)OC2=O)O1
CALAMISTRIN E,CCCCCCCCC/C=C\CC[C@@H](O)[C@H]1CC[C@H]([C@H](O)CCCCCCCCC[C@@H](O)CCC2=C[C@H](C)OC2=O)O1
CALAMISTRIN F,CCCCCCCC[C@H](O)[C@H]1CC[C@H]([C@H]2CC[C@H]([C@H](O)CCCCCCCCCCCC(O)CCC3=C[C@H](C)OC3=O)O2)O1
CALAMISTRIN G,CCCCCCCC[C@@H](O)[C@H]1CC[C@H]([C@H]2CC[C@H]([C@H](O)CCCCCCCCCCC[C@@H](O)CCC3=C[C@H](C)OC3=O)O2)O1
BUCLADESINE,CCCC(=O)Nc1ncnc2c1ncn2[C@@H]1O[C@@H]2COP(=O)(O)O[C@H]2[C@H]1OC(=O)CCC
CUDRAFLAVONE C,CC(C)=CCc1c(O)cc2oc(-c3ccc(O)cc3O)c(CC=C(C)C)c(=O)c2c1O
ISOCYCLOMULBERRIN,CC(C)=CCc1c(O)cc2oc3c(c(=O)c2c1O)C(C=C(C)C)Oc1cc(O)ccc1-3
DIHYDROCUDRAFLAVONE B,CC(C)=CCc1c(-c2ccc(O)cc2O)oc2cc3c(c(O)c2c1=O)CCC(C)(C)O3
CAPILLOLIDE,C=C1C(=O)O[C@]2(C)CC[C@@H]1C[C@@H](O)[C@@](C)(O)CC/C=C(\C)CC[C@@H]2O
SINULARIOLIDE,C=C1C(=O)O[C@]2(C)CC[C@@H]1C[C@@H]1O[C@@]1(C)CC/C=C(\C)CC[C@@H]2O
PTELEINE,COc1ccc2nc3occc3c(OC)c2c1
ISOGRAVACRIDONECHLORINE,Cn1c2ccccc2c(=O)c2c(O)cc3c(c21)CC(C(C)(O)CCl)O3
MOSKACHAN C,CC(O)CCCCc1ccc2c(c1)OCO2
SCLERAMIDE,CN1C(=O)[C@H](CCC(N)=O)NC(=O)CNC(=O)[C@H](Cc2ccccc2)N(C)C(=O)[C@H](Cc2ccccc2)NC(=O)CNC(=O)[C@@H]1Cc1ccccc1
SAUCHINONE,C[C@@H]1[C@H]2c3cc4c(cc3O[C@@]35OCOC3=CC(=O)[C@H](C[C@H]1C)[C@@H]25)OCO4
LEVCYCLOSERINE,N[C@H]1CONC1=O
WOORENOSIDE I,COc1cc([C@@H]2Oc3c(OC)cc(/C=C/CO[C@@H]4O[C@H](CO)[C@@H](O)[C@H](O)[C@H]4O)cc3[C@H]2CO)cc(OC)c1OC
WOORENOSIDE II,COc1cc([C@@H]2Oc3c(OC)cc(/C=C/CO[C@@H]4O[C@H](CO)[C@@H](O)[C@H](O)[C@H]4O)cc3[C@H]2COC(C)=O)cc(OC)c1OC
WOORENOSIDE III,C=C(CCO)C(=O)OC[C@H]1O[C@@H](OC/C=C/c2cc(OC)c3c(c2)[C@@H](CO)[C@H](c2cc(OC)c(OC)c(OC)c2)O3)[C@H](O)[C@@H](O)[C@@H]1O
WOORENOSIDE IV,C=C(CCO)C(=O)OC[C@H]1O[C@@H](OC/C=C/c2cc(OC)c3c(c2)[C@@H](COC(C)=O)[C@H](c2cc(OC)c(OC)c(OC)c2)O3)[C@H](O)[C@@H](O)[C@@H]1O
WOORENOSIDE V,C=C(CCO)C(=O)OC[C@H]1O[C@@H](OC/C=C/c2cc(OC)c3c(c2)[C@@H](CO)[C@H](c2ccc(O)c(OC)c2)O3)[C@H](O)[C@@H](O)[C@@H]1O
BUDDLEJONE,CC(C)C1=CC=C2C(=C(O)C[C@H]3C(C)(C)CCC[C@]23C)C1=O
DEOXYBUDDLEJONE,CC(C)C1=CC=C2C(=CC[C@H]3C(C)(C)CCC[C@]23C)C1=O
FLEXIBILIDE,C=C1C(=O)O[C@@H]2C[C@H]1CC[C@]1(C)O[C@H]1CC/C(C)=C/CC[C@@]2(C)O
DYSOKUSONE D,CC(C)=CC(=O)/C=C(\C)C1CC[C@@]2(C)CC(=O)C=C(C)[C@@H]2C1
DYSOKUSONE E,CC1=CC(=O)C[C@]2(C)CCC(/C(C)=C/C=C/C(C)(C)O)C[C@@H]12
SAUCHINONE A,C[C@@H]1[C@H]2c3cc4c(cc3O[C@@]35OCOC3=CC(=O)[C@H](C[C@H]1C)[C@H]25)OCO4
BUDDLEDIN A,C=C1CC/C=C(\C)C(=O)[C@H](OC(C)=O)[C@@H]2[C@@H]1CC2(C)C
BUDDLEDIN B,C=C1CC/C=C(\C)C(=O)[C@H](O)[C@@H]2[C@@H]1CC2(C)C
MAYTENONE,CC(C)[C@]1(O)C(=O)C=C2[C@@]3(CC[C@H]4C(C)(C)CCC[C@]24C)[C@@H]2C(=O)[C@@](O)(C(C)C)[C@@H](C4=C2[C@@]2(C)CCCC(C)(C)[C@@H]2CC4)[C@H]31
CLAUSLACTONE J,CC1(CC2C=C(CO)C(=O)O2)OC1COc1ccc2ccc(=O)oc2c1
CLAUSLACTONE A,C=C1CC(CC(C)(O)C2COc3ccc4ccc(=O)oc4c3O2)OC1=O
BIPINNATOLIDE,C=C1CC(=O)/C=C(/C)C[C@@H]2OC(=O)[C@]3(O[C@@H]23)[C@H]2C[C@@H]([C@@]3(C)CO3)[C@H](O)[C@]1(O)O2
FLACCIDOXIDE,CC(=O)O[C@@H]1/C(C(C)C)=C\C=C(/C)CC/C=C(\C)CC[C@@H]2O[C@]2(C)[C@H]1O
ILLUDOSIN,C/C(C=O)=C1\[C@@H](O)C[C@]1(C)[C@H]1CC(C)(C)C[C@@H]1O
LYNGBYATOXIN A ACETATE,C=C[C@](C)(CCC=C(C)C)c1ccc2c3c(c[nH]c13)C[C@@H](COC(C)=O)NC(=O)[C@H](C(C)C)N2C
ALLISAN,Nc1c(Cl)cc([N+](=O)[O-])cc1Cl
DODINE,CC(=O)O.CCCCCCCCCCCCNC(=N)N
CLAUSLACTONE B,CC1(O)CC(CC(C)(O)C2COc3ccc4ccc(=O)oc4c3O2)OC1=O
CLAUSLACTONE C,CC(O)(CC1CC(O)(CO)C(=O)O1)C1COc2ccc3ccc(=O)oc3c2O1
CLAUSLACTONE D,CC(O)(CC1C=C(CO)C(=O)O1)C1COc2ccc3ccc(=O)oc3c2O1
CLAUSLACTONE E,C=C1CC(C/C(C)=C/COc2ccc3ccc(=O)oc3c2O)OC1=O
CLAUSLACTONE F,C=C1CC(CC2(C)OC2COc2ccc3ccc(=O)oc3c2)OC1=O
CILIATOSIDE A,COc1cc2c(O[C@@H]3OC[C@](O)(CO[C@@H]4OC[C@@H](O)[C@H](O)[C@H]4O)[C@H]3O[C@@H]3OC[C@H](O)[C@H](O)[C@H]3O)c3c(c(-c4ccc5c(c4)OCO5)c2cc1OC)C(=O)OC3
CILIATOSIDE B,COc1cc2c(O[C@@H]3OC[C@](O)(CO[C@@H]4OC[C@@H](O)[C@H](O)[C@H]4O)[C@H]3O[C@@H]3OC[C@H](O)[C@H](O[C@@H]4OC[C@](O)(CO)[C@H]4O)[C@H]3O)c3c(c(-c4ccc5c(c4)OCO5)c2cc1OC)C(=O)OC3
FLUTOLANIL,CC(C)Oc1cccc(NC(=O)c2ccccc2C(F)(F)F)c1
TEBUCONAZOLE,CC(C)(C)C(O)(CCc1ccc(Cl)cc1)Cn1cncn1
PENTACHLORONITROBENZENE,O=[N+]([O-])c1c(Cl)c(Cl)c(Cl)c(Cl)c1Cl
THIOPHANATE METHYL,COC(=O)NC(=S)Nc1ccccc1NC(=S)NC(=O)OC
TRIFORINE,O=CNC(N1CCN(C(NC=O)C(Cl)(Cl)Cl)CC1)C(Cl)(Cl)Cl
DIDEOXYPETROSYNOL E,C#C/C=C/[C@@H](O)CCCCCCCCC/C=C/CC#CCCCCCC/C=C/[C@H](O)C#C
DIDEOXYPETROSYNOL F,C#C[C@@H](O)/C=C/CCCCCCC#CC/C=C/C/C=C/CCCCCCCC[C@H](O)C#C
EPIANHYDROBELACHINAL,CC(C)=CCC/C(C)=C/C=C/C(C)=C/[C@H]1C[C@@]23[C@H](OCCC[C@@H]2/C(=C(/C)C=O)CC[C@]3(C)O)O1
LANCILACTONE A,CC1=CC[C@@H]([C@@H](C)[C@H]2CC[C@@]3(C)C4=C(C=C5C=CC(=O)OC(C)(C)[C@@H]5[C@H](O)C4)CC[C@]23C)OC1=O
LETHEDOSIDE A,COc1cc(O[C@@H]2O[C@H](CO)[C@@H](O)[C@H](O)[C@H]2O)c2c(=O)cc(-c3ccc(OC)c(OC)c3)oc2c1
LETHEDOSIDE B,COc1cc(O[C@@H]2O[C@H](CO)[C@@H](O)[C@H](O)[C@H]2O)c2c(=O)cc(-c3cc(OC)c(OC)c(OC)c3)oc2c1
LETHEDOSIDE C,COc1cc(O[C@@H]2O[C@H](CO)[C@@H](O)[C@H](O)[C@H]2O)c2c(=O)cc(-c3cc(O)c(OC)c(OC)c3)oc2c1
LETHEDIOSIDE A,COc1cc(O[C@@H]2O[C@H](CO[C@@H]3OC[C@@H](O)[C@H](O)[C@H]3O)[C@@H](O)[C@H](O)[C@H]2O)c2c(=O)cc(-c3ccc(OC)c(OC)c3)oc2c1
LETHEDIOSIDE B,COc1cc(O[C@@H]2O[C@H](CO[C@@H]3OC[C@@H](O)[C@H](O)[C@H]3O)[C@@H](O)[C@H](O)[C@H]2O)c2c(=O)cc(-c3cc(OC)c(OC)c(OC)c3)oc2c1
VELUTIN,COc1cc(O)c2c(=O)cc(-c3ccc(O)c(OC)c3)oc2c1
SAPINOFURANONE A,C/C=C/C=C\[C@H](O)[C@H]1CCC(=O)O1
PARAHIGGINOL A,Cc1ccc(C(C)CC(O)CC(C)C)c(O)c1
PARAHIGGINOL B,CC(=O)OC(CC(C)C)CC(C)c1ccc(C=O)cc1O
PARAHIGGINOL C,CC(=O)OC(CC(C)C)CC(C)c1ccc(C)cc1O
PARAHIGGINOL D,CC(C)=C/C=C/C(C)c1ccc(C=O)c(O)c1O
PARAHIGGINIC ACID,COc1cc(C(=O)O)ccc1C(C)/C=C/C=C(C)C
TENELLIC ACID A,COc1c(C(CC(C)C)OC)ccc(Oc2c(O)cc(C)cc2C=O)c1C(=O)O
LANCILACTONE B,CC1=CC[C@@H]([C@@H](C)[C@H]2CC[C@@]3(C)C4=C(C=C5C=CC(=O)OC(C)(C)[C@@H]5C=C4)CC[C@]23C)OC1=O
LANCILACTONE C,CC1=CC[C@@H]([C@@H](C)[C@H]2CC[C@@]3(C)C4=C(C=C(CCC(=O)O)C(=C(C)C)C=C4)CC[C@]23C)OC1=O
KADSULACTONE A,CC1=CC[C@@H]([C@@H](C)[C@H]2CC[C@@]3(C)[C@@H]4C[C@@H](O)[C@H]5C(C)(C)OC(=O)C=C[C@@]56C[C@@]46CC[C@]23C)OC1=O
SAPINOFURANONE B,C/C=C/C=C\[C@@H](O)[C@H]1CCC(=O)O1
JUNCEELLOLIDE D,C=C1CC[C@H](OC(C)=O)[C@]2(C)[C@@H](OC(C)=O)C[C@@H](OC(C)=O)/C(C)=C\[C@@H]3OC(=O)[C@H](C)[C@]3(O)[C@@H](OC(C)=O)[C@@H]12
4-DEACETYLJUNCEELLOLIDE D,C=C1CC[C@H](OC(C)=O)[C@]2(C)[C@@H](OC(C)=O)C[C@@H](O)/C(C)=C\[C@@H]3OC(=O)[C@H](C)[C@]3(O)[C@@H](OC(C)=O)[C@@H]12
"11ALPHA,20ALPHA-EPOXYJUNCEELLOLIDE",CC(=O)O[C@H]1CC[C@]2(CO2)[C@@H]2[C@H](OC(C)=O)[C@@]3(O)[C@H](/C=C(/C)[C@H](OC(C)=O)C[C@H](OC(C)=O)[C@@]12C)OC(=O)[C@@H]3C
"11ALPHA,20ALPHA-EPOXY-4-DEACETYLJUNCEELLOLIDE D",CC(=O)O[C@H]1CC[C@]2(CO2)[C@@H]2[C@H](OC(C)=O)[C@@]3(O)[C@H](/C=C(/C)[C@H](O)C[C@H](OC(C)=O)[C@@]12C)OC(=O)[C@@H]3C
TENELLIC ACID B,COc1c(C(O)CC(C)C)ccc(Oc2c(O)cc(C)cc2C=O)c1C(=O)O
TENELLIC ACID C,COc1c(C(CC(C)C)OC(C)=O)ccc(Oc2c(O)cc(C)cc2C=O)c1C(=O)O
TENELLIC ACID D,COc1c(C(CC(C)C)OCC(C)C)ccc(Oc2c(O)cc(C)cc2C=O)c1C(=O)O
MALAYENOLIDE A,CC(=O)O[C@H]1CC=C(C)[C@@H]2CC3=C(C)C(=O)O[C@H]3/C=C(/C)CC[C@H](OC(=O)c3ccccc3)[C@@]12C
ALVARADOIN A,COc1cc(O)c2c(c1)[C@@H]([C@H]1OC[C@H](OC(C)=O)[C@H](OC(=O)C=C(C)C)[C@H]1O)c1cc(C)cc(O)c1C2=O
ALVARADOIN B,COc1cc(O)c2c(c1)[C@H]([C@H]1OC[C@H](OC(C)=O)[C@H](OC(=O)C=C(C)C)[C@H]1O)c1cc(C)cc(O)c1C2=O
JUNCEELLOLIDE K,CC(=O)O[C@H]1CC/C(C)=C\[C@@H]2OC(=O)[C@H](C)[C@@]2(O)[C@@H](OC(C)=O)[C@H]2[C@]3(CC[C@H](OC(C)=O)[C@]12C)CO3
PRAELOLIDE,C=C1[C@H](Cl)[C@@H]2OC(=O)[C@H](C)[C@]23O[C@@H]1[C@H](OC(C)=O)[C@H](OC(C)=O)[C@@]1(C)[C@@H](OC(C)=O)CC[C@]2(CO2)[C@@H]1[C@@H]3OC(C)=O
CALAMISTRIN A,CCCCCCCCCCCC[C@H](O)[C@H]1CC[C@H]([C@H](O)C[C@@H](O)CCCCCCCCCCCCC2=C[C@H](C)OC2=O)O1
CALAMISTRIN B,CCCCCCCCCCCC[C@H](O)[C@H]1CC[C@H]([C@@H](C[C@H](O)CCCCCCCCCCCCC2=C[C@H](C)OC2=O)OC(C)=O)O1
MEDIASTEROSIDE M1,CO[C@H]1[C@H](OC[C@@H]2O[C@@H](O[C@@H](CC[C@@H](C)[C@H]3C[C@@H](O)[C@@H]4[C@]3(C)CC[C@H]3[C@@]4(O)C[C@H](O)C4C[C@@H](O)CC[C@@]43C)C(C)C)[C@H](O)[C@H]2O)OC[C@@H](O)[C@@H]1O
MEDIASTEROSIDE M2,CC(C)[C@H](CC[C@@H](C)[C@H]1C[C@@H](O)[C@@H]2[C@]1(C)CC[C@H]1[C@@]2(O)C[C@H](O)C2C[C@@H](O)CC[C@@]21C)O[C@@H]1O[C@@H](CO[C@@H]2OC[C@@H](O)[C@H](O)[C@H]2O)[C@H](O)[C@H]1O
TAMARAXETIN,COc1ccc(C2Oc3cc(O)cc(O)c3C(=O)C2O)cc1O
LIMOCITRIN,COc1cc(-c2oc3c(OC)c(O)cc(O)c3c(=O)c2O)ccc1O
MALAYENOLIDE B,CC(=O)O[C@H]1C[C@@H]2O[C@]2(C)[C@@H]2CC3=C(C)C(=O)O[C@H]3/C=C(/C)CC[C@H](OC(=O)c3ccccc3)[C@@]12C
MALAYENOLIDE C,CC(=O)O[C@H]1CC=C(C)[C@@H]2CC3=C(C)C(=O)O[C@H]3/C=C(/C)CC[C@H](OC(=O)C=C(C)C)[C@@]12C
MALAYENOLIDE D,CC(=O)O[C@H]1C[C@@H]2O[C@]2(C)[C@@H]2CC3=C(C)C(=O)O[C@H]3/C=C(/C)CC[C@H](OC(=O)C=C(C)C)[C@@]12C
CITPRESSINE II,COc1cc(O)c2c(=O)c3ccc(O)c(OC)c3n(C)c2c1
ALVARADOIN C,COc1cc(O)c2c(c1)[C@@](O)([C@H]1OC[C@H](OC(C)=O)[C@H](OC(=O)C=C(C)C)[C@H]1O)c1cc(C)cc(O)c1C2=O
ALVARADOIN D,COc1cc(O)c2c(c1)[C@](O)([C@H]1OC[C@H](OC(C)=O)[C@H](OC(=O)C=C(C)C)[C@H]1O)c1cc(C)cc(O)c1C2=O
PLICATIN B,COC(=O)/C=C/c1ccc(O)c(CC=C(C)C)c1
HESPERIDIN,COc1ccc([C@@H]2CC(=O)c3c(O)cc(O[C@@H]4O[C@H](CO[C@@H]5O[C@@H](C)[C@H](O)[C@@H](O)[C@H]5O)[C@@H](O)[C@H](O)[C@H]4O)cc3O2)cc1O
NARIRUTIN,C[C@@H]1O[C@@H](OC[C@H]2O[C@@H](Oc3cc(O)c4c(c3)O[C@H](c3ccc(O)cc3)CC4=O)[C@H](O)[C@@H](O)[C@@H]2O)[C@H](O)[C@H](O)[C@H]1O
GLYCOCITRINE I,COc1cc(O)c2c(=O)c3cccc(O)c3n(C)c2c1CC=C(C)C
ATOLAPHYLLIDINE,CC1(C)C=Cc2c(cc(O)c3c(=O)c4cccc(O)c4[nH]c23)O1
ATALAPHYLLININE,CC(C)=CCc1c2c(c3[nH]c4c(O)cccc4c(=O)c3c1O)C=CC(C)(C)O2
PALICATIN B METHYL ETHER,COC(=O)/C=C/c1ccc(OC)c(CC=C(C)C)c1
4-HYDROXYHYDROCINNAMIC ACID METHYL ESTER,COC(=O)CCc1ccc(O)cc1
MICROSPHAEROPSISIN,CO[C@]12C=C3C=CC(=O)[C@@H](C)[C@@]3(C)C[C@@]1(O)[C@H](C)CO2
(-)-(R)-MELLEIN,C[C@@H]1Cc2cccc(O)c2C(=O)O1
E163,Oc1cc(O)c2cc(O[C@@H]3O[C@H](O)[C@@H](O)[C@H](O)[C@H]3O)c(-c3ccc(O)c(O)c3)[o+]c2c1
E163,C[C@H]1O[C@@H](O[C@H]2O[C@@H](Oc3cc4c(O)cc(O)cc4[o+]c3-c3ccc(O)c(O)c3)[C@H](O[C@@H]3O[C@H](CO)[C@@H](O)[C@H](O)[C@H]3O)[C@@H](O)[C@@H]2O)[C@@H](O)[C@@H](O)[C@@H]1O
E163,C[C@@H]1O[C@@H](O[C@@H]2O[C@H](Oc3cc4c(O)cc(O)cc4[o+]c3-c3ccc(O)c(O)c3)[C@@H](O)[C@H](O)[C@H]2O)[C@H](O)[C@H](O)[C@H]1O
HYPOGLAUCIN G,CC(=O)[C@H]1[C@@H](OC(=O)CCC(C)CO[C@@H]2O[C@H](CO)[C@@H](O)[C@H](O)[C@H]2O)C[C@H]2[C@@H]3CC=C4C[C@@H](O[C@@H]5O[C@H](CO)[C@@H](O[C@@H]6O[C@@H](C)[C@H](O)[C@@H](O)[C@H]6O)[C@H](O)[C@H]5O[C@@H]5O[C@@H](C)[C@H](O)[C@@H](O)[C@H]5O)CC[C@]4(C)[C@H]3CC[C@@]21C
JODRELLIN B,CC(=O)O[C@H]1C[C@@H](C)[C@](C)([C@@H]2C[C@H]3C=CO[C@H]3O2)[C@H]2C[C@@H]3C[C@]4(CO4)[C@]12C(OC(=O)C(C)C)O3
SCUTALPIN C,C/C=C(\C)C(=O)O[C@H]1C[C@H](C)[C@](C)([C@@H](O)CC2=CC(=O)OC2)[C@H]2CCC[C@]3(CO3)[C@]12COC(C)=O
SCUTEGALIN B,C/C=C(\C)C(=O)O[C@H]1O[C@@H]2C[C@@H]3[C@@](C)(CC[C@H]4CCO[C@H]4O)[C@H](C)[C@@H](O)[C@H](OC(C)=O)[C@]13[C@@]1(CO1)C2
"4,8-DIHYDROXY-1-TETRALONE",O=C1CCC(O)c2cccc(O)c21
PHENYL ETHANOL,CC(O)c1ccccc1
PETRORASPAILYNE A1,CCCCCC/C=C\C#C/C=C\OC[C@@H](O)CO
PETRORASPAILYNE A2,CC(C)CCCC/C=C\C#C/C=C\OC[C@@H](O)CO
PETRORASPAILYNE A3,CCC(C)CCCCC/C=C\C#C/C=C\OC[C@@H](O)CO
TOMENPHANTIN A,C=C(C)C(=O)O[C@H]1C/C(CO)=C/CC[C@@]2(C)O[C@H]2[C@H]2OC(=O)C(=C)[C@@H]21
TOMENPHANTIN B,C=C(C)C(=O)O[C@H]1C/C(C=O)=C/CC[C@@]2(C)O[C@H]2[C@H]2OC(=O)C(=C)[C@@H]21
OKARAMINE A,C=CC(C)(C)N1c2ccccc2[C@]2(O)C[C@@H]3C(=O)N4/C=C\C(C)(C)c5[nH]c6ccccc6c5/C=C\4C(=O)N3[C@H]12
OKARAMINE H,CC(C)=CCN1c2ccccc2[C@]2(O)C[C@@H]3C(=O)N4/C=C\C(C)(C)c5[nH]c6ccccc6c5/C=C\4C(=O)N3[C@H]12
OKARAMINE B,CO[C@@H]1[C@]2(O)C(=O)N3/C=C\C(C)(C)c4[nH]c5ccccc5c4/C=C\3C(=O)N2[C@]23[C@H](C)C(C)(C)N2c2ccccc2[C@]13O
OKARAMINE I,CC1(C)/C=C\N2C(=O)[C@H]3C[C@@]4(O)c5ccccc5N[C@H]4N3C(=O)/C2=C/c2c1[nH]c1ccccc21
GRANDISINE I,COc1cc(O)c2c(=O)c3ccc(OC)c(O)c3n(C)c2c1
GLYCOCITRINE II,CC(C)=CCc1c(O)cc(O)c2c(=O)c3ccccc3n(C)c12
CITRUSININE-I,COc1cc(O)c2c(=O)c3cccc(O)c3n(C)c2c1OC
CITRACRIDONE I,COc1c(O)ccc2c(=O)c3c(O)cc4c(c3n(C)c12)C=CC(C)(C)O4
CITRACRIDONE II,COc1ccc2c(=O)c3c(O)cc4c(c3n(C)c2c1OC)C=CC(C)(C)O4
PETRORASPAILYNE B2,CCC(C)CCCCCC#C/C=C\OC[C@@H](O)CO
PETRORASPAILYNE B3,CC(C)CCCCCCC#C/C=C\OC[C@@H](O)CO
GUTTIFERONE F,C=C(C)[C@H](CC=C(C)C)C[C@@]12C[C@@H](CC=C(C)C)C(C)(C)[C@@](CC=C(C)C)(C(=O)C(C(=O)c3ccc(O)c(O)c3)=C1O)C2=O
PETRORASPAILYNE B1,CCCCCCCCC#C/C=C\OC[C@@H](O)CO
KONINGININ G,CCCCCC[C@H](O)[C@@H]1CC[C@@H]2[C@H](O)CC[C@H](O)[C@@]2(O)O1
SIDEROXYLONAL A,CC(C)C[C@@H]1c2c(O)c(C=O)c(O)c(C=O)c2O[C@@H](c2c(O)c(C=O)c(O)c(C=O)c2O)[C@@H]1C(C)C
SIDEROXYLONAL B,CC(C)C[C@@H]1c2c(O)c(C=O)c(O)c(C=O)c2O[C@@H](c2c(O)c(C=O)c(O)c(C=O)c2O)[C@H]1C(C)C
SIDEROXYLONAL C,CC(C)C[C@H]1c2c(O)c(C=O)c(O)c(C=O)c2O[C@@H](c2c(O)c(C=O)c(O)c(C=O)c2O)[C@@H]1C(C)C
EXCAVATOLIDE F,CCCC(=O)O[C@H]1C[C@H](OC(C)=O)[C@@]2(C)[C@H]([C@H]1C)[C@@H](OC(C)=O)[C@]13O[C@@]1(C)C(=O)O[C@H]3/C=C(C)\C=C\[C@@H]2OC(C)=O
EXCAVATOLIDE G,CC(=O)O[C@H]1C[C@H](OC(C)=O)[C@@]2(C)[C@H]([C@H]1C)[C@@H](OC(C)=O)[C@]13O[C@@]1(C)C(=O)O[C@H]3/C=C(/C)CC[C@H]2OC(C)=O
EXCAVATOLIDE H,CCCC(=O)O[C@H]1C[C@H](OC(C)=O)[C@@]2(C)[C@H]([C@H]1C)[C@@H](OC(C)=O)[C@]13O[C@@]1(C)C(=O)O[C@H]3/C=C(/C)C[C@H](OC(=O)CCC)[C@H]2OC(C)=O
EXCAVATOLIDE I,CCCC(=O)O[C@H]1C/C(C)=C\[C@@H]2OC(=O)[C@]3(C)O[C@]23[C@H](OC(C)=O)[C@H]2[C@@H](C)[C@@H](OC(C)=O)C[C@H](OC(C)=O)[C@]2(C)[C@@H]1OC(C)=O
EXCAVATOLIDE J,CCCC(=O)O[C@H]1C[C@H](OC(C)=O)[C@@]2(C)[C@H]([C@H]1C)[C@@H](OC(C)=O)[C@]13O[C@@]1(C)C(=O)O[C@H]3/C=C(/C)C[C@H](OC(C)=O)[C@H]2OC(C)=O
EXCAVATOLIDE K,CC(=O)O[C@H]1C[C@H](OC(C)=O)[C@@]2(C)[C@H]([C@H]1C)[C@@H](OC(C)=O)[C@]13O[C@@]1(C)C(=O)O[C@H]3/C=C(/C)C[C@H](OC(C)=O)[C@H]2OC(C)=O
EXCAVATOLIDE M,CC(=O)O[C@H]1C/C(C)=C\[C@@H]2OC(=O)[C@]3(C)O[C@]23[C@H](O)[C@H]2[C@@H](C)[C@@H](O)C[C@H](OC(C)=O)[C@]2(C)[C@@H]1O
REMANGILONE A,CC1=C2CC[C@]3(C)[C@H](CC=C4[C@@H]5CC(C)(C)CC[C@@H]5C(=O)[C@H](O)[C@]43C)[C@@]2(C)C=C(O)C1=O
NORACRONYCINE,Cn1c2ccccc2c(=O)c2c(O)cc3c(c21)C=CC(C)(C)O3
JODRELLIN A,CC(=O)OC1O[C@@H]2C[C@@H]3[C@@](C)([C@@H]4C[C@H]5C=CO[C@H]5O4)[C@H](C)C[C@H](OC(C)=O)[C@]13[C@@]1(CO1)C2
EUGLOBAL IA2,CC(C)C[C@@H]1c2c(O)c(C=O)c(O)c(C=O)c2O[C@]2(C)C=C[C@@H](C(C)C)C[C@H]12
EUGLOBAL IIC,CC(C)CC(=O)c1c(O)c(C=O)c2c(c1O)C[C@H]1C[C@H](C(C)C)C=C[C@@]1(C)O2
ROBUSTADIAL A,CC(C)C[C@@H]1C[C@@]2(CC[C@@H]3C[C@H]2C3(C)C)Oc2c(C=O)c(O)c(C=O)c(O)c21
REMANGILONE C,CC1=C(O)C(=O)C[C@]2(C)[C@H]3CC=C4[C@@H]5CC(C)(C)CC[C@@H]5C(=O)C[C@@]4(C)[C@]3(C)CC[C@@H]12
ISODEHYDROCOSTUS LACTONE,C=C1C(=O)O[C@@H]2[C@H]3C(C)=CC[C@H]3C(=C)CC[C@@H]12
GENICULOL,C[C@]12CCC(=O)O[C@H]1C1=C[C@H]3OC(=O)[C@@]4(C)CCC[C@@](C)([C@@H]34)[C@]1(O)[C@H]2O
CYTOCHALASIN F,C[C@H]1C/C=C/[C@H]2[C@@H]3O[C@]3(C)[C@@H](C)[C@H]3[C@H](Cc4ccccc4)NC(=O)[C@]32OC(=O)/C=C/[C@@H](O)CCC1
KAZINOL Q,C=CC(C)(C)c1cc2c(cc1O)OC(c1cc(CC=C(C)C)c(O)c(O)c1CC=C(C)C)CC2
VERRUCARIN J,CC1=C[C@H]2O[C@@H]3C[C@H]4OC(=O)/C=C\C=C\C(=O)OCC/C(C)=C/C(=O)OC[C@@]2(CC1)[C@]4(C)[C@]31CO1
RORIDIN E,CC1=C[C@H]2O[C@@H]3C[C@H]4OC(=O)/C=C\C=C\[C@H]([C@@H](C)O)OCC/C(C)=C/C(=O)OC[C@@]2(CC1)[C@]4(C)[C@]31CO1
RORIDIN E ACETATE,CC(=O)O[C@H](C)[C@H]1/C=C/C=C\C(=O)O[C@@H]2C[C@H]3O[C@@H]4C=C(C)CC[C@]4(COC(=O)/C=C(\C)CCO1)[C@]2(C)[C@]31CO1
JASPLAKINOLIDE B,C=C1C[C@H](C)C(=O)N[C@@H](C)C(=O)N(C)[C@H](Cc2c(Br)[nH]c3ccccc23)C(=O)N[C@@H](c2ccc(O)cc2)CC(=O)O[C@@H](C)C[C@@H](C)C1=O
JASPAMIDE C,C=C1C[C@H](C)C(=O)N[C@@H](C)C(=O)N(C)[C@H](Cc2c(Br)[nH]c3ccccc23)C(=O)N[C@@H](c2ccc(O)cc2)CC(=O)O[C@@H](C)C[C@@H](C)C1O
MAPROUNEACIN,CCCCC/C=C/C=C/[C@]12O[C@@H]3[C@@H]4[C@@H]5O[C@]5(CO)[C@@H](O)[C@]5(O)C(=O)C(C)=C[C@H]5[C@@]4(O1)[C@H](COC(=O)CC(C)C)[C@H](OC(=O)CC(C)C)[C@]3([C@]1(C)CO1)O2
MOKKO LACTONE,C=C1CC[C@H]2C(=C)CC[C@@H]3[C@H](OC(=O)[C@H]3C)[C@@H]12
GONIOTRICIN,CCCCCCCCCCCCC(=O)C[C@@H]1C[C@@H](O)[C@@H](CC[C@H](O)[C@@H]2CC[C@@H](CCCCCC(O)CC3=CC(C)OC3=O)O2)O1
KAZINOL D,C=CC(C)(C)c1cc(CCCc2cc(O)c3c(c2CC=C(C)C)CCC(C)(C)O3)c(O)cc1O
KAZINOL K,C=CC(C)(C)c1cc(CCCc2cc(O)c3c(c2CC=C(C)C)C=CC(C)(C)O3)c(O)cc1O
DACTINOMYCIN,Cc1c2oc3c(C)ccc(C(=O)N[C@@H]4C(=O)N[C@H](C(C)C)C(=O)N5CCC[C@H]5C(=O)N(C)CC(=O)N(C)[C@@H](C(C)C)C(=O)O[C@@H]4C)c3nc-2c(C(=O)N[C@@H]2C(=O)N[C@H](C(C)C)C(=O)N3CCC[C@H]3C(=O)N(C)CC(=O)N(C)[C@@H](C(C)C)C(=O)O[C@@H]2C)c(N)c1=O
AURANTOSIDE C,C/C(Cl)=C/C=C/C(Cl)=C/C=C/C=C/C=C/C=C/C(O)=C1\C(=O)[C@H](CC(N)=O)N([C@@H]2OC[C@@H](O)[C@H](O)[C@H]2O[C@@H]2O[C@H](CO)[C@@H](O[C@@H]3O[C@H](C)[C@@H](O)[C@@H]3O)[C@@H]2O)C1=O
ARISTOPHYLLIDE A,C=C[C@@]1(C)CCC=C(C[C@H](C)OC(=O)c2cc3c(c4c2c([N+](=O)[O-])cc2c(OC)cccc24)OCO3)[C@H]1C(=C)C=O
ARISTOPHYLLIDE B,C=C[C@@]1(C)CCC=C(C[C@@H](C)OC(=O)c2cc3c(c4c2c([N+](=O)[O-])cc2c(OC)cccc24)OCO3)[C@@H]1C(=C)C=O
ARISTOPHYLLIDE C,C=C[C@@]1(C)CCC=C(C[C@H](C)OC(=O)c2cc3c(c4c2c([N+](=O)[O-])cc2ccccc24)OCO3)[C@H]1C(=C)C=O
ARISTOPHYLLIDE D,C=C[C@@]1(C)CCC=C(C[C@@H](C)OC(=O)c2cc3c(c4c2c([N+](=O)[O-])cc2ccccc24)OCO3)[C@@H]1C(=C)C=O
SPHAERIC ACID,CCCCCCCC[C@H](C(=O)O)[C@H](C)C(=O)O
MAYTANBICYCLINOL,COc1cc2cc(c1Cl)N1CC(=O)C(C)(O)C(=O)N(C)[C@@H](C)C(=O)O[C@@H](CC1=O)[C@@]1(C)O[C@H]1[C@H](C)[C@@H]1C[C@@](O)(NC(=O)O1)[C@H](OC)/C=C/C=C(\C)C2
DISCORHABDIN C,O=C1C(Br)=CC2(C=C1Br)CCNC1=C2C2=NCCc3c[nH]c(c32)C1=O
MORTIVINACIN A,CSC(=O)c1c(C)c(C)c(O)c(C)c1O
GLIRICIDOL,COc1ccc2c(c1)OC[C@H]1Oc3cc(O)ccc3C(=O)[C@@]21O
GLIRICIDIN,COc1ccc2c(c1)OC[C@H]1Oc3cc(O)ccc3C(c3cc([C@@H]4COc5cc(O)ccc5C4)ccc3OC)[C@@]21O
2-(HEPTADECYL)FURAN,CCCCCCCCCCCCCCCCCc1ccco1
MORTIVINACIN B,COC(=O)CNC(=O)c1c(C)c(C)c(O)c(C)c1O
MORTIVINACIN C,COC(=O)[C@H](C)NC(=O)c1c(C)c(C)c(O)c(C)c1O
MYXOTHIAZOL,CO/C(=C/C(N)=O)[C@H](C)[C@H](/C=C/c1csc(-c2csc([C@@H](C)/C=C/C=C/C(C)C)n2)n1)OC
MASSARINOLIN A,C=C1CC[C@H]2C[C@@H]1[C@@]21CO[C@]2(C=C(C)C(=O)O2)[C@H]1O
MASSARINOLIN B,C/C(=C\[C@@H](O)C[C@@]12CO[C@]3(C)CC[C@H]1C[C@H]23)C(=O)O
MANASSANTIN C,C=C1CC[C@H]2C[C@@H]1[C@]2(CO)C[C@H](O)/C=C(\C)C(=O)O
TSUGICOLINE E,CC1(C)C[C@H]2[C@H](O)[C@]3(O)CO[C@]4(O)[C@@H](O)[C@@](C)([C@H]34)[C@H]2C1
NEOTHALIBRINE,COc1cc2c(cc1O)[C@H](Cc1ccc(OC)c(Oc3ccc(C[C@H]4c5cc(OC)c(OC)cc5CCN4C)cc3)c1)N(C)CC2
HOMOAROMOLINE,COc1ccc2cc1Oc1ccc(cc1)C[C@H]1c3c(cc(OC)c(O)c3Oc3cc4c(cc3OC)CCN(C)[C@@H]4C2)CCN1C
OBABERINE,COc1ccc2cc1Oc1ccc(cc1)C[C@H]1c3c(cc(OC)c(OC)c3Oc3cc4c(cc3OC)CCN(C)[C@@H]4C2)CCN1C
PHAEANTHINE,COc1ccc2cc1Oc1ccc(cc1)C[C@@H]1c3cc(c(OC)cc3CCN1C)Oc1c(OC)c(OC)cc3c1[C@@H](C2)N(C)CC3
FANGCHINOLINE,COc1ccc2cc1Oc1ccc(cc1)C[C@H]1c3cc(c(OC)cc3CCN1C)Oc1c(O)c(OC)cc3c1[C@H](C2)N(C)CC3
BERBAMINE,COc1cc2c3cc1Oc1c(OC)c(OC)cc4c1[C@@H](Cc1ccc(O)c(c1)Oc1ccc(cc1)C[C@@H]3N(C)CC2)N(C)CC4
OBAMEGINE,COc1cc2c3cc1Oc1c(O)c(OC)cc4c1[C@@H](Cc1ccc(O)c(c1)Oc1ccc(cc1)C[C@@H]3N(C)CC2)N(C)CC4
COCSULINE,COc1cc2c3c4c1Oc1cc5c(cc1O4)[C@H](Cc1ccc(O)c(c1)Oc1ccc(cc1)C[C@@H]3N(C)CC2)N(C)CC5
TRILOBINE,COc1ccc2cc1Oc1ccc(cc1)C[C@@H]1NCCc3cc(OC)c4c(c31)Oc1cc3c(cc1O4)CCN(C)[C@H]3C2
LONCHOCARPUSONE,COc1cc(OC)c(C2COc3c(ccc4c3C=CC(C)(C)O4)C2=O)cc1OC
NOSCOMIN,C[C@@H]1CC=C2[C@@H](CC[C@H]3C(C)(C)[C@H](O)CC[C@@]23C)[C@]1(C)Cc1cc(C(=O)O)ccc1O
TRILOBIN,CCCCCCCCCC[C@@H](O)[C@H]1CC[C@@H]([C@H]2CC[C@H]([C@H](O)CCC[C@H](O)CCCCCCCC3=C[C@H](C)OC3=O)O2)O1
GONIOTETRACIN,CCCCCCCCCCCCCCCC[C@@H](O)[C@H]1CC[C@H]([C@H](O)CC[C@H](O)CCCCC[C@@H](O)CC2=C[C@H](C)OC2=O)O1
GONIOTRIONIN,CCCCCCCCCCCCCC/C=C\[C@@H](O)C[C@H](O)[C@@H]1CC[C@@H](CCCCC[C@@H](O)CC2=C[C@H](C)OC2=O)O1
"(2,4-CIS/TRANS)-SQUAMOXINE B",CCCCCCCCCCCC[C@H](O)[C@H]1CC[C@H]([C@H](O)CCCCCC(O)CCCCCCC2CC(CC(C)=O)C(=O)O2)O1
MURICOREACIN,CCCCCCCCCCCC[C@@H](O)[C@@H](O)CC[C@H](O)[C@@H]1CC[C@@H](C[C@@H](O)C[C@@H](O)CCC[C@@H](O)CC2=C[C@H](C)OC2=O)O1
MURIHEXOCIN,CCCCCCCCCCCC[C@@H](O)[C@@H](O)CC[C@H](O)[C@@H]1CC[C@@H](CCC[C@@H](O)[C@H](O)CC[C@@H](O)CC2=C[C@H](C)OC2=O)O1
GLACIN A,CCCCCCCCCC[C@@H](O)[C@H]1CC[C@H]([C@H](O)CCCC[C@H](O)CCCCCCC[C@@H](O)CC2=C[C@H](C)OC2=O)O1
GARDNERININ,CCCCCCCCCCCC[C@H](O)[C@H](O)CC[C@H](O)[C@@H]1CC[C@@H](C[C@H](O)CCCCC[C@@H](O)CC2=C[C@@](C)(O)OC2=O)O1
DONNAIENIN A,CCCCCCCCCCCC[C@@H](O)[C@H]1CC[C@H]([C@H](O)CCCCCCCCCC[C@@H](O)CC2=C[C@@](C)(O)OC2=O)O1
DONNAIENIN B,CCCCCCCCCCCCCC[C@H](O)[C@@H](O)CC[C@H](O)[C@@H]1CC[C@@H](CCCCC[C@@H](O)CC2=C[C@@](C)(O)OC2O)O1
DONNAIENIN C,CCCCCCCCCCCC[C@@H](O)[C@H]1CC[C@H]([C@H](O)CCCC[C@H](O)CCCCC[C@H](CC2=C[C@@](C)(O)OC2=O)OC(C)=O)O1
ANNOMURICIN E,CCCCCCCCCCCC[C@@H](O)[C@H]1CC[C@H]([C@H](O)CCC[C@@H](O)[C@@H](O)CCCCC[C@@H](O)CC2=C[C@H](C)OC2=O)O1
MURICAPENTOCIN,CCCCCCCCCCCC[C@@H](O)[C@H]1CC[C@H]([C@H](O)CCC(O)CCCC(O)CCC[C@@H](O)CC2=C[C@H](C)OC2=O)O1
DONNAIENIN,CCCCCCCCCCCCCC[C@H](O)[C@@H]1C[C@@H](O)[C@@H]([C@@H](O)CC[C@@H](O)CCCCC[C@@H](O)CC2=C[C@H](C)OC2=O)O1
GONIODONIN,CCCCCCCCCCCC[C@@H](O)[C@H]1CC[C@H]([C@H](O)CCCCC(O)CCCCC[C@@H](O)CC2=C[C@@](C)(O)OC2=O)O1
ANNOGLACIN A,CCCCCCCCCCCC[C@H](O)[C@H]1CC[C@H]([C@H](O)CCCC[C@H](O)CCCCCCC[C@@H](O)CC2=C[C@H](C)OC2=O)O1
ANNOGLACIN B,CCCCCCCCCCCC[C@@H](O)[C@H]1CC[C@H]([C@H](O)CCCC[C@H](O)CCCCCCC[C@@H](O)CC2=C[C@H](C)OC2=O)O1
MOSIN B,CCCCCCCCCCCC[C@H](O)[C@H]1CC[C@H]([C@H](O)CCCCCC(=O)CCCC[C@@H](O)CC2=C[C@H](C)OC2=O)O1
MOSIN C,CCCCCCCCCCCC[C@H](O)[C@@H]1CC[C@H]([C@H](O)CCCCCC(=O)CCCC[C@@H](O)CC2=C[C@H](C)OC2=O)O1
TONKININ B,CCCCCCCCCCCC[C@@H](O)[C@H]1CC[C@H]([C@H](O)CC(O)CCCCCCCCCC(=O)CCC2=C[C@H](C)OC2=O)O1
TONKININ A,CCCCCCCCCCCC[C@H](O)[C@H]1CC[C@H]([C@H](O)CC(O)CCCCCCCCCC(=O)CCC2=C[C@H](C)OC2=O)O1
TONKININ C,CCCCCCCCCCCCCC[C@H](O)[C@H]1CC[C@H]([C@@H](CC(O)CCCCCCCCCCC2=C[C@H](C)OC2=O)OC(C)=O)O1
ANNOPENTOCIN A,CCCCCCCCCCCC[C@@H](O)[C@H](O)CC[C@H](O)[C@@H]1CC[C@@H](C[C@H](O)CCCCC[C@@H](O)CC2=C[C@H](C)OC2=O)O1
ANNOPENTOCIN B,CCCCCCCCCCCC[C@H](O)[C@@H](O)CC[C@H](O)[C@@H]1CC[C@@H](C[C@H](O)CCCCC[C@@H](O)CC2=C[C@H](C)OC2=O)O1
ANNOPENTOCIN C,CCCCCCCCCCCC[C@H](O)[C@H](O)CC[C@H](O)[C@@H]1CC[C@@H](C[C@H](O)CCCCC[C@@H](O)CC2=C[C@H](C)OC2=O)O1
MUCOXIN,CCCCCCCCCCCCCCCCC[C@@H](O)[C@H]1C[C@H](O)[C@H]([C@H]2CC[C@H]([C@H](O)CCCCCC3=C[C@H](C)OC3=O)O2)O1
CAROLIN A,CCCCCCC(O)CCC[C@H](O)[C@@H]1CC[C@@H]([C@@H]2CC[C@H]([C@H](O)CCCCCCCCCCCCC3=C[C@H](C)OC3=O)O2)O1
CAROLIN B,CCCCCC(O)CCCC[C@H](O)[C@@H]1CC[C@@H]([C@@H]2CC[C@H]([C@H](O)CCCCCCCCCCCCC3=C[C@H](C)OC3=O)O2)O1
ROLLIDECIN C,CCCCCCCCCCCC[C@@H](O)[C@H]1CC[C@@H]([C@@H]2CC[C@@H](CCCCCCC[C@@H](O)CC3=C[C@H](C)OC3=O)O2)O1
ROLLIDECIN D,CCCCCCCCCCCC[C@@H](O)[C@H]1CC[C@@H]([C@@H]2CC[C@@H](CCCCCCCCC[C@@H](O)CC3=C[C@H](C)OC3=O)O2)O1
ARTICULIN,CCCCCCCCCC[C@H](O)[C@@H]1CC[C@@H]([C@@H]2CC[C@@H]([C@@H](O)CCC(O)CCCCCCCCC[C@@H](O)CC3=C[C@H](C)OC3=O)O2)O1
PURPUREDIOLIN,CCCCC[C@H](O)[C@H](O)CCC[C@H](O)[C@H]1CC[C@H]([C@H]2CC[C@H]([C@H](O)CCCCCCCCCCCCC3=C[C@H](C)OC3=O)O2)O1
ROLLINACIN,CCCCCCCCCCCC[C@@H](O)[C@H]1CCC(C2CCC(CC(O)CCCCC[C@@H](O)CC3=C[C@H](C)OC3=O)O2)O1
GLABRACIN A,CCCCCCCCCC[C@H](O)[C@H](O)CCCC[C@H]1CC[C@H]([C@H]2CC[C@H]([C@H](O)CCCCC[C@@H](O)CC3=C[C@H](C)OC3=O)O2)O1
GLACIN B,CCCCCCCCCC[C@H](O)[C@@H](O)CCCC[C@H]1CC[C@H]([C@H]2CC[C@H]([C@H](O)CCCCC[C@@H](O)CC3=C[C@H](C)OC3=O)O2)O1
ROLLIMEMBRIN,CCCCCCCCCC[C@H](O)[C@@H]1CC[C@H]([C@H]2CC[C@@H]([C@H](O)CCCCCCCC[C@@H](O)CC3=C[C@H](C)OC3=O)O2)O1
PURPURENIN,CCCCC[C@H](O)CCCC[C@H](O)[C@H]1CC[C@H]([C@H]2CC[C@H]([C@H](O)CCCC[C@H](O)CCCCCCCC3=C[C@H](C)OC3=O)O2)O1
BULLATETROCIN,CC[C@H](O)[C@H](O)CCCCCC[C@H](O)[C@H]1CC[C@H]([C@H]2CC[C@H]([C@H](O)CCCCCCCCCCCCC3=C[C@H](C)OC3=O)O2)O1
BULLACIN,CCCCCCCCCC[C@@H](O)[C@H]1CC[C@H]([C@H]2CC[C@H]([C@H](O)CCCCCCCC[C@@H](O)CCCC3=C[C@H](C)OC3=O)O2)O1
MEMBRAROLLIN,CCCCCCCCCC[C@@H](O)[C@@H]1CC[C@H]([C@H]2CC[C@@H]([C@@H](O)CCCCCCCCCCC3=C[C@H](C)OC3=O)O2)O1
GUANACONNE,CCCCCCCCCC[C@@H](O)[C@@H]1CC[C@@H]([C@@H]2CC[C@@H]([C@@H](O)CCCCC(=O)CCCCCCCC3=C[C@H](C)OC3=O)O2)O1
GONIOTRIOCIN,CCCCCCCCCCCCC(=O)C[C@@H]1C[C@@H](O)[C@@H](CC[C@H](O)[C@@H]2CC[C@@H](CCCCC[C@@H](O)CC3=C[C@H](C)OC3=O)O2)O1
TRILOBALICIN,CCCCCCCCCC[C@H](O)[C@H]1CC[C@H]([C@H](O)CC[C@H](O)[C@@H]2CC[C@@H](CCCCC[C@@H](O)CC3=C[C@H](C)OC3=O)O2)O1
DONNAIENIN D,CCCCCCCCCCCC[C@@H](O)[C@H](O)CC[C@@H](O)[C@H](O)CCCC[C@H](O)CCCCC[C@H](CC1=C[C@@](C)(O)OC1=O)OC(C)=O
LONGANIN,CCCCCCCCCCCCCC[C@H](O)CCCCCCC[C@H](O)CCCCC[C@@H](O)CC1=C[C@H](C)OC1=O
VISMIAPHENONE D,COc1c(CC=C(C)C)c(O)c(C(=O)c2ccc(O)cc2)c(O)c1CC=C(C)C
STENOPALUSTROSIDE A,O=C(/C=C\c1ccc(O)cc1)OC[C@H]1O[C@@H](Oc2c(-c3ccc(O)cc3)oc3cc(O)cc(O)c3c2=O)[C@H](O)[C@@H](OC(=O)/C=C\c2ccc(O)cc2)[C@@H]1O
STENOPALUSTROSIDE B,COc1cc(/C=C/C(=O)OC[C@H]2O[C@@H](Oc3c(-c4ccc(O)cc4)oc4cc(O)cc(O)c4c3=O)[C@H](O)[C@@H](OC(=O)/C=C\c3ccc(O)cc3)[C@@H]2O)ccc1O
STENOPALUSTROSIDE E,COc1cc(C(O)C(CO)Oc2ccc(/C=C/C(=O)OC[C@H]3O[C@@H](Oc4c(-c5ccc(O)cc5)oc5cc(O)cc(O)c5c4=O)[C@H](O)[C@@H](OC(=O)/C=C/c4ccc(O)cc4)[C@@H]3O)cc2OC)ccc1O
LOLOATIN A,CC(C)C[C@@H]1NC(=O)[C@H](CCCN)NC(=O)[C@H](C(C)C)NC(=O)[C@H](Cc2ccc(O)cc2)NC(=O)[C@H](CC(=O)O)NC(=O)[C@H](CC(N)=O)NC(=O)[C@@H](Cc2ccccc2)NC(=O)[C@H](Cc2ccccc2)NC(=O)[C@@H]2CCCN2C(=O)[C@@H](Cc2ccc(O)cc2)NC1=O
LOLOATIN B,CC(C)C[C@@H]1NC(=O)[C@H](CCCN)NC(=O)[C@H](C(C)C)NC(=O)[C@H](Cc2c[nH]c3ccccc23)NC(=O)[C@H](CC(=O)O)NC(=O)[C@H](CC(N)=O)NC(=O)[C@@H](Cc2ccccc2)NC(=O)[C@H](Cc2ccccc2)NC(=O)[C@@H]2CCCN2C(=O)[C@@H](Cc2ccc(O)cc2)NC1=O
LOLOATIN C,CC(C)C[C@@H]1NC(=O)[C@H](CCCN)NC(=O)[C@H](C(C)C)NC(=O)[C@H](Cc2c[nH]c3ccccc23)NC(=O)[C@H](CC(=O)O)NC(=O)[C@H](CC(N)=O)NC(=O)[C@@H](Cc2ccccc2)NC(=O)[C@H](Cc2c[nH]c3ccccc23)NC(=O)[C@@H]2CCCN2C(=O)[C@@H](Cc2ccc(O)cc2)NC1=O
LOLOATIN D,CC(C)C[C@@H]1NC(=O)[C@H](CCCN)NC(=O)[C@H](C(C)C)NC(=O)[C@H](Cc2c[nH]c3ccccc23)NC(=O)[C@H](CC(=O)O)NC(=O)[C@H](CC(N)=O)NC(=O)[C@@H](Cc2ccccc2)NC(=O)[C@H](Cc2ccccc2)NC(=O)[C@@H]2C[C@@H](O)CN2C(=O)[C@@H](Cc2ccc(O)cc2)NC1=O
PHAKELLISTATIN 2,CC[C@H](C)[C@@H]1NC(=O)[C@@H]2CCCN2C(=O)[C@H](Cc2ccccc2)NC(=O)[C@@H]2CCCN2C(=O)[C@H](Cc2ccc(O)cc2)NC(=O)[C@@H]2CCCN2C(=O)[C@H]([C@@H](C)CC)NC1=O
PHAKELLISTATIN 2 (SYNTHETIC),CC[C@H](C)[C@@H]1NC(=O)[C@@H]2CCCN2C(=O)[C@H](Cc2ccccc2)NC(=O)[C@@H]2CCCN2C(=O)[C@H](Cc2ccc(O)cc2)NC(=O)[C@@H]2CCCN2C(=O)[C@H]([C@@H](C)CC)NC1=O.Cl
ANNOJAHNIN,CCCCCCCCCCCC/C=C\CC[C@@H](O)[C@H](O)CCCCCCC(=O)CCCCCCCC1=C[C@H](C)OC1=O
MUCONIN,CCCCCCCCCCCC[C@@H](O)[C@H]1CC[C@H]([C@H]2CCC[C@@H]([C@@H](O)CCCCCCC[C@@H](O)CC3=C[C@H](C)OC3=O)O2)O1
PYRANICIN,CCCCCCCCCCCC[C@H]1O[C@@H]([C@H](O)CCCC[C@H](O)CCCCC[C@@H](O)CC2=C[C@H](C)OC2=O)CC[C@H]1O
PYRAGONICIN,CCCCCCCCCCCCCC[C@H]1O[C@@H]([C@H](O)CC[C@H](O)CCCCC[C@@H](O)CC2=C[C@H](C)OC2=O)CC[C@H]1O
PARVIFLORIN,CCCCCCCCCC[C@@H](O)[C@H]1CC[C@H]([C@H]2CC[C@H]([C@H](O)CCCCCCCC[C@@H](O)CC3=C[C@H](C)OC3=O)O2)O1
CHLORPYRIFOS,CCOP(=S)(OCC)Oc1nc(Cl)c(Cl)cc1Cl
HYDRAMETHYLNON,CC1(C)CNC(=NN=C(/C=C/c2ccc(C(F)(F)F)cc2)/C=C/c2ccc(C(F)(F)F)cc2)NC1
PROPOXUR,CNC(=O)Oc1ccccc1OC(C)C
ISOIRIDOGERMANAL,CC(C)=CCC/C(C)=C/C[C@@H](O)/C(C)=C/CC[C@@]1(C)[C@H](CCCO)/C(=C(/C)C=O)CC[C@]1(C)O
IRISTECTORENE B,CCCCCCCCCCCCCC(=O)OCCC[C@@H]1/C(=C(/C)C=O)CC[C@](C)(O)[C@@]1(C)CC/C=C(\C)[C@H](O)C/C=C(\C)CCC=C(C)C
ISOCEPHALOMANNINE,C/C=C(\C)C(=O)O[C@H]1[C@@H]2[C@]3(OC(C)=O)CO[C@@H]3C[C@H](O)[C@@]2(C)C(=O)[C@H](OC(C)=O)C2=C(C)[C@@H](OC(=O)[C@H](O)[C@H](NC(=O)c3ccccc3)c3ccccc3)C[C@]1(O)C2(C)C
AMAZOQUINONE,CC1=C(O)C(=O)C=C2C1=CC(=O)[C@@H]1[C@@]2(C)CC[C@@]2(C)[C@@H]3C[C@@H](C)C(=O)C[C@]3(C)CC[C@]12C
BENDIOCARB,CNC(=O)Oc1cccc2c1OC(C)(C)O2
CAROLIN C,CCCCCCC(O)CCC[C@H](O)[C@@H]1CC[C@@H]([C@@H]2CC[C@H]([C@H](O)CCCCCCCCCCC3=C[C@H](C)OC3=O)O2)O1
KULONATE,CC(=O)[C@H](CCC=C(C)C)[C@@H]1[C@@H](O)C[C@]2(C)C3=CC[C@H]4C(C)(C)C(=O)CC[C@]4(C)[C@H]3CC[C@@]12C
PETROTETRAYNDIOL A,C#C/C=C\CCCCCCCCCCCCCC/C=C/CCCC/C=C/CC/C=C/C#C[C@@H](O)C#CCCCCCC/C=C/[C@H](O)C#C
PETROTETRAYNDIOL B,C#C/C=C\CCCCCCCCCCCCCC/C=C/CCCC/C=C/CCCCC#C[C@@H](O)C#CCCCCCCCC[C@H](O)C#C
BELACHINAL,CC(C)=CCC/C(C)=C/C=C/C(C)=C/[C@H]1C[C@@]2(C(O)O1)[C@H](CCCO)/C(=C(/C)C=O)CC[C@]2(C)O
ANHYDROBELACHINAL,CC(C)=CCC/C(C)=C/C=C/C(C)=C/[C@@H]1C[C@@]23[C@H](OCCC[C@@H]2/C(=C(/C)C=O)CC[C@]3(C)O)O1
[3H]LSD,[3H]C([3H])([3H])N1C[C@H](C(=O)N(CC)CC)C=C2c3cccc4[nH]cc(c34)C[C@H]21
ANNULIN C,CCc1c(C)cc2c(c1O)C(=O)C1=C(C2=O)C(C)(C)OC1(OC)C(=O)OC
ANNULIN A,CCc1c(C)cc2c(c1O)C(=O)C1=C(C2=O)C(C)(C)OC1(O)C(=O)OC
ANNULIN B,CCc1c(C)cc2c(c1O)C(=O)C1OC(C)(C(=O)OC)C(=O)C(C)(C)C1C2=O
FERRUGICADINOL,CC(C)c1cc2c(cc1O)[C@@]1(C)CCCC(C)(C)[C@@H]1C[C@H]2CC1=C[C@@H]2[C@@H](CC1)[C@](C)(O)CC[C@H]2C(C)C
FERRUGIEUDESMOL,C=C1CC[C@@H]([C@H]2C[C@H]3C(C)(C)CCC[C@]3(C)c3cc(O)c(C(C)C)cc32)[C@]2(C)CC[C@@H](C(C)(C)O)C[C@@H]12
POPULOSIDE A,O=C(/C=C/c1ccc(O)cc1)OCc1cc(O)ccc1O[C@@H]1O[C@H](CO)[C@@H](O)[C@H](O)[C@H]1O
POPULOSIDE B,O=C(/C=C/c1ccc(O)cc1)OCc1ccccc1O[C@@H]1O[C@H](CO)[C@@H](O)[C@H](O)[C@H]1O
POPULOSIDE C,COc1cc(/C=C/C(=O)OCc2ccccc2O[C@@H]2O[C@H](CO)[C@@H](O)[C@H](O)[C@H]2O)ccc1O
CHINENSIOLIDE E,C=C1[C@@H]2[C@H]3OC(=O)C(=C)[C@@H]3CC[C@@](C)(O)[C@@H]2C[C@@H]1O[C@@H]1O[C@H](COC(=O)Cc2ccc(O)cc2)[C@@H](O)[C@H](O)[C@H]1OC(=O)Cc1ccc(O)cc1
IXEROCHINOSIDE,C=C1C(=O)O[C@@H]2[C@H]3C(=C)[C@@H](O[C@@H]4O[C@H](COC(=O)Cc5ccc(O)cc5)[C@@H](O)[C@H](O)[C@H]4O)C[C@H]3C(=C)C[C@@H](OC(=O)Cc3ccc(O)cc3)[C@@H]12
(-)-CARYOPHYLLENE OXIDE,C=C1CC[C@H]2O[C@]2(C)CC[C@@H]2[C@@H]1CC2(C)C
GARVEATIN E,CCC1=C(C)C(=O)c2cc3c(c(O)c2C1=O)C(=O)C(C)=C(O)C3(C)C
GARVEATIN A,CC(=O)c1c(C)cc2cc3c(c(O)c2c1O)C(=O)C(C)=C(O)C3(C)C
GARVEATIN C,COc1c(C(C)=O)c(C)cc2cc3c(c(O)c12)C(=O)C(C)(C)C(=O)C3(C)C
2-HYDROXYGARVIN A,CCCc1c(C(=O)OC)c(OC)cc2cc3c(c(O)c12)C(=O)C(C)(O)C(=O)C3(C)C
(L)-1-METHYLTRYPTOPHAN,Cn1cc(C[C@H](N)C(=O)O)c2ccccc21
ASIATICOSIDE A,CC(=O)O[C@@H]1C[C@@]23C[C@@]24CC[C@H](O[C@@H]2OC[C@@H](O)[C@H](O)[C@H]2O)C(C)(C)[C@@H]4CC[C@H]3[C@]2(C)C[C@@H]3OC(C(=O)C(C)C)=C[C@@H](C)[C@@H]3[C@@]12C
ASIATICOSIDE B,CC(=O)O[C@@H]1C[C@@]23C[C@@]24CC[C@H](O[C@@H]2OC[C@@H](O)[C@H](O)[C@H]2O)C(C)(C)[C@@H]4CC=C3[C@]2(C)C[C@@H]3OC(C(=O)C(C)C)=C[C@@H](C)[C@@H]3[C@@]12C
CIMIRACEMOSIDE I,C[C@@H]1C[C@]2(OCC[C@]3(C)O[C@H]23)O[C@H]2C[C@@]3(C)C4=CC[C@H]5C(C)(C)[C@@H](O[C@@H]6OC[C@@H](O)[C@H](O)[C@H]6O)CC[C@@]56C[C@@]46CC[C@]3(C)[C@@H]12
CALENDULADIOL,C=C(C)[C@@H]1CC[C@@]2(C)[C@H]1[C@H]1CC[C@H]3[C@@]4(C)CC[C@H](O)C(C)(C)[C@@H]4CC[C@@]3(C)[C@]1(C)C[C@@H]2O
CHAETOPYRANIN,CC(C)=CCc1cc2c(c(C=O)c1O)CCC(/C=C/C(C)O)O2
ISOTETRAHYDROAUROGLAUCIN,C/C=C/CCCCc1c(O)cc(CC=C(C)C)c(O)c1C=O
POPULOSIDE,O=C(/C=C/c1ccc(O)c(O)c1)OCc1ccccc1O[C@@H]1O[C@H](CO)[C@@H](O)[C@H](O)[C@H]1O
TREMULACIN,O=C(O[C@H]1[C@H](Oc2ccccc2COC(=O)C2(O)C=CCCC2=O)O[C@H](CO)[C@@H](O)[C@@H]1O)c1ccccc1
TREMULDIN,O=C(O[C@H]1[C@H](Oc2ccccc2CO)O[C@H](CO)[C@@H](O)[C@@H]1O)c1ccccc1
SALICIN,OCc1ccccc1O[C@@H]1O[C@H](CO)[C@@H](O)[C@H](O)[C@H]1O
AMPHIMEDOSIDE A,CON(CCCCCCCCCCC#CCCCCc1cccnc1)[C@@H]1O[C@H](CO)[C@@H](O)[C@H](O)[C@H]1O
AMPHIMEDOSIDE B,CON(CCCCCCCCC#CCCCCc1cccnc1)[C@@H]1O[C@H](CO)[C@@H](O)[C@H](O)[C@H]1O
AMPHIMEDOSIDE C,CON(CCCCCCCCCCC#CCCc1cccnc1)[C@@H]1O[C@H](CO)[C@@H](O)[C@H](O)[C@H]1O
AMPHIMEDOSIDE D,CON(CC(C)CCCCCCCCCCc1cccnc1)[C@@H]1O[C@H](CO)[C@@H](O)[C@H](O)[C@H]1O
PARIETIN,COc1cc(O)c2c(c1)C(=O)c1c(O)c(C)cc(O)c1C2=O
BOHEMAMINE B,CC(C)=CC(=O)NC1=CC(=O)[C@]2(C)C[C@H](O)[C@H](C)N12
BOHEMAMINE C,CC(C)=CC(=O)NC1=CC(=O)[C@]2(C)[C@H](O)C[C@H](C)N12
BOHEMAMINE,CC(C)=CC(=O)NC1=CC(=O)[C@]2(C)[C@@H]3O[C@@H]3[C@H](C)N12
GRANDIDENTATIN,O=C(/C=C/c1ccc(O)cc1)O[C@H]1[C@H](OC2CCCCC2O)O[C@H](CO)[C@@H](O)[C@@H]1O
SALIREPOSIDE,O=C(OCc1cc(O)ccc1O[C@@H]1O[C@H](CO)[C@@H](O)[C@H](O)[C@H]1O)c1ccccc1
CHAETOCOCHIN A,CS[C@]12COCN3c4ccccc4[C@]4(C[C@]5(SC)C(=O)N(C)[C@@](CO)(SC)C(=O)N5[C@@H]34)n3cc(c4ccccc43)C[C@](SC)(C(=O)N1C)N(C)C2=O
CHAETOCOCHIN C,CS[C@@]1(CO)C(=O)N(C)[C@@](Cc2cn([C@]34C[C@@]56SS[C@@](CO)(C(=O)N5[C@H]3Nc3ccccc34)N(C)C6=O)c3ccccc23)(SC)C(=O)N1C
GALANTAMINE HYDROBROMIDE,Br.COc1ccc2c3c1O[C@H]1C[C@@H](O)C=C[C@@]31CCN(C)C2
INTEGERRIMIDE A,CC(C)C[C@@H]1NC(=O)CNC(=O)[C@H](Cc2c[nH]c3ccccc23)NC(=O)[C@@H]2CCCN2C(=O)[C@H]([C@@H](C)O)NC(=O)[C@H](CC(C)C)NC(=O)[C@H](CC(C)C)NC1=O
INTEGERRIMIDE B,CC(C)C[C@@H]1NC(=O)[C@H](C)NC(=O)[C@H](Cc2c[nH]c3ccccc23)NC(=O)[C@@H]2CCCN2C(=O)[C@H](CO)NC(=O)[C@H](C(C)C)NC(=O)[C@H](CC(C)C)NC1=O
AMPHIMEDOSIDE E,CON(CCCC/C=C\CCCCCCCCc1cccnc1)[C@@H]1O[C@H](CO)[C@@H](O)[C@H](O)[C@H]1O
CYCLOASPEPTIDE E,CC(C)C[C@@H]1NC(=O)[C@H](Cc2ccccc2)N(C)C(=O)[C@H](C)NC(=O)c2ccccc2NC(=O)[C@H](Cc2ccccc2)N(C)C1=O
CYCLOASPEPTIDE A,CC(C)C[C@@H]1NC(=O)[C@H](Cc2ccccc2)N(C)C(=O)[C@H](C)NC(=O)c2ccccc2NC(=O)[C@H](Cc2ccc(O)cc2)N(C)C1=O
PARATUNAMIDE A,C=C[C@H]1[C@H](O[C@@H]2O[C@H](CO)[C@@H](O)[C@H](O)[C@H]2O)OC=C2C(=O)N(CC[C@@]3(O)C(=O)Nc4ccccc43)[C@H](OC)C[C@H]21
PARATUNAMIDE B,C=C[C@H]1[C@H](O[C@@H]2O[C@H](CO)[C@@H](O)[C@H](O)[C@H]2O)OC=C2C(=O)N(CC[C@@]3(O)C(=O)Nc4ccccc43)C(=O)C[C@H]21
PARATUNAMIDE C,C=C[C@H]1[C@H](O[C@@H]2O[C@H](CO)[C@@H](O)[C@H](O)[C@H]2O)OC=C2C(=O)N(CC[C@]3(O)C(=O)Nc4ccccc43)C(=O)C[C@H]21
PARATUNAMIDE D,C=C[C@H]1[C@H](O[C@@H]2O[C@H](CO)[C@@H](O)[C@H](O)[C@H]2O)OC=C2C(=O)N(CC[C@@]3(O)C(=O)Nc4ccccc43)[C@H](O)C[C@H]21
TRUNGAPEPTIN A,C#CCCC[C@H]1OC(=O)[C@H]([C@@H](C)CC)NC(=O)[C@@H]2CCCN2C(=O)[C@H](Cc2ccccc2)OC(=O)[C@H](C(C)C)N(C)C(=O)[C@H](C(C)C)NC(=O)[C@H]1C
Rapanone,CCCCCCCCCCCCCC1=C(O)C(=O)C=C(O)C1=O
MICROFOKIENOXANE A,C[C@H]1[C@H](C)CC[C@]23CO[C@@]4(C=C[C@@H]5[C@@]6(C)CC[C@H](O)C(C)(C)[C@@H]6CC[C@@]5(C)[C@]4(C)C[C@@H]2O)[C@H]13
MICROFOKIENOXANE B,C[C@H]1[C@H](C)CC[C@@]23CC[C@]4(C)[C@@](C=C[C@@H]5[C@@]6(C)CC[C@H](O)[C@@](C)(CO)[C@@H]6CC[C@]54C)(OC2)[C@H]13
MICROFOKIENOXANE C,C[C@H]1[C@H](C)CC[C@@]23CC[C@@]4(C)[C@]5(C)CC[C@@H]6[C@](C)(CC[C@H](O)[C@@]6(C)CO)[C@H]5CC(=O)[C@]4(OC2)[C@H]13
MICROFOKIENOXANE D,CC1(C)C(=O)CC[C@]2(C)[C@H]3C=C[C@]45OC[C@@]6(CC[C@](C)(CO)C[C@H]64)CC[C@@]5(C)[C@]3(C)CC[C@@H]12
SITOGLUSIDE,CC[C@H](CC[C@@H](C)[C@H]1CC[C@H]2[C@@H]3CC=C4C[C@@H](O[C@@H]5O[C@H](CO)[C@@H](O)[C@H](O)[C@H]5O)CC[C@]4(C)[C@H]3CC[C@]12C)C(C)C
PROLIFICIN A,CCC(C)C(=O)c1c(O)cc(O)c2c1O[C@](C)(CC/C=C(\C)CCC=C(C)C)[C@@H](CC=C(C)C)C2
PROLIFENONE A,CCC(C)C(=O)C12C(=O)C=C(O)C(C[C@H](CC=C(C)C)[C@@]1(C)CC/C=C(\C)CCC=C(C)C)C2=O
PROLIFENONE B,CC(C)=CCC/C(C)=C/CC[C@]1(C)[C@@H](CC=C(C)C)CC2C(=O)C1(C(=O)C(C)C)C(=O)C=C2O
DISCOLORANONE,COc1ccc([C@H]2COc3c4c(cc(O)c3C2=O)OC(C)(CCC=C(C)C)C=C4)c(O)c1O
L-ARABINOSE,O[C@@H]1[C@@H](O)[C@@H](O)CO[C@H]1O
KOABURASIDE,COc1cc(O[C@@H]2O[C@H](CO)[C@@H](O)[C@H](O)[C@H]2O)cc(OC)c1O
LEONURISIDE,COc1cc(O)cc(OC)c1O[C@@H]1O[C@H](CO)[C@@H](O)[C@H](O)[C@H]1O
